date,ticker,next_day_return,predicted_return
2024-08-13,DBC,-0.006275166385788511,0.0009068049602628149
2024-08-14,DBC,0.00811908617564261,0.000713020784008847
2024-08-15,DBC,-0.006264028251871334,-0.0002584298439257662
2024-08-16,DBC,-0.005402851392692809,0.000755803232870078
2024-08-19,DBC,-0.004074338605112526,0.0007504840445802056
2024-08-20,DBC,-0.004999983008025288,0.0006623765876375567
2024-08-21,DBC,-0.0009136388346787649,0.0007540616493419811
2024-08-22,DBC,0.017832629355860607,0.0004622879019061096
2024-08-23,DBC,0.010332391062160218,-0.0008038511139175198
2024-08-26,DBC,-0.004891046188555848,-0.0002541357973327639
2024-08-27,DBC,-0.012064352866174688,0.000793394441919018
2024-08-28,DBC,0.011307224867610044,0.0013049900615789505
2024-08-29,DBC,-0.011180801036094978,-0.00043492802948408857
2024-08-30,DBC,-0.019900524149363275,0.0011445016556157301
2024-09-03,DBC,-0.007383411135753248,0.0018130792766764378
2024-09-04,DBC,0.0023244483888460454,0.0009674695536159543
2024-09-05,DBC,-0.013450728232330733,0.00033260153381548245
2024-09-06,DBC,0.0028208113977574722,0.0013967269832959642
2024-09-09,DBC,-0.014533488909729164,0.00022880139294726952
2024-09-10,DBC,0.00903890743493263,0.0014174076797312755
2024-09-11,DBC,0.019330662317109892,-0.0002605310293159914
2024-09-12,DBC,0.0018500012919941966,-0.0009035345285590737
2024-09-13,DBC,0.007386915718668563,0.000310107677929997
2024-09-16,DBC,0.00687436920386153,-0.00010966244183709074
2024-09-17,DBC,-0.006372278871213055,-5.1760408790272065e-05
2024-09-18,DBC,0.01786530577957479,0.0008858552366664256
2024-09-19,DBC,0.0,-0.0007323607623595827
2024-09-20,DBC,0.00045012845858671824,0.0004956570903195175
2024-09-23,DBC,0.016644176598171523,0.00047925750738664796
2024-09-24,DBC,-0.008407075701909239,-0.0007221333427362015
2024-09-25,DBC,-0.008924665933192744,0.0009531185826662608
2024-09-26,DBC,0.0049527072839283814,0.0010235705351131262
2024-09-27,DBC,-0.0022400935526338817,0.00010365745292228076
2024-09-30,DBC,0.017512331156504413,0.0005519672985164906
2024-10-01,DBC,0.008384907276882014,-0.0007496024222121441
2024-10-02,DBC,0.014441962891958982,-8.462337093962492e-05
2024-10-03,DBC,0.002588380563439019,-0.000524537605247142
2024-10-04,DBC,0.013769324868509125,0.0002417251071638051
2024-10-07,DBC,-0.02334457412966684,-0.00046465210007772646
2024-10-08,DBC,-0.00869185984066878,0.0021338901387702065
2024-10-09,DBC,0.019728204558573603,0.0011889006115618256
2024-10-10,DBC,0.0008598260347822961,-0.0007826637506729034
2024-10-11,DBC,-0.015463929481683736,0.0003938837559468524
2024-10-14,DBC,-0.019197232822162347,0.001532485338399487
2024-10-15,DBC,-0.0026690721050416366,0.0018003781006342874
2024-10-16,DBC,0.0013381538738008736,0.0006439907059696836
2024-10-17,DBC,-0.0053451849209559255,0.00037753566763637676
2024-10-18,DBC,0.0031348192707774114,0.0007471745574397516
2024-10-21,DBC,0.017410696115397917,0.00015746038078811412
2024-10-22,DBC,-0.00570431115319181,-0.0008114160054162248
2024-10-23,DBC,-0.00044129643820145503,0.0006893477385871584
2024-10-24,DBC,0.007064043649228191,0.00034557540196394264
2024-10-25,DBC,-0.026742606475672948,-0.00014482176796596735
2024-10-28,DBC,-0.001801855065966862,0.002209791424943191
2024-10-29,DBC,0.01263537838470552,0.0005483509242638442
2024-10-30,DBC,0.00668443543470798,-0.0005315428485526994
2024-10-31,DBC,-0.010624117487687879,-0.0001875411003118299
2024-11-01,DBC,0.01700222965284981,0.0009327433597798742
2024-11-04,DBC,0.006159306311461554,-0.0009668779663779839
2024-11-05,DBC,-0.010931379346323933,-0.0002875832184239133
2024-11-06,DBC,0.0101680415116987,0.0009625986965400578
2024-11-07,DBC,-0.015317307733382357,-0.00044205114053656204
2024-11-08,DBC,-0.01600010411674646,0.0012323303979078232
2024-11-11,DBC,-0.005419933705712254,0.0012916370574345228
2024-11-12,DBC,-0.0031789515043431082,0.0006162301512214403
2024-11-13,DBC,-0.0009111413857731954,0.0005232306282541593
2024-11-14,DBC,-0.005016037170590293,0.0003718560638858167
2024-11-15,DBC,0.022914722643863294,0.0006414488836023007
2024-11-18,DBC,0.0031362240201486813,-0.0012247478539294128
2024-11-19,DBC,-0.0004466180163760214,0.000105147488879153
2024-11-20,DBC,0.007149359561478441,0.0002618340071831829
2024-11-21,DBC,0.0008871994414947348,-0.00021552212232711648
2024-11-22,DBC,-0.014184357337215125,0.00022115562416756231
2024-11-25,DBC,0.0,0.0012300917377791208
2024-11-26,DBC,-0.005395656413011429,0.00030442992711714087
2024-11-27,DBC,0.0009040450405772837,0.00070245743134953
2024-11-29,DBC,-0.007226765880157138,0.00019762106655386012
2024-12-02,DBC,0.011374101735656339,0.0007134145800316773
2024-12-03,DBC,-0.005398176977843061,-0.0005214451553741402
2024-12-04,DBC,-0.0013568218976118818,0.0005341957454396353
2024-12-05,DBC,-0.007699291847998224,0.00021040050246113497
2024-12-06,DBC,0.009584735400335331,0.0006951328398799602
2024-12-09,DBC,0.0022603473207913893,-0.0005533868631106603
2024-12-10,DBC,0.012629679198110866,-4.795749808662246e-06
2024-12-11,DBC,-0.004008819309974321,-0.0006473355218618617
2024-12-12,DBC,-0.0004473100606405822,0.0005119949130538703
2024-12-13,DBC,-0.005369100700489016,0.0002903717763844857
2024-12-16,DBC,-0.006747674510724222,0.0006432134774328298
2024-12-17,DBC,-0.009057957212528445,0.0007542878334276078
2024-12-18,DBC,0.0,0.0007920613582159559
2024-12-19,DBC,0.006398584588895417,0.00016310644127395945
2024-12-20,DBC,0.0007653590297793667,-0.00027154948265351736
2024-12-23,DBC,0.005736132621843915,9.696971788209611e-05
2024-12-24,DBC,-0.0028518022370630502,-0.0002537124374050681
2024-12-26,DBC,0.004766471824138918,0.00035392786869946824
2024-12-27,DBC,0.009013353365501464,-0.00015842659872436124
2024-12-30,DBC,0.005171521400364254,-0.00043351709035978814
2024-12-31,DBC,0.00982230205524548,-0.00015779861327423463
2025-01-02,DBC,-0.00509496232107598,-0.00044451251091212737
2025-01-03,DBC,0.001862226449636406,0.0005347887341180819
2025-01-06,DBC,0.004646866713475584,8.321827567831975e-05
2025-01-07,DBC,-0.0018501675263821182,-0.00013562468430789246
2025-01-08,DBC,0.02687674525580519,0.00030453789759844394
2025-01-10,DBC,0.007220151084557314,-0.001639011452209638
2025-01-13,DBC,-0.0004480135958698783,-0.00025772074284318564
2025-01-14,DBC,0.016136337065006723,0.000205758200742654
2025-01-15,DBC,-0.004411141101204219,-0.0008541651208623498
2025-01-16,DBC,-0.004430685480031893,0.0005347930243071526
2025-01-17,DBC,-0.004895338912262903,0.0005602985744320178
2025-01-21,DBC,-0.0008945123496930663,0.0006273167128332286
2025-01-22,DBC,-0.003580988118677353,0.00037117267064020013
2025-01-23,DBC,0.00044922113893686166,0.0005681998873404878
2025-01-24,DBC,-0.015267191791584867,0.0002850663055847649
2025-01-27,DBC,0.0009120518595653326,0.0013903727379425742
2025-01-28,DBC,0.0018222619185344069,0.0002653242580215044
2025-01-29,DBC,0.0009094736600503417,0.00022099372533862754
2025-01-30,DBC,-0.0018173841134345725,0.00023363639084911887
2025-01-31,DBC,0.0077378331285364865,0.00036819613950311977
2025-02-03,DBC,0.0027101139772385263,-0.000288332191575636
2025-02-04,DBC,-0.006306359911262827,2.0289967436336846e-05
2025-02-05,DBC,0.0004532938834191924,0.0006512435316022591
2025-02-06,DBC,0.0004530885011730934,0.00020458858929501945
2025-02-07,DBC,0.014492801503801056,0.00018694784041659628
2025-02-10,DBC,0.007589293926426155,-0.0007722087394075391
2025-02-11,DBC,-0.011076713700079233,-0.000477758089409428
2025-02-12,DBC,0.0049284145468389,0.0007637104625976269
2025-02-13,DBC,0.00044581642770258334,-0.0003417889791782956
2025-02-14,DBC,0.014705825503393388,-0.00013869413235036848
2025-02-18,DBC,0.007905218422570304,-0.001069410135123954
2025-02-19,DBC,0.0013071454103914526,-0.0005570518751924858
2025-02-20,DBC,-0.013925197555321844,-9.110895679319546e-05
2025-02-21,DBC,-0.0035304182636869408,0.0010183534585369077
2025-02-24,DBC,-0.011071721009814017,0.0003326720433781353
2025-02-25,DBC,-0.008508798835403675,0.0008690396778757712
2025-02-26,DBC,0.0013550569886191521,0.0007442450141355707
2025-02-27,DBC,-0.00766802818994361,6.381558884419457e-05
2025-02-28,DBC,-0.006363601169160682,0.0006707284597317056
2025-03-03,DBC,0.003202177968041786,0.0005923173447201196
2025-03-04,DBC,-0.0027359757754711334,-6.478998561991798e-05
2025-03-05,DBC,-0.005029731796317605,0.0003105798363007479
2025-03-06,DBC,0.008731685766587338,0.00046128960100546234
2025-03-07,DBC,-0.006378186173946809,-0.00043695898156675505
2025-03-10,DBC,0.0055020585487512985,0.0005933427468368419
2025-03-11,DBC,0.0,-0.00021465259523919584
2025-03-12,DBC,-0.003647937733423867,6.764246897070494e-05
2025-03-13,DBC,0.005491895743038544,0.0002982065107866382
2025-03-14,DBC,0.006827621229447356,-0.00029448616254099146
2025-03-17,DBC,-0.002260499732478105,-0.00040135483373184705
2025-03-18,DBC,0.006343417679080865,0.00021331172241305713
2025-03-19,DBC,0.0018010187220196539,-0.0004649333958040851
2025-03-20,DBC,-0.005842588506749347,-0.0002071008071121158
2025-03-21,DBC,0.003616603487294645,0.00031088064793617106
2025-03-24,DBC,0.0013513057471346013,-0.0003210829714401632
2025-03-25,DBC,-0.0013494821841035787,-0.00015436412020666725
2025-03-26,DBC,0.002702700302480876,6.34213225228931e-05
2025-03-27,DBC,-0.0031446365413939636,-0.00019873877751360136
2025-03-28,DBC,0.013970229445228188,0.0002088325019272399
2025-03-31,DBC,0.0004444294509868829,-0.0009180713511420729
2025-04-01,DBC,0.0062194234670645,2.357920697712706e-05
2025-04-02,DBC,-0.04017655271151477,-0.0003734253443657896
2025-04-03,DBC,-0.036338499487616804,0.0030219417535748538
2025-04-04,DBC,-0.015751822453165087,0.002908526772501021
2025-04-07,DBC,-0.022308450372542143,0.0014761304069157936
2025-04-08,DBC,0.036210269290578356,0.0019871575299218597
2025-04-09,DBC,-0.012446199023855242,-0.0019592757410231715
2025-04-10,DBC,0.0145420134466272,0.0013792362106499045
2025-04-11,DBC,0.0004777669744333579,-0.0004108879233377529
2025-04-14,DBC,-0.0023877882627511005,0.0005240744632564243
2025-04-15,DBC,0.01244610464652629,0.0006899637679612682
2025-04-16,DBC,0.01040200730057994,-0.0002877346311374161
2025-04-17,DBC,-0.00842310754546216,-0.0001722137942971208
2025-04-21,DBC,0.004719234308373732,0.0011085928859214033
2025-04-22,DBC,-0.007515289871365405,0.00022753299432706078
2025-04-23,DBC,0.008991931604926062,0.0010544883336950977
2025-04-24,DBC,0.0014071745651047518,-8.166797621105638e-05
2025-04-25,DBC,-0.005620604141531982,0.00043387954726229903
2025-04-28,DBC,-0.012717887702692332,0.0008928213916137392
2025-04-29,DBC,-0.018606902091659605,0.0014048150011260509
2025-04-30,DBC,0.00486147685498195,0.0017645605461379015
2025-05-01,DBC,0.004354180590427026,0.00017337468360673034
2025-05-02,DBC,-0.005780341880260664,0.00017900152582570568
2025-05-05,DBC,0.015019446533423908,0.0009533102278150942
2025-05-06,DBC,-0.012410552446834422,-0.0003910554834386504
2025-05-07,DBC,0.013049723459981566,0.0015396504620672886
2025-05-08,DBC,0.007633612917365529,-0.00014371532668879444
2025-05-09,DBC,0.006628844542668988,-1.9372880685761924e-05
2025-05-12,DBC,0.015522046961654823,0.00010230245689277117
2025-05-13,DBC,-0.00509496232107598,-0.0005641663193099584
2025-05-14,DBC,-0.00977648234427797,0.0008405866951025452
2025-05-15,DBC,-0.003761224443639466,0.001195295533753752
2025-05-16,DBC,-0.0014157144678093037,0.0007285283069943284
2025-05-19,DBC,0.012759866702867662,0.0005339428801990293
2025-05-20,DBC,-0.0013998595356506938,-0.0003888702901922108
2025-05-21,DBC,-0.00514019785072406,0.0005049193696632954
2025-05-22,DBC,0.005636444252486106,0.0007652157626209444
2025-05-23,DBC,-0.008874427023372378,-1.803476857249541e-05
2025-05-27,DBC,-0.0032987567018044617,0.0009672970993626469
2025-05-28,DBC,-0.005200863824581958,0.0005980925569058623
2025-05-29,DBC,-0.007604681026191384,0.0007699391430309664
2025-05-30,DBC,0.02107284396524789,0.0009806298618074412
2025-06-02,DBC,0.006566568040223819,-0.0009728320923994782
2025-06-03,DBC,-0.00372783231929652,2.1990757431125034e-06
2025-06-04,DBC,0.004677295475291832,0.0007242159395455616
2025-06-05,DBC,0.007914347679669698,6.808614914394106e-05
2025-06-06,DBC,0.00092375640295983,-0.00011719688816757754
2025-06-09,DBC,-0.002307259661513572,0.0002873882204471355
2025-06-10,DBC,0.016188623890825093,0.00048144792459894014
2025-06-11,DBC,0.0,-0.0007929519056552606
2025-06-12,DBC,0.030951332514145724,0.00021830661059154687
2025-06-13,DBC,-0.002207431156828865,-0.00180795769480217
2025-06-16,DBC,0.021238831671029468,0.00048632614386293863
2025-06-17,DBC,0.002599651306915751,-0.0010077083601073384
2025-06-18,DBC,0.005185906487371605,0.0002836702908650381
2025-06-20,DBC,-0.03697336892167824,6.914675242059658e-05
2025-06-23,DBC,-0.024107122346438303,0.0030877767307775457
2025-06-24,DBC,-0.001372413523156979,0.0022925291698799475
2025-06-25,DBC,0.0036646484924114375,0.0007207365720490254
2025-06-26,DBC,-0.005020549573540478,0.0004016272695661485
2025-06-27,DBC,0.0004587906015667276,0.0010136858157463213
2025-06-30,DBC,0.0055020585487512985,0.0006527985840863529
2025-07-01,DBC,0.016415854652826578,0.00034871673116508746
2025-07-02,DBC,-0.00044861655481764906,-0.0005015525612927058
2025-07-03,DBC,-0.0008976358039172183,0.0006233603692856979
2025-07-07,DBC,0.0031446365413940747,0.0006220623361919218
2025-07-08,DBC,-0.0017913400113259703,0.0002792502525505486
2025-07-09,DBC,-0.003140492782996329,0.0005665724500413978
2025-07-10,DBC,0.013051398610674836,0.0006311053709264159
2025-07-11,DBC,-0.008440758743387455,-0.0004253637200760475
2025-07-14,DBC,-0.0017920543834800684,0.0009587781083752536
2025-07-15,DBC,0.0013464537058760495,0.000513137080678023
2025-07-16,DBC,0.008068124347329508,0.00010805060385318433
2025-07-17,DBC,0.0017785960443619242,-0.0003460240792729543
2025-07-18,DBC,-0.0022192759442687393,-2.9711841540907083e-05
2025-07-21,DBC,-0.0017792995060619266,0.0002473302687108921
2025-07-22,DBC,-0.0026738823006808854,0.00018764427087211203
2025-07-23,DBC,0.0008937130699171458,0.00028182208152253307
2025-07-24,DBC,-0.010267863076030337,4.661614683953164e-05
2025-07-25,DBC,0.01037438584943029,0.0008505163663383968
2025-07-28,DBC,0.012946432225634519,-0.0005660248705343504
2025-07-29,DBC,-0.0022036265257513454,-0.0007180139387149952
2025-07-30,DBC,-0.008392204570164097,0.0003014724995780622
2025-07-31,DBC,-0.016035620896206026,0.0006949699443384097
2025-08-01,DBC,-0.0036216045337799097,0.0011701404594994138
2025-08-04,DBC,-0.00863241778282886,0.00033527748856850817
2025-08-05,DBC,-0.0022914888370674236,0.0006854569271417593
2025-08-06,DBC,0.0032154163205675435,0.0002564373312261544
2025-08-07,DBC,0.0,-0.00012403321093284455
2025-08-08,DBC,0.001373670393670201,0.00012141117955561629
2025-08-11,DBC,-0.0041151777390060484,-4.029119392445925e-05
2025-08-12,DBC,-0.0013774544818595524,0.0003659854566979547
2025-08-13,DBC,0.0041378821483593065,0.0002012119530658932
2025-08-14,DBC,-0.003205110555777324,-0.00018162262697166452
2025-08-15,DBC,0.0009187550646996279,0.00026617625769830944
2025-08-18,DBC,-0.0078017520577917665,-2.7647759767775767e-05
2025-08-19,DBC,0.011100822776949126,0.0005800059302544023
2025-08-20,DBC,0.005946914824862093,-0.0006786077311238797
2025-08-21,DBC,0.0040927211265424646,-0.0003176898038084443
2025-08-22,DBC,0.004981984227124592,-0.00019581890026282056
2025-08-25,DBC,-0.00766111649531398,-0.00022090067806176478
2025-08-26,DBC,0.0009082345555133653,0.0005926472082486492
2025-08-27,DBC,0.006352051803974801,-6.99176901783682e-05
2025-08-28,DBC,0.0013525243165044554,-0.0004362440016283816
2025-08-29,DBC,0.016208990961707137,-7.698472438908934e-05
2025-09-02,DBC,-0.00886128360772176,-0.0010133309652853245
2025-09-03,DBC,-0.007152547400961606,0.0007344572388258393
2025-09-04,DBC,-0.00810436232850087,0.0006513535508459953
2025-09-05,DBC,0.006808846219968245,0.0007479862212397914
2025-09-08,DBC,0.00270513752130519,-0.0002768841904082982
2025-09-09,DBC,0.00674455441191113,5.085332358709127e-06
2025-09-10,DBC,-0.007592684071539235,-0.0002808446332154509
2025-09-11,DBC,0.0058506544997709575,0.0007426746494887818
2025-09-12,DBC,0.008948508958212198,-0.00016860350619600473
2025-09-15,DBC,0.010199650368145186,-0.0003654554275240459
2025-09-16,DBC,-0.010535548084427693,-0.00044357217954925485
2025-09-17,DBC,-0.0044365823778409474,0.0010148824341608279
2025-09-18,DBC,-0.008021383326866971,0.000627972810592352
2025-09-19,DBC,0.0,0.0007506511165149999
2025-09-22,DBC,0.010332351902055725,0.00013938631397303978
2025-09-23,DBC,0.006669669419053337,-0.0006081000515051124
2025-09-24,DBC,0.007067073805264057,-0.0003841660665790333
2025-09-25,DBC,0.000438668209197024,-0.00038283224844010003
2025-09-26,DBC,-0.008329658479767299,6.026220261687632e-05
2025-09-29,DBC,-0.003978819952600854,0.0006487281297009391
2025-09-30,DBC,-0.001775438256901185,0.0003530642726966795
2025-10-01,DBC,-0.006669581755982423,0.0001276135544676333
2025-10-02,DBC,0.003133375635301805,0.0004952451957289452
2025-10-03,DBC,0.010263281408425584,-0.00013760012181788893
2025-10-06,DBC,0.003975218130178648,-0.0005788789308084275
2025-10-07,DBC,0.0013198839383385952,-0.00017912877105441207
2025-10-08,DBC,-0.009226749118025013,-3.96918677493676e-06
2025-10-09,DBC,-0.021286013982651286,0.0007022305607309295
2025-10-10,DBC,0.012686924689490953,0.0016148510404524856
2025-10-13,DBC,-0.011185658250812303,-0.0007289383552467234
2025-10-14,DBC,0.0036198766438961805,0.0008769208367945678
2025-10-15,DBC,-0.001803454643635738,-0.0001767450342060809
2025-10-16,DBC,-0.0009032229109264822,0.000222800736335335
2025-10-17,DBC,0.009945681872408851,0.00017148089441856588
2025-10-20,DBC,-0.010295440124328814,-0.0005379032722042493
2025-10-21,DBC,0.015829853485242795,0.0008568790273305142
2025-10-22,DBC,0.01691901270135099,-0.0009588266826053797
2025-10-23,DBC,0.0004378999516436721,-0.0010603798082813982
2025-10-24,DBC,-0.0021882825502284042,4.3062315215109266e-05
2025-10-27,DBC,-0.009210475912203808,0.00023917975624538138
2025-10-28,DBC,0.0053120805890432,0.0007637716237797172
2025-10-29,DBC,0.0004403198222053817,-0.00021510791807669174
2025-10-30,DBC,0.007042276742775799,0.0001035631849551146
2025-10-31,DBC,0.0074300781025491425,-0.00032741053150511605
2025-11-03,DBC,-0.006941454343098674,-0.00034541297752316833
2025-11-04,DBC,-0.003058087118058661,0.0005874943222938121
2025-11-05,DBC,0.0013146783837223452,0.00031833642956583636
2025-11-06,DBC,0.00218810998634944,8.147525086462282e-06
2025-11-07,DBC,0.010917093540047329,-2.6542383399366404e-05
2025-11-10,DBC,0.006479433449417371,-0.000576420238045773
2025-11-11,DBC,-0.011158760950733648,-0.0003228131784032488
2025-11-12,DBC,-0.005208328876541102,0.0009418929185409395
2025-11-13,DBC,0.002181427314084994,0.000530840697730768
2025-11-14,DBC,-0.0013060074281748824,3.409397065561387e-05
2025-11-17,DBC,0.008282454819535934,0.00026855233344708963
2025-11-18,DBC,-0.009943802090209841,-0.00042799701226836834
2025-11-19,DBC,-0.00960692178426148,0.0008712250076439223
2025-11-20,DBC,-0.0066137943288426815,0.0007858644716137866
2025-11-21,DBC,0.0048823895759047,0.0004917329628161558
2025-11-24,DBC,-0.005300348895078466,-0.00029876569171001304
2025-11-25,DBC,0.010657184586705837,0.00041367891354003
2025-11-26,DBC,0.013181008294943952,-0.000632594163141316
2025-11-28,DBC,0.0026019914117358933,-0.0008142822097448268
2025-12-01,DBC,-0.004325284006119312,-8.761797682680652e-05
2025-12-02,DBC,0.004778377919137045,0.00034520777886000095
2025-12-03,DBC,0.0025941168593646147,-0.0003195414514626623
2025-12-04,DBC,0.006037051222266943,-0.000162277301777349
2025-12-05,DBC,-0.012430350597357087,-0.000378561226688917
2025-12-08,DBC,-0.0021701512936278533,0.0009098269928045217
2025-12-09,DBC,0.006089570455026561,0.0002120082980345979
2025-12-10,DBC,-0.0008646487948146264,-0.0004247373768072498
2025-12-11,DBC,-0.008221527997395062,2.5664008882234334e-05
2025-12-12,DBC,-0.0047993121278409046,0.0005695489011045664
2025-12-15,DBC,-0.010083302635125024,0.0003723842100636904
2025-12-16,DBC,0.011957518063885786,0.0007236552213385971
2025-12-17,DBC,-0.007002210802136477,-0.0007717444884508246
2025-12-18,DBC,0.007051587504331547,0.00047979601110801804
2025-12-19,DBC,0.01284712194942661,-0.0004342750621477918
2025-12-22,DBC,0.011165699277132735,-0.000773701922205383
2025-12-23,DBC,-0.00044170623460404457,-0.0006161018622482861
2025-12-24,DBC,0.003093309976529346,0.00016121553278353724
2025-12-26,DBC,-0.009251144703225855,-5.206265638109717e-05
2025-12-29,DBC,0.006669614053216089,0.000747517880121607
2025-12-30,DBC,-0.012367437581509155,-0.00041739692947766714
2025-12-31,DBC,0.0013416269444552764,0.0008907389036061736
2026-01-02,DBC,0.01875837819308379,-3.722560580180493e-05
2026-01-05,DBC,-0.00043841425322110883,-0.0012020090128896962
2026-01-06,DBC,-0.009210486469285128,0.00010686252809666153
2026-01-07,DBC,0.0128374947419152,0.0007003332858268689
2026-01-08,DBC,0.0008741459133430052,-0.000750146854581793
2026-01-09,DBC,0.012663795648829579,6.040422268034653e-05
2026-01-12,DBC,0.00776197934585765,-0.0007366274488822114
2026-01-13,DBC,0.0008557359733367687,-0.0003544292364287267
2026-01-14,DBC,-0.008123071041766461,0.00012927874902048046
2026-01-15,DBC,-0.001724177336719812,0.0007746155939621908
2026-01-16,DBC,0.013816912648208612,0.00036477381489186523
2026-01-20,DBC,0.011499167931327658,-0.000735125334487889
2026-01-21,DBC,-0.00042106226870886054,-0.0004985874884912817
2026-01-22,DBC,0.01853414230411743,0.0002736481434956222
2026-01-23,DBC,0.004549239411217654,-0.0009780428569100938
2026-01-26,DBC,0.01358583414029857,-3.725612059574438e-05
2026-01-27,DBC,0.012997550118450052,-0.0005994766800972079
2026-01-28,DBC,0.014434590829752514,-0.0005274226213397154
2026-01-29,DBC,-0.034387310597636445,-0.0005539559810310177
2026-01-30,DBC,-0.036430592653733274,0.0029029931248874107
2026-02-02,DBC,0.025913282892039646,0.0032088032408166675
2026-02-03,DBC,0.0016563526359911762,-0.0010188836645204503
2026-02-04,DBC,-0.01777595269460086,0.000553797680159945
2026-02-05,DBC,0.010521885420527344,0.00190628637357572
2026-02-06,DBC,0.00999582544066202,1.066828686845686e-06
2026-02-09,DBC,-0.0045361076433632075,-2.3369187398957706e-05
2026-02-10,DBC,0.009527815053863797,0.0009711050050166852
2026-02-11,DBC,-0.023389478151153886,-3.452376851272867e-05
2026-02-12,DBC,0.0033613414399393804,0.002233571383378291
2026-02-13,DBC,-0.012144012494571643,0.0003896466652862379
2026-02-17,DBC,0.026282277569919854,0.0014876465632832612
2026-02-18,DBC,0.009087204833651885,-0.0011067883781708458
2026-02-19,DBC,0.006958660424491558,5.507392443496401e-07
2026-02-20,DBC,0.006097545374156299,9.494776332887893e-05
2026-02-23,DBC,-0.0012121489553742482,0.00013711167927526967
2026-02-24,DBC,0.0012136200436423383,0.0005327834265139366
2026-02-25,DBC,0.00040404965179141605,0.00033696917428163394
2026-02-26,DBC,0.013731831560780394,0.0003379098942359442
2026-02-27,DBC,0.028286815684545497,-0.0006409585287339996
2026-03-02,DBC,0.003874482120841627,-0.0015932959154957463
2026-03-03,DBC,0.008876863897754994,0.00017302874146285564
2026-03-04,DBC,0.014537149081407907,-8.291871750957548e-05
2026-03-05,DBC,0.03733030746718358,-0.0005559296361932728
2026-03-06,DBC,-0.013449685065612837,-0.0019045533013439197
2026-03-09,DBC,0.016949189468174364,0.0016406621186839721
2026-03-10,DBC,0.019202854056940888,-0.0004628975380276811
2026-03-11,DBC,0.02595099436060777,-0.0005994325088505679
2026-03-12,DBC,-0.005197557959340404,-0.0009354961911373735
2026-03-13,DBC,-0.013932414882820598,0.0011689297469484258
2026-03-16,DBC,0.015895470555582936,0.0018439550234963494
2026-03-17,DBC,0.01773297026505838,-0.00022439658348467022
2026-03-18,DBC,-0.014690819899243479,-0.00027437196118961925
2026-03-19,DBC,0.0034674195887878234,0.0018254998569550963
2026-03-20,DBC,-0.041119575400739294,0.0005640577940538278
2026-03-23,DBC,0.017657649409663634,0.003716166138952516
2026-03-24,DBC,-0.002478742754658536,-0.000309049321039516
2026-03-25,DBC,0.009584680760824194,0.0010835799978992254
2026-03-26,DBC,0.0232067452538105,0.00026266447164625733
2026-03-27,DBC,0.005498276471294972,-0.0006701127586034299
2026-03-30,DBC,-0.010594650154390428,0.0004739569001296298
2026-03-31,DBC,-0.009326440436896788,0.0014317705614321757
2026-04-01,DBC,0.022663863724330824,0.0013554438701394692
2026-04-02,DBC,0.005114204531894373,-0.0008716459150372081
2026-04-06,DBC,-0.0037312993456913857,0.0002803295814578528
2026-04-07,DBC,-0.02757920838085204,0.0006975551503001888
2026-04-08,DBC,0.00525208758176432,0.002431120295509072
2026-04-09,DBC,-0.007314492900357905,9.309975185676147e-05
2026-04-10,DBC,0.016140318753426586,0.0008820896221273746
2026-04-13,DBC,-0.004143609657401681,-0.0008508281466057468
2026-04-14,DBC,0.0017336767266300512,0.0005847980654407261
2026-04-15,DBC,0.007615134141607083,0.0002308086511820358
2026-04-16,DBC,-0.028169003010347637,-0.0002440381236195042
2026-04-17,DBC,0.01343227813605452,0.0021661611865055217
2026-04-20,DBC,0.018834984539299438,-0.000626226624326027
2026-04-21,DBC,0.010270494824104803,-0.0009890995635398084
2026-04-22,DBC,0.012876962311734852,-0.0003293314911013601
2026-04-23,DBC,-0.0010036393412330424,-0.0005397093568252908
2026-04-24,DBC,0.007702596702445996,0.0004331627512725218
2026-04-27,DBC,0.008308408066874051,-0.0001830925135716213
2026-04-28,DBC,0.024390236235876994,-0.00030116706206739004
2026-04-29,DBC,0.000643515373641268,-0.0012889240798232573
2026-04-30,DBC,-0.009324788166245046,0.0003900582604137472
2026-05-01,DBC,0.01687765228099014,0.0010666458624218403
2026-05-04,DBC,-0.004149350816570974,-0.0008620901317526404
2026-05-05,DBC,-0.03173082225186219,0.0005887207067525415
2026-05-06,DBC,0.0013240952247464133,0.0025786201350652413
2026-05-07,DBC,0.001652867340844466,0.0003648491092172679
2026-05-08,DBC,0.025082516436246705,0.0003348014214063831
2026-05-11,DBC,0.020283357338947816,-0.0012126034542809072
2026-05-12,DBC,-0.010097812856781463,-0.0009211242823770007
2026-05-13,DBC,-0.007013108537376023,0.0011909500917699472
2026-05-14,DBC,0.0012841385559294594,0.0009483664325278421
2026-05-15,DBC,0.0060916519222729,0.0003593635620376764
2026-05-18,DBC,0.00732955563212756,7.035938924328979e-05
2026-05-19,DBC,-0.023094003020863507,-4.662809039127601e-05
2026-05-20,DBC,-0.005828963818620747,0.002009437397860644
2026-05-21,DBC,-0.005211721284556381,0.0007988450080629929
2026-05-22,DBC,-0.016699417602916267,0.0007162777919130646
2026-05-26,DBC,-0.01798204805794379,0.0015393997037981707
2026-05-27,DBC,0.0077992385222593885,0.001630967222156015
2026-05-28,DBC,-0.008075362606429048,-0.0001680120981029119
2026-05-29,DBC,0.017299872347391165,0.0008084064665913734
2026-06-01,DBC,0.004334813908215995,-0.0008861428206612746
2026-06-02,DBC,0.005644092681183155,2.6283272830430413e-05
2026-06-03,DBC,-0.013535877925661133,-0.00014115288166232715
2026-06-04,DBC,-0.021753669236502016,0.0012230619489200989
2026-06-05,DBC,0.008210734686169507,0.0019309539002488304
2026-06-08,DBC,-0.013573112583990077,-0.00013405226725498806
2026-06-09,DBC,0.003439985638786558,0.0013795240829481922
2026-06-10,DBC,-0.010970164346495115,0.00010035029608293811
2026-06-11,DBC,-0.010398653048263706,0.0010059861467818895
2026-06-12,DBC,-0.011558666638340487,0.0010033497764957
2026-06-15,DBC,-0.011339465010999472,0.0011053033569130403
2026-06-16,DBC,-0.006810055077256294,0.001114740177002227
2026-06-17,DBC,-0.002887041730394113,0.0007986472695492759
2026-06-18,DBC,-0.007962335144290567,0.0004831918613632108
2026-06-22,DBC,-0.010580044136924371,0.0008887471967059243
2026-06-23,DBC,-0.024705016797959778,0.0010569123649221352
2026-06-24,DBC,0.018147430184912494,0.0020981441448710454
2026-06-25,DBC,-0.013368013600890016,-0.00074616491480969
2026-06-26,DBC,-0.0003763729392809445,0.001471612928796172
2026-06-29,DBC,0.0037650746792354806,0.0005696439497128876
2026-06-30,DBC,-0.00787693494653341,0.0003238760860209452
2026-07-01,DBC,0.0045368214904895066,0.001011973815877479
2026-07-02,DBC,0.016183677460092083,0.0001359179091062341
2026-07-06,DBC,0.012962977091471428,-0.000629141591794882
2026-07-07,DBC,0.016453340011494344,-0.0003437579460252566
2026-07-08,DBC,-0.007913644582450585,-0.0005169323085403639
2026-07-09,DBC,-0.0021754701272064247,0.001081818864923883
2026-07-10,DBC,0.029433119639133976,0.0007434626310174114
2026-07-13,DBC,0.010589454213500327,-0.0013808414162903345
2026-07-14,DBC,0.005588604940652608,-3.910964765229069e-05
2026-07-15,DBC,-0.011462376539095764,0.00032512593108445455
2026-07-16,DBC,0.018271274578057772,0.0015366983003180928
2026-07-17,DBC,0.005521043821236971,-0.0004330355355592326
2026-07-20,DBC,0.014756359443457212,0.00043132571742825795
2026-07-21,DBC,0.00980726812716548,-0.00016736389888296797
2026-07-22,DBC,0.015070289564388828,0.00020887389111274982
2026-07-23,DBC,-0.0069283763831345935,-0.0001097918999602266
2026-07-24,DBC,-0.03621262919514501,0.0014601303429154716
2026-07-27,DBC,-0.014133052195012596,0.0034786889222824737
2026-07-28,DBC,0.028671317618425896,0.002039892582550518
2026-07-29,DBC,-0.003399061224010791,-0.000841755482307775
2026-07-30,DBC,0.004433870036437471,0.0013513712879628355
2026-07-31,DBC,-0.019354892611417318,0.0008361690879991991
2026-08-03,DBC,-0.019736832111773794,0.002479696584997929
2026-08-04,DBC,0.006004948057256598,0.0024929016550868325
2026-08-05,DBC,0.013342734347719487,0.0006616528120774771
2026-08-06,DBC,0.0017324752599836568,5.3362029953984736e-05
2026-08-07,DBC,0.035281925394232694,0.00088187582824197
2026-08-10,DBC,0.0013364185690232233,-0.0013535958549471543
2026-08-11,DBC,0.004671381388209994,0.0008221735989148534
2026-08-12,DBC,-0.010959811259273144,0.000558458506205796
2026-08-13,DBC,0.007387485167290375,0.001598949351194159
2026-08-14,DBC,0.018666648864746005,0.00038888250352998757
2026-08-17,DBC,-0.002617798596338705,-0.0004629659367900137
2026-08-18,DBC,0.00918637437174219,0.0009798778718968
2026-08-19,DBC,0.011378425840878004,1.294671020179571e-06
2026-08-20,DBC,0.004821588414896105,-0.0001923680423332852
2026-08-21,DBC,-0.010236714410787773,0.0001908761788621336
2026-08-24,DBC,-0.016483523596596106,0.001248244066070531
2026-08-25,DBC,0.0023003514335264708,0.0017533642039547835
2024-08-13,EEM,-0.005390168863569689,-0.0005562967585262367
2024-08-14,EEM,0.011074467525543863,0.0005644675566484362
2024-08-15,EEM,0.01165226377240125,-0.0005033549128520396
2024-08-16,EEM,0.009675359028990416,-0.0005101524152230054
2024-08-19,EEM,-0.007757334695618345,-0.0003424679165602633
2024-08-20,EEM,0.003908898874114053,0.0008145481284730979
2024-08-21,EEM,-0.012368398547347503,3.870187102637305e-05
2024-08-22,EEM,0.01669772214545806,0.0012044902919494996
2024-08-23,EEM,-0.008439832467676989,-0.0007660059229354378
2024-08-26,EEM,0.0013802732178491706,0.0009188372668096968
2024-08-27,EEM,-0.006202622234417365,0.00025793390956638045
2024-08-28,EEM,0.00046229375056938693,0.0007884658889668086
2024-08-29,EEM,0.0020794528705483373,0.00021090271202766324
2024-08-30,EEM,-0.019829318840670407,0.00012877439710793755
2024-09-03,EEM,-0.00023531891772476943,0.0017228767261965186
2024-09-04,EEM,0.0014119639491130265,0.0004191777174622659
2024-09-05,EEM,-0.018327210970523478,0.0002928984756710785
2024-09-06,EEM,0.008377296633396591,0.00165952155875342
2024-09-09,EEM,-0.00379773555775631,-0.0003066018928929167
2024-09-10,EEM,0.007386175231840708,0.0005084678126236708
2024-09-11,EEM,0.008278132403459981,-0.00027641303355497215
2024-09-12,EEM,0.004691537696139392,-0.00038025714419775167
2024-09-13,EEM,0.0032687316420552115,-0.00011901189464440086
2024-09-16,EEM,0.001163534278119549,-7.487378951560875e-05
2024-09-17,EEM,-0.0034867317705202794,1.450468649715568e-05
2024-09-18,EEM,0.021226932476916982,0.0002983696185496679
2024-09-19,EEM,-0.0020556128282062103,-0.0013397110649255315
2024-09-20,EEM,0.007782010120451988,0.00022877215024653459
2024-09-23,EEM,0.03406777112285608,-0.0004058647697711684
2024-09-24,EEM,-0.010542582516977594,-0.0021285348397646177
2024-09-25,EEM,0.03662604119196389,0.000958070279216384
2024-09-26,EEM,-0.001927167321426393,-0.0021001366530264843
2024-09-27,EEM,-0.016091051368213205,0.0005528555559584961
2024-09-30,EEM,0.007195827035087143,0.0015526779688024238
2024-10-01,EEM,0.019701203131000655,-4.53217751344323e-05
2024-10-02,EEM,-0.011889493528822848,-0.0007910728996218815
2024-10-03,EEM,0.00923925074865073,0.001392745218981764
2024-10-04,EEM,0.008303195967820809,-5.877730590960254e-05
2024-10-07,EEM,-0.024704377595304527,7.198589895640294e-05
2024-10-08,EEM,-0.005412369039481946,0.002357114632688418
2024-10-09,EEM,0.0019589621082174435,0.0010749497702540437
2024-10-10,EEM,0.007169251401130339,0.0005410730833339851
2024-10-11,EEM,-0.004098465151503694,0.00014481986325437526
2024-10-14,EEM,-0.021225787612903613,0.000908026515300519
2024-10-15,EEM,0.007745152784419007,0.0020950535699095036
2024-10-16,EEM,-0.0015371077488066653,0.00010190949713884131
2024-10-17,EEM,0.0098964936631174,0.0007362177914884617
2024-10-18,EEM,-0.006968494155295213,-0.00014269180257737573
2024-10-21,EEM,-0.002193028931833263,0.0010088712505617967
2024-10-22,EEM,-0.0059341568640253195,0.0006309521495069209
2024-10-23,EEM,-0.0015475547742834772,0.0006824115398374967
2024-10-24,EEM,-0.0008857760913321133,0.0004301759460572927
2024-10-25,EEM,0.00443262991969906,0.00013151391329988788
2024-10-28,EEM,-0.0030891390828963194,-0.0002340926109947731
2024-10-29,EEM,-0.009738782108649313,0.0003562490215597871
2024-10-30,EEM,-0.006481961570583894,0.0007698632345161715
2024-10-31,EEM,0.0009000144821658118,0.0004093674011780735
2024-11-01,EEM,0.005619179692934351,-9.471465281377388e-05
2024-11-04,EEM,0.013634335464829839,-0.00045754490017758237
2024-11-05,EEM,-0.012348469652015415,-0.0010247977335716215
2024-11-06,EEM,0.022103190662186245,0.0008364795154040227
2024-11-07,EEM,-0.02468330381479944,-0.0014522105209123668
2024-11-08,EEM,-0.007614782736629855,0.001805200505580902
2024-11-11,EEM,-0.01895731692699487,0.0006258497691460638
2024-11-12,EEM,-0.006441305638330896,0.0014448766605574008
2024-11-13,EEM,-0.005556794014909605,0.0006571954860954938
2024-11-14,EEM,0.0,0.0005751710962372516
2024-11-15,EEM,0.011408690219063988,0.0002110718916096476
2024-11-18,EEM,-0.0006906591589236344,-0.0006157461283260404
2024-11-19,EEM,-0.0011517408443272314,0.00024134868551664666
2024-11-20,EEM,-0.0020757081818434386,0.0002700085936188708
2024-11-21,EEM,0.00023109345875393927,0.0003765914865408921
2024-11-22,EEM,0.0006932124691143571,0.00021533188200625297
2024-11-25,EEM,-0.004156116937409582,0.00018926832138950068
2024-11-26,EEM,0.001391061522343806,0.0005019997210826823
2024-11-27,EEM,0.00162083560593973,0.00013725895302704882
2024-11-29,EEM,0.003929773812997528,0.00015969201689879854
2024-12-02,EEM,0.0020721786840340872,-1.0922756434122386e-06
2024-12-03,EEM,0.0025276090778107996,0.0001267593418238737
2024-12-04,EEM,0.006646779414790416,6.429869754039484e-05
2024-12-05,EEM,-0.0015938045202256168,-0.00031123498158789915
2024-12-06,EEM,0.02052458849781935,0.000302333010936262
2024-12-09,EEM,-0.016089423782156387,-0.0013201987782660205
2024-12-10,EEM,0.00408815430195375,0.0012611016839791452
2024-12-11,EEM,-0.004976228979336916,-8.585346841373325e-05
2024-12-12,EEM,0.000909244243374685,0.0005772464929702956
2024-12-13,EEM,-0.005450872402604889,0.00019792298295092119
2024-12-16,EEM,-0.0023917397387370753,0.0006556498494836428
2024-12-17,EEM,-0.023277536098541107,0.0004421195239316401
2024-12-18,EEM,0.003336519170993313,0.0019062368479979587
2024-12-19,EEM,0.004037988000117343,9.348154040553043e-05
2024-12-20,EEM,0.005677866040266544,5.8406100212297956e-05
2024-12-23,EEM,0.003058058491754334,-9.094002649839784e-06
2024-12-24,EEM,-0.0035177006330388005,0.0001580532937174199
2024-12-26,EEM,-0.004471729938307245,0.0006428368274082083
2024-12-27,EEM,-0.008037884142282015,0.0007241087734423313
2024-12-30,EEM,-0.003336519170993424,0.000954387275489422
2024-12-31,EEM,-0.001434670111327363,0.0006351492935015654
2025-01-02,EEM,0.009339129911433819,0.0005017910639402963
2025-01-03,EEM,0.0035586873627559967,-0.00024875529901283405
2025-01-06,EEM,-0.007092228869371886,0.0001434893434845379
2025-01-07,EEM,-0.004761956410553214,0.0007698102759588101
2025-01-08,EEM,-0.016985647843465346,0.0005944866652592393
2025-01-10,EEM,-0.006814231411295113,0.0013211798271622055
2025-01-13,EEM,0.011271801731147724,0.0006747020679508957
2025-01-14,EEM,0.01308458223674247,-0.0005682767220013925
2025-01-15,EEM,-0.0011959694523872022,-0.000684381268830947
2025-01-16,EEM,0.007902304525355897,0.00027081383924211494
2025-01-17,EEM,0.010691374759141059,-0.0003149323274921113
2025-01-21,EEM,0.0007051939440283483,-0.00048732170322070376
2025-01-22,EEM,0.002349051486514764,0.0002218461464935356
2025-01-23,EEM,0.006562003478137957,9.085697535851897e-05
2025-01-24,EEM,-0.018160657093921784,-0.0002100920158585059
2025-01-27,EEM,0.007351188921336682,0.001494439095149787
2025-01-28,EEM,0.00023555074593217817,-0.00026250483488587516
2025-01-29,EEM,0.016945031077427952,0.00023572573256371165
2025-01-30,EEM,-0.011339813512402985,-0.0008646278668462212
2025-01-31,EEM,-0.007256728475854235,0.0010984066003495514
2025-02-03,EEM,0.01792038559261311,0.0008391961244837923
2025-02-04,EEM,-0.0025480068691572377,-0.0008575542881858125
2025-02-05,EEM,0.004180249406834369,0.0005102564597762478
2025-02-06,EEM,-0.0009251882617794527,3.8324358167817326e-05
2025-02-07,EEM,0.012036949078432002,0.0004218137325700482
2025-02-10,EEM,-0.0038882747963298048,-0.00046603643820988556
2025-02-11,EEM,0.005510804198862296,0.0005888925807948555
2025-02-12,EEM,0.006394259488324838,-6.302294501406964e-05
2025-02-13,EEM,0.00771496631107027,-0.00018725987600227994
2025-02-14,EEM,0.006304901499399218,-0.0003321390032820342
2025-02-18,EEM,-0.0015663496943135735,-0.000221333010459821
2025-02-19,EEM,0.009188764402330296,0.000271666558617725
2025-02-20,EEM,-0.0028870955940418774,-0.00048747129316470167
2025-02-21,EEM,-0.015367383873054252,0.00035401878123320844
2025-02-24,EEM,0.0006785557377708695,0.0012347132063437426
2025-02-25,EEM,0.00994578697039139,0.00011467821637566579
2025-02-26,EEM,-0.01947182031491157,-0.0004926439723254799
2025-02-27,EEM,-0.013695561541239631,0.0015441388741967606
2025-02-28,EEM,-0.0087941652032143,0.0011792144777845559
2025-03-03,EEM,0.008405212093382852,0.0007639689142025136
2025-03-04,EEM,0.029868072352804642,-0.00037385947211434885
2025-03-05,EEM,-0.006294979193460448,-0.0017632105865362062
2025-03-06,EEM,0.0049774384024006135,0.0006303325193518005
2025-03-07,EEM,-0.023863143188318725,-0.00012933182516382816
2025-03-10,EEM,0.008302473407088007,0.0018880115992596556
2025-03-11,EEM,0.005489556324563605,-0.0002882334868543103
2025-03-12,EEM,-0.004094666883090681,-0.00016205348360132256
2025-03-13,EEM,0.018273292898240312,0.0005339121715459277
2025-03-14,EEM,0.01704799315571459,-0.001026872381959755
2025-03-17,EEM,-0.005072894327477262,-0.0009371482625542994
2025-03-18,EEM,0.0024386016397273114,0.0005361640999563052
2025-03-19,EEM,-0.009287947474768132,-5.838325495115487e-06
2025-03-20,EEM,-0.004910688340514113,0.000807879329376595
2025-03-21,EEM,0.004486188806999802,0.00047185812186750407
2025-03-24,EEM,-0.0029030387852050366,-0.00019576783821961238
2025-03-25,EEM,-0.006047084832629945,0.00036067528938777207
2025-03-26,EEM,0.00495725076900122,0.0005819003259097102
2025-03-27,EEM,-0.018609860100920583,-0.00022452145395208994
2025-03-28,EEM,-0.0015992727593111544,0.0014818806216725902
2025-03-31,EEM,0.003203669059278713,0.0003465755435349753
2025-04-01,EEM,0.001368654821652937,4.156220093501283e-05
2025-04-02,EEM,-0.02118457311364952,0.00012458210208432012
2025-04-03,EEM,-0.05562011325741223,0.0015184963795660564
2025-04-04,EEM,-0.03721056308471293,0.004120143637598039
2025-04-07,EEM,-0.014077173774072027,0.0029427451601538074
2025-04-08,EEM,0.06931455567540223,0.0014475565839499314
2025-04-09,EEM,-0.017237289528535094,-0.00409107696149661
2025-04-10,EEM,0.031373554909299495,0.0018124926702987178
2025-04-11,EEM,0.00910188609817042,-0.0014833850591553428
2025-04-14,EEM,-0.0009494710981781118,-6.0078370660862493e-05
2025-04-15,EEM,-0.011641654907513566,0.0005579850729211038
2025-04-16,EEM,0.007692258313369171,0.001334633144420744
2025-04-17,EEM,-0.00023860372137474162,1.038702002911638e-05
2025-04-21,EEM,0.015032248706341012,0.0005904782270782653
2025-04-22,EEM,0.011518598555584791,-0.0004218762185352542
2025-04-23,EEM,0.011619788750030224,-0.00020710691137583247
2025-04-24,EEM,-0.0018378689597267073,-0.00020166686200836446
2025-04-25,EEM,0.0018412529413545098,0.0007481698872017271
2025-04-28,EEM,0.0027567132241492764,0.0004576542031433248
2025-04-29,EEM,0.0025200775807110443,0.00046344364973495737
2025-04-30,EEM,-0.00022857101832562954,0.0004846169484290623
2025-05-01,EEM,0.028571446523786292,0.0006758710605902594
2025-05-02,EEM,0.007555611135832363,-0.0012992614904244414
2025-05-05,EEM,-0.003970038491253769,0.00019321498943998265
2025-05-06,EEM,-0.011514704281280319,0.0011107256856507878
2025-05-07,EEM,-0.0006719315674911241,0.0017252391057197883
2025-05-08,EEM,0.006724890007043349,0.001034755114391671
2025-05-09,EEM,0.021598842880406588,-2.520279974234363e-05
2025-05-12,EEM,0.0017435609574845135,-0.0009227162283609085
2025-05-13,EEM,0.007615336351783464,0.00022844569492089942
2025-05-14,EEM,-0.0004318853316884752,-0.0001684951990029425
2025-05-15,EEM,-0.0006481503240454156,0.00039450472209193925
2025-05-16,EEM,0.002161760832085635,0.00045410780144959303
2025-05-19,EEM,-0.0010785064972138603,0.00024198308651312772
2025-05-20,EEM,-0.0025912271903404394,0.0004661031384758414
2025-05-21,EEM,-0.0032474276107012923,0.0005089131972484055
2025-05-22,EEM,0.004126843941888891,0.0004966503247441944
2025-05-23,EEM,-0.002379437298883791,-8.23946887029443e-05
2025-05-27,EEM,-0.004553350192862626,0.0003724400769309559
2025-05-28,EEM,0.003702967121090417,0.000533305544634934
2025-05-29,EEM,-0.012152806629330493,-6.564167729106136e-05
2025-05-30,EEM,0.007249565730894192,0.0010187189129350713
2025-06-02,EEM,0.0023990721646216517,-0.0003146719345692784
2025-06-03,EEM,0.012402168027515703,-0.00017310091657680304
2025-06-04,EEM,0.005157950742135764,-0.0008373069599647904
2025-06-05,EEM,0.0032070717969292506,-0.00032026222389665434
2025-06-06,EEM,0.00852524223470863,-0.00014677658904653469
2025-06-09,EEM,0.005705881928228518,-0.0005026654013976147
2025-06-10,EEM,0.00420252631839535,-0.0003130174275798814
2025-06-11,EEM,0.0016738769924744545,-0.0003333394473316733
2025-06-12,EEM,-0.015876242634881854,-0.0001760413277650616
2025-06-13,EEM,0.012259386225433433,0.0010704860594459632
2025-06-16,EEM,-0.013127197617905484,-0.0008219109360705924
2025-06-17,EEM,-0.0002146220894694295,0.0009438994093428215
2025-06-18,EEM,-0.00579387032256895,5.708825922706465e-05
2025-06-20,EEM,0.008201990200527032,0.0004429237050768755
2025-06-23,EEM,0.025904516449636983,-0.0005066719060653946
2025-06-24,EEM,0.0008346138374963896,-0.0016001334391293497
2025-06-25,EEM,0.006672315865986267,8.997739228701918e-05
2025-06-26,EEM,-0.003935398909566401,-0.00028446838107568616
2025-06-27,EEM,0.0031192031041438195,0.000463302895171072
2025-06-30,EEM,0.0018656862326948964,-5.922384179975952e-05
2025-07-01,EEM,0.0043450538677394235,5.7812296818610646e-05
2025-07-02,EEM,0.004532344557224066,-0.00012244741451244382
2025-07-03,EEM,-0.014150921949654727,-0.00012406229974148427
2025-07-07,EEM,0.006240920756092061,0.0011030828324134145
2025-07-08,EEM,-0.001653939611142019,-0.00038400802843054495
2025-07-09,EEM,0.0026920541071948634,8.945595872496409e-05
2025-07-10,EEM,-0.0033043831976006244,-0.00026974825885133435
2025-07-11,EEM,0.0014505058596874232,0.00021070480194591658
2025-07-14,EEM,0.007241783271526359,-0.00015300613555249476
2025-07-15,EEM,0.0047248057896767115,-0.0005102555804643506
2025-07-16,EEM,0.005724757113322987,-0.00028026760129812767
2025-07-17,EEM,-0.0022362269075295593,-0.00039635800495323506
2025-07-18,EEM,0.006520053944420345,0.00015722111982326145
2025-07-21,EEM,0.0006072659333493657,-0.000415061472793647
2025-07-22,EEM,0.010115271160697548,2.012396927896442e-06
2025-07-23,EEM,-0.005407613049843274,-0.000629425825376184
2025-07-24,EEM,-0.0030205896176522806,0.0002704239081244583
2025-07-25,EEM,-0.006665163592828316,0.00012352423518493115
2025-07-28,EEM,0.00040665496947100976,0.00035052635944325097
2025-07-29,EEM,-0.007317051190187995,-0.00010917597856170203
2025-07-30,EEM,-0.005733041474423217,0.0004208595062372148
2025-07-31,EEM,-0.007413566987777065,0.0003186784392124856
2025-08-01,EEM,0.010373480814204639,0.00041983032705515916
2025-08-04,EEM,0.0028748013471218137,-0.000768408004303844
2025-08-05,EEM,0.004709167459106656,-0.00022086676737459416
2025-08-06,EEM,0.008355432315053646,-0.00039002951371203836
2025-08-07,EEM,-0.0008084574474691575,-0.0006437205916575293
2025-08-08,EEM,-0.002831693856408468,-3.169298181557285e-05
2025-08-11,EEM,0.012170428602377159,0.00012994986171864593
2025-08-12,EEM,0.012024012326356637,-0.0008710734813308195
2025-08-13,EEM,-0.012277178797396093,-0.0008380603056605218
2025-08-14,EEM,0.001202844345578935,0.0008393239069295655
2025-08-15,EEM,0.005806918801111616,-0.0001103890972034564
2025-08-18,EEM,-0.008162396805659111,-0.0004225766482511339
2025-08-19,EEM,-0.001405086588324389,0.0005162470605508533
2025-08-20,EEM,-0.0022110553235250574,5.409440830019281e-05
2025-08-21,EEM,0.019943594302076706,5.150502529532123e-05
2025-08-22,EEM,-0.005727857404758674,-0.001404636134992672
2025-08-25,EEM,-0.002582348228611697,0.0003782094610419364
2025-08-26,EEM,-0.00597492627105356,0.0001849058442871166
2025-08-27,EEM,0.0038068735064562542,0.0004150372961868162
2025-08-28,EEM,-0.004790404843785123,-0.00021884832950416522
2025-08-29,EEM,-0.0008022958845380623,0.0003851587892938892
2025-09-02,EEM,0.0038137506904232232,0.00014851684651289758
2025-09-03,EEM,-0.0031994024588222203,-0.0002214235617785042
2025-09-04,EEM,0.012036151053204103,0.0002506094485327298
2025-09-05,EEM,0.009117924280291456,-0.0007958450981241535
2025-09-08,EEM,0.00549986003967784,-0.0006124816906602908
2025-09-09,EEM,0.0068373352589623515,-0.00032145411169846904
2025-09-10,EEM,0.014551817645271248,-0.00037444395714618004
2025-09-11,EEM,-0.0005737775336417394,-0.0008925238747441621
2025-09-12,EEM,0.007271376273664698,8.277894971584396e-05
2025-09-15,EEM,0.007408774038967669,-0.0004277543697255912
2025-09-16,EEM,0.004337161002296197,-0.00040726697949507347
2025-09-17,EEM,-0.0024408429320786906,-0.00022175998861750213
2025-09-18,EEM,-0.0022586775045704277,0.0002634684286391013
2025-09-19,EEM,0.004904855344553205,0.0002569713207367956
2025-09-22,EEM,0.0005630758074393061,-0.00021580780137034973
2025-09-23,EEM,-0.0033770643919687204,-1.330776680024678e-05
2025-09-24,EEM,-0.005835856647215976,0.0002790464885420415
2025-09-25,EEM,-0.0018935874692543875,0.00047928863341571096
2025-09-26,EEM,0.009106404707125426,0.00022161476561283766
2025-09-29,EEM,0.003948190474853508,-0.0005316481045226618
2025-09-30,EEM,0.007865108634423024,-0.00016106551290299558
2025-10-01,EEM,0.004645093723186777,-0.0003928971403330525
2025-10-02,EEM,0.002959166409627345,-0.00016816347407074477
2025-10-03,EEM,0.004610046628328757,-4.3420068628566223e-05
2025-10-06,EEM,-0.00770926368129099,-0.00016549599839540014
2025-10-07,EEM,0.007954131274642506,0.0006740986229035737
2025-10-08,EEM,-0.01027717948946727,-0.0004069978520201198
2025-10-09,EEM,-0.036899678946029524,0.0007969712019910545
2025-10-10,EEM,0.02907210186183473,0.002731890750241023
2025-10-13,EEM,-0.008980401065833643,-0.0017233220205644675
2025-10-14,EEM,0.016424397291767923,0.000853675315317544
2025-10-15,EEM,0.0065007295513594965,-0.0008982923048786205
2025-10-16,EEM,-0.00018452936256196928,-0.00023948103856797774
2025-10-17,EEM,0.01365812379474729,0.00022940061169796213
2025-10-20,EEM,-0.011107026407338294,-0.0006717845256646248
2025-10-21,EEM,-0.0009206798106075054,0.0010197962841833647
2025-10-22,EEM,0.008846341401699265,0.00031175474495271423
2025-10-23,EEM,0.006576524113140136,-0.0003540416260224647
2025-10-24,EEM,0.011070741825678576,-0.00017592765514468062
2025-10-27,EEM,-0.00035898929224720266,-0.000432546505315619
2025-10-28,EEM,0.005746100909982843,0.0002961886446774153
2025-10-29,EEM,-0.01035527488979704,-0.00012599759784161587
2025-10-30,EEM,-0.002345287606119073,0.0009465409932896789
2025-10-31,EEM,0.006329171347602358,0.00038213622880846847
2025-11-03,EEM,-0.0183288904022485,-0.0002252049846049906
2025-11-04,EEM,0.008969398122010253,0.001484126392615586
2025-11-05,EEM,-0.007438265130184418,-0.0003376698947093876
2025-11-06,EEM,-0.0029245497030200296,0.0007553124689041847
2025-11-07,EEM,0.017598481487135276,0.0004778784648528018
2025-11-10,EEM,0.0010809182234601256,-0.0008664274184152246
2025-11-11,EEM,0.00017994685163702506,9.039975095702442e-05
2025-11-12,EEM,-0.011694790870589444,0.00015932150630776763
2025-11-13,EEM,0.0005461303095382064,0.0009083459534976296
2025-11-14,EEM,-0.011826789244083646,5.090715588943582e-05
2025-11-17,EEM,-0.004971427486975988,0.0009089850303263345
2025-11-18,EEM,-0.003516005555133317,0.00037368525789247605
2025-11-19,EEM,-0.013741751366743049,0.00030934746671903675
2025-11-20,EEM,-0.0001884282498838541,0.0010626462526273576
2025-11-21,EEM,0.010546206509405076,8.595424201267361e-05
2025-11-24,EEM,0.003540759762240775,-0.0006739424532170983
2025-11-25,EEM,0.007242445174991952,-0.0002601205334293753
2025-11-26,EEM,0.0014748022996218246,-0.0005073099942907993
2025-11-28,EEM,-0.0007362794296070785,-0.00014172610745031086
2025-12-01,EEM,0.00036844679540837255,3.700590076460036e-05
2025-12-02,EEM,0.0007366221847338039,-2.6198966708383274e-05
2025-12-03,EEM,-0.00018394841771440795,-9.148944547225109e-05
2025-12-04,EEM,0.00754642259021554,1.9922977170348804e-05
2025-12-05,EEM,-0.0021921747043801565,-0.0005428179564193318
2025-12-08,EEM,-0.0016477609712648444,0.00014901200560413623
2025-12-09,EEM,0.011186463719847994,0.00012933034362946956
2025-12-10,EEM,-0.004715244662215068,-0.000834603320655291
2025-12-11,EEM,-0.01166174951968968,0.00025030778864132365
2025-12-12,EEM,-0.0029498197208897015,0.0007641796048473131
2025-12-15,EEM,-0.006320777195174987,0.00020615598361732582
2025-12-16,EEM,-0.007172545089687232,0.0004533078628174785
2025-12-17,EEM,0.011406910630922251,0.0005496807537938102
2025-12-18,EEM,0.009774434789578512,-0.000689070964966377
2025-12-19,EEM,0.005398314493576306,-0.0005590534072770569
2025-12-22,EEM,0.0055545592369175,-0.00024591488200965343
2025-12-23,EEM,0.0020253578531119754,-0.0002619171983980264
2025-12-24,EEM,0.006982753585108359,-8.708989515793003e-05
2025-12-26,EEM,-0.0025547173790545497,-0.0004412445723147466
2025-12-29,EEM,0.004024848227240696,0.00018723889935986905
2025-12-30,EEM,-0.0030976646847499234,-0.0002657069722176896
2025-12-31,EEM,0.027965680334191667,0.00023419910010286422
2026-01-02,EEM,0.011024122939343517,-0.0017408988329390218
2026-01-05,EEM,0.007386552577740124,-0.0005329230610473509
2026-01-06,EEM,-0.007506980201585689,-0.0002546082958757395
2026-01-07,EEM,0.00035181853286414544,0.0007347279185447686
2026-01-08,EEM,0.004747677523108562,0.00021382899061871526
2026-01-09,EEM,0.014000647185167248,-9.390690691268958e-05
2026-01-12,EEM,-0.007421467676817728,-0.0007729339718443182
2026-01-13,EEM,0.004173238400327461,0.0007485447423225257
2026-01-14,EEM,0.005887440253616427,-3.049266689362888e-05
2026-01-15,EEM,-0.0037872619437471222,-0.00011529942112711026
2026-01-16,EEM,-0.009676825784336707,0.0005776023615008113
2026-01-20,EEM,0.016576509716315968,0.0010191848795435415
2026-01-21,EEM,0.007552355978729608,-0.000790610750793346
2026-01-22,EEM,0.006303253846087431,-0.00020991252504480698
2026-01-23,EEM,0.0016928516195238164,-0.00012349971636276398
2026-01-26,EEM,0.01977356535160002,0.0001852624267936721
2026-01-27,EEM,0.006794811659930566,-0.0009506266905212401
2026-01-28,EEM,-0.005102853644219141,-5.836726112173603e-05
2026-01-29,EEM,-0.022170775183136038,0.0007741771433633562
2026-01-30,EEM,0.0030456900877002813,0.0020023337548177277
2026-02-02,EEM,0.005398090409023171,0.0002826274221338722
2026-02-03,EEM,-0.013422768703556742,-5.957082042130457e-05
2026-02-04,EEM,-0.004591843821618147,0.0012078333552437857
2026-02-05,EEM,0.026311275914818966,0.0005547608820233333
2026-02-06,EEM,0.0073247921364336666,-0.0014882716780356344
2026-02-09,EEM,0.001487359786508824,-0.00020741839319005415
2026-02-10,EEM,0.015841587792086553,0.000167299334604721
2026-02-11,EEM,-0.011371024008201225,-0.0008067433112928989
2026-02-12,EEM,0.004272099570131305,0.001091239653237752
2026-02-13,EEM,-0.004090306581330028,1.0415756701767111e-05
2026-02-17,EEM,0.005257085477405221,0.0005466529510554764
2026-02-18,EEM,-0.002451363913489102,-8.319142865698717e-05
2026-02-19,EEM,0.021297508080049266,0.0004643683165331398
2026-02-20,EEM,-0.011068331681383214,-0.0011801602661503435
2026-02-23,EEM,0.015733992801168606,0.0010129967255449765
2026-02-24,EEM,0.011018840426623155,-0.0008493739264281731
2026-02-25,EEM,-0.00947717028156414,-0.0004900470938641236
2026-02-26,EEM,-0.002073003830367126,0.0008362531003720388
2026-02-27,EEM,-0.017257935959388626,0.00031174532356041456
2026-03-02,EEM,-0.050081329341935765,0.0014114258422071521
2026-03-03,EEM,0.010783994998970536,0.003908968461437274
2026-03-04,EEM,-0.024047375379556257,-0.0002546167018415209
2026-03-05,EEM,-0.0053791804922151965,0.0021420959446476315
2026-03-06,EEM,0.01971388769738236,0.0009202628578848575
2026-03-09,EEM,0.003934964092247251,-0.0007696233433595103
2026-03-10,EEM,0.002556284792043062,0.00016834342512325357
2026-03-11,EEM,-0.03195652614584865,0.00022380155770799373
2026-03-12,EEM,-0.002633871051145986,0.0026384578996250536
2026-03-13,EEM,0.027816914387340796,0.0005698061380253266
2026-03-16,EEM,0.006337738242366164,-0.0014458831135405388
2026-03-17,EEM,-0.020255235138636363,-1.8137553971041178e-05
2026-03-18,EEM,0.0010423032837414414,0.001836465715841222
2026-03-19,EEM,-0.034363056205808595,0.0003520844571785099
2026-03-20,EEM,0.030014394631223684,0.002841361230246257
2026-03-23,EEM,-0.013784686361133947,-0.0016125303852015447
2026-03-24,EEM,0.015923523882504176,0.001437544455749278
2026-03-25,EEM,-0.03396019118935334,-0.0006523993115166399
2026-03-26,EEM,-0.004867503234149084,0.0027733335985121303
2026-03-27,EEM,-0.008152186182858956,0.0008313152551036524
2026-03-30,EEM,0.037260237131228946,0.0010771825662786074
2026-03-31,EEM,0.007747847460037205,-0.0019263439563065002
2026-04-01,EEM,-0.011182970768697342,0.00018624123568620964
2026-04-02,EEM,0.009188969794050816,0.0014336562170815387
2026-04-06,EEM,0.00350196671315417,0.00014306354860320572
2026-04-07,EEM,0.05461525347475815,0.000560398632420111
2026-04-08,EEM,-0.0026472434814341916,-0.0029190935234973563
2026-04-09,EEM,0.004645004271538911,0.0009663243750750132
2026-04-10,EEM,0.00842139201490566,0.00045295747317586506
2026-04-13,EEM,0.019158372290253745,0.00028931762750988957
2026-04-14,EEM,-0.0006427018713517363,-0.00039911821239162345
2026-04-15,EEM,0.004019285071910295,0.0007876618959359513
2026-04-16,EEM,0.019055225819143873,0.0004492267838630841
2026-04-17,EEM,-0.0072281161075423705,-0.0004932202906194187
2026-04-20,EEM,-0.014719890618322906,0.0012963487652148794
2026-04-21,EEM,0.018152611391724527,0.0019043370446252782
2026-04-22,EEM,-0.016251175072029,-0.0004843659961463455
2026-04-23,EEM,0.02229350482485959,0.0019486637078410972
2026-04-24,EEM,-0.0015688826660573696,-0.0007363620259715633
2026-04-27,EEM,-0.010213671142709546,0.0009678047574262761
2026-04-28,EEM,-0.004762688311918395,0.001609867088974017
2026-04-29,EEM,0.020737019101672693,0.0012746556003277766
2026-04-30,EEM,0.0021877585712628544,-0.0006666093867774049
2026-05-01,EEM,-0.0004678204523759222,0.0005439130730454739
2026-05-04,EEM,0.02028093012782972,0.0007697990278079271
2026-05-05,EEM,0.0319570711453292,-0.0005933612182953703
2026-05-06,EEM,-0.01333533023336575,-0.0012693931060474093
2026-05-07,EEM,0.0202734047130515,0.0014709862389049836
2026-05-08,EEM,-0.000735975961128732,-0.0007527216799480119
2026-05-11,EEM,-0.030490490501798084,0.0006744987753984429
2026-05-12,EEM,0.02111820159721778,0.002757221125166625
2026-05-13,EEM,0.0025293830973036613,-0.0008405868780441429
2026-05-14,EEM,-0.034283204438351866,0.00041320355993781867
2026-05-15,EEM,-0.0015367565797141935,0.0030044361248451807
2026-05-18,EEM,-0.010928071934439676,0.00068088563079622
2026-05-19,EEM,0.018674064725897388,0.0013669978895356565
2026-05-20,EEM,0.008707640827418706,-0.0005972277559340606
2026-05-21,EEM,-0.0022717949456511066,1.8176748689943358e-05
2026-05-22,EEM,0.03825142845967555,0.0008085517090831918
2026-05-26,EEM,-0.00014620528881936767,-0.001972017255702696
2026-05-27,EEM,0.00321687455747921,0.0006652472206628138
2026-05-28,EEM,-0.00014575778342651446,0.0004648926722488739
2026-05-29,EEM,0.021574402364661127,0.0007076217537479094
2026-06-01,EEM,0.010273987968302478,-0.0008082964330943884
2026-06-02,EEM,-0.012429493215544762,-7.450217580533052e-05
2026-06-03,EEM,-0.011727658762345494,0.0015102781957724949
2026-06-04,EEM,-0.06526772532857605,0.0013502493259370256
2026-06-05,EEM,0.01795939855837525,0.005065503594792044
2026-06-08,EEM,0.001064685847108171,-0.0005381856465296672
2026-06-09,EEM,-0.017623785194817998,0.0005179174277450186
2026-06-10,EEM,0.04392197542203502,0.0018232194741585684
2026-06-11,EEM,0.005629651208170827,-0.0022806203583252463
2026-06-12,EEM,0.032889583637671915,0.00021764076859208102
2026-06-15,EEM,-0.01591398724518367,-0.0016018683880678415
2026-06-16,EEM,-0.0011655278520698031,0.0018583049565216573
2026-06-17,EEM,0.03252630449742577,0.0008352249971906484
2026-06-18,EEM,0.005933015447287415,-0.0013863825742821997
2026-06-22,EEM,-0.056733618416915044,0.0003160035186181802
2026-06-23,EEM,0.0011910351829020893,0.004753219418303255
2026-06-24,EEM,0.010557607204054298,0.0007890062714660438
2026-06-25,EEM,-0.011330144988809021,-3.649464293836881e-05
2026-06-26,EEM,0.0035719281894479593,0.001423237236726355
2026-06-29,EEM,0.01453364010823499,0.0003840565993053883
2026-06-30,EEM,-0.02821225262183058,-0.0003827643244509574
2026-07-01,EEM,-0.011732947793391735,0.002532834689010709
2026-07-02,EEM,0.02846275241162033,0.0013867948776326655
2026-07-06,EEM,-0.027378991896943927,-0.0013173787710733468
2026-07-07,EEM,0.007760227126560215,0.0025778617032544346
2026-07-08,EEM,0.008304324241072303,0.0002925207941753352
2026-07-09,EEM,0.0017969863548310538,0.00023029918872268838
2026-07-10,EEM,-0.03587446145200035,0.000668909177631146
2026-07-13,EEM,0.01813950649527607,0.00337416306532908
2026-07-14,EEM,-0.0015227421487638004,-0.0005446501652133091
2026-07-15,EEM,-0.021046168367252593,0.0007890686068104487
2026-07-16,EEM,-0.014020898763798084,0.0019796253397830464
2026-07-17,EEM,0.004266083960466904,0.0015711412478290644
2026-07-20,EEM,0.02800495478509535,0.0003457238555362274
2026-07-21,EEM,-0.005356573213000426,-0.001431988035756193
2026-07-22,EEM,-0.00600091402473879,0.000809548041175651
2026-07-23,EEM,-0.01965939122390492,0.000952171637342485
2026-07-24,EEM,0.0045791424671628445,0.001885982656500983
2026-07-27,EEM,-0.01980506668794868,0.00020572129624065954
2026-07-28,EEM,-0.020686351874621534,0.0019323014737886602
2026-07-29,EEM,0.041264130839307134,0.0019851996481811077
2026-07-30,EEM,0.007862811512863166,-0.0022474232429835024
2026-07-31,EEM,0.003588755969355706,0.00013179458882821366
2026-08-03,EEM,0.02611940785365041,0.0004746562277689807
2026-08-04,EEM,-0.004242405746922362,-0.0011950594949474858
2026-08-05,EEM,-0.010651317173381303,0.0009725736465824995
2026-08-06,EEM,0.00953557026441576,0.0014263432506320213
2026-08-07,EEM,-0.00716028679270897,1.2074693092907333e-06
2026-08-10,EEM,0.00398959864256021,0.0011481430222663764
2026-08-11,EEM,0.01574199563644818,0.0004619857258683506
2026-08-12,EEM,0.0033102802247031438,-0.0004576092838066701
2026-08-13,EEM,-0.0010497854604656354,0.0004102528082572803
2026-08-14,EEM,0.010659046358908464,0.0007751068429282015
2026-08-17,EEM,-0.02941181470453602,-2.0471224114104866e-05
2026-08-18,EEM,0.011784577833139798,0.0027623199734739252
2026-08-19,EEM,0.007714447610375874,-0.00021238814915452178
2026-08-20,EEM,0.007505253368150777,0.00010452663879922212
2026-08-21,EEM,-0.015047707015803158,0.00013884768602594088
2026-08-24,EEM,0.01724397790233767,0.001758167942620814
2026-08-25,EEM,-0.0011896183056459009,-0.00042411770645022504
2024-08-13,EFA,0.003687746133412384,-0.0008015543317737389
2024-08-14,EFA,0.012162722727939945,0.0001118207133194664
2024-08-15,EFA,0.005507500552522249,-0.00043755911187850984
2024-08-16,EFA,0.012199618219398412,3.587940599989443e-05
2024-08-19,EFA,-0.003074612566294266,-0.0003958155086681688
2024-08-20,EFA,0.00925228489027341,0.0005987159900068563
2024-08-21,EFA,-0.005867177531749479,-0.0002146026972048454
2024-08-22,EFA,0.018320484829955408,0.0008469978060636109
2024-08-23,EFA,-0.004467559792197706,-0.0007292839269638806
2024-08-26,EFA,0.004608991184159583,0.0007798410432560056
2024-08-27,EFA,-0.00350119907374713,0.00017218608640971826
2024-08-28,EFA,0.0037557055445625043,0.000705311908604132
2024-08-29,EFA,0.0015690802893384426,0.00014764274352292765
2024-08-30,EFA,-0.015787024893671786,0.00035218825364236863
2024-09-03,EFA,-0.004407926257198991,0.00161723562520572
2024-09-04,EFA,0.00024596900530360344,0.0008812007077839271
2024-09-05,EFA,-0.018812101780515733,0.0005598601631551829
2024-09-06,EFA,0.010024930795655473,0.0018949184796867393
2024-09-09,EFA,-0.00496271452812469,-0.0001708990579137039
2024-09-10,EFA,0.005985060530852682,0.0008437349532097318
2024-09-11,EFA,0.008180358788515418,8.241508697867634e-05
2024-09-12,EFA,0.0023359437644945302,-0.00014965403098249043
2024-09-13,EFA,0.00809507385504915,0.0002188109632382933
2024-09-16,EFA,-0.005596616350281081,-0.00024948233278680797
2024-09-17,EFA,-0.003181164606502418,0.0006734427845243301
2024-09-18,EFA,0.019761814758017193,0.0004533977465374363
2024-09-19,EFA,-0.00986997322211891,-0.0010785342864530678
2024-09-20,EFA,0.003768489202698344,0.0009094146188679658
2024-09-23,EFA,0.005934280949934312,6.824444397611322e-06
2024-09-24,EFA,-0.005417699699859169,-0.0002442671367437934
2024-09-25,EFA,0.022031237965263628,0.0005448467909508936
2024-09-26,EFA,-0.006040620500987637,-0.001255650968779521
2024-09-27,EFA,-0.00345562717194714,0.0006829259337797773
2024-09-30,EFA,-0.007413608196950805,0.0004990668156820821
2024-10-01,EFA,-0.0020479193323859057,0.0007800754807840921
2024-10-02,EFA,-0.009295101574288811,0.00046668607636195805
2024-10-03,EFA,0.005848688954996906,0.0010037541483966966
2024-10-04,EFA,-0.005572307875184812,-3.862922977041931e-05
2024-10-07,EFA,-0.0015837061240898676,0.0007808374956857021
2024-10-08,EFA,0.00024411757552234015,0.0004773291089488062
2024-10-09,EFA,-0.0012198929797248015,0.00037777993281450193
2024-10-10,EFA,0.005129589713314342,0.00046233681440868213
2024-10-11,EFA,0.0029161220440971913,-1.3874331916776219e-05
2024-10-14,EFA,-0.016597992626203206,0.0001322578950225786
2024-10-15,EFA,0.0025870285298885687,0.0014639833282774433
2024-10-16,EFA,0.00012297870008914913,0.00016306380414104235
2024-10-17,EFA,0.006757598399354192,0.000337136500842298
2024-10-18,EFA,-0.011837973625691833,-0.0002247855872077223
2024-10-21,EFA,-0.005681042247262513,0.0010852081387697685
2024-10-22,EFA,-0.010061033012360276,0.0006368524376733804
2024-10-23,EFA,0.005646304124536927,0.0009167280490310364
2024-10-24,EFA,-0.0033687411197977912,-0.00011789817691224843
2024-10-25,EFA,0.008011913565533879,0.00033580711331784044
2024-10-28,EFA,-0.0036014420319409046,-0.00041034788394045114
2024-10-29,EFA,-0.006481382694974891,0.00041838533491108797
2024-10-30,EFA,-0.006147305661713176,0.0006191842772329214
2024-10-31,EFA,0.002019665652075009,0.0005888301469849969
2024-11-01,EFA,0.000755950560935803,3.170406949456049e-05
2024-11-04,EFA,0.009944584333336337,8.676483278673928e-05
2024-11-05,EFA,-0.014458445685142873,-0.0005065196149843131
2024-11-06,EFA,0.015176433421864699,0.0012168474363097865
2024-11-07,EFA,-0.013828351297962005,-0.0007840297964161925
2024-11-08,EFA,0.0002526495568713205,0.0012250834482041579
2024-11-11,EFA,-0.01856525749924287,0.000259138050335657
2024-11-12,EFA,-0.005919471317446967,0.0015716906160561438
2024-11-13,EFA,0.002071170359765784,0.0007667688021302734
2024-11-14,EFA,-0.0036171616995204214,0.00021785414983181128
2024-11-15,EFA,0.005445492330738322,0.0006184726521118221
2024-11-18,EFA,-0.0012895786599965708,-3.4709250610230494e-05
2024-11-19,EFA,-0.002711391405302077,0.0004710057085455417
2024-11-20,EFA,0.00025903515462055715,0.0005877640350635844
2024-11-21,EFA,0.0038828360616254276,0.0004368574403399504
2024-11-22,EFA,0.005157335394547102,0.0001554409785315108
2024-11-25,EFA,-0.005772115562544089,8.742139978751322e-05
2024-11-26,EFA,0.005418584554609085,0.0008000941300397227
2024-11-27,EFA,0.013345240131212854,5.3087670483590444e-05
2024-11-29,EFA,0.002785934918194677,-0.0004536961673121372
2024-12-02,EFA,0.005682461522527715,0.0002686668638767486
2024-12-03,EFA,0.0007533804807433597,5.834155844367306e-05
2024-12-04,EFA,0.004893388708433033,0.00038845451119602355
2024-12-05,EFA,-0.00012475631627106853,3.380367697204914e-05
2024-12-06,EFA,-0.0006243674405944644,0.0004246418755592615
2024-12-09,EFA,-0.008996711609895902,0.0003660196715998621
2024-12-10,EFA,0.006304498279835924,0.000994280019236278
2024-12-11,EFA,-0.008770919272512834,-4.497660537289581e-05
2024-12-12,EFA,-0.0027809016094835215,0.0010299451744038802
2024-12-13,EFA,-0.0032958913366615272,0.0006543112028891773
2024-12-16,EFA,-0.001585512542126466,0.0006780369961982705
2024-12-17,EFA,-0.024531866842584793,0.0005697136454206092
2024-12-18,EFA,-0.0031767784391741882,0.0022262610736854985
2024-12-19,EFA,-0.002788473089012311,0.0007703700475554787
2024-12-20,EFA,0.006524702223548617,0.0007566538262104398
2024-12-23,EFA,0.003571838556507778,0.00012822265377743626
2024-12-24,EFA,0.004745642332551814,0.0003096460797084648
2024-12-26,EFA,-0.0014431499192960606,0.0002042461010436591
2024-12-27,EFA,-0.006569425361960146,0.0006266479425722532
2024-12-30,EFA,0.0,0.0009256859718380791
2024-12-31,EFA,-0.0034387168946528046,0.00038399775245229585
2025-01-02,EFA,0.004379544469847563,0.0005879366356480562
2025-01-03,EFA,0.009513752275021936,1.5903953936041406e-05
2025-01-06,EFA,-0.0007854899950890948,-0.00032131570957688474
2025-01-07,EFA,-0.0015717943460408224,0.0003534687098976873
2025-01-08,EFA,-0.015219160161100365,0.0004014675846472831
2025-01-10,EFA,-0.0027977605510094428,0.0013659854866383855
2025-01-13,EFA,0.003607258787894141,0.0005447694894086883
2025-01-14,EFA,0.012779531207390171,8.525951861106503e-05
2025-01-15,EFA,0.005126210715800994,-0.000523875527857435
2025-01-16,EFA,0.004053915320732626,-5.876608960726554e-06
2025-01-17,EFA,0.020187528130003685,8.546834540373367e-05
2025-01-21,EFA,-0.0022978957493386964,-0.0009774084672297865
2025-01-22,EFA,0.008189296332493878,0.0005412622548244476
2025-01-23,EFA,0.005584408849677702,-0.0001977917557400535
2025-01-24,EFA,0.0,-1.529008550007067e-05
2025-01-27,EFA,-0.001262084890887416,0.0003285206684139864
2025-01-28,EFA,-0.00012639840920602996,0.00040281450132538006
2025-01-29,EFA,0.010995921157598731,0.00030348374052590715
2025-01-30,EFA,-0.009376253781540611,-0.00041169334346467974
2025-01-31,EFA,-0.011736405528646743,0.001008987483068077
2025-02-03,EFA,0.01162054564542947,0.0012027107522899322
2025-02-04,EFA,0.009719695071330525,-0.00037681460526203705
2025-02-05,EFA,0.004750696798969667,-0.00025545109872335465
2025-02-06,EFA,-0.009456368903758783,5.571678584205788e-05
2025-02-07,EFA,0.00678304998782453,0.0010565773215223976
2025-02-10,EFA,0.004741113129515195,-7.10356578889452e-05
2025-02-11,EFA,0.0037253323697621354,0.0001177271932586837
2025-02-12,EFA,0.012124139654231092,0.00019275700408970175
2025-02-13,EFA,0.0014668968958890805,-0.0003508085948722235
2025-02-14,EFA,0.007201270715655461,0.0002948133633829328
2025-02-18,EFA,-0.01030055159361376,-0.00010326427814591948
2025-02-19,EFA,0.004652873922931233,0.0011009437510628853
2025-02-20,EFA,-0.0062157333169234885,-5.0745937106270176e-05
2025-02-21,EFA,-0.0006132144615442758,0.000718325053057248
2025-02-24,EFA,0.009081024512304303,0.0002936517372693417
2025-02-25,EFA,0.0013374781064956487,-0.0003936026000041574
2025-02-26,EFA,-0.01129444713567207,0.0001259475941525971
2025-02-27,EFA,0.0020881005482977777,0.0010265985552072973
2025-02-28,EFA,0.011032153129068023,0.00011675639673296357
2025-03-03,EFA,-0.00024252925703804884,-0.0005523861970922853
2025-03-04,EFA,0.02389044908682414,0.00024638512903142005
2025-03-05,EFA,-0.010304552027277536,-0.0012289863407276462
2025-03-06,EFA,0.010411841388565657,0.0010818724953085656
2025-03-07,EFA,-0.023569845634705433,-0.00036950404346723956
2025-03-10,EFA,-0.003396375446856892,0.002008016933871087
2025-03-11,EFA,0.0071810133378145125,0.0006786720045868948
2025-03-12,EFA,-0.006646435180280963,-7.933578027447598e-05
2025-03-13,EFA,0.018369815807709466,0.0008549975010695273
2025-03-14,EFA,0.0112292748620626,-0.0008682814788622909
2025-03-17,EFA,-0.00011815600765452405,-0.00042686720287007625
2025-03-18,EFA,0.0029536802168865783,0.00033000168837604493
2025-03-19,EFA,-0.00836384632158138,9.131429553769973e-05
2025-03-20,EFA,-0.006177082336050521,0.0009075843256821285
2025-03-21,EFA,-0.00011965016479487112,0.0007478039519147016
2025-03-24,EFA,0.005499096374818713,0.0003187255110961464
2025-03-25,EFA,-0.012959305248619324,-6.52706472706193e-05
2025-03-26,EFA,0.002168179109540036,0.0011740337620928497
2025-03-27,EFA,-0.008894190622960929,0.00014074371222309585
2025-03-28,EFA,-0.008852713107359689,0.0009506036862407568
2025-03-31,EFA,0.0014682343678809051,0.0009505585326467032
2025-04-01,EFA,0.002321369763114367,0.0001925687067548499
2025-04-02,EFA,-0.02096546498534868,0.00012758131419025913
2025-04-03,EFA,-0.06598604592221202,0.0016251547838319197
2025-04-04,EFA,-0.024127005866863005,0.0050469580252384075
2025-04-07,EFA,-0.0034146083660646642,0.002189121557700741
2025-04-08,EFA,0.07716542173006657,0.0008547626572431241
2025-04-09,EFA,-0.01972249070956622,-0.004396727798950423
2025-04-10,EFA,0.0250517981256293,0.002205556397662602
2025-04-11,EFA,0.010763600671939821,-0.0008334156493884213
2025-04-14,EFA,0.009020406537783465,5.0342517049682434e-05
2025-04-15,EFA,-0.0038490549338746627,0.00011852918055420644
2025-04-16,EFA,0.010843789736474818,0.0010135215880650588
2025-04-17,EFA,-0.005425346234148698,7.672614518867288e-06
2025-04-21,EFA,0.020704155450447903,0.0011566336716987958
2025-04-22,EFA,0.004008243467981787,-0.000581079592694554
2025-04-23,EFA,0.01330753671313345,0.0005495870113036191
2025-04-24,EFA,0.004297951019631263,-9.884017507546741e-05
2025-04-25,EFA,0.006657089740455424,0.0005667054778155682
2025-04-28,EFA,0.002007561581463424,0.0003966496406295659
2025-04-29,EFA,-0.0011785859504002127,0.0007408195405498323
2025-04-30,EFA,-0.0031856907040419546,0.00099318939500767
2025-05-01,EFA,0.01917608574977936,0.0011366001464279943
2025-05-02,EFA,0.001742212741637994,-0.0003522766821250044
2025-05-05,EFA,-0.0012755123408727531,0.0009004912997226655
2025-05-06,EFA,-0.003366602376275063,0.001222399488424098
2025-05-07,EFA,-0.0034943856260057915,0.0014481044764741596
2025-05-08,EFA,0.004909407442534874,0.001478821326075807
2025-05-09,EFA,0.005118106560147551,0.00023410803731477184
2025-05-12,EFA,0.0012729647844971215,0.0002679840835370561
2025-05-13,EFA,-0.004854366680128841,0.00037974728535668874
2025-05-14,EFA,0.010917568174200865,0.0007683731725663977
2025-05-15,EFA,0.0022976787947599497,-0.00031054900702776154
2025-05-16,EFA,0.009514142902242284,0.00030519701142026333
2025-05-19,EFA,0.004768840090230819,-0.0001902730898030955
2025-05-20,EFA,-0.005876311440968562,0.0001496574142753905
2025-05-21,EFA,-0.0005684839263678798,0.0007712461206515657
2025-05-22,EFA,0.0013649548793392974,0.0003848054498884398
2025-05-23,EFA,0.014538791339254287,0.00017956853861067403
2025-05-27,EFA,-0.011531524244752678,-0.0006752724510950311
2025-05-28,EFA,0.0044172852093362636,0.0011080280849695868
2025-05-29,EFA,0.0014658623523207126,-5.232636292939921e-06
2025-05-30,EFA,0.010697135547727,0.0001985612971841205
2025-06-02,EFA,-0.0075758598779374076,-0.0003846870636740017
2025-06-03,EFA,0.004490481066844243,0.0007595086710049679
2025-06-04,EFA,-0.0006706686699409214,-5.16529526174597e-05
2025-06-05,EFA,0.0035786717090942055,0.00029248207310667745
2025-06-06,EFA,-0.00011145426980319062,1.9723915440602555e-05
2025-06-09,EFA,0.0013373319400293848,0.00025424720384560655
2025-06-10,EFA,-0.0016694993449580808,0.00013109436322182835
2025-06-11,EFA,0.007692342799746843,0.00032511872775426543
2025-06-12,EFA,-0.012833238325263618,-0.00030216386506760223
2025-06-13,EFA,0.0037510101485802583,0.0011758053149241985
2025-06-16,EFA,-0.012267205371030654,-3.535462624948101e-06
2025-06-17,EFA,0.0017249260985765513,0.001115217117749406
2025-06-18,EFA,-0.00895417043033131,0.0001161812203045349
2025-06-20,EFA,0.007529257137425471,0.0008319573829181331
2025-06-23,EFA,0.012186735057578613,-0.00027805677078800075
2025-06-24,EFA,-0.005452141067529115,-0.0005758272415676664
2025-06-25,EFA,0.01119232369830514,0.0006379173925233021
2025-06-26,EFA,0.009035379285680545,-0.0005878059600917931
2025-06-27,EFA,0.0005596876347717661,-0.00038948054370475547
2025-06-30,EFA,-0.0016779471368532084,0.00015894644879622754
2025-07-01,EFA,0.002913512851561606,0.000295146980926292
2025-07-02,EFA,0.00022340426844968952,-6.772187455091955e-05
2025-07-03,EFA,-0.010835595670415699,0.00014382872520084488
2025-07-07,EFA,0.00734049480907073,0.0008794267981936
2025-07-08,EFA,0.007511248694673789,-0.0004422593483072011
2025-07-09,EFA,-0.0006676291272785795,-0.0004891993224293795
2025-07-10,EFA,-0.009575773155977685,6.071676836981419e-05
2025-07-11,EFA,0.0,0.000780751040211376
2025-07-14,EFA,-0.010455282294041246,0.00010989722714745972
2025-07-15,EFA,0.004089967817410889,0.0008458439884728329
2025-07-16,EFA,0.0026024210577815232,-0.00010123541658955683
2025-07-17,EFA,-0.0028214032340347917,-8.76042012572714e-06
2025-07-18,EFA,0.005319163661195558,0.0003832953387721232
2025-07-21,EFA,0.005516109163515193,-0.00017014578462700342
2025-07-22,EFA,0.024854474700334084,-0.0001713003072781988
2025-07-23,EFA,-0.00742836819839876,-0.0013881139956713217
2025-07-24,EFA,-0.0012107660392197683,0.0007729573315535332
2025-07-25,EFA,-0.016088138489926407,0.00037979097683383075
2025-07-28,EFA,-0.002015897595371352,0.0013849660910961
2025-07-29,EFA,-0.00718208478541893,0.00039095533974621284
2025-07-30,EFA,-0.01073810239446027,0.0007548169695029376
2025-07-31,EFA,-0.0026279932991535304,0.0010218179166677842
2025-08-01,EFA,0.013289029036977151,0.0004498763498536262
2025-08-04,EFA,-0.00011302816917113656,-0.0006017515490884226
2025-08-05,EFA,0.006558070035066699,0.00035161235304298217
2025-08-06,EFA,0.008986748873166306,-0.00014522961337471162
2025-08-07,EFA,0.006123399178791233,-0.00035374256082690585
2025-08-08,EFA,-0.004205039691174028,-0.0001637420437859616
2025-08-11,EFA,0.012223576042432738,0.0005847504330356698
2025-08-12,EFA,0.006038025597507213,-0.0005297969544571486
2025-08-13,EFA,0.00010917975266644397,-7.794582714342689e-05
2025-08-14,EFA,0.005891963620249907,0.00030225969101430066
2025-08-15,EFA,-0.001084770343060093,-7.391371952012495e-05
2025-08-18,EFA,0.00010864624465711792,0.00041498469535277484
2025-08-19,EFA,0.003583051759085576,0.0003183162921048966
2025-08-20,EFA,-0.006275058167602099,7.586731915417544e-05
2025-08-21,EFA,0.01502462654275094,0.0005868786576539464
2025-08-22,EFA,-0.013193224460011144,-0.0007931751059627796
2025-08-25,EFA,-0.0010870105922209383,0.0011704069207512358
2025-08-26,EFA,-0.0023939569458666377,0.0003912233813099658
2025-08-27,EFA,0.0037085986471747656,0.0004769993538061879
2025-08-28,EFA,-0.005868187316209195,8.908798428053697e-05
2025-08-29,EFA,-0.009838273688782873,0.0007788469681919586
2025-09-02,EFA,0.0015456196930574428,0.001088689933273718
2025-09-03,EFA,0.007275024416642406,0.00023117203660148695
2025-09-04,EFA,0.004486861324709546,-0.00016518647574038952
2025-09-05,EFA,0.010022792280436787,-3.5121340083068956e-06
2025-09-08,EFA,-0.0033437224455891146,-0.0004235955697358591
2025-09-09,EFA,-0.00021647807171065736,0.000475696614856854
2025-09-10,EFA,0.010608355659176505,0.0002793445638533414
2025-09-11,EFA,-0.003963114158665237,-0.0005203835841041233
2025-09-12,EFA,0.006667393015813428,0.00046344829255755076
2025-09-15,EFA,-0.002777501253630743,-0.0002746411976033296
2025-09-16,EFA,-0.003749348088303295,0.00034555463147120755
2025-09-17,EFA,0.0038709569037029823,0.0004074811439642582
2025-09-18,EFA,-0.003856030376297004,-0.00011386096693827378
2025-09-19,EFA,0.003225882264503044,0.00039658309394281343
2025-09-22,EFA,-0.0019292549026771466,-5.7494208987666584e-05
2025-09-23,EFA,-0.005798952365312693,0.00022021966736094695
2025-09-24,EFA,-0.007129119340772538,0.0005111203413249252
2025-09-25,EFA,0.007724201157831789,0.0006389136360428773
2025-09-26,EFA,0.003886418846984707,-0.000353881881845678
2025-09-29,EFA,0.004086477635998342,-0.00010546229510946596
2025-09-30,EFA,0.008246764907832826,-0.00010153692839899982
2025-10-01,EFA,0.0015933670334795647,-0.0003376452429120502
2025-10-02,EFA,0.008378355308743313,0.00011433643212844401
2025-10-03,EFA,0.0023138898370345107,-0.0003497250324684981
2025-10-06,EFA,-0.008709341770686718,9.418565530634548e-05
2025-10-07,EFA,0.0029638676263301633,0.0008366558407152858
2025-10-08,EFA,-0.008232083615471342,5.062999322975043e-05
2025-10-09,EFA,-0.018410273229880203,0.0007864347942383574
2025-10-10,EFA,0.008022641738626879,0.0014959470629822883
2025-10-13,EFA,0.004517172409105097,-0.00031323825776563606
2025-10-14,EFA,0.0048178885602752075,-0.0001079005459244065
2025-10-15,EFA,0.005221054691891158,-0.00012063307376248964
2025-10-16,EFA,0.001802015647969224,-0.00013805809948114303
2025-10-17,EFA,0.008253071712774673,7.782091214286329e-05
2025-10-20,EFA,-0.007345948350894083,-0.0003400581917975896
2025-10-21,EFA,-0.0014800954975666691,0.0007425708016383437
2025-10-22,EFA,0.004658564241912577,0.0003411707486287969
2025-10-23,EFA,0.0015807732733732482,-6.885115850270188e-05
2025-10-24,EFA,0.006944424841653252,0.00013933581844396246
2025-10-27,EFA,-0.00041794417637774917,-0.00025241265989615577
2025-10-28,EFA,-0.005644894210302676,0.00022444763435689645
2025-10-29,EFA,-0.004415628154834872,0.0005618364666238253
2025-10-30,EFA,-0.0022175228801302183,0.0004426793737840168
2025-10-31,EFA,0.0004233797124792993,0.0002957173659923043
2025-11-03,EFA,-0.010261319237110378,7.154357293544554e-05
2025-11-04,EFA,0.006413063315769962,0.0008199386781099994
2025-11-05,EFA,-0.0022303237719495383,-0.00027922638944366334
2025-11-06,EFA,0.0037254873965175683,0.00030785265368700026
2025-11-07,EFA,0.010498295203710262,-8.241970501005476e-05
2025-11-10,EFA,0.007346031156664878,-0.0005077540844022619
2025-11-11,EFA,0.005938101795067929,-0.00031380125345529045
2025-11-12,EFA,-0.010666967384016512,-0.00021197788606536612
2025-11-13,EFA,-0.002826246819057854,0.000931042037050163
2025-11-14,EFA,-0.013017023931444438,0.0003741268935965373
2025-11-17,EFA,-0.012975953509973825,0.001092807842929108
2025-11-18,EFA,-0.0030173744548349646,0.0010795827788812047
2025-11-19,EFA,-0.013834751906118381,0.0004227237158356853
2025-11-20,EFA,0.015453791179625087,0.001213297173362331
2025-11-21,EFA,0.0008634905645834579,-0.0007995920669393442
2025-11-24,EFA,0.011970116446403889,0.00018080491857223435
2025-11-25,EFA,0.010976239267670662,-0.0005996768113441567
2025-11-26,EFA,0.003373054785795526,-0.0005232729414125974
2025-11-28,EFA,-0.004937589632968309,5.707960610817377e-06
2025-12-01,EFA,0.003378396671502415,0.0005791443674453148
2025-12-02,EFA,0.005366229492136387,2.357821320156175e-05
2025-12-03,EFA,0.0027210255169431985,-0.00010940519228383444
2025-12-04,EFA,0.0,0.00010328393569181612
2025-12-05,EFA,-0.0031311883073754654,0.0002693757745647509
2025-12-08,EFA,-0.0013610826203999116,0.0004914735427351622
2025-12-09,EFA,0.011113381524934907,0.0003555036473490918
2025-12-10,EFA,0.0059103940150857515,-0.0005326690338324413
2025-12-11,EFA,-0.005257175299230865,-0.0002025237896656511
2025-12-12,EFA,0.00611399972902249,0.0005526936429077016
2025-12-15,EFA,-0.004634943070763731,-0.0001960015395683806
2025-12-16,EFA,-0.008112076030269866,0.0005552914713483475
2025-12-17,EFA,0.0071162864591349795,0.0008428643823501971
2025-12-18,EFA,0.006749606036630329,-0.00016857099347772055
2025-12-19,EFA,0.0025141227090301754,-0.00013183569877708027
2025-12-22,EFA,0.006165197058094263,0.0001801653247338155
2025-12-23,EFA,0.0012462658907150814,-0.0001384709559038864
2025-12-24,EFA,0.0016595123442106896,0.00018440361951040394
2025-12-26,EFA,-0.0030030232472473273,0.0001020544511304192
2025-12-29,EFA,0.001661833704901472,0.00037081967059688644
2025-12-30,EFA,-0.004251398843861942,4.229112715812132e-05
2025-12-31,EFA,0.010517590276501121,0.0004755942214794728
2026-01-02,EFA,0.011438623499700817,-0.0005178842544644617
2026-01-05,EFA,0.0015283105413315123,-0.0005363232693430794
2026-01-06,EFA,-0.0037640537049776768,0.00013278180531330422
2026-01-07,EFA,0.00010216902222603963,0.0004879404204407914
2026-01-08,EFA,0.008882890731858106,0.0002373024886200286
2026-01-09,EFA,0.006072330849831387,-0.00034080337197323844
2026-01-12,EFA,-0.005733892294538467,-0.00020608269233457775
2026-01-13,EFA,0.00465407456759781,0.0006002726282323815
2026-01-14,EFA,-0.00040288164177171293,-9.364220480440765e-05
2026-01-15,EFA,0.002720117705719227,0.00022883084769470785
2026-01-16,EFA,-0.015171340621498941,3.7947318588295564e-05
2026-01-20,EFA,0.010304062388120316,0.0013335057246370418
2026-01-21,EFA,0.003938219061302872,-0.00042714750403302333
2026-01-22,EFA,0.005532118003654496,-4.5965050778485554e-05
2026-01-23,EFA,0.00500149389734772,-0.00014742455984003132
2026-01-26,EFA,0.016124148880474642,-0.00011489970150429287
2026-01-27,EFA,-0.01057885751345089,-0.0007878318034542521
2026-01-28,EFA,0.006732044141880111,0.0010638908588752446
2026-01-29,EFA,-0.009342220204772711,-0.00010699958800127358
2026-01-30,EFA,0.0065516031159906785,0.001003217877767294
2026-02-02,EFA,0.0004930577906379074,-7.415873127469055e-05
2026-02-03,EFA,0.003252837447508039,0.0002786716786841222
2026-02-04,EFA,-0.014246357753057493,3.059661243218017e-05
2026-02-05,EFA,0.02272494655905022,0.0012425986727001453
2026-02-06,EFA,0.013448934404901358,-0.001212139279483508
2026-02-09,EFA,0.002404111658458774,-0.0005284675375812444
2026-02-10,EFA,0.006715338409279292,0.00019852784215117274
2026-02-11,EFA,-0.007528123561252986,-9.028948674942437e-05
2026-02-12,EFA,0.0008640850476380191,0.0009197775588585456
2026-02-13,EFA,-0.00019182007812001967,0.0003341849203392474
2026-02-17,EFA,0.0011513643701250853,0.000392501104790645
2026-02-18,EFA,-0.002779319657191137,0.0002859191154938741
2026-02-19,EFA,0.008169101556736225,0.0005760032716936303
2026-02-20,EFA,-0.0040991442797125854,-0.00024032662188169275
2026-02-23,EFA,0.0018187239095353025,0.0005864665054800366
2026-02-24,EFA,0.009554810591028806,0.00013325421623575903
2026-02-25,EFA,-0.0008518829738417555,-0.0003642810022654803
2026-02-26,EFA,-0.0017997735086788813,0.0002611280876032921
2026-02-27,EFA,-0.019738037204429904,0.0003714556386117203
2026-03-02,EFA,-0.031074553058576204,0.0016393275061828152
2026-03-03,EFA,0.012888407402179114,0.0025602146918634766
2026-03-04,EFA,-0.021897736562690007,-0.00046462099860159736
2026-03-05,EFA,-0.008874659310248112,0.001960326680053292
2026-03-06,EFA,0.0072243035374579545,0.001072135427739793
2026-03-09,EFA,0.0023234718809559407,1.8407566458338015e-05
2026-03-10,EFA,-0.002116482623963578,0.00021623794646291342
2026-03-11,EFA,-0.015655003018721247,0.000447933292912657
2026-03-12,EFA,-0.01190231947121656,0.0013860109509978564
2026-03-13,EFA,0.018691564716567077,0.0011204387630183988
2026-03-16,EFA,0.002752361201052933,-0.000907775161945497
2026-03-17,EFA,-0.017078402085986655,0.00016612409995671914
2026-03-18,EFA,-0.001758266139261666,0.0015554933135573266
2026-03-19,EFA,-0.030356373310371,0.0005031887508009398
2026-03-20,EFA,0.02404095816033447,0.0025260529065635954
2026-03-23,EFA,-0.005947397149499656,-0.001180931446486973
2026-03-24,EFA,0.014590200381478402,0.0008899456630484732
2026-03-25,EFA,-0.020691055267872627,-0.0005068007580147511
2026-03-26,EFA,-0.009085151165924898,0.0018953830685484955
2026-03-27,EFA,0.0028783701271501982,0.001118671039979637
2026-03-30,EFA,0.03252894433593645,0.00030878453249760855
2026-03-31,EFA,0.01523742012793905,-0.0016099617300083984
2026-04-01,EFA,-0.006186032090596649,-0.0003524154411016986
2026-04-02,EFA,0.00500001739824163,0.0010453519225802643
2026-04-06,EFA,-0.0014215252363811715,0.0003526629858139558
2026-04-07,EFA,0.03904432394471424,0.0008311262655116374
2026-04-08,EFA,-0.002348623986801468,-0.001901265763987321
2026-04-09,EFA,0.002256012619135994,0.0009135092545449314
2026-04-10,EFA,0.00616558995690486,0.0006049152223962806
2026-04-13,EFA,0.008073142010785572,0.00039766624657450487
2026-04-14,EFA,-0.003184102281321932,0.00031810607736838857
2026-04-15,EFA,-0.002903877883641548,0.0009876235624940858
2026-04-16,EFA,0.01271724860825385,0.0009635564278153311
2026-04-17,EFA,-0.003930187355869141,-5.6027065407403124e-05
2026-04-20,EFA,-0.02194215561783397,0.0010911555125181806
2026-04-21,EFA,0.0033455257567962526,0.0024152016957052175
2026-04-22,EFA,-0.007158966728954219,0.0005695752468675343
2026-04-23,EFA,0.005235009317145156,0.0013235727376515218
2026-04-24,EFA,-0.0038321126332390154,0.0004130048410967693
2026-04-27,EFA,-0.004142854281581232,0.0010911641543297755
2026-04-28,EFA,-0.010202055211203653,0.0011627204970385083
2026-04-29,EFA,0.02391673512236414,0.0015657646093331407
2026-04-30,EFA,-0.00215006916184568,-0.0009298519629352579
2026-05-01,EFA,-0.013712105225603843,0.0007669380975747575
2026-05-04,EFA,0.013306897219705682,0.001610394717423995
2026-05-05,EFA,0.027146174936226952,-0.0002496270063615007
2026-05-06,EFA,-0.018318795715742575,-0.0011596348499861861
2026-05-07,EFA,0.010399434645328443,0.0017149150781790674
2026-05-08,EFA,-0.002116225644059777,-0.000213373970479745
2026-05-11,EFA,-0.0057836827352162334,0.0006483696269474139
2026-05-12,EFA,0.006689950106592457,0.0008794329944372624
2026-05-13,EFA,-0.0035635052752059915,-7.21918409877755e-06
2026-05-14,EFA,-0.01681813220773487,0.0006963869542375113
2026-05-15,EFA,0.009241103279037821,0.0016424045752725484
2026-05-18,EFA,-0.007208311311355797,-0.00019261832463593655
2026-05-19,EFA,0.01667980406294567,0.0009548203929526791
2026-05-20,EFA,0.005500853919931714,-0.0006101660867314186
2026-05-21,EFA,-0.0020155236080550143,0.00015025497691383274
2026-05-22,EFA,0.011059767420210642,0.0006860630549788826
2026-05-26,EFA,-0.0034243422068700458,-0.00022041215415573588
2026-05-27,EFA,-0.0007635468162494607,0.0007846499544985757
2026-05-28,EFA,0.0010507716516408028,0.0006099501217493831
2026-05-29,EFA,-0.0034351247215537173,0.0004997780070769401
2026-06-01,EFA,0.005553316580971801,0.0006474317784677373
2026-06-02,EFA,-0.008569712060892298,3.2106399086643243e-06
2026-06-03,EFA,0.007971493948359276,0.0010351122312844956
2026-06-04,EFA,-0.025631170054900898,-0.00018772522390153855
2026-06-05,EFA,0.006062923349470228,0.0020006065369415826
2026-06-08,EFA,0.00019443113375028354,-0.00011062837337774564
2026-06-09,EFA,-0.012925161050474365,0.00024029347268401184
2026-06-10,EFA,0.031111600130448336,0.0011671957208250691
2026-06-11,EFA,0.002768895601602317,-0.0017773748645297295
2026-06-12,EFA,0.0067322487830374644,0.00010462730243274062
2026-06-15,EFA,0.002209797497048749,-0.00011311314725610393
2026-06-16,EFA,-0.0050809969485348105,0.0002514882082766413
2026-06-17,EFA,0.006070580942598491,0.0006911239334123358
2026-06-18,EFA,0.001628178938633651,-4.523127604466826e-05
2026-06-22,EFA,-0.020271588348284908,0.0001424872214239912
2026-06-23,EFA,-0.0019519514935509852,0.0016913072720547936
2026-06-24,EFA,0.008703299149776855,0.00044202413748575646
2026-06-25,EFA,-0.005913723716218455,-0.00032397402324484776
2026-06-26,EFA,0.008874546758240287,0.0006664228572990862
2026-06-29,EFA,0.004156600462645654,-0.00035240240994741687
2026-06-30,EFA,-0.008278789305832923,-3.497308833805664e-05
2026-07-01,EFA,0.01310431127456746,0.0008780949262684366
2026-07-02,EFA,0.010443578702754364,-0.0005866435963972702
2026-07-06,EFA,-0.012326905306740965,-0.00034953549853408803
2026-07-07,EFA,-0.007680520580173877,0.0011922853926990854
2026-07-08,EFA,0.005417933003937003,0.0009311633754321212
2026-07-09,EFA,0.003945377880422818,5.1281607612696376e-05
2026-07-10,EFA,-0.010447655977714243,0.0001473488751378715
2026-07-13,EFA,0.00697405303759524,0.0011868117827325043
2026-07-14,EFA,0.006637191684136123,-0.0002098053873629459
2026-07-15,EFA,-0.00802679364584069,-0.0001936999988170817
2026-07-16,EFA,-0.004623790952968387,0.0007878057829319148
2026-07-17,EFA,-0.007355096513721793,0.0005472121493234493
2026-07-20,EFA,0.014526643932950334,0.0007763060566664243
2026-07-21,EFA,0.001825893194925765,-0.0007392347381592978
2026-07-22,EFA,-0.01294962565104163,0.00010071844465938171
2026-07-23,EFA,0.004956288908335882,0.0011755888977920236
2026-07-24,EFA,0.004835122157366367,-4.945914423523933e-05
2026-07-27,EFA,-0.00019251536672049152,-8.161640239444623e-05
2026-07-28,EFA,-0.005005261778047609,0.0002745232548910799
2026-07-29,EFA,0.02776429371123701,0.0005554294583061615
2026-07-30,EFA,-0.006212312179835977,-0.001624838536304353
2026-07-31,EFA,0.004167406747309865,0.0007522112370106493
2026-08-03,EFA,0.012261866562158774,-2.291543129523838e-05
2026-08-04,EFA,0.0010249777363433576,-0.0006002156699643872
2026-08-05,EFA,-0.0006515842374138492,0.0002179856272559307
2026-08-06,EFA,0.011084225359919486,0.00038561767412101107
2026-08-07,EFA,-0.004974674346806207,-0.0004097148806965539
2026-08-10,EFA,0.0007406184619758172,0.0006791806229857896
2026-08-11,EFA,0.0037931693588710846,0.00030965084380432726
2026-08-12,EFA,0.0017511745751725982,5.9971370593048435e-05
2026-08-13,EFA,-0.00046005198854193186,0.00017845324206418458
2026-08-14,EFA,-0.001748917916731374,0.00035245633955567233
2026-08-17,EFA,-0.010880593253856485,0.0004378371295415102
2026-08-18,EFA,0.0036357512002231918,0.0011184481539097415
2026-08-19,EFA,-0.0028794833498355654,4.096380210708069e-05
2026-08-20,EFA,0.008290632531894992,0.0005020878047021421
2026-08-21,EFA,-0.0019401246176754539,-0.0002288154512439556
2026-08-24,EFA,0.007220205388416279,0.0004501719936329081
2026-08-25,EFA,-0.004962787681679459,-0.00018154078181430692
2024-08-13,GLD,-0.008155751250824461,0.00046465449180852153
2024-08-14,GLD,0.0031388449312386157,0.0008325921150834935
2024-08-15,GLD,0.022387738526589374,9.192903240702962e-05
2024-08-16,GLD,-0.0016380226467286318,-0.001117918564932945
2024-08-19,GLD,0.0036699887797402297,0.0005803579310057588
2024-08-20,GLD,-0.0013336178629831386,0.00022457555099185454
2024-08-21,GLD,-0.011975011209935715,0.0005512960678855552
2024-08-22,GLD,0.011553425520715921,0.0012930145943710176
2024-08-23,GLD,0.0031893380775309677,-0.0002996463155199897
2024-08-26,GLD,0.002706671669018057,0.00022637819457902296
2024-08-27,GLD,-0.007026862307456638,0.0002858266562079088
2024-08-28,GLD,0.005177980359189593,0.000903935812841618
2024-08-29,GLD,-0.0071260085162319076,-3.115651650447088e-05
2024-08-30,GLD,-0.0043235765879541255,0.0008164834405961947
2024-09-03,GLD,0.000607926500195255,0.0006411759547866583
2024-09-04,GLD,0.008332306942507417,0.0003239386927103731
2024-09-05,GLD,-0.00740263040895639,-0.0001720090068388975
2024-09-06,GLD,0.004205876079289794,0.0009234692851011229
2024-09-09,GLD,0.004404097525006145,-8.771187119279138e-07
2024-09-10,GLD,-0.001590555949419148,-1.7350742490834456e-05
2024-09-11,GLD,0.017567284525531468,0.0003037546522917795
2024-09-12,GLD,0.009943683944142245,-0.0009288903712295252
2024-09-13,GLD,-8.374817448175698e-05,-0.00035368344092287464
2024-09-16,GLD,-0.005530911354914458,0.00033455774428137126
2024-09-17,GLD,-0.007710465405288858,0.0005679733599977132
2024-09-18,GLD,0.015540757281972128,0.0007435247270649321
2024-09-19,GLD,0.012710660066880486,-0.0008278814098095145
2024-09-20,GLD,0.0019404068737312041,-0.0005921058865753563
2024-09-23,GLD,0.01396907347432852,0.0001846341218205016
2024-09-24,GLD,-0.001381767735032069,-0.000637703267385441
2024-09-25,GLD,0.005086884066794806,0.00038552343568067776
2024-09-26,GLD,-0.007935830791900744,-4.407091939132962e-05
2024-09-27,GLD,-0.007999374253898295,0.000875665060200408
2024-09-30,GLD,0.010491249392624358,0.000873852637653141
2024-10-01,GLD,0.0002035871977259518,-0.0003744934061007192
2024-10-02,GLD,-0.0006920058878574498,0.0003497363622513301
2024-10-03,GLD,-0.001996030315693398,0.0004283420845868222
2024-10-04,GLD,-0.0033877625757333663,0.00046009764916941166
2024-10-07,GLD,-0.007371925565205384,0.0005806038950582932
2024-10-08,GLD,-0.005446185963701722,0.0008525251301734839
2024-10-09,GLD,0.007342892553628744,0.0007370721241471646
2024-10-10,GLD,0.010913408354139564,-0.0001408799423156167
2024-10-11,GLD,-0.001629502157067031,-0.00047345560218019927
2024-10-14,GLD,0.003468359323146597,0.0003501069718431987
2024-10-15,GLD,0.005001609209081437,-5.614142230428855e-06
2024-10-16,GLD,0.005988310835030708,-9.758050419307265e-05
2024-10-17,GLD,0.010618185005034864,-0.00014567133958538704
2024-10-18,GLD,-0.00019900127714234106,-0.000504276510428247
2024-10-21,GLD,0.01078732362833379,0.00018181130303116048
2024-10-22,GLD,-0.012050555849465017,-0.000532252881455581
2024-10-23,GLD,0.007693259346016168,0.0009636923817591348
2024-10-24,GLD,0.0020569789010425055,-0.00036867660190999035
2024-10-25,GLD,3.945407605776552e-05,-1.1960216980429488e-05
2024-10-28,GLD,0.010894858433216914,0.0001599916904604465
2024-10-29,GLD,0.005505891218995584,-0.0004916346746815939
2024-10-30,GLD,-0.015495166963743867,-0.00016535250728628667
2024-10-31,GLD,-0.004102375877353404,0.0013167079315955475
2024-11-01,GLD,0.0014259144001700363,0.0005339941738694285
2024-11-04,GLD,0.002254447895035039,0.00014797380730323576
2024-11-05,GLD,-0.030386729020158265,0.0001019364643351003
2024-11-06,GLD,0.01607650385553039,0.0024979056098067033
2024-11-07,GLD,-0.006769426092267272,-0.0006476140677417411
2024-11-08,GLD,-0.02347155656813127,0.0009040799178491443
2024-11-11,GLD,-0.008631355179477884,0.002056928317166585
2024-11-12,GLD,-0.010081225320474285,0.0010495643768634979
2024-11-13,GLD,-0.0026091417886486834,0.0011448864471993135
2024-11-14,GLD,-0.0017720694429753658,0.0006409367095180435
2024-11-15,GLD,0.019020246289590537,0.0005486077569282423
2024-11-18,GLD,0.008959325127211315,-0.0008999295021482242
2024-11-19,GLD,0.005632045702723465,-0.00021303193635865443
2024-11-20,GLD,0.00833950039098208,-4.5393094107499914e-05
2024-11-21,GLD,0.012892210445830887,-0.00016981081281028712
2024-11-22,GLD,-0.029458856541119016,-0.0005092783707493723
2024-11-25,GLD,0.0019383092584317474,0.002448909008909527
2024-11-26,GLD,0.002222714763140843,0.0003032320382609381
2024-11-27,GLD,0.008624546377060671,0.0002356362862510824
2024-11-29,GLD,-0.00875440338997513,-0.00023097194455067244
2024-12-02,GLD,0.002012776164397767,0.0010032719074604866
2024-12-03,GLD,0.003033679807253664,0.00028842805807505147
2024-12-04,GLD,-0.007397709454119106,0.00021578080039401837
2024-12-05,GLD,0.0003705687954558279,0.0009141743006871882
2024-12-06,GLD,0.009919751769426055,0.00046359063711916304
2024-12-09,GLD,0.01316431251835759,-0.000269868507301213
2024-12-10,GLD,0.009533812345188464,-0.00046654063927556585
2024-12-11,GLD,-0.014663722649505995,-0.00015326104376399592
2024-12-12,GLD,-0.012091578404740733,0.0015700963298424047
2024-12-13,GLD,0.002415209844427002,0.0014415344747675282
2024-12-16,GLD,-0.0038386247250202787,0.00045666267844833396
2024-12-17,GLD,-0.01918507783771306,0.0008836036077144961
2024-12-18,GLD,0.0014210967336201197,0.0018809462631826988
2024-12-19,GLD,0.010434056495473909,0.00045314955374949094
2024-12-20,GLD,-0.004708795377563857,-0.00018300532398798903
2024-12-23,GLD,0.001992014086009908,0.0008315219864924124
2024-12-24,GLD,0.006751179863859091,0.00031024274350885405
2024-12-26,GLD,-0.0068705038771270655,2.602735521330647e-05
2024-12-27,GLD,-0.0031896811646237033,0.0009472574615678669
2024-12-30,GLD,0.006233636577161361,0.0006799009721019274
2024-12-31,GLD,0.013587714119632333,6.693252869258625e-06
2025-01-02,GLD,-0.007864039973028758,-0.00046154074273294164
2025-01-03,GLD,-0.0012320959587240887,0.000997707136852676
2025-01-06,GLD,0.005633435188264091,0.0005366964536694718
2025-01-07,GLD,0.005315681488124113,8.775488640050025e-05
2025-01-08,GLD,0.00955831000439944,9.728973428428165e-05
2025-01-10,GLD,-0.009951255605703535,-0.00025257980504029393
2025-01-13,GLD,0.005249423200524239,0.0010337035932981413
2025-01-14,GLD,0.007488993695735191,-4.07629547510488e-05
2025-01-15,GLD,0.006910965874952435,-0.00016689947762142242
2025-01-16,GLD,-0.005307269747253374,-9.173661663456522e-05
2025-01-17,GLD,0.01548521901629396,0.0007477994310025702
2025-01-21,GLD,0.005135652699768123,-0.0006307288346965677
2025-01-22,GLD,-0.0014148699521492336,0.00011089029925076798
2025-01-23,GLD,0.006218705580031125,0.0005526354666415337
2025-01-24,GLD,-0.0104048052682425,-8.1895414633888e-06
2025-01-27,GLD,0.008656417783572623,0.001159952279429592
2025-01-28,GLD,-0.0038404097330004827,-0.00014506284002879983
2025-01-29,GLD,0.01514551884715587,0.0006865022281291894
2025-01-30,GLD,0.0019763991077346166,-0.0005760421683399747
2025-01-31,GLD,0.00533727141028395,0.0003415775917393766
2025-02-03,GLD,0.00984841707528572,0.00011223981300760843
2025-02-04,GLD,0.006209542410714253,-0.00024133277919678297
2025-02-05,GLD,-0.0026502562908058414,4.887428776274147e-05
2025-02-06,GLD,0.0017841598670260694,0.000667270642819375
2025-02-07,GLD,0.016938239196991,0.00034259352577733696
2025-02-10,GLD,-0.0036516022155236305,-0.0006778426977754625
2025-02-11,GLD,0.0010471549570203464,0.0007074260060896865
2025-02-12,GLD,0.009862831092105395,0.00039132485567485494
2025-02-13,GLD,-0.014871773334245386,-0.00023121479558558232
2025-02-14,GLD,0.01656090548123368,0.0014651577819311413
2025-02-18,GLD,0.000554096378723612,-0.000708696726927467
2025-02-19,GLD,0.0005168326664386491,0.00038645474272191364
2025-02-20,GLD,-0.0009225433005247696,0.00030899802888703973
2025-02-21,GLD,0.005429568123388684,0.00040867852706270196
2025-02-24,GLD,-0.013188334192659745,6.301452178684042e-06
2025-02-25,GLD,0.0015263333689308212,0.0012974771405121223
2025-02-26,GLD,-0.015239958822878874,0.00032361898837193965
2025-02-27,GLD,-0.006265820058134697,0.0014824995602035185
2025-02-28,GLD,0.013180390342641513,0.0008582880398052914
2025-03-03,GLD,0.00869763593445505,-0.0005383676552398715
2025-03-04,GLD,0.0020813110966890758,-0.0002422496768583975
2025-03-05,GLD,-0.005081207410422395,0.00019751040374094798
2025-03-06,GLD,0.0005219558189655249,0.0006384120760996702
2025-03-07,GLD,-0.008755937163287819,0.00023008975846710311
2025-03-10,GLD,0.011727541035094546,0.0008882020292801232
2025-03-11,GLD,0.004346793335703092,-0.0005190333890883061
2025-03-12,GLD,0.017756144523255468,-0.00011378669486892818
2025-03-13,GLD,0.00039975774946587883,-0.0009480026326636125
2025-03-14,GLD,0.0054135329342379634,0.00024900068338632413
2025-03-17,GLD,0.011671955843306048,-0.00011711054597456007
2025-03-18,GLD,0.004107707999658539,-0.00048265363459475423
2025-03-19,GLD,-0.0012805854303336028,-5.7787674034012314e-05
2025-03-20,GLD,-0.008049901213267985,0.0003148333982061237
2025-03-21,GLD,-0.004452548665506595,0.0007897250923178071
2025-03-24,GLD,0.004400365088198743,0.0005238823158895368
2025-03-25,GLD,-0.0008259812019960622,-0.00011051493762910639
2025-03-26,GLD,0.013405732882559862,0.0002904174088477899
2025-03-27,GLD,0.007412123023167627,-0.0006824525642159464
2025-03-28,GLD,0.014363222998346359,-0.00021520807673780588
2025-03-31,GLD,-0.0019782303576065807,-0.0006047696221602897
2025-04-01,GLD,0.0020516615880092903,0.00044303589138288064
2025-04-02,GLD,-0.006038278082531101,0.0001263919244660397
2025-04-03,GLD,-0.02339226273628292,0.0006870225228443536
2025-04-04,GLD,-0.02148580630415131,0.001991798871585931
2025-04-07,GLD,0.005443793790763651,0.0019138841181117472
2025-04-08,GLD,0.03699125081478161,0.00010197538920788749
2025-04-09,GLD,0.0244235794430141,-0.0020276207671243557
2025-04-10,GLD,0.019086664805096243,-0.0011053672767269997
2025-04-11,GLD,-0.005705977012200658,-0.0007335594490180828
2025-04-14,GLD,0.005232379352138938,0.0009480016485651465
2025-04-15,GLD,0.0325408102664011,0.00017671867113553164
2025-04-16,GLD,-0.004390692094044635,-0.0015674465115520786
2025-04-17,GLD,0.03093558529908469,0.0009478724411550963
2025-04-21,GLD,-0.014195668551963636,-0.0013376340696338632
2025-04-22,GLD,-0.023978630729734163,0.0018128529113327334
2025-04-23,GLD,0.014556277018207942,0.0025535446872357774
2025-04-24,GLD,-0.010841679678267213,-9.742315389569303e-05
2025-04-25,GLD,0.01424210344049559,0.0016573065660543083
2025-04-28,GLD,-0.009738925467677295,-0.0001259590271518864
2025-04-29,GLD,-0.007482221012837242,0.0014996688749913294
2025-04-30,GLD,-0.02077228754256477,0.0012835253175762966
2025-05-01,GLD,0.0017481999132260562,0.002255491031010985
2025-05-02,GLD,0.029867754776654154,0.0007077899229571672
2025-05-05,GLD,0.02802400275899264,-0.0011673086046884735
2025-05-06,GLD,-0.014993060801348546,-0.0009450539621865397
2025-05-07,GLD,-0.0196942722998793,0.0020880843966230977
2025-05-08,GLD,0.007254674259445482,0.002418598299923341
2025-05-09,GLD,-0.028190568373488878,0.0003704247555979784
2025-05-12,GLD,0.004258992599597278,0.0027608940205220197
2025-05-13,GLD,-0.021037827999516923,0.0004415274099070445
2025-05-14,GLD,0.015963953531585195,0.0022283116977813806
2025-05-15,GLD,-0.012087047232674286,-0.0002926489481775772
2025-05-16,GLD,0.012880671121226372,0.0014430210379822012
2025-05-19,GLD,0.0186222454642182,-0.00021851856238437102
2025-05-20,GLD,0.007378683875855163,-0.0007738458993780207
2025-05-21,GLD,-0.008861493387459118,3.820174375073553e-05
2025-05-22,GLD,0.021906288045034472,0.001212289729871663
2025-05-23,GLD,-0.016949152542372836,-0.0009447127488133848
2025-05-27,GLD,-0.002266017869971493,0.0017525768651908292
2025-05-28,GLD,0.0059247154716219885,0.0006843076419683581
2025-05-29,GLD,-0.006576942326457891,0.00013165622925270402
2025-05-30,GLD,0.026581051258171673,0.0010256633375037487
2025-06-02,GLD,-0.008855551213511115,-0.0011462961374852664
2025-06-03,GLD,0.006441974072654677,0.0012852186196918684
2025-06-04,GLD,-0.00504987891618125,7.247301523590014e-05
2025-06-05,GLD,-0.013416073696802311,0.0007047065004403808
2025-06-06,GLD,0.004718534884218695,0.0013438589465911755
2025-06-09,GLD,0.000293510988597534,0.0001477357329340729
2025-06-10,GLD,0.005412290790508978,0.000435242343528836
2025-06-11,GLD,0.0124202002480438,0.00014788955871114515
2025-06-12,GLD,0.013100564311248064,-0.00033255833896576187
2025-06-13,GLD,-0.01425909653729851,-0.00032856457839449565
2025-06-16,GLD,0.0005131941200071655,0.001490995775208337
2025-06-17,GLD,-0.005385627565021256,0.0005400385165865238
2025-06-18,GLD,-0.00041901914110908933,0.0008994344912265313
2025-06-20,GLD,0.0030631724583116693,0.0004598539621094524
2025-06-23,GLD,-0.015719378751237634,0.0001795060323460107
2025-06-24,GLD,0.003037305817845004,0.001526953896928594
2025-06-25,GLD,-0.0011070472235482631,0.0001252816865847482
2025-06-26,GLD,-0.018123728993798327,0.0004450972548355654
2025-06-27,GLD,0.01198454729743359,0.0016745705458374718
2025-06-30,GLD,0.008923010663382636,-0.00039362840435880786
2025-07-01,GLD,0.005527596405484614,-0.0001495965688169047
2025-07-02,GLD,-0.006822911403597365,-8.593015851500295e-05
2025-07-03,GLD,0.000748780548875283,0.0007978319706926833
2025-07-07,GLD,-0.010443411868664265,0.00024103180440874985
2025-07-08,GLD,0.004471282664348264,0.0010060221350836158
2025-07-09,GLD,0.0022257895319868215,2.345201720587017e-06
2025-07-10,GLD,0.009601575193336043,0.00014029083545464183
2025-07-11,GLD,-0.0036553174266280575,-0.00032233750560387595
2025-07-14,GLD,-0.004155705135267751,0.0005866450826343028
2025-07-15,GLD,0.004988096125243757,0.0005763346014583291
2025-07-16,GLD,-0.0021735334020257513,-0.00012098195821186433
2025-07-17,GLD,0.002600924347578637,0.0004082586012486016
2025-07-18,GLD,0.015370115792427752,0.00011108293699204795
2025-07-21,GLD,0.009484882235462067,-0.0007342194068689526
2025-07-22,GLD,-0.01240118112003663,-0.0002943099524677547
2025-07-23,GLD,-0.006118276977772341,0.0011887486862944981
2025-07-24,GLD,-0.0092499926477293,0.0007768667601500712
2025-07-25,GLD,-0.00647361832754334,0.0010102926020303352
2025-07-28,GLD,0.002750389076383808,0.0008195239732050095
2025-07-29,GLD,-0.017273497289540862,0.0002453856887859965
2025-07-30,GLD,0.0066454015709211944,0.0015782904717753193
2025-07-31,GLD,0.020299689958884537,-0.00010259277899671027
2025-08-01,GLD,0.005823229257701401,-0.0010595309426044688
2025-08-04,GLD,0.0008040912066364925,-5.046851491230617e-05
2025-08-05,GLD,-0.00212110700071233,0.000318148712749958
2025-08-06,GLD,0.008437987494967825,0.0005747729128677806
2025-08-07,GLD,-0.00022357985855403495,-0.00018387130440727077
2025-08-08,GLD,-0.014374701087597641,0.0003773938119536112
2025-08-11,GLD,-0.0009074665058316222,0.0013354861498936638
2025-08-12,GLD,0.0030492830145867345,0.00039226459112633367
2025-08-13,GLD,-0.006338706734070332,0.0001420516739418752
2025-08-14,GLD,0.0005858183101099534,0.0007448412628338767
2025-08-15,GLD,-0.0015612675411803556,0.00029375069920028416
2025-08-18,GLD,-0.005473279447945512,0.00042377130846087737
2025-08-19,GLD,0.010122175284489776,0.0006182135459751415
2025-08-20,GLD,-0.0034698951143765644,-0.0004690340493288339
2025-08-21,GLD,0.01070642694476942,0.0005038332333286942
2025-08-22,GLD,-0.0024148368614391735,-0.0004469227241855998
2025-08-25,GLD,0.007262047243691283,0.0004990679778526148
2025-08-26,GLD,0.0020187288833615202,-0.00015338866241762289
2025-08-27,GLD,0.007419038046796889,0.00018804665204605897
2025-08-28,GLD,0.00964990177666114,-0.00013740876475401467
2025-08-29,GLD,0.023642559312442524,-0.00030010112821791284
2025-09-02,GLD,0.007831992196408066,-0.001216843508937218
2025-09-03,GLD,-0.004418882618094533,-0.0001477190980939306
2025-09-04,GLD,0.01334594055214322,0.0006985864486999773
2025-09-05,GLD,0.011388067271604019,-0.0004685801608369858
2025-09-08,GLD,-0.002269905468609279,-0.0003419375460598929
2025-09-09,GLD,0.0035922056391106683,0.0006035604011623282
2025-09-10,GLD,-0.0014913797811720864,0.00022742752812988422
2025-09-11,GLD,0.0019715725978484144,0.0005837528718180816
2025-09-12,GLD,0.01040483601055886,0.00034151468994558516
2025-09-15,GLD,0.0020064107533963593,-0.00016211048353030762
2025-09-16,GLD,-0.007715171664187115,0.00039493084625281233
2025-09-17,GLD,-0.0040063094596702875,0.0010774793155561265
2025-09-18,GLD,0.010607227252210416,0.000839104978648541
2025-09-19,GLD,0.01730643093326134,-0.00020597621958626987
2025-09-22,GLD,0.004086375052867464,-0.0005718444199327005
2025-09-23,GLD,-0.009063049726670935,0.00027739523165885074
2025-09-24,GLD,0.004165188877066628,0.001207122839872508
2025-09-25,GLD,0.00577227044053652,0.0002696505231380836
2025-09-26,GLD,0.016496514338703028,0.00012187541996172202
2025-09-29,GLD,0.008540004081594166,-0.0005572121955014797
2025-09-30,GLD,0.0015753722020723782,-2.2814818461039843e-05
2025-10-01,GLD,-0.003482825151325697,0.00032324533253149935
2025-10-02,GLD,0.008032937892485048,0.0006321201424574886
2025-10-03,GLD,0.01884573861512795,-0.00012284330320275747
2025-10-06,GLD,0.005159462258136571,-0.0008367750523663144
2025-10-07,GLD,0.01649095687844504,7.691754924800062e-05
2025-10-08,GLD,-0.018452848086064955,-0.000615920780799049
2025-10-09,GLD,0.01009770001194199,0.0018108475350660318
2025-10-10,GLD,0.02430104394061705,-0.00015214877688362173
2025-10-13,GLD,0.007141189222626965,-0.0010603147658348705
2025-10-14,GLD,0.017332403569977117,9.708692853995906e-05
2025-10-15,GLD,0.02338727694573106,-0.0005392117324925494
2025-10-16,GLD,-0.01881705572696668,-0.0008380913601785848
2025-10-17,GLD,0.03640197438905224,0.0021337593336932517
2025-10-20,GLD,-0.06426889260666147,-0.0015670994543814775
2025-10-21,GLD,0.00010605594835544352,0.005496744553283808
2025-10-22,GLD,0.004002358382396931,0.0010940296973446849
2025-10-23,GLD,-0.0033528327110016187,0.0008389226817279452
2025-10-24,GLD,-0.027839530498784404,0.0013232215806595754
2025-10-27,GLD,-0.007166030388359279,0.0030203605270986583
2025-10-28,GLD,-0.0037872684129753864,0.0015233649882802742
2025-10-29,GLD,0.01964188672951095,0.001271361652311339
2025-10-30,GLD,-0.005430550723012573,-0.0002933751006487731
2025-10-31,GLD,0.0017929035935666526,0.0014410812168794548
2025-11-03,GLD,-0.01751719582531963,0.0008998844964753582
2025-11-04,GLD,0.011564369498526794,0.0021365697023393456
2025-11-05,GLD,-0.0012005195756796816,0.00014777725548518501
2025-11-06,GLD,0.006119021470095687,0.0009517595649669052
2025-11-07,GLD,0.02734111859838051,0.00048777443210456416
2025-11-10,GLD,0.003937814406542062,-0.0009793883187806125
2025-11-11,GLD,0.016110762091908537,0.0004955748881853518
2025-11-12,GLD,-0.008083098515826892,-0.0003652465961349902
2025-11-13,GLD,-0.018047911171504505,0.0012060883341874075
2025-11-14,GLD,-0.011463979297139493,0.0018030196872255047
2025-11-17,GLD,0.007264932736103624,0.001414915048582844
2025-11-18,GLD,0.0016294519610446923,-6.50561283075037e-05
2025-11-19,GLD,-0.0002933255655774847,0.00034041402263350963
2025-11-20,GLD,-0.0015473311468576778,0.0004895272048558239
2025-11-21,GLD,0.01584423909859045,0.0005456320248561765
2025-11-24,GLD,-0.0003156907704157108,-0.0006047033660007566
2025-11-25,GLD,0.007998338908444147,0.0005550568800141858
2025-11-26,GLD,0.012424331348639184,1.5673797959689302e-05
2025-11-28,GLD,0.004821066034977672,-0.00025805504818727924
2025-12-01,GLD,-0.006440050713598433,0.00016997946992851457
2025-12-02,GLD,-0.0009296182229129313,0.000980644157010077
2025-12-03,GLD,0.0006461951944911615,0.0005900978428377941
2025-12-04,GLD,-0.0017823532991586566,0.0005411261079007034
2025-12-05,GLD,-0.002639449868615973,0.0006750834740395133
2025-12-08,GLD,0.005137202012788666,0.0007361068859158205
2025-12-09,GLD,0.00425914796716631,0.00018096993408264777
2025-12-10,GLD,0.010769830543307712,5.7902059531702703e-05
2025-12-11,GLD,0.005594579039939651,-0.0004051234429752721
2025-12-12,GLD,0.0009103412637567754,-0.00013754313820229478
2025-12-15,GLD,0.00022745542760294057,0.0002136259814227297
2025-12-16,GLD,0.008588228474273762,0.00027338842968472704
2025-12-17,GLD,-0.0018032036998042456,-0.00028330783470789406
2025-12-18,GLD,0.0011289903434379411,0.0004106672933902274
2025-12-19,GLD,0.02308160549906857,0.00022326213399808642
2025-12-22,GLD,0.013252341857567629,-0.0011679351033640172
2025-12-23,GLD,-0.004134082564786645,-0.0004511435133289478
2025-12-24,GLD,0.011676735474757116,0.0006663204671471009
2025-12-26,GLD,-0.0435283019531133,-0.0003640073177390436
2025-12-29,GLD,0.0007275678386380324,0.00360794164172164
2025-12-30,GLD,-0.006467991163222386,0.0005362335357200119
2025-12-31,GLD,0.004970859258759619,0.0010137769711582533
2026-01-02,GLD,0.026313174195160993,0.0002531137470125362
2026-01-05,GLD,0.010813149047262716,-0.0011640042487568326
2026-01-06,GLD,-0.009559953917112063,-8.426217352365756e-05
2026-01-07,GLD,0.005522515913727544,0.0013311252910870757
2026-01-08,GLD,0.007242001159325273,0.0003273606108800618
2026-01-09,GLD,0.018722729613168898,0.00015737705381555544
2026-01-12,GLD,-0.0014210408732292512,-0.0005706573984740876
2026-01-13,GLD,0.010222226854542216,0.0007875021560467169
2026-01-14,GLD,-0.0061276608305878,9.047197657261526e-06
2026-01-15,GLD,-0.004818883830700504,0.001150575063487014
2026-01-16,GLD,0.03783617488689295,0.0010918727509218035
2026-01-20,GLD,0.014568979615140476,-0.0017257674698006715
2026-01-21,GLD,0.01846258414950319,-3.663299874106314e-05
2026-01-22,GLD,0.013745304981574558,-0.00030450150798243486
2026-01-23,GLD,0.014628847613605389,-4.3290096822171836e-05
2026-01-26,GLD,0.02453194232197564,-9.593921566948175e-05
2026-01-27,GLD,0.038773348494905324,-0.000648277554098653
2026-01-28,GLD,0.0027094717415592218,-0.0015162595853009313
2026-01-29,GLD,-0.10274245274560034,0.0010098067973428738
2026-01-30,GLD,-0.04004945911975233,0.00873185225147748
2026-02-02,GLD,0.06358720612372104,0.004560756739900515
2026-02-03,GLD,-0.0007044119795716064,-0.0024412392050552553
2026-02-04,GLD,-0.026631707613677613,0.0018178531684814505
2026-02-05,GLD,0.03073229479090611,0.0035491077838775923
2026-02-06,GLD,0.02540290594406658,-0.00030363656286997484
2026-02-09,GLD,-0.009913720520981939,3.8429464097206636e-05
2026-02-10,GLD,0.011310577541873812,0.0024403898377347278
2026-02-11,GLD,-0.03472828959819363,0.0009408214040853189
2026-02-12,GLD,0.024878663914389865,0.0041400453801159805
2026-02-13,GLD,-0.03117025433910059,5.945338796607065e-05
2026-02-17,GLD,0.022489929267582198,0.003935166078117263
2026-02-18,GLD,0.0027930496262249527,0.00027506312033972184
2026-02-19,GLD,0.019714504323102178,0.0014170349520062709
2026-02-20,GLD,0.027015500392687075,0.00020041059779697673
2026-02-23,GLD,-0.01385890426498504,-0.00037689518867545875
2026-02-24,GLD,-0.0025072627221415233,0.002359273736829507
2026-02-25,GLD,0.008575889154321725,0.0015231828411713124
2026-02-26,GLD,0.01313141674919538,0.0006674275103599915
2026-02-27,GLD,0.012919896640826822,0.00015837308505750077
2026-03-02,GLD,-0.04461221500318879,0.0001604045219791512
2026-03-03,GLD,0.007818116439543887,0.004309433609932198
2026-03-04,GLD,-0.012017768242597704,0.0008330601535719755
2026-03-05,GLD,0.01583250339069653,0.001785348277480147
2026-03-06,GLD,-0.0020696732193965506,-0.0001111762519616674
2026-03-09,GLD,0.01127967872100144,0.0011819819431794086
2026-03-10,GLD,-0.003390104145245987,9.777684272383174e-05
2026-03-11,GLD,-0.019653925633074443,0.0009705186372872169
2026-03-12,GLD,-0.012936961278600778,0.0021528570970321356
2026-03-13,GLD,-0.0008896876689684641,0.001667538497660979
2026-03-16,GLD,-0.00251939204778584,0.0009423889342549145
2026-03-17,GLD,-0.03163716142328721,0.0009282678816047939
2026-03-18,GLD,-0.041215062676522196,0.0030594741142731586
2026-03-19,GLD,-0.0305574415876555,0.0037027739544291
2026-03-20,GLD,-0.02259421410703788,0.0030258863037603517
2026-03-23,GLD,0.00022274115430986896,0.0024034186251809106
2026-03-24,GLD,0.030089336389747867,0.0006949438645647421
2026-03-25,GLD,-0.0375939695290467,-0.0012263707780728653
2026-03-26,GLD,0.03509384246336822,0.003481849532255732
2026-03-27,GLD,-0.00028942761329309175,-0.0014675262525454822
2026-03-30,GLD,0.037893826237359374,0.000895756499705192
2026-03-31,GLD,0.017499822514495555,-0.0017749805311090675
2026-04-01,GLD,-0.019208815315471806,-0.0002805667398252124
2026-04-02,GLD,-0.004098669687746526,0.002203628861288807
2026-04-06,GLD,0.009727589667910319,0.0012250224264594698
2026-04-07,GLD,0.00629906958171822,0.00023606629286315452
2026-04-08,GLD,0.007778530578574028,0.00048050785018657606
2026-04-09,GLD,-0.0017811851128632927,0.0003158589427314583
2026-04-10,GLD,-0.004049183335572026,0.0009802706863818321
2026-04-13,GLD,0.022349346089928224,0.0012171001853443267
2026-04-14,GLD,-0.010402401583740839,-0.0005111584000097239
2026-04-15,GLD,-0.0008627455164704756,0.001721907904166372
2026-04-16,GLD,0.013293051904224695,0.0010896755598063944
2026-04-17,GLD,-0.008611208936292858,0.00019745961462201282
2026-04-20,GLD,-0.028320000717914406,0.0017758640214992302
2026-04-21,GLD,0.013245809401007946,0.003296886439339701
2026-04-22,GLD,-0.00969535708776803,0.0005324769574169977
2026-04-23,GLD,0.005127114447075254,0.002151770176795932
2026-04-24,GLD,-0.007755303754327758,0.000994100008590603
2026-04-27,GLD,-0.0185629131043068,0.0019666453709582575
2026-04-28,GLD,-0.010665781709228828,0.0025468712216826935
2026-04-29,GLD,0.014973287523456946,0.0020652857101359163
2026-04-30,GLD,-0.0011330099187528697,5.3418768567754885e-05
2026-05-01,GLD,-0.02001512681908013,0.0009568863249345606
2026-05-04,GLD,0.008584306218673232,0.002277006680538507
2026-05-05,GLD,0.030339261182306565,0.0004118377541059962
2026-05-06,GLD,0.001670691560653248,-0.0010625384616476333
2026-05-07,GLD,0.004841540894530816,0.0008447227355513046
2026-05-08,GLD,0.0020287362083613036,0.00061974829638273
2026-05-11,GLD,-0.003957209812161411,0.0008440582205281064
2026-05-12,GLD,-0.005612899814961825,0.0012566374849275978
2026-05-13,GLD,-0.007642296271595517,0.0012499855944286763
2026-05-14,GLD,-0.02322039069444226,0.001391638747349152
2026-05-15,GLD,0.00273187497307803,0.002513465197400183
2026-05-18,GLD,-0.016561892782745558,0.0006505731684396498
2026-05-19,GLD,0.014337773746013083,0.0020446631609259912
2026-05-20,GLD,-0.0009822799906678004,2.3166532015307407e-05
2026-05-21,GLD,-0.0076020599640160835,0.0010176440252357684
2026-05-22,GLD,0.00043495402009452455,0.0015305323722674406
2026-05-26,GLD,-0.013309202332427494,0.0009468329719936176
2026-05-27,GLD,0.010477609933210896,0.001921707943690475
2026-05-28,GLD,0.010538571648365469,0.0003610732719555089
2026-05-29,GLD,-0.014048680044494555,0.0004113202772101057
2026-06-01,GLD,0.001677776649860796,0.0019449500397754498
2026-06-02,GLD,-0.009904155768766798,0.0008298795510091401
2026-06-03,GLD,0.008335974543818736,0.0016850242763552115
2026-06-04,GLD,-0.036545333189379026,0.0003969863482272718
2026-06-05,GLD,0.002599431669397134,0.0033772482305687245
2026-06-08,GLD,-0.01633647245916592,0.0006998400945728758
2026-06-09,GLD,-0.04145558180468856,0.0019823089281368923
2026-06-10,GLD,0.03134182597256374,0.0037159529594170356
2026-06-11,GLD,0.0005694792310315666,-0.0012299985211010533
2026-06-12,GLD,0.025896360083728975,0.0008733629552004623
2026-06-15,GLD,0.002723533282284585,-0.0008048801566015695
2026-06-16,GLD,-0.02270955075927472,0.0007283729170291059
2026-06-17,GLD,-0.003808571701190089,0.0024525918991996722
2026-06-18,GLD,-0.0065354381359996605,0.0011783393738216182
2026-06-22,GLD,-0.018903219228002532,0.0012655340546470525
2026-06-23,GLD,-0.030213064971900017,0.002112233457782764
2026-06-24,GLD,0.009674185334065832,0.002959374466158148
2026-06-25,GLD,0.011286779419095394,0.000262755690352629
2026-06-26,GLD,-0.013516094115971211,0.00016161504033567316
2026-06-29,GLD,-0.0005425733809176769,0.0018504517543015057
2026-06-30,GLD,0.006026389031102086,0.0009132846422920518
2026-07-01,GLD,0.020318398961908235,0.0005659022979651682
2026-07-02,GLD,0.01057837238078907,-0.0003807330088987014
2026-07-06,GLD,-0.012142502784779907,0.0003067461956035502
2026-07-07,GLD,-0.008053135463158223,0.0018223807299228294
2026-07-08,GLD,0.009961224054354512,0.0016314761289891178
2026-07-09,GLD,-0.003093719744077905,0.000398276465897545
2026-07-10,GLD,-0.02620621369961662,0.001352489765382612
2026-07-13,GLD,0.013673600487310367,0.0030411373766146346
2026-07-14,GLD,0.0005374505181017231,0.00014499368706507584
2026-07-15,GLD,-0.01984695723728025,0.001051944177898501
2026-07-16,GLD,0.009453124418586922,0.002309711705131166
2026-07-17,GLD,-0.0021986307389650905,0.00030278582528576954
2026-07-20,GLD,0.019613686984128575,0.0011423314721683143
2026-07-21,GLD,0.011499153135369422,-0.0003680828682015131
2026-07-22,GLD,-0.020046439653404247,0.00017513791660821605
2026-07-23,GLD,0.0010228383237773642,0.0024122584414308693
2026-07-24,GLD,0.007340712640850455,0.001023014870283567
2026-07-27,GLD,-0.01404054586409964,0.0005497901940457013
2026-07-28,GLD,0.004629481218515252,0.001959570340114785
2026-07-29,GLD,0.016384653740035837,0.0007034130484642795
2026-07-30,GLD,-0.014900824749758845,-0.00010497640362500495
2026-07-31,GLD,0.00045750903333918735,0.002035586365462327
2026-08-03,GLD,0.00659119276681408,0.0009127033020026344
2026-08-04,GLD,0.04137270374924307,0.0004403606186350816
2026-08-05,GLD,7.699101265035146e-05,-0.0018108747209379526
2026-08-06,GLD,0.022583179330530445,0.0010624546090777266
2026-08-07,GLD,0.01021408716277361,-0.0004883472839304265
2026-08-10,GLD,-0.003925118140567174,0.000360217443398608
2026-08-11,GLD,0.009876351898066904,0.0013674930519500333
2026-08-12,GLD,-0.014719010607066263,0.0003386918877712808
2026-08-13,GLD,0.006316471789712619,0.001998616301913064
2026-08-14,GLD,0.009987992274373525,0.0005353270472286489
2026-08-17,GLD,-0.017115101749847983,0.00020782380695152106
2026-08-18,GLD,0.03836409236791738,0.0021022277260305576
2026-08-19,GLD,0.003431310265562093,-0.001753408958470193
2026-08-20,GLD,0.019505792504578512,0.0005855674944416485
2026-08-21,GLD,0.007865686897826407,-0.00040085085373797367
2026-08-24,GLD,0.0032342095547504,0.0003985913884486123
2026-08-25,GLD,-0.015768448815633995,0.0006993377770810644
2024-08-13,IEF,0.0013351886734060958,-0.00024628535126842554
2024-08-14,IEF,-0.0062568011002351875,-4.7894422899406126e-05
2024-08-15,IEF,0.001961038914687352,0.0004884809750283367
2024-08-16,IEF,0.0013392623531918169,-6.785503342957103e-05
2024-08-19,IEF,0.004012498083700633,-1.8949537925204093e-05
2024-08-20,IEF,0.0020493531963599043,-0.00020300449271691345
2024-08-21,IEF,-0.004601845873774324,-6.929922162735361e-05
2024-08-22,IEF,0.004623120762981436,0.0003999832496492233
2024-08-23,IEF,-0.001227282374371308,-0.0002463712271586231
2024-08-26,IEF,-0.00040956871882857904,0.0001357491441116152
2024-08-27,IEF,-0.0005118544478213138,6.85279656701382e-05
2024-08-28,IEF,-0.0017422931517273588,6.069327736478222e-05
2024-08-29,IEF,-0.0034904990390985935,0.00011541178120951762
2024-08-30,IEF,0.006592247748014701,0.00022456599884720674
2024-09-03,IEF,0.005850758311021664,-0.0005614254462936903
2024-09-04,IEF,0.0023472969102746877,-0.0004884456782077462
2024-09-05,IEF,0.0014252872448952125,-0.0002228141804228397
2024-09-06,IEF,0.0014233421435452254,-0.00014688060218198467
2024-09-09,IEF,0.004264040692926185,-0.0001466752092940771
2024-09-10,IEF,-0.000707725123843761,-0.00034425235990934557
2024-09-11,IEF,-0.001618897993483026,-8.003209982780863e-06
2024-09-12,IEF,0.001925849752612896,4.3275163504111436e-05
2024-09-13,IEF,0.0026292460854964173,-0.00019461765503093602
2024-09-16,IEF,-0.0018156013383571201,-0.000221353813178372
2024-09-17,IEF,-0.004345329438561696,7.297996945917817e-05
2024-09-18,IEF,-0.0008121611742972767,0.0002555911876072834
2024-09-19,IEF,-0.0003044015412341228,-7.240254780101305e-06
2024-09-20,IEF,-0.0006097390615388276,-5.0152698710704776e-05
2024-09-23,IEF,0.0011181614318338529,-1.8913658002595783e-05
2024-09-24,IEF,-0.004062113974760528,-0.0001594392235349124
2024-09-25,IEF,-0.0007136919375158035,0.00020035788069966147
2024-09-26,IEF,0.003979745720087635,-2.4586007998527728e-05
2024-09-27,IEF,-0.002744120159643315,-0.00034806915247744745
2024-09-30,IEF,0.0036385000385232846,0.00011676555725285767
2024-10-01,IEF,-0.0028513865720524167,-0.000304745484775973
2024-10-02,IEF,-0.005106614399330023,0.00011326174479942266
2024-10-03,IEF,-0.00965012580636515,0.000251214718079944
2024-10-04,IEF,-0.0036279291924733448,0.0005865313578565122
2024-10-07,IEF,0.0008322262810827041,0.00017367516376899186
2024-10-08,IEF,-0.0037421593823335764,-0.0001379985780907336
2024-10-09,IEF,-0.00010435355873816832,0.00016690998318782924
2024-10-10,IEF,0.000312922539373206,-7.507900860187933e-05
2024-10-11,IEF,-0.0017733844963283563,-0.00010201973885988659
2024-10-14,IEF,0.005120827214760704,3.890066897012468e-05
2024-10-15,IEF,0.001559684856693,-0.0004360100368917383
2024-10-16,IEF,-0.005190626863307957,-0.00019132354343190822
2024-10-17,IEF,0.0011477527310690405,0.00029012722619158087
2024-10-18,IEF,-0.0077131769951341855,-0.00014016157815704522
2024-10-21,IEF,-0.000945238089097411,0.00048300749294134083
2024-10-22,IEF,-0.0023133131027076592,2.162487022051084e-05
2024-10-23,IEF,0.0022131061007517605,0.00011472463859272169
2024-10-24,IEF,-0.0022082190776393507,-0.00017165758519577462
2024-10-25,IEF,-0.0023183319257222834,0.00013520442377598188
2024-10-28,IEF,0.0004224865185995519,0.0001224910543974076
2024-10-29,IEF,-0.001478207968807821,-4.364357307253425e-05
2024-10-30,IEF,-0.0005287747812334764,6.876033675858352e-05
2024-10-31,IEF,-0.005921687460558989,2.974806047569963e-05
2024-11-01,IEF,0.005338088056154211,0.00042242772807123813
2024-11-04,IEF,0.0005310264023832278,-0.00032821316442829276
2024-11-05,IEF,-0.010295440013134871,6.965880519945529e-06
2024-11-06,IEF,0.00804293485094143,0.0007691062000239212
2024-11-07,IEF,0.0021280344693497266,-0.0004525681263900473
2024-11-08,IEF,-0.0027601284901438428,-4.452008008279845e-05
2024-11-11,IEF,-0.006280827646585219,0.00029440855873676396
2024-11-12,IEF,-0.0006427594079166932,0.0005520846668038499
2024-11-13,IEF,-0.0001070497040346341,0.00013048982448225595
2024-11-14,IEF,0.00042868200096268794,8.933101286547285e-05
2024-11-15,IEF,0.0022502937237456333,7.25256910193131e-05
2024-11-18,IEF,0.002138466257176397,-5.169116041083623e-05
2024-11-19,IEF,-0.0014935753973539523,-2.2934663834792265e-05
2024-11-20,IEF,-0.0005344044903228262,0.00022538175335097302
2024-11-21,IEF,0.0006416282774199811,0.000174998346671091
2024-11-22,IEF,0.010790591790157844,8.238725348408077e-05
2024-11-25,IEF,-0.0021141408382587823,-0.0005807700142306169
2024-11-26,IEF,0.00402507533350871,0.0003111740187702916
2024-11-27,IEF,0.004219908662467242,-0.00011278108675396301
2024-11-29,IEF,-8.459893888757009e-05,-0.0001263746705335627
2024-12-02,IEF,-0.002845233590831886,0.0001734666977908249
2024-12-03,IEF,0.003804813252097583,0.0003854847306294306
2024-12-04,IEF,-0.00010550750910298667,-9.348954815702583e-05
2024-12-05,IEF,0.0031589643482314855,0.00017282483422068157
2024-12-06,IEF,-0.0034636366391761486,-3.0398717889932344e-05
2024-12-09,IEF,-0.0017906992105964914,0.000388249163929119
2024-12-10,IEF,-0.0029544910701809757,0.0002646478553798957
2024-12-11,IEF,-0.0038102196906458774,0.0003534902979848672
2024-12-12,IEF,-0.004674314927658463,0.000431875104501164
2024-12-13,IEF,0.00032027301255799223,0.0004974047536183547
2024-12-16,IEF,0.0,0.00013941716147944873
2024-12-17,IEF,-0.00772930918946535,0.00015117651919848056
2024-12-18,IEF,-0.004531121943368799,0.0006884750987329052
2024-12-19,IEF,0.003684872656712468,0.0004674130989302255
2024-12-20,IEF,-0.004427271001895772,-8.704476724848701e-05
2024-12-23,IEF,0.0005423613876678335,0.000475756787996958
2024-12-24,IEF,0.000758876770979855,0.00013218554221684303
2024-12-26,IEF,-0.0025995640404120612,4.211486193049949e-05
2024-12-27,IEF,0.005864307642785116,0.00028779669735818497
2024-12-30,IEF,-0.0018353864574773837,-0.0003034193057411961
2024-12-31,IEF,0.0005408946808427295,0.00019036936129790643
2025-01-02,IEF,-0.0016215438769999757,2.4980152112824582e-06
2025-01-03,IEF,-0.0009746294353891738,0.00011473172168223204
2025-01-06,IEF,-0.004552414987345266,3.378906425452799e-05
2025-01-07,IEF,0.0017422181042379137,0.00028129162816840567
2025-01-08,IEF,-0.007282541569203049,-0.00016427299538631463
2025-01-10,IEF,-0.0017519466838665787,0.00047238387031967776
2025-01-13,IEF,0.0003290220477674133,0.00010270067238061129
2025-01-14,IEF,0.010526042552381876,-2.5996770006510403e-05
2025-01-15,IEF,0.0023873205462985325,-0.0006871757291499556
2025-01-16,IEF,0.0007578088538402472,-0.0001121681472855059
2025-01-17,IEF,0.0033531436302505213,-1.6597451950459347e-05
2025-01-21,IEF,-0.002587233251112653,-0.00019744956015497252
2025-01-22,IEF,-0.0025943825269690857,0.00022725820801699183
2025-01-23,IEF,0.0020591517205093,0.00023625342418171784
2025-01-24,IEF,0.006488719111644503,-9.967025939168402e-05
2025-01-27,IEF,0.00010758023394830118,-0.00038802622018643275
2025-01-28,IEF,-0.0011821229768490538,4.531534673975752e-05
2025-01-29,IEF,0.0021514777413356168,0.00012866262743757792
2025-01-30,IEF,-0.0016101441167740704,-9.464437591523531e-05
2025-01-31,IEF,0.000711805805222232,0.0001310045366286448
2025-02-03,IEF,0.0024787049976997544,-2.480157557848946e-05
2025-02-04,IEF,0.005805254476396904,-0.0001548554715584472
2025-02-05,IEF,-0.0011755121022724024,-0.0003813144278466956
2025-02-06,IEF,-0.0033174289419796166,0.00010895220965548709
2025-02-07,IEF,-0.00021466168832029453,0.0002753163378740725
2025-02-10,IEF,-0.002577621548121134,4.689952440070218e-05
2025-02-11,IEF,-0.006890405820548784,0.00023304479676231025
2025-02-12,IEF,0.007480366218067136,0.0005539817114436047
2025-02-13,IEF,0.004196928027132563,-0.0004274447792640796
2025-02-14,IEF,-0.005357835963914259,-0.0002762853017665107
2025-02-18,IEF,0.0016155998898439439,0.000379632052686701
2025-02-19,IEF,0.002044145582177803,-0.00010076416123012982
2025-02-20,IEF,0.005903662942875476,-0.00014664403136783013
2025-02-21,IEF,0.002134249723430681,-0.0003988649381281486
2025-02-24,IEF,0.007879768599888815,-0.00013402610348228219
2025-02-25,IEF,0.0027471922286606,-0.0005300675425297808
2025-02-26,IEF,-0.0011590468193778403,-0.0002057568698113973
2025-02-27,IEF,0.005485178365052912,6.326321481727568e-05
2025-02-28,IEF,0.0036297151345097145,-0.000356463769466749
2025-03-03,IEF,-0.003144958254900909,-0.00022754902425371374
2025-03-04,IEF,-0.005573686693928881,0.0002512264028737705
2025-03-05,IEF,-0.0005285190660568873,0.00043416081476608344
2025-03-06,IEF,-0.0012698156639985303,7.783881588179287e-05
2025-03-07,IEF,0.006992310891092979,9.605163802703528e-05
2025-03-10,IEF,-0.0035771311160897046,-0.00045777196849218797
2025-03-11,IEF,-0.002956448286999036,0.000279185363118347
2025-03-12,IEF,0.004024220073756579,0.0002457382220108556
2025-03-13,IEF,-0.00348062529545623,-0.00022903733717455555
2025-03-14,IEF,0.0008465852150365549,0.00030298434908438354
2025-03-17,IEF,0.0011635600335280216,-3.4603529537233473e-05
2025-03-18,IEF,0.003063243882321931,-8.154715994074637e-05
2025-03-19,IEF,0.0014741625268428482,-0.00020658259066182915
2025-03-20,IEF,-0.0008412354501770025,-0.00010501620152940925
2025-03-21,IEF,-0.0057882782912341835,4.768789570145008e-05
2025-03-24,IEF,0.0016936910010212358,0.00036205554296600843
2025-03-25,IEF,-0.0023245468674903957,-0.0001633661616683745
2025-03-26,IEF,-0.0008478955308035552,7.281051989679662e-05
2025-03-27,IEF,0.008056973900516518,-4.526329314944117e-05
2025-03-28,IEF,0.0029448034515300314,-0.0006375013211707317
2025-03-31,IEF,0.003513249207998115,-0.00031729150509299687
2025-04-01,IEF,-0.0009434376899191133,-0.0003646161661308865
2025-04-02,IEF,0.010282436423424413,-4.2063114249804936e-05
2025-04-03,IEF,0.0028037351992646897,-0.0007456683090110637
2025-04-04,IEF,-0.011909469861137167,-0.0002224105255347754
2025-04-07,IEF,-0.005031055670538964,0.0008292050517812299
2025-04-08,IEF,-0.003160193141717449,0.00033660308305027184
2025-04-09,IEF,-0.006234743865863757,0.00022188477676504125
2025-04-10,IEF,-0.005636061637932621,0.000455932003779709
2025-04-11,IEF,0.008020714201164347,0.0003992669226020705
2025-04-14,IEF,0.0029704670402830313,-0.0005167148318352662
2025-04-15,IEF,0.004336809232306615,-0.00017671050640062814
2025-04-16,IEF,-0.002843811343369196,-0.0002630801723939647
2025-04-17,IEF,-0.005386378714429485,0.00021749215305091952
2025-04-21,IEF,0.0007434544702376034,0.0003940625498979744
2025-04-22,IEF,0.001060996562841643,-1.5356947528190248e-05
2025-04-23,IEF,0.005405875308029717,-2.339077656114219e-05
2025-04-24,IEF,0.0037955489801455577,-0.00032657561005058834
2025-04-25,IEF,0.003991015364388284,-0.00020730068839265977
2025-04-28,IEF,0.003452396257950241,-0.00021095960556458045
2025-04-29,IEF,0.0015637881793055808,-0.00021820480270969288
2025-04-30,IEF,-0.004354780681141368,-0.0001038803417630767
2025-05-01,IEF,-0.006712906881489511,0.000294821357967462
2025-05-02,IEF,-0.0017950372192073738,0.0004707411385939508
2025-05-05,IEF,0.0025386774806501755,7.86060542855559e-05
2025-05-06,IEF,0.0026380197735742517,-0.00022760135425631533
2025-05-07,IEF,-0.007787659981960071,-0.00020457473741352636
2025-05-08,IEF,0.0007423756189648412,0.0005367511685567475
2025-05-09,IEF,-0.006359141689405656,-3.855009707783491e-05
2025-05-12,IEF,-0.0007467432676320218,0.0004801331066466805
2025-05-13,IEF,-0.003736079226929423,0.00010791917793421659
2025-05-14,IEF,0.006536042468362924,0.00026347013088287097
2025-05-15,IEF,0.0003192637671847187,-0.0004370827182116539
2025-05-16,IEF,-0.0005321636525068563,-2.795554132889195e-05
2025-05-19,IEF,-0.0012774977207330451,3.477304003499161e-05
2025-05-20,IEF,-0.006929811376283901,0.00010396656160378327
2025-05-21,IEF,0.003757336647823184,0.0005040299495197639
2025-05-22,IEF,0.0028876669059141324,-0.00022329927357360126
2025-05-23,IEF,0.004159149809396467,-0.00019111750097023647
2025-05-27,IEF,-0.0027612252684168226,-0.0002865076892108944
2025-05-28,IEF,0.004153561909124193,0.00017179199278725133
2025-05-29,IEF,0.002969441777042503,-0.0003169451428544907
2025-05-30,IEF,-0.0033947875758173485,-0.00024161003941428104
2025-06-02,IEF,-0.0009582195058323029,0.0002158266932533204
2025-06-03,IEF,0.0073522052917069924,6.318576201608833e-05
2025-06-04,IEF,-0.002961673312079638,-0.0004985340442003787
2025-06-05,IEF,-0.007956700055503196,0.00019717643852568088
2025-06-06,IEF,0.0018178950785581183,0.0005441339102356874
2025-06-09,IEF,0.001707945567221092,-9.749302504343156e-05
2025-06-10,IEF,0.004156114734720662,-9.758748730912751e-05
2025-06-11,IEF,0.0043511388256252115,-0.00025263715262519937
2025-06-12,IEF,-0.003698200404197438,-0.00025781104840367445
2025-06-13,IEF,-0.002863818482758518,0.00030598171612845096
2025-06-16,IEF,0.004892777919945468,0.00022135447757332406
2025-06-17,IEF,0.0006349929781668262,-0.00030527481080241947
2025-06-18,IEF,0.0006345056085415024,-8.32560644367067e-06
2025-06-20,IEF,0.003488453702447991,-2.9053760037298744e-06
2025-06-23,IEF,0.0034762426350614106,-0.00018520258995624817
2025-06-24,IEF,0.00041994621371110874,-0.0002058645158310247
2025-06-25,IEF,0.0035677513528433735,-6.605979616588174e-06
2025-06-26,IEF,-0.0026140474029616723,-0.00024593473144093685
2025-06-27,IEF,0.00398350814077264,0.0001896056327385959
2025-06-30,IEF,-0.001853988838237397,-0.000272056309129164
2025-07-01,IEF,-0.0020987735018429543,0.00011894097876223863
2025-07-02,IEF,-0.0034703725020411857,0.00015378441779493107
2025-07-03,IEF,-0.0031659776855404997,0.000254137103165453
2025-07-07,IEF,-0.0014820757178243271,0.00020913795062473935
2025-07-08,IEF,0.005195090850835804,0.00010135581571512158
2025-07-09,IEF,-0.0005273287605775945,-0.0003518467913431122
2025-07-10,IEF,-0.004643361184713979,2.6521984660237e-05
2025-07-11,IEF,-0.00042397028648899493,0.00030986333744343724
2025-07-14,IEF,-0.0039246752598056656,-5.6927901902821434e-06
2025-07-15,IEF,0.002768643320725017,0.0002148099080018263
2025-07-16,IEF,-0.0003184631054999887,-0.00022129117040679266
2025-07-17,IEF,0.0027618786554648445,1.3751790277582955e-06
2025-07-18,IEF,0.0034955697811607234,-0.00023491811166023312
2025-07-21,IEF,0.0028503162824076167,-0.00029117462239669186
2025-07-22,IEF,-0.00357899880811674,-0.0002564329349992011
2025-07-23,IEF,-0.0014791124216200213,0.00017154547998195693
2025-07-24,IEF,0.0023276182675744383,1.4806236154900045e-05
2025-07-25,IEF,-0.002216501424042172,-0.00023977552426915696
2025-07-28,IEF,0.0065587499564516705,5.7851384721347565e-05
2025-07-29,IEF,-0.003468267919328305,-0.0005226505656118841
2025-07-30,IEF,0.0008439726885067778,0.0001503261346319468
2025-07-31,IEF,0.011512608218844145,-0.0001353247413936298
2025-08-01,IEF,0.0013585563735014627,-0.0008156160901020207
2025-08-04,IEF,-0.0007304933167766592,-0.00011494448237209004
2025-08-05,IEF,-0.0007311929617315194,3.563286088120241e-05
2025-08-06,IEF,-0.0007316451183034811,4.338082417621307e-05
2025-08-07,IEF,-0.00230121079384471,1.9195096928532348e-05
2025-08-08,IEF,0.0003146461768410713,0.00012390802264579764
2025-08-11,IEF,-0.00020983664321205797,-4.0517007303329604e-05
2025-08-12,IEF,0.0035645636622143595,-9.904054929480593e-06
2025-08-13,IEF,-0.003238406931395099,-0.00025819152046529874
2025-08-14,IEF,-0.001991286666672254,0.00019949281897307418
2025-08-15,IEF,-0.0009450923885884199,0.00012313559897655953
2025-08-18,IEF,0.0025226860480960234,3.9547795536988654e-05
2025-08-19,IEF,0.0014677392069502027,-0.00021272263601088555
2025-08-20,IEF,-0.0029312592195874787,-0.0001567997200893422
2025-08-21,IEF,0.005564728072430691,0.00015035506869642745
2025-08-22,IEF,-0.0019836785314819583,-0.00042092145040895307
2025-08-25,IEF,0.002615596854647295,8.951708780428197e-05
2025-08-26,IEF,0.0018782671721493394,-0.00021630823725190884
2025-08-27,IEF,0.002291466210515125,-0.000198881704890026
2025-08-28,IEF,-0.0008314527938166894,-0.00020438063056581695
2025-08-29,IEF,-0.0029840439493777904,7.656006626435114e-06
2025-09-02,IEF,0.003453509177720804,7.026082336516291e-05
2025-09-03,IEF,0.004484809469781359,-0.0003734697077625074
2025-09-04,IEF,0.004880082222299631,-0.00041138011947640645
2025-09-05,IEF,0.003099719694991343,-0.00041652413194437484
2025-09-08,IEF,-0.002369197742900009,-0.00028926073391372315
2025-09-09,IEF,0.00268458029758456,9.43624640170692e-05
2025-09-10,IEF,0.0015447967036308352,-0.0002482711064542458
2025-09-11,IEF,-0.0028789235897276333,-0.00015905416644444584
2025-09-12,IEF,0.0016497092839664607,0.00013617856035959391
2025-09-15,IEF,0.0006178254772384317,-0.00016888694744700918
2025-09-16,IEF,-0.002160647481996847,-9.758719507048776e-05
2025-09-17,IEF,-0.0032992417121932016,0.00010470092836123519
2025-09-18,IEF,-0.0004137499042474735,0.00017936399714745376
2025-09-19,IEF,-0.0016559300156716583,-2.2604961054890145e-05
2025-09-22,IEF,0.0027987864716143562,7.70532356033165e-05
2025-09-23,IEF,-0.002687551216689066,-0.00025177200285160474
2025-09-24,IEF,-0.002176690092591138,0.00013380734359444676
2025-09-25,IEF,-0.0005193158231574513,9.601965997848658e-05
2025-09-26,IEF,0.002910041046116696,-2.7185300585590914e-05
2025-09-29,IEF,-0.00041447879843914404,-0.0002706320929721517
2025-09-30,IEF,0.0033691492861187555,-4.374249637407578e-05
2025-10-01,IEF,0.001036289568913773,-0.0002974914699040783
2025-10-02,IEF,-0.0019670016186936756,-0.00015951984283414948
2025-10-03,IEF,-0.0029044996082601138,1.7108646589568318e-05
2025-10-06,IEF,0.002496881664399986,5.5631903245228906e-05
2025-10-07,IEF,0.00020743939654344068,-0.00031813360186223275
2025-10-08,IEF,-0.0007261734306196477,-0.0001532839685247368
2025-10-09,IEF,0.0062297668175317344,-0.00010675404618541067
2025-10-10,IEF,0.0005159398670702142,-0.0005760023158669892
2025-10-13,IEF,0.0025783690519654012,-0.00018051084376250376
2025-10-14,IEF,-0.0011315485810903247,-0.0003182785450525239
2025-10-15,IEF,0.004634534994244488,-6.781017632742485e-05
2025-10-16,IEF,-0.0016403208951955017,-0.00043576592713676175
2025-10-17,IEF,0.0013349454181987852,8.480561417542934e-06
2025-10-20,IEF,0.0018455550828266887,-0.00018858971877383659
2025-10-21,IEF,0.00020491689253088197,-0.00021761892864209225
2025-10-22,IEF,-0.00327477345640359,-0.00012003360529375654
2025-10-23,IEF,0.0009241167784628246,0.0001329041333922621
2025-10-24,IEF,0.0,-0.00015245285997491167
2025-10-27,IEF,0.0009231019393225459,-8.2090265634353e-05
2025-10-28,IEF,-0.006456238716116225,-0.00016470354954469766
2025-10-29,IEF,-0.0014440518295061322,0.0003631366821222487
2025-10-30,IEF,0.00041311313545944195,2.133227699728743e-05
2025-10-31,IEF,-0.00047631571946815665,-0.00010580505074859358
2025-11-03,IEF,0.0012435689117376025,-3.832634318832865e-05
2025-11-04,IEF,-0.004760890189812073,-0.0001500635728046546
2025-11-05,IEF,0.00509575823948194,0.0002582376044425171
2025-11-06,IEF,0.0004136357755779585,-0.0004107022925702937
2025-11-07,IEF,-0.0013444509050005715,-8.917317310158348e-05
2025-11-10,IEF,0.0031069498572928733,-1.6929773122470503e-06
2025-11-11,IEF,0.0002064506000851729,-0.000302718802484213
2025-11-12,IEF,-0.0028901982473321652,-0.00011953405310866804
2025-11-13,IEF,-0.001656294129087188,9.609837171967352e-05
2025-11-14,IEF,0.0011405862784499288,-1.3500784911101233e-05
2025-11-17,IEF,0.0016570705173393208,-0.00019560317423928834
2025-11-18,IEF,-0.0007237791667898952,-0.00023506549732699752
2025-11-19,IEF,0.002379993361635746,-8.128924194518824e-05
2025-11-20,IEF,0.0033034364885289325,-0.0002888893976541523
2025-11-21,IEF,0.0015432838303177654,-0.00034462787359789836
2025-11-24,IEF,0.0025683107728655674,-0.00022803835353301072
2025-11-25,IEF,0.000819866738456243,-0.00028737420057263745
2025-11-26,IEF,-0.001740679032087411,-0.00016838313372758963
2025-11-28,IEF,-0.00536961852967488,1.6328501221508468e-05
2025-12-01,IEF,0.0008272405267837346,0.0002833989452824529
2025-12-02,IEF,0.0020668774572545345,-0.00013722759702411707
2025-12-03,IEF,-0.0030938002939392417,-0.0002188985893808631
2025-12-04,IEF,-0.0020688533915335094,0.00014075734657702696
2025-12-05,IEF,-0.002073142419258933,9.149960445357263e-05
2025-12-08,IEF,-0.0014543527723439587,6.23995257916729e-05
2025-12-09,IEF,0.0032248625358251015,2.261113226070802e-05
2025-12-10,IEF,0.00010361222588528562,-0.0002904764155392942
2025-12-11,IEF,-0.002695587396505106,-9.867711532672775e-05
2025-12-12,IEF,0.0008317034003690882,9.949892380460809e-05
2025-12-15,IEF,0.0028046663257261795,-0.0001310302435872018
2025-12-16,IEF,-0.00020725312948166597,-0.0002639469001680943
2025-12-17,IEF,0.002590024717320505,-6.710920975445782e-05
2025-12-18,IEF,-0.0022496845586181813,-0.00026598243998043045
2025-12-19,IEF,-0.0010390536898207126,6.75033291597024e-05
2025-12-22,IEF,-0.00041610249257972853,-2.36946977902661e-05
2025-12-23,IEF,0.0026016216314563856,-8.66326044365594e-05
2025-12-24,IEF,0.0009340886624318312,-0.00030272688071237533
2025-12-26,IEF,0.0014515449151735194,-0.00020212300018590518
2025-12-29,IEF,-0.0010353149903425951,-0.0002397223695392856
2025-12-30,IEF,-0.0033166842445403466,-6.266012766298693e-05
2025-12-31,IEF,-0.0008318694309171759,0.000114467201461057
2026-01-02,IEF,0.0030181185414601686,-5.519943674851498e-05
2026-01-05,IEF,-0.0007262187065224524,-0.00032714938822441626
2026-01-06,IEF,0.001869066156706678,-6.524238650474333e-05
2026-01-07,IEF,-0.003005848755638696,-0.0002355810208816548
2026-01-08,IEF,0.0011437073011679733,0.00011040742359600306
2026-01-09,IEF,-0.0012463142905382307,-0.0001673444251125998
2026-01-12,IEF,0.001247869528163914,-1.2816411315497687e-05
2026-01-13,IEF,0.0020766501120961234,-0.00018152830114796234
2026-01-14,IEF,-0.0020723465733523128,-0.00022964831474064397
2026-01-15,IEF,-0.0038422079864787184,5.2959040557776287e-05
2026-01-16,IEF,-0.0039611791102764915,0.00017277895668871054
2026-01-20,IEF,0.0026163513339863,0.00018787820982897285
2026-01-21,IEF,-0.0001042929589215591,-0.00027276891783604464
2026-01-22,IEF,0.0016700837038290395,-7.644397684689508e-05
2026-01-23,IEF,0.001459039311896504,-0.00019282500072838267
2026-01-26,IEF,-0.0011444103175642928,-0.00018157994130434948
2026-01-27,IEF,-0.0008336734117955213,-1.409722479863817e-05
2026-01-28,IEF,0.0010426560266372231,-4.134203556676035e-05
2026-01-29,IEF,-0.0006248607072870671,-0.00017407147454629124
2026-01-30,IEF,-0.0019659824184350416,-6.318903041769642e-05
2026-02-02,IEF,0.000942944635038856,3.411393488383569e-05
2026-02-03,IEF,-0.00020922821015245674,-0.00016150187027809794
2026-02-04,IEF,0.005863200142718572,-9.967991265694598e-05
2026-02-05,IEF,0.0,-0.0004991453624674368
2026-02-06,IEF,0.00020805214439501007,-0.00011304012465915031
2026-02-09,IEF,0.004370939161252307,-0.00011271499392859755
2026-02-10,IEF,-0.0027976322629565953,-0.00039797718850362253
2026-02-11,IEF,0.00613045652223998,9.95286609273255e-05
2026-02-12,IEF,0.003924536221670216,-0.0005026122944744983
2026-02-13,IEF,-0.0001028461573551187,-0.0003428318033965841
2026-02-17,IEF,-0.0020576950245755343,-6.420126262532834e-05
2026-02-18,IEF,0.0009277797981581681,8.068518755089771e-05
2026-02-19,IEF,0.0,-0.00011545355699802871
2026-02-20,IEF,0.0036049464038081513,-6.247644904730694e-05
2026-02-23,IEF,-0.00020512696033359035,-0.00029810161041315497
2026-02-24,IEF,-0.0008213150912578238,-4.4330921857085436e-05
2026-02-25,IEF,0.0026711484475625547,-2.2943997705378695e-06
2026-02-26,IEF,0.003995849341987379,-0.00023076468811655056
2026-02-27,IEF,-0.006007712961772715,-0.0003003399007314386
2026-03-02,IEF,-0.0011327601981567792,0.00039856599641623037
2026-03-03,IEF,-0.00206160883699269,6.859489287011809e-05
2026-03-04,IEF,-0.0030987216380905513,0.00013711506963416418
2026-03-05,IEF,-0.0006217671724295659,0.00021033096194342766
2026-03-06,IEF,0.0031104483023802754,4.345298578657439e-05
2026-03-09,IEF,-0.00320424103885375,-0.00024894593075982466
2026-03-10,IEF,-0.004562346260329808,0.0001847044826504916
2026-03-11,IEF,-0.0032291934604467,0.0002855716031350761
2026-03-12,IEF,-0.0010451048984214673,0.00017456761228441535
2026-03-13,IEF,0.00449846596540282,3.876746424973736e-05
2026-03-16,IEF,0.0017704348767511036,-0.0003714343523880954
2026-03-17,IEF,-0.004574284355200575,-0.00021030051030947677
2026-03-18,IEF,-0.00010435587752477549,0.00023262178535242756
2026-03-19,IEF,-0.008982753796604515,-6.074196048912081e-05
2026-03-20,IEF,0.0031619177258721543,0.000568380483476902
2026-03-23,IEF,-0.0033619946748312257,-0.00025550288049807344
2026-03-24,IEF,0.005270837206042378,0.00017254061536909297
2026-03-25,IEF,-0.00807469247140602,-0.0004123496502064848
2026-03-26,IEF,0.00010571766052502873,0.0005200630134155773
2026-03-27,IEF,0.007082416533904734,-4.766073297224121e-05
2026-03-30,IEF,0.0017843725833144308,-0.000534550575245056
2026-03-31,IEF,-0.0008724299771915023,-0.00015471834094514785
2026-04-01,IEF,0.0023148165097273132,3.067654805334518e-05
2026-04-02,IEF,-0.00262440199543168,-0.00018384200226948373
2026-04-06,IEF,0.002526081342260733,0.00016564795606983414
2026-04-07,IEF,0.002204751792111548,-0.0001792296832935604
2026-04-08,IEF,-0.00031427165074515706,-0.00017231291408343767
2026-04-09,IEF,-0.0016766964073533508,1.1693720750915668e-05
2026-04-10,IEF,0.0022042890628064526,0.00011713445293249313
2026-04-13,IEF,0.0032467666559257147,-0.00013602154666348299
2026-04-14,IEF,-0.002192322898489918,-0.00020757653396065082
2026-04-15,IEF,-0.0017785830001892933,0.00014513881984510422
2026-04-16,IEF,0.005450122127728996,0.00011238409760404644
2026-04-17,IEF,-0.0009381151872294158,-0.00036662880054474847
2026-04-20,IEF,-0.004382358168552147,6.445271374272592e-05
2026-04-21,IEF,0.0010479843621580276,0.00032001825089938995
2026-04-22,IEF,-0.001570371334538967,-6.333771274813531e-05
2026-04-23,IEF,0.001992319670099052,0.00012651116772186233
2026-04-24,IEF,-0.002302301006397167,-0.00014318636481317208
2026-04-27,IEF,-0.0009439206208089468,0.00016775066253790386
2026-04-28,IEF,-0.00472446812595384,7.44769095352203e-05
2026-04-29,IEF,0.0018987578714240172,0.0002991753845924462
2026-04-30,IEF,0.0007605873919633854,-0.0001601622990053922
2026-05-01,IEF,-0.0036943791196319964,-7.785215780591688e-05
2026-05-04,IEF,0.001483280254647168,0.0002204888368150707
2026-05-05,IEF,0.004971864959305128,-0.00012357531433133278
2026-05-06,IEF,-0.0030525660488850415,-0.0003694260180577421
2026-05-07,IEF,0.0026396781545559023,0.00017839587172249438
2026-05-08,IEF,-0.0033697952177020873,-0.00020632161925742597
2026-05-11,IEF,-0.0033812705639399976,0.00021360759632367747
2026-05-12,IEF,0.0,0.00021392018754844727
2026-05-13,IEF,-0.0006361749365049185,-3.6122476201692205e-05
2026-05-14,IEF,-0.007956594832174813,2.0825536269494094e-05
2026-05-15,IEF,-0.0004278178348198214,0.0005528798658446701
2026-05-18,IEF,-0.003851596218420794,7.831211961138664e-06
2026-05-19,IEF,0.006766230494156478,0.0002487949639761546
2026-05-20,IEF,0.000640111178416003,-0.0004493976246740881
2026-05-21,IEF,0.0008528260502700391,-3.729111729886621e-05
2026-05-22,IEF,0.0042608251506894845,-4.187698170933561e-05
2026-05-26,IEF,0.0004242420576410222,-0.00028227259369044324
2026-05-27,IEF,0.0023324235470680854,-1.4798458155431619e-05
2026-05-28,IEF,0.001163579520805147,-0.0001391881594308077
2026-05-29,IEF,-0.0017279518811569305,-6.857017352111978e-05
2026-06-01,IEF,0.000743370713934377,0.00011093455283834542
2026-06-02,IEF,-0.0025467248663432196,-7.028166216855409e-05
2026-06-03,IEF,0.0012766544723721296,0.00016635052419511869
2026-06-04,IEF,-0.005312366445155536,-0.00010506467179094252
2026-06-05,IEF,-0.0010682789493666744,0.0003269006622574794
2026-06-08,IEF,0.0027801999434446945,3.996939945242488e-05
2026-06-09,IEF,-0.0009595732667277979,-0.0002457224049149786
2026-06-10,IEF,0.006937682111593624,1.7004934585953835e-05
2026-06-11,IEF,-0.001695908399126811,-0.0005063731534938744
2026-06-12,IEF,0.001061763757686185,8.224460987798566e-05
2026-06-15,IEF,0.0025455628540413944,-9.932880452545524e-05
2026-06-16,IEF,-0.0052898852570197885,-0.00018587715040126212
2026-06-17,IEF,0.003616254798179286,0.000358823992968935
2026-06-18,IEF,-0.0038151885856589907,-0.00024009328226667122
2026-06-22,IEF,0.0012766544723721296,0.0002272235484385352
2026-06-23,IEF,0.006481140923664697,-0.0001209763455371472
2026-06-24,IEF,0.0006333270630358712,-0.00047712234241949897
2026-06-25,IEF,0.0025318669151699336,-9.38745747372744e-05
2026-06-26,IEF,0.0003156234751766629,-0.00023464781393476263
2026-06-29,IEF,-0.005154553377349935,-9.506378712936738e-05
2026-06-30,IEF,-0.0024294924941002938,0.00029292007353849865
2026-07-01,IEF,0.0009572128229229371,0.00011828406910242321
2026-07-02,IEF,0.0006374502899395562,-0.00011688381899050966
2026-07-06,IEF,-0.005096678794377918,-8.355038621667008e-05
2026-07-07,IEF,-0.002027708972371145,0.00031089767550480327
2026-07-08,IEF,0.002138750059252903,0.00011978886308541088
2026-07-09,IEF,-0.0008537069056721025,-0.0001585703935786423
2026-07-10,IEF,-0.003631231815121261,3.248011457157658e-05
2026-07-13,IEF,0.002786997469364838,0.00023140706215259222
2026-07-14,IEF,0.002458543633482524,-0.00024553245268994273
2026-07-15,IEF,-0.0006397614213170533,-0.00021332194074520405
2026-07-16,IEF,0.0012803419560234452,-8.84022003865806e-06
2026-07-17,IEF,-0.00319684352288796,-0.00015517762376737244
2026-07-20,IEF,-0.0024588882623358677,0.00017154679069809406
2026-07-21,IEF,-0.0022505666413367154,0.00010018910128286508
2026-07-22,IEF,-0.0026852933400929313,9.730866188571607e-05
2026-07-23,IEF,0.001938590575722543,0.00012506107583672602
2026-07-24,IEF,0.0026873139541592206,-0.00023370658123888512
2026-07-27,IEF,0.0030017480309310063,-0.000284755180185531
2026-07-28,IEF,-0.004168432049966975,-0.00032073516373746147
2026-07-29,IEF,0.0004293274086972776,0.0001739180675431297
2026-07-30,IEF,-0.002789471643862229,-0.00013093684199487135
2026-07-31,IEF,0.002029574529786915,0.00010271866168658499
2026-08-03,IEF,0.004632625582735805,-0.0002288341990816395
2026-08-04,IEF,0.0006434054540886969,-0.000407923937865904
2026-08-05,IEF,-0.0038581140260506297,-0.00012289706149079576
2026-08-06,IEF,0.0023668771159361945,0.000204396809478803
2026-08-07,IEF,-0.004400515624905288,-0.00023575120904788206
2026-08-10,IEF,0.0011858625249923094,0.00024130642471486568
2026-08-11,IEF,0.0009690571253258007,-0.0001331262813705923
2026-08-12,IEF,0.0036575298045795623,-0.00013792465259434688
2026-08-13,IEF,-0.002786732344330356,-0.00033055668359784096
2026-08-14,IEF,-0.0021496622492330753,0.00011297720264809259
2026-08-17,IEF,0.0009694525079211314,5.66395252517425e-05
2026-08-18,IEF,0.004842321605126543,-0.0001469579657359907
2026-08-19,IEF,-0.004069364581225088,-0.0004033875856383777
2026-08-20,IEF,-0.0019354871524277506,0.00022741099432616358
2026-08-21,IEF,0.0020469989445266457,9.386989708325312e-05
2026-08-24,IEF,0.005375765923192333,-0.0001874915260818688
2026-08-25,IEF,-0.0020318943114712162,-0.0004190745571804105
2024-08-13,SPY,0.003154779942889041,-0.00047502977464526164
2024-08-14,SPY,0.017140277998652476,0.0004144783960255841
2024-08-15,SPY,0.002242106366691976,-0.00047855377641899707
2024-08-16,SPY,0.009561429028253743,0.0005571607272258408
2024-08-19,SPY,-0.0016262834922735614,8.279999905792294e-05
2024-08-20,SPY,0.00343645955089511,0.0008035203778390564
2024-08-21,SPY,-0.007848402853028458,0.0004643782935447034
2024-08-22,SPY,0.010625385922989672,0.0012873180580912423
2024-08-23,SPY,-0.0023838078459922363,3.48197552895608e-05
2024-08-26,SPY,0.0013731820935272143,0.0008817082561261055
2024-08-27,SPY,-0.005805295784476527,0.0006219638406938493
2024-08-28,SPY,8.941710010823556e-05,0.0011301208079490493
2024-08-29,SPY,0.009546072545585815,0.0006362877311807025
2024-08-30,SPY,-0.020579026837119763,3.5389825977081175e-05
2024-09-03,SPY,-0.00204683084696089,0.0021904220305573566
2024-09-04,SPY,-0.002432293987318923,0.0009751229452419853
2024-09-05,SPY,-0.01683009220076248,0.0009736974040059631
2024-09-06,SPY,0.011196137881657853,0.0020148275900309506
2024-09-09,SPY,0.004355801507269996,-2.999996307158099e-05
2024-09-10,SPY,0.010258963429025103,0.0004192198509724032
2024-09-11,SPY,0.008423348039961365,1.2692924542423759e-05
2024-09-12,SPY,0.005222670911050553,5.760224730567024e-05
2024-09-13,SPY,0.0014769268670506985,0.0002631381953724669
2024-09-16,SPY,0.0004085115150294083,0.00042552052007675107
2024-09-17,SPY,-0.0029659362844671744,0.0004950030600645546
2024-09-18,SPY,0.01706449392421927,0.0006820546830003478
2024-09-19,SPY,-0.001728493464093095,-0.0006253434838467214
2024-09-20,SPY,0.0024986851621617845,0.000640762385881053
2024-09-23,SPY,0.0028612688100160266,0.00037500089094961737
2024-09-24,SPY,-0.0022053562014971995,0.00031325302998425986
2024-09-25,SPY,0.003964690509809632,0.0006723713266006174
2024-09-26,SPY,-0.0014503989358952696,0.0002491792144843352
2024-09-27,SPY,0.004007415779251344,0.0006345418012748239
2024-09-30,SPY,-0.00895849502407764,0.0002731668222954486
2024-10-01,SPY,0.00042185458712906687,0.0011391878808896245
2024-10-02,SPY,-0.0018281781869303737,0.0005338941456612971
2024-10-03,SPY,0.009087315965643716,0.0007086230733730001
2024-10-04,SPY,-0.009040376434491182,-3.108452127585399e-05
2024-10-07,SPY,0.009457552416897164,0.0012509824310827414
2024-10-08,SPY,0.006926592378890151,-5.688734435400249e-05
2024-10-09,SPY,-0.0017501446222122352,0.0001146737828934139
2024-10-10,SPY,0.005988342474201325,0.0006615761013003441
2024-10-11,SPY,0.008178239537643961,0.00011792504191844949
2024-10-14,SPY,-0.007769603150609483,-8.031411453797714e-06
2024-10-15,SPY,0.004346199138516971,0.0010771931213245207
2024-10-16,SPY,8.611138834346832e-05,0.00024098742318356603
2024-10-17,SPY,0.003846440996529976,0.0005342472635999709
2024-10-18,SPY,-0.0016422800212634314,0.00018698281679623737
2024-10-21,SPY,-0.0005310730001248931,0.0005634773351677377
2024-10-22,SPY,-0.009137365781024864,0.0004464108495020254
2024-10-23,SPY,0.0021628023642212835,0.001038875589435348
2024-10-24,SPY,-0.00034540479355615883,0.0002891045155834703
2024-10-25,SPY,0.003091322288178766,0.000439283243537962
2024-10-28,SPY,0.0016183796278272933,0.00020098287903981898
2024-10-29,SPY,-0.003025102116200995,0.0003080799796032211
2024-10-30,SPY,-0.019603191547399645,0.0006356892285422125
2024-10-31,SPY,0.004220478802908323,0.001813812427261688
2024-11-01,SPY,-0.002154001685066964,0.00015474519290095768
2024-11-04,SPY,0.012091814888343544,0.0005513435573412915
2024-11-05,SPY,0.024865487816271736,-0.0003955219202956186
2024-11-06,SPY,0.0077320627936199315,-0.0011946532165021803
2024-11-07,SPY,0.004331921709576969,-2.5180885327115627e-05
2024-11-08,SPY,0.0009528857307679051,0.00022802464425599554
2024-11-11,SPY,-0.00310644007127725,0.0004546042769468671
2024-11-12,SPY,0.0004857686989643284,0.0006993664971899636
2024-11-13,SPY,-0.006430207131126742,0.0004914511534363399
2024-11-14,SPY,-0.012808537191168923,0.0009594199053259969
2024-11-15,SPY,0.004097410127560819,0.0014338287194964653
2024-11-18,SPY,0.0036554745910837294,0.00026018752995015423
2024-11-19,SPY,0.00033872221739161823,0.0002973483693702026
2024-11-20,SPY,0.005368458783025609,0.0005175439539746329
2024-11-21,SPY,0.003099499050194021,0.00021431303164221404
2024-11-22,SPY,0.0033920001138023625,0.00035233049673460254
2024-11-25,SPY,0.005221380682413512,0.0003324398983713306
2024-11-26,SPY,-0.0030300883971953185,0.00020172505759472723
2024-11-27,SPY,0.006212050385417278,0.0007654414518914974
2024-11-29,SPY,0.0017925343116806935,0.00016292800924155873
2024-12-02,SPY,0.00046384223378992395,0.00047371682926171225
2024-12-03,SPY,0.006209406835690379,0.0005456413180291511
2024-12-04,SPY,-0.0016454321319724352,0.00017460804920923354
2024-12-05,SPY,0.0018954888576756534,0.0006316113735523388
2024-12-06,SPY,-0.005149673070058869,0.00021966251591622624
2024-12-09,SPY,-0.0031090940537520373,0.000675729967049202
2024-12-10,SPY,0.007730637008498853,0.0005327228449172207
2024-12-11,SPY,-0.005152640171807943,-0.0002012385512686296
2024-12-12,SPY,-0.0001985151151840947,0.0007030856362699083
2024-12-13,SPY,0.00426995333865432,0.0003650436342021346
2024-12-16,SPY,-0.004120094133105434,7.234666272613034e-05
2024-12-17,SPY,-0.029803361147563545,0.0006609993137202137
2024-12-18,SPY,-0.00030704650479618234,0.0025828223882913034
2024-12-19,SPY,0.012011012432826318,0.0005542379759206043
2024-12-20,SPY,0.005988208201289202,-0.0002757278928484457
2024-12-23,SPY,0.011115097673623398,0.00011095246439708591
2024-12-24,SPY,6.659178790080489e-05,-0.00025171839983743763
2024-12-26,SPY,-0.010526479880708539,0.0004909077048665605
2024-12-27,SPY,-0.011411688320766777,0.0012108633957300821
2024-12-30,SPY,-0.0036382410767158424,0.0013082040159196145
2024-12-31,SPY,-0.0024568067444079578,0.0007399147356120554
2025-01-02,SPY,0.01250340323286947,0.0006523823977018846
2025-01-03,SPY,0.00576050990496646,-0.00036702699252466955
2025-01-06,SPY,-0.01130414970707061,7.232570456274404e-05
2025-01-07,SPY,0.0014611171355269903,0.0012523004710924667
2025-01-08,SPY,-0.015267533310024395,0.00037931259731079417
2025-01-10,SPY,0.001550691849189434,0.0015811029744947267
2025-01-13,SPY,0.001375843351398398,0.0004411787914726548
2025-01-14,SPY,0.01819002884394938,0.00042043318030756516
2025-01-15,SPY,-0.0019231016950377322,-0.0006835819175899276
2025-01-16,SPY,0.010039690359374687,0.0006877904835000995
2025-01-17,SPY,0.009153585280629262,-0.00013791529662856878
2025-01-21,SPY,0.005621538331987974,-6.034157367026092e-05
2025-01-22,SPY,0.005457956171128542,0.00021904321929235333
2025-01-23,SPY,-0.0029191634446454895,0.00024990551700068177
2025-01-24,SPY,-0.014145356222404648,0.000774808056326933
2025-01-27,SPY,0.008592315317060173,0.0015398063035971985
2025-01-28,SPY,-0.004482967158625062,-6.932434492880725e-05
2025-01-29,SPY,0.0053671859760371365,0.0008273430275225906
2025-01-30,SPY,-0.00532180847707342,0.00018973483624436425
2025-01-31,SPY,-0.006729655168999038,0.0009522814830517556
2025-02-03,SPY,0.00670816138345165,0.001075126207451236
2025-02-04,SPY,0.004054526641777523,0.0001517338580675073
2025-02-05,SPY,0.0034757322910417,0.00028432216390367757
2025-02-06,SPY,-0.009153513013858694,0.00028911959421318165
2025-02-07,SPY,0.006791224284519393,0.0012150873707351296
2025-02-10,SPY,0.0007604384781254581,0.0001373121367357625
2025-02-11,SPY,-0.003221485072722685,0.0005846957482670023
2025-02-12,SPY,0.01055750138825129,0.0008596534108871094
2025-02-13,SPY,-4.8973341600810905e-05,-9.030844420954566e-05
2025-02-14,SPY,0.0029356934277509072,0.0005201694386780696
2025-02-18,SPY,0.0023549188372289365,0.00032608975463889586
2025-02-19,SPY,-0.004160346116164559,0.0003145191124549253
2025-02-20,SPY,-0.01710400613660845,0.0007006498675594908
2025-02-21,SPY,-0.004550509873166075,0.0016161474661923404
2025-02-24,SPY,-0.004973182941032439,0.0007423174964435774
2025-02-25,SPY,0.0005047975617609168,0.0007920647559857043
2025-02-26,SPY,-0.01596180677302861,0.0004518260951733382
2025-02-27,SPY,0.0156054888944539,0.0015763218785988416
2025-02-28,SPY,-0.017520082146542326,-0.0005358915958065939
2025-03-03,SPY,-0.011836762907428078,0.0017490644262059493
2025-03-04,SPY,0.010747839611165988,0.001397359250100426
2025-03-05,SPY,-0.01775115672124894,-0.00010963694782887082
2025-03-06,SPY,0.005604994241949157,0.00184976451990447
2025-03-07,SPY,-0.02663561657302338,0.000240933627444771
2025-03-10,SPY,-0.008312890256780947,0.0024999851460656333
2025-03-11,SPY,0.005306599625433561,0.0012952501697344417
2025-03-12,SPY,-0.013330657012063596,0.0003327032720336845
2025-03-13,SPY,0.020655906135268243,0.001609168581291931
2025-03-14,SPY,0.0077114470939534385,-0.0006722426557660118
2025-03-17,SPY,-0.010808596175216012,0.00016451788717648116
2025-03-18,SPY,0.010890956650734918,0.0014318055757509053
2025-03-19,SPY,-0.0028918080871890295,-5.571795557907772e-05
2025-03-20,SPY,0.0003298919546212975,0.0008793393915886425
2025-03-21,SPY,0.01790848775160092,0.0006729264046817151
2025-03-24,SPY,0.002403713718828193,-0.0004974921747467748
2025-03-25,SPY,-0.011938122033753884,0.0005763369920103838
2025-03-26,SPY,-0.0026556270261320902,0.0016005847588195996
2025-03-27,SPY,-0.020138428433983946,0.0009723202236253069
2025-03-28,SPY,0.006712800625198856,0.002260850952030601
2025-03-31,SPY,0.0028243320979046693,0.0003486577107809901
2025-04-01,SPY,0.006328409324741324,0.0006538673672001171
2025-04-02,SPY,-0.0492808064931346,0.0004397362423215382
2025-04-03,SPY,-0.05854288397358964,0.004353964041641505
2025-04-04,SPY,-0.0017811884523963872,0.0052225876184726515
2025-04-07,SPY,-0.015662815673295305,0.001340383988579481
2025-04-08,SPY,0.10501957153372676,0.0023758580209281557
2025-04-09,SPY,-0.0438192832644565,-0.005449594662421024
2025-04-10,SPY,0.01784277787885369,0.004749073649424183
2025-04-11,SPY,0.009701624027727895,0.000577164396282011
2025-04-14,SPY,-0.0028009069165995104,0.0010409367718783465
2025-04-15,SPY,-0.022228078391931083,0.001862340289211545
2025-04-16,SPY,0.0014267172797870487,0.0032634383963941137
2025-04-17,SPY,-0.023802651133915886,0.0016055827804103058
2025-04-21,SPY,0.02601794197538787,0.003368325002072001
2025-04-22,SPY,0.01549536109982208,-1.0429332770447108e-05
2025-04-23,SPY,0.021048912949868326,0.0006341721200013023
2025-04-24,SPY,0.007225311311978455,0.0002548986942774921
2025-04-25,SPY,0.0003813851666460977,0.001235792673807815
2025-04-28,SPY,0.006299276475910887,0.001701950464684548
2025-04-29,SPY,0.00039694175083582195,0.0013730294480585378
2025-04-30,SPY,0.0070868680708551235,0.0017433025089531851
2025-05-01,SPY,0.014844136511218409,0.001277758235235423
2025-05-02,SPY,-0.005734215590911473,0.000714819558086068
2025-05-05,SPY,-0.008358325676825262,0.0022492779807263543
2025-05-06,SPY,0.004205305572209772,0.0025875504782881093
2025-05-07,SPY,0.006967983937040012,0.001739349192244474
2025-05-08,SPY,-0.00127433074633454,0.0016106594409598498
2025-05-09,SPY,0.03304754271395138,0.0013023145659183319
2025-05-12,SPY,0.006603966987809073,-0.0009416698465321496
2025-05-13,SPY,0.0012779770394448775,0.0007684414354264838
2025-05-14,SPY,0.004884285134641564,0.0010827293303390724
2025-05-15,SPY,0.006334148752651592,0.0008544647566533603
2025-05-16,SPY,0.001093715365680037,0.0008007361011578436
2025-05-19,SPY,-0.0033622577257844677,0.0011544833201604864
2025-05-20,SPY,-0.016850568304607516,0.0014894405663125445
2025-05-21,SPY,0.0003946018551170827,0.00223725373936378
2025-05-22,SPY,-0.0068258512570531504,0.0009464032610571533
2025-05-23,SPY,0.02079068471986001,0.0013240866177394298
2025-05-27,SPY,-0.005785451740996206,-0.0005797625030133972
2025-05-28,SPY,0.003947442276660329,0.0012389751802836012
2025-05-29,SPY,-0.0011185059286688004,0.0005268961463304536
2025-05-30,SPY,0.005632921295571913,0.0008875759942684909
2025-06-02,SPY,0.005702557269405606,0.00037168328444327925
2025-06-03,SPY,-0.0002684085986693896,0.00028549396109145945
2025-06-04,SPY,-0.0048327557623635276,0.0007209266612521806
2025-06-05,SPY,0.010269029902033378,0.001044406085151447
2025-06-06,SPY,0.0009012286833693928,2.2015848389472537e-05
2025-06-09,SPY,0.005669614593777128,0.0006003449204094239
2025-06-10,SPY,-0.002851975015019881,0.00029016676587349994
2025-06-11,SPY,0.0039742753822695764,0.000647104822290818
2025-06-12,SPY,-0.011180162300879815,0.00013965161234780435
2025-06-13,SPY,0.009514448178697288,0.0012207166700359939
2025-06-16,SPY,-0.008545170520861345,-0.0002060254519637695
2025-06-17,SPY,-0.00015071307483049967,0.0010031266477369713
2025-06-18,SPY,-0.002348577608368929,0.00043888004054544016
2025-06-20,SPY,0.009877485739587577,0.0005987066748658374
2025-06-23,SPY,0.011047288866202987,-0.0002000563668042835
2025-06-24,SPY,0.000560282661534961,-0.00021430787853893085
2025-06-25,SPY,0.007823809728070064,0.0005245797152310796
2025-06-26,SPY,0.0049683222933454285,-9.039588955290633e-05
2025-06-27,SPY,0.004781279687299023,0.0001319857330148313
2025-06-30,SPY,-0.0003237141327537829,0.00011644238325199909
2025-07-01,SPY,0.004533365492089381,0.0004767073813008715
2025-07-02,SPY,0.007881299997254843,0.00014285216847196157
2025-07-03,SPY,-0.007451971921066947,-6.725912503563979e-05
2025-07-07,SPY,-0.0005477352950125081,0.0009381654646085731
2025-07-08,SPY,0.00599675555837198,0.0004056960905488512
2025-07-09,SPY,0.0028202579962521845,-0.00010376459877926944
2025-07-10,SPY,-0.003515605355253415,8.576811451792453e-05
2025-07-11,SPY,0.0019083822163517006,0.0006336086169487418
2025-07-14,SPY,-0.004273310535627517,0.00021379870006724678
2025-07-15,SPY,0.0033432733845384366,0.0006564761119695866
2025-07-16,SPY,0.006119538410830128,0.00016583922908485082
2025-07-17,SPY,-0.0007322363413652111,-6.386463959717509e-05
2025-07-18,SPY,0.0018960449732978724,0.0003841103271469727
2025-07-21,SPY,0.0001431954391026835,0.00021011084622123662
2025-07-22,SPY,0.008507476351847565,0.00030083576493767175
2025-07-23,SPY,0.00033102965109055305,-0.00025650676370240957
2025-07-24,SPY,0.004224338152491125,0.0002587807196644973
2025-07-25,SPY,-0.0002511658677887274,2.9374770625958778e-05
2025-07-28,SPY,-0.0026375650574512743,0.0003065156340721193
2025-07-29,SPY,-0.0012593696215839056,0.0004595292936123441
2025-07-30,SPY,-0.003751164153554032,0.0003503788096923811
2025-07-31,SPY,-0.01639041762130744,0.0005323180027909731
2025-08-01,SPY,0.015199664900845011,0.0014485196044874827
2025-08-04,SPY,-0.005069926839315064,-0.0007056213220422328
2025-08-05,SPY,0.007659857740445197,0.0007024609046033853
2025-08-06,SPY,-0.0008377338742812102,-0.00017653758500631172
2025-08-07,SPY,0.007797554830949682,0.00037931625737211915
2025-08-08,SPY,-0.0019774044951013092,-0.00021419976243077437
2025-08-11,SPY,0.010645980769615315,0.00046918565593005593
2025-08-12,SPY,0.0034232284065640606,-0.0003239802130172245
2025-08-13,SPY,9.29178689290655e-05,0.00020090002927751664
2025-08-14,SPY,-0.0023411979263346927,0.0004173448532373195
2025-08-15,SPY,-0.00021771255650937515,0.0005604328285695666
2025-08-18,SPY,-0.00542510102815319,0.0004259925156304184
2025-08-19,SPY,-0.002657177257710863,0.0007837700106385743
2025-08-20,SPY,-0.004011616774111215,0.0005934531215528041
2025-08-21,SPY,0.015356734450693521,0.0006309554933694227
2025-08-22,SPY,-0.0044010200352035955,-0.0006660040950128045
2025-08-25,SPY,0.004186968758527643,0.0006636287962162319
2025-08-26,SPY,0.002278452752666471,0.00010325414961212729
2025-08-27,SPY,0.0035415153417788225,0.00024240901844766298
2025-08-28,SPY,-0.0059638290232071345,0.00018500881441223252
2025-08-29,SPY,-0.0074102526816088865,0.0008488420721343409
2025-09-02,SPY,0.005419642546478309,0.0010050278333885215
2025-09-03,SPY,0.00835741674721624,5.02586643523097e-05
2025-09-04,SPY,-0.002896288899897903,-0.00013842723857353408
2025-09-05,SPY,0.0024566730815143156,0.0005990137116002291
2025-09-08,SPY,0.00231188440026342,0.00024444915605288854
2025-09-09,SPY,0.0028908050214451197,0.00023504808562259424
2025-09-10,SPY,0.008310100433307488,0.00022284200752749613
2025-09-11,SPY,-0.00033453660158855314,-0.00017409290003859388
2025-09-12,SPY,0.005323962798345239,0.000412042896130976
2025-09-15,SPY,-0.0013768848246955567,2.2215129246482592e-05
2025-09-16,SPY,-0.001242457061691904,0.0004965747036868899
2025-09-17,SPY,0.004672593154858351,0.0004848738149594207
2025-09-18,SPY,0.00495277480627232,9.737236469756848e-05
2025-09-19,SPY,0.004731049353107419,0.00010288072512405498
2025-09-22,SPY,-0.005443562937222368,0.00015705139936477995
2025-09-23,SPY,-0.0031816645261014687,0.0007732641396522289
2025-09-24,SPY,-0.004613374905433676,0.0006366850567214451
2025-09-25,SPY,0.0057290340826092745,0.0007406722069526544
2025-09-26,SPY,0.0028104467833012237,3.2431229613868936e-05
2025-09-29,SPY,0.003766834755358328,0.00022926811830175246
2025-09-30,SPY,0.0034074798459751143,0.00017236178051342486
2025-10-01,SPY,0.001151824796685963,0.00022092429490714967
2025-10-02,SPY,-1.4805406382656372e-05,0.00035997921349216065
2025-10-03,SPY,0.003586271966467658,0.0004112391633282748
2025-10-06,SPY,-0.0037075138893177817,0.0002156747520323055
2025-10-07,SPY,0.005963055269571305,0.0007207119935504838
2025-10-08,SPY,-0.002896974724933221,7.292259025207479e-05
2025-10-09,SPY,-0.027027862178845674,0.0006165827491438059
2025-10-10,SPY,0.015344118135168339,0.002389935892681281
2025-10-13,SPY,-0.0012216462876413203,-0.0004952575685220201
2025-10-14,SPY,0.004439529909605389,0.000610520835964757
2025-10-15,SPY,-0.006810134562330372,0.00023640518664446453
2025-10-16,SPY,0.005676205164253156,0.0010297554918307532
2025-10-17,SPY,0.010400500262923273,0.00015781960439712993
2025-10-20,SPY,-1.494287878323064e-05,-0.00017116918347316373
2025-10-21,SPY,-0.005198916065879078,0.0005146127804349263
2025-10-22,SPY,0.005929962705964353,0.0008866416070426781
2025-10-23,SPY,0.008172554694480416,0.00013204356805207961
2025-10-24,SPY,0.011797664492784632,1.551404405776636e-05
2025-10-27,SPY,0.002655926209922388,-0.00020843766681932974
2025-10-28,SPY,0.0004804602529762114,0.00040789288584168384
2025-10-29,SPY,-0.010998097614260183,0.0005374424611863705
2025-10-30,SPY,0.0032801312668069293,0.0013071663569630826
2025-10-31,SPY,0.0018767398754619968,0.0003374229411234293
2025-11-03,SPY,-0.01185354736001909,0.0004284534894766793
2025-11-04,SPY,0.0034653852011290454,0.0013875007519471303
2025-11-05,SPY,-0.010729363869237507,0.00035132902179766366
2025-11-06,SPY,0.000984565078659072,0.0013180949929422932
2025-11-07,SPY,0.01560437034633999,0.0005278087611277713
2025-11-10,SPY,0.002289177027853917,-0.00043237124941480497
2025-11-11,SPY,0.0005563903663643455,0.0003897207716015004
2025-11-12,SPY,-0.01659390636118807,0.0005111871971087434
2025-11-13,SPY,-0.0001637328001578009,0.0017054874440471488
2025-11-14,SPY,-0.009316529838549359,0.0006036393879778233
2025-11-17,SPY,-0.008397554120144202,0.0012131169147625055
2025-11-18,SPY,0.003863270235832328,0.001109117297868499
2025-11-19,SPY,-0.015242227316648038,0.00027540361368374745
2025-11-20,SPY,0.009961138168965045,0.0016474702043383655
2025-11-21,SPY,0.014718606876234608,-9.612356093959852e-05
2025-11-24,SPY,0.009405836039293458,-0.0004530564751855286
2025-11-25,SPY,0.006903582418005261,-0.00014503254538287397
2025-11-26,SPY,0.0054584342293309,1.5672288256714852e-05
2025-11-28,SPY,-0.004565560353440801,0.0001043303597544162
2025-12-01,SPY,0.001852367504067809,0.000815111360046955
2025-12-02,SPY,0.003462749080359595,0.00036568736540145395
2025-12-03,SPY,0.000731139787988333,0.0002557664532559133
2025-12-04,SPY,0.001899394752821859,0.00047300167970845664
2025-12-05,SPY,-0.0030042091058060105,0.00037523708247754297
2025-12-08,SPY,-0.000863028073573191,0.0007454421010606959
2025-12-09,SPY,0.00663214455678518,0.0005972045740674072
2025-12-10,SPY,0.0023270355362734474,8.750501257667937e-06
2025-12-11,SPY,-0.010752074615154483,0.0002987261835893081
2025-12-12,SPY,-0.001510898681416406,0.0012222289785256794
2025-12-15,SPY,-0.002732285145230273,0.0006216225667657097
2025-12-16,SPY,-0.011003593983400228,0.0007114855460606322
2025-12-17,SPY,0.00755126270975226,0.0013311454781277793
2025-12-18,SPY,0.009063506223587092,9.635606780030275e-05
2025-12-19,SPY,0.006229803850433591,-2.164245409017778e-05
2025-12-22,SPY,0.004570492347330646,0.0001841853442163699
2025-12-23,SPY,0.003517674396244841,0.00024640731215393717
2025-12-24,SPY,-0.00010140966545213459,0.0002367729594269484
2025-12-26,SPY,-0.0035636535074947684,0.00043943180538320186
2025-12-29,SPY,-0.0012212136133650242,0.0006490139963722934
2025-12-30,SPY,-0.0074088529688375315,0.0004691409593845762
2025-12-31,SPY,0.0018329931020035772,0.0009235057887842743
2026-01-02,SPY,0.0066602071082446646,0.00028225044579524783
2026-01-05,SPY,0.005947158299371091,-5.8113393518340246e-05
2026-01-06,SPY,-0.003223412281198157,1.7536444457254708e-07
2026-01-07,SPY,-0.00010152731427326422,0.0006157877827302448
2026-01-08,SPY,0.006613382996888628,0.0004185775414252893
2026-01-09,SPY,0.00157043300066384,-2.4180918609393687e-05
2026-01-12,SPY,-0.0019995067653818532,0.000261078640516077
2026-01-13,SPY,-0.004915252903138989,0.0005166489419377387
2026-01-14,SPY,0.0027232975079871657,0.0007440781951403131
2026-01-15,SPY,-0.000837905189162047,0.00022907564630556923
2026-01-16,SPY,-0.02035680001149731,0.0004745226935428155
2026-01-20,SPY,0.0115411092816613,0.001919793831170722
2026-01-21,SPY,0.005223257672714476,-0.0002733402429864328
2026-01-22,SPY,0.00036273518897367296,0.00010639033062229665
2026-01-23,SPY,0.00507823176187272,0.0004019569297776009
2026-01-26,SPY,0.003984165378470905,6.31693204383423e-05
2026-01-27,SPY,-0.0001006645803248718,0.00013178215891633367
2026-01-28,SPY,-0.001984377154833794,0.0004248508653740287
2026-01-29,SPY,-0.0029824841055743345,0.0005713560177672035
2026-01-30,SPY,0.00497122273706152,0.0006502159115860436
2026-02-02,SPY,-0.008455385901172563,0.00012240960958683088
2026-02-03,SPY,-0.004843853725993386,0.0010460275288299739
2026-02-04,SPY,-0.012489284060324235,0.0007791542893022598
2026-02-05,SPY,0.01918478647681998,0.001285239950502514
2026-02-06,SPY,0.004821726716577324,-0.0008284279925029186
2026-02-09,SPY,-0.002637057770699447,0.00013420954529220263
2026-02-10,SPY,-0.00023112214366449724,0.0006169107701225348
2026-02-11,SPY,-0.01544885969788623,0.0004590276782182219
2026-02-12,SPY,0.0007044991031190939,0.0015432312480912558
2026-02-13,SPY,0.0016134830190519533,0.0004594319603905947
2026-02-17,SPY,0.005037707550576753,0.00036754815630501893
2026-02-18,SPY,-0.002637344323549562,0.00013600550761868054
2026-02-19,SPY,0.00723184928909637,0.0006897554240790897
2026-02-20,SPY,-0.010211366038766267,-5.312859750275891e-05
2026-02-23,SPY,0.00726847527019836,0.0011397182322537432
2026-02-24,SPY,0.008438306300538434,-7.699849859591997e-05
2026-02-25,SPY,-0.005554445579207146,-0.00016614709627349445
2026-02-26,SPY,-0.004801940858611298,0.0007932605906100973
2026-02-27,SPY,0.0005685229860479257,0.0007581803263892016
2026-03-02,SPY,-0.008814250912485666,0.0004052361623182482
2026-03-03,SPY,0.007055355958297538,0.0010798308800395227
2026-03-04,SPY,-0.005575670491907769,-2.6527334874747654e-05
2026-03-05,SPY,-0.013107129910862048,0.0008685881970135099
2026-03-06,SPY,0.00875996152231262,0.0014273503799210343
2026-03-09,SPY,-0.0016070155764896787,-2.565080608611214e-05
2026-03-10,SPY,-0.0012551345486657706,0.0005633244826568932
2026-03-11,SPY,-0.015184966271003186,0.0005130470434504167
2026-03-12,SPY,-0.00566013575260893,0.0015072987750484102
2026-03-13,SPY,0.01017686501045656,0.0008683944564029228
2026-03-16,SPY,0.002630544991105488,-0.00016430679406135402
2026-03-17,SPY,-0.013953644515257158,0.0003330391968870385
2026-03-18,SPY,-0.002464381043311259,0.0014863173024970947
2026-03-19,SPY,-0.014335696266852715,0.0006781013857811928
2026-03-20,SPY,0.010499991225476402,0.001512777914914584
2026-03-23,SPY,-0.0033568144771775055,-0.00020277124615507904
2026-03-24,SPY,0.0055726882440485515,0.0007845191591163207
2026-03-25,SPY,-0.017858729983344035,0.0001489295433204099
2026-03-26,SPY,-0.01705189415742525,0.00174751004384531
2026-03-27,SPY,-0.0033433906874337227,0.0017507186798958242
2026-03-30,SPY,0.029067865784757174,0.0008339323933135112
2026-03-31,SPY,0.00753449141030349,-0.0013149178689650124
2026-04-01,SPY,0.0009004595313388819,0.00018204742277015112
2026-04-02,SPY,0.004726845083763864,0.0005921334615687358
2026-04-06,SPY,0.0004400005646272298,0.0003524135043044712
2026-04-07,SPY,0.02546963651219092,0.0006911650244877216
2026-04-08,SPY,0.005769017699185586,-0.0010190638424054698
2026-04-09,SPY,-0.0006617754265585418,0.000326291266236177
2026-04-10,SPY,0.009772447246481741,0.0007677256428675834
2026-04-13,SPY,0.012184877209840739,0.00010559576562865121
2026-04-14,SPY,0.007890969227043909,-2.2225231199863465e-05
2026-04-15,SPY,0.002457347646937613,0.00024504067487672067
2026-04-16,SPY,0.012085686101644066,0.0006083041208007711
2026-04-17,SPY,-0.0019997351150194964,3.962291380703474e-05
2026-04-20,SPY,-0.006546892848539487,0.0010134026113438055
2026-04-21,SPY,0.01012671209511895,0.0013465373354786497
2026-04-22,SPY,-0.0038807408683984024,0.00017310470198452364
2026-04-23,SPY,0.007749309237231605,0.0011514559998022096
2026-04-24,SPY,0.001722787837563633,0.00034965638227094087
2026-04-27,SPY,-0.004865992267119479,0.0008068382380753143
2026-04-28,SPY,-0.00015450932498595193,0.0012981823607378868
2026-04-29,SPY,0.009949633527564838,0.000982268888817613
2026-04-30,SPY,0.0027690952923506984,0.00011745528089547177
2026-05-01,SPY,-0.0036633921467564834,0.0005801884309825547
2026-05-04,SPY,0.008022228723942426,0.0010335538373937277
2026-05-05,SPY,0.013899399692774095,0.00022068096524801643
2026-05-06,SPY,-0.0030660824190705815,-0.00012984413282913587
2026-05-07,SPY,0.00825609701116825,0.0008595102443877184
2026-05-08,SPY,0.002277563042387465,0.00010198968721221959
2026-05-11,SPY,-0.0015149526145865622,0.0005283045934706225
2026-05-12,SPY,0.00559483781461112,0.0007412842169085107
2026-05-13,SPY,0.0078943149045545,0.00020044174312998904
2026-05-14,SPY,-0.012029343756796207,1.8690042100054507e-05
2026-05-15,SPY,-0.0007035093177317764,0.001407123007414609
2026-05-18,SPY,-0.0066607880874933745,0.0005822531905451563
2026-05-19,SPY,0.010248994582563453,0.0010153452000292366
2026-05-20,SPY,0.0019830877010671433,-0.00011761551974998421
2026-05-21,SPY,0.003931549076803931,0.00040613822282232733
2026-05-22,SPY,0.006638641352187502,0.0002679615976819349
2026-05-26,SPY,-0.0001732421647460125,7.362970580611071e-05
2026-05-27,SPY,0.005516578600909927,0.0005372325039167861
2026-05-28,SPY,0.0024914048034492264,0.00016835236158179793
2026-05-29,SPY,0.0027231134609038143,0.0003727735288138473
2026-06-01,SPY,0.0013579397972762752,0.0003144587516071658
2026-06-02,SPY,-0.00701718232049986,0.00038781693883437225
2026-06-03,SPY,0.0037786857621391334,0.000997917806957066
2026-06-04,SPY,-0.025809371248925683,0.0002134102702170093
2026-06-05,SPY,0.002264172608771542,0.0022525082755146066
2026-06-08,SPY,-0.0029354505508077944,0.0003577184071090427
2026-06-09,SPY,-0.015765562508027298,0.0006728999579988613
2026-06-10,SPY,0.016996847886747934,0.0015775016521404712
2026-06-11,SPY,0.005408247901529384,-0.0006517404144829168
2026-06-12,SPY,0.01763396989375332,0.00010155327302861688
2026-06-15,SPY,-0.005961562844234103,-0.0007455192408101151
2026-06-16,SPY,-0.012487870885051433,0.0009147469785615954
2026-06-17,SPY,0.010396992441959574,0.0013728487689565463
2026-06-18,SPY,-0.003146979693962715,-0.00016767809035343425
2026-06-22,SPY,-0.014521954010491611,0.0006976625108717283
2026-06-23,SPY,-0.0004635170636431152,0.0015066250424647719
2026-06-24,SPY,0.0014456352254532678,0.0005233462494530304
2026-06-25,SPY,-0.007231373616869652,0.0003655587536393315
2026-06-26,SPY,0.016474862380159383,0.0009444473597181773
2026-06-29,SPY,0.007786800986842035,-0.0007103617530190448
2026-06-30,SPY,-0.001352504438058455,-0.00013507337195894746
2026-07-01,SPY,-0.001314069480687241,0.0005154460962301967
2026-07-02,SPY,0.008727409093039817,0.0005182879991362556
2026-07-06,SPY,-0.004751899671231685,-0.00013985541072360057
2026-07-07,SPY,-0.0030894297130047432,0.0007744414169770737
2026-07-08,SPY,0.00846525000257925,0.0007082640531745972
2026-07-09,SPY,0.0043101596888019955,-6.319127291398523e-05
2026-07-10,SPY,-0.007656174850540931,0.00023601480052988573
2026-07-13,SPY,0.00355064169730146,0.0011024039449680587
2026-07-14,SPY,0.003963635929681075,0.00025038521055133905
2026-07-15,SPY,-0.005418617756386079,0.0002092693144938714
2026-07-16,SPY,-0.009897156017872222,0.0007643978964936008
2026-07-17,SPY,-0.0016143782471810253,0.0011145386574207578
2026-07-20,SPY,0.008341309298597777,0.0005955875280649925
2026-07-21,SPY,-0.0011627413779321527,-0.00013826729113337465
2026-07-22,SPY,-0.012349287272575782,0.0005236683519658908
2026-07-23,SPY,0.0010160123647910968,0.0013542064476231097
2026-07-24,SPY,0.0002165755636849287,0.0004373253304628998
2026-07-27,SPY,0.002394780651586048,0.0004942004740911328
2026-07-28,SPY,-0.015387473482586067,0.00036536975428450285
2026-07-29,SPY,0.01676579949601198,0.0015136104772522818
2026-07-30,SPY,0.007199809675054292,-0.0006943867486760434
2026-07-31,SPY,0.01424300656734756,-2.483035067651462e-05
2026-08-03,SPY,0.018029002715958642,-0.0004860669714813106
2026-08-04,SPY,-0.0019966020100066206,-0.0007016400137112874
2026-08-05,SPY,-0.001597813044932006,0.0006952814665737704
2026-08-06,SPY,0.006115348472417681,0.000698738504406721
2026-08-07,SPY,-0.00029741673673222557,0.000143219277740511
2026-08-10,SPY,-0.0031952597501651026,0.0005632269125359922
2026-08-11,SPY,0.0025046624297864195,0.000788979817407034
2026-08-12,SPY,0.006977455651952402,0.00038290256007786805
2026-08-13,SPY,-0.0019797115463531245,9.025634377900522e-05
2026-08-14,SPY,-0.004727366641364417,0.0007368895080038364
2026-08-17,SPY,-0.006755757074274671,0.0009447809790572971
2026-08-18,SPY,0.00209783741736147,0.0010997750708232282
2026-08-19,SPY,-0.008399893367440514,0.0004455841837876967
2026-08-20,SPY,0.0040912604472485015,0.0011942912874872529
2026-08-21,SPY,-0.0029384110198065194,0.00036971986594015944
2026-08-24,SPY,0.003195937672779925,0.0008581088157365459
2026-08-25,SPY,0.0002220155779071309,0.0004408800690583766
2024-08-13,TLT,0.006270559509602647,-0.00045156070780106694
2024-08-14,TLT,-0.00807034190381084,-0.00046609669111073065
2024-08-15,TLT,0.003501370903043588,0.0005387038031478258
2024-08-16,TLT,0.004618460377657563,-0.00023197552313593414
2024-08-19,TLT,0.007968126473651749,-0.0002976557561923829
2024-08-20,TLT,0.00060836005331244,-0.0005239161741890983
2024-08-21,TLT,-0.009926402919836819,-8.713839513563846e-06
2024-08-22,TLT,0.006547239986040676,0.0007597636141461714
2024-08-23,TLT,-0.002540961831001831,-0.0004169736758090249
2024-08-26,TLT,-0.0017317942132779596,0.00017695286572114312
2024-08-27,TLT,-0.0012250734763690208,8.753721366784936e-05
2024-08-28,TLT,-0.0032703592239748946,2.163475257738423e-05
2024-08-29,TLT,-0.010663498412031847,0.00012616094000012808
2024-08-30,TLT,0.016355292170140867,0.0006166008965804697
2024-09-03,TLT,0.01289021620044628,-0.0014092915844999103
2024-09-04,TLT,0.005656039677757185,-0.0011620458716024183
2024-09-05,TLT,-0.00010066479597936606,-0.0006097975745662834
2024-09-06,TLT,0.004319271206844721,-0.0001985500313315298
2024-09-09,TLT,0.007000423704833336,-0.0004892126093573702
2024-09-10,TLT,-0.0007944654901942405,-0.000701610239939156
2024-09-11,TLT,-0.004671371108406985,-0.00016781274751223672
2024-09-12,TLT,0.002696264677888749,8.481216958093542e-05
2024-09-13,TLT,0.009162365532753958,-0.0004246182939063313
2024-09-16,TLT,-0.004835683388389689,-0.000808500275472787
2024-09-17,TLT,-0.012395909813011197,0.00013090565586613463
2024-09-18,TLT,-0.003313523233903881,0.0006694945849363596
2024-09-19,TLT,-0.003828515603416238,8.842228031300827e-06
2024-09-20,TLT,-0.0021236779773133874,4.59034473039464e-05
2024-09-23,TLT,-0.0002026614579025976,-4.0632778177230255e-05
2024-09-24,TLT,-0.008312065687734127,-0.00019841518742949571
2024-09-25,TLT,0.0023507873021355596,0.0003622169412262709
2024-09-26,TLT,0.0052009458265129815,-0.0003592269281452507
2024-09-27,TLT,-0.004768386005674752,-0.0005714917717105135
2024-09-30,TLT,0.007220300270978974,0.00011459874044458985
2024-10-01,TLT,-0.008427314454814372,-0.0006654008961899884
2024-10-02,TLT,-0.009420511270941567,0.0003359959805908825
2024-10-03,TLT,-0.012300943862890712,0.00035334302483079784
2024-10-04,TLT,-0.007535481865055371,0.0005571258086985529
2024-10-07,TLT,0.001687614747991173,0.00023803311239819418
2024-10-08,TLT,-0.005685124303486333,-0.00041298904631727694
2024-10-09,TLT,-0.00391718276677766,7.604707598347248e-05
2024-10-10,TLT,-0.00403931075370223,-3.214172451456983e-05
2024-10-11,TLT,0.0007470920430814321,-1.7964027937732835e-05
2024-10-14,TLT,0.012157466525027472,-0.00033607435087684224
2024-10-15,TLT,0.004214521258305348,-0.001143133500086847
2024-10-16,TLT,-0.015842864662615863,-0.0005938434171881575
2024-10-17,TLT,0.0007460308531062054,0.0008411576928219023
2024-10-18,TLT,-0.017471121775993748,-0.0002813489394779366
2024-10-21,TLT,0.0009760103576901269,0.001015995077867172
2024-10-22,TLT,-0.0027080185676832125,-0.00024476023416192727
2024-10-23,TLT,0.006408360197650564,2.0202906531805332e-05
2024-10-24,TLT,-0.0056119882365500695,-0.0005570950319351236
2024-10-25,TLT,-0.0027135779069106247,0.00025955013897512
2024-10-28,TLT,0.0015237060087156529,3.7026736433166355e-05
2024-10-29,TLT,0.002933944680399758,-0.00021866039756133885
2024-10-30,TLT,0.0016251811046017473,-0.000346535483288002
2024-10-31,TLT,-0.014098430112244209,-0.00019827913376752542
2024-11-01,TLT,0.015521848767708901,0.0009306415143010808
2024-11-04,TLT,0.005311578186082411,-0.0010518207534489935
2024-11-05,TLT,-0.027388416033584106,-0.00033918318649933036
2024-11-06,TLT,0.012527773751823679,0.001963326453951441
2024-11-07,TLT,0.012701200796824796,-0.0007186675671761086
2024-11-08,TLT,-0.004865202320175066,-0.0007009664723165644
2024-11-11,TLT,-0.014993577891108778,0.0005220633503292985
2024-11-12,TLT,-0.009486035342014199,0.0012378937624147645
2024-11-13,TLT,0.005790519130999927,0.000796432209988455
2024-11-14,TLT,-0.0026572802927398165,-0.0002587592181923648
2024-11-15,TLT,0.0017762096613689327,0.0003708636311271164
2024-11-18,TLT,0.005097582715260396,7.43499263868279e-05
2024-11-19,TLT,-0.003197151463460224,-0.00010780111006989594
2024-11-20,TLT,-0.0007743177766239562,0.00044533392144401035
2024-11-21,TLT,0.0005535648591517006,0.0002998625424515805
2024-11-22,TLT,0.025887705558092167,0.0001757110991845055
2024-11-25,TLT,-0.0038823725388721364,-0.001481604889914685
2024-11-26,TLT,0.006928787113785528,0.0005655614008364732
2024-11-27,TLT,0.01032144250101763,-0.00018521251527009805
2024-11-29,TLT,0.002402665343655519,-0.000440809106487698
2024-12-02,TLT,-0.008628810462906311,0.00010179542402948168
2024-12-03,TLT,0.010745570675008587,0.0009136000788402013
2024-12-04,TLT,0.0020201249225271223,-0.00048175729996962605
2024-12-05,TLT,0.0014853699815817745,8.971207408690657e-05
2024-12-06,TLT,-0.009217077923569739,0.00017556047546326442
2024-12-09,TLT,-0.004705034387673113,0.0008682781812082017
2024-12-10,TLT,-0.00945419977210371,0.0004955169520107373
2024-12-11,TLT,-0.012147349038366784,0.0008428644700432237
2024-12-12,TLT,-0.010210952457053502,0.0010811700123974908
2024-12-13,TLT,0.002995140584633349,0.000980104502930118
2024-12-16,TLT,0.0024329448034674517,4.152868153742414e-06
2024-12-17,TLT,-0.012504226544028718,2.290891556557109e-05
2024-12-18,TLT,-0.015141258824432069,0.0010408769347981985
2024-12-19,TLT,0.005693909853509371,0.0012188907292437524
2024-12-20,TLT,-0.009171958115629542,-0.00019202921501256486
2024-12-23,TLT,0.0042284245099935,0.0008346912341739863
2024-12-24,TLT,-0.0005689649809969,-8.36300616202013e-05
2024-12-26,TLT,-0.008198784871040643,6.879642695634228e-05
2024-12-27,TLT,0.008036868700675548,0.000624469121594065
2024-12-30,TLT,-0.005352814470278022,-0.0005087267257570027
2024-12-31,TLT,0.0027480120972871447,0.00032147513886377166
2025-01-02,TLT,-0.00319749283670967,-0.00029077818801579575
2025-01-03,TLT,-0.004467883368024617,8.510855519479392e-05
2025-01-06,TLT,-0.011277321856392852,8.771855039738232e-05
2025-01-07,TLT,0.0012805124030472737,0.0005506181553788915
2025-01-08,TLT,-0.0066259714493058786,-0.00031192322281575616
2025-01-10,TLT,-0.00035071879160475383,0.0002544590573805328
2025-01-13,TLT,-0.0016388901712756088,-0.0001595991904363168
2025-01-14,TLT,0.01723520459700123,-3.919821840573225e-05
2025-01-15,TLT,0.0032274395646121334,-0.0012571682470388762
2025-01-16,TLT,0.0017231714288588051,-0.00025829232676513744
2025-01-17,TLT,0.00894629753315912,-0.00017371519889550777
2025-01-21,TLT,-0.005229270296349453,-0.0006846804517294007
2025-01-22,TLT,-0.007770410335787403,0.00032278735618017997
2025-01-23,TLT,0.004491740672252442,0.0005233561371193601
2025-01-24,TLT,0.011808959709040723,-0.0003344904199831159
2025-01-27,TLT,-0.0006799106927616316,-0.0008022137968674757
2025-01-28,TLT,-0.0020412126398937636,3.463655673875221e-05
2025-01-29,TLT,0.00374956756320044,0.00012366848789809612
2025-01-30,TLT,-0.006565435716166634,-0.0002528717343435273
2025-01-31,TLT,0.008142014879694015,0.0004185287349137244
2025-02-03,TLT,0.003062515207837846,-0.0005640054370972498
2025-02-04,TLT,0.016510177446650953,-0.00023999513797384362
2025-02-05,TLT,-0.00044481286430730904,-0.0011437901128704907
2025-02-06,TLT,-0.0064553790908621345,5.186114203925991e-05
2025-02-07,TLT,-0.0030244357861792803,0.0005077225555872517
2025-02-10,TLT,-0.006404533651285016,0.00024608031362742387
2025-02-11,TLT,-0.013569775198590817,0.0005166496147779062
2025-02-12,TLT,0.016622704610501193,0.001052206808159061
2025-02-13,TLT,0.0052997022928416015,-0.0009921389009540133
2025-02-14,TLT,-0.011778196325587631,-0.0003368768055993812
2025-02-18,TLT,0.0012490146055859075,0.0008325657605263533
2025-02-19,TLT,0.003741075500512281,-5.866601309454479e-05
2025-02-20,TLT,0.0120847701985618,-0.0002779450935449997
2025-02-21,TLT,0.002901773528459106,-0.000825002783612519
2025-02-24,TLT,0.017246860306074474,-0.00017263160310457146
2025-02-25,TLT,0.0059069714428003905,-0.0011563015020071518
2025-02-26,TLT,-0.007068516304915451,-0.0004474450466317745
2025-02-27,TLT,0.01226589250382748,0.0004544373742159066
2025-02-28,TLT,0.0046668303872450245,-0.0008266872438189313
2025-03-03,TLT,-0.012314811814921223,-0.0003308572440559374
2025-03-04,TLT,-0.007984417509198094,0.0008849885494877932
2025-03-05,TLT,-0.003307399917503173,0.0005819181279078194
2025-03-06,TLT,-0.0032081462206909883,0.0002508935714681505
2025-03-07,TLT,0.010431755225145611,0.00014376780904729286
2025-03-10,TLT,-0.007138813323928073,-0.0007735033667723379
2025-03-11,TLT,-0.005973488783041603,0.000459157424144161
2025-03-12,TLT,0.008791255904554651,0.0003628777388129563
2025-03-13,TLT,-0.005295045748402671,-0.00063572125313859
2025-03-14,TLT,0.004990800892481495,0.0003620059691261923
2025-03-17,TLT,0.0009930597928369256,-0.0004417771890833812
2025-03-18,TLT,0.005181421431804223,-0.00020752029085562712
2025-03-19,TLT,0.0006580332560843782,-0.0004810007599219988
2025-03-20,TLT,-0.005918672042445561,-0.00017306777999869698
2025-03-21,TLT,-0.01025340572669109,0.0002775811217327318
2025-03-24,TLT,-0.00011145517451249809,0.0005194598356369998
2025-03-25,TLT,-0.0065731473741095225,-0.0001997505789518068
2025-03-26,TLT,-0.002915875222416431,0.0001525339295817402
2025-03-27,TLT,0.013834370586599976,-0.00013337809125415784
2025-03-28,TLT,0.009873654694034562,-0.0012296418261546903
2025-03-31,TLT,0.008665494088611947,-0.001025072573787597
2025-04-01,TLT,-0.0006559336099585256,-0.0009737046778451756
2025-04-02,TLT,0.004593751785403555,-0.0002961013179717134
2025-04-03,TLT,0.01088726309428023,-0.0006420999324934629
2025-04-04,TLT,-0.030156124807039886,-0.001023301689180584
2025-04-07,TLT,-0.018878470749526866,0.001916479319181341
2025-04-08,TLT,0.00588560600970367,0.0011421236148142049
2025-04-09,TLT,-0.027568300841929627,-0.0005326268630148244
2025-04-10,TLT,0.005438462382601816,0.0018511696318788034
2025-04-11,TLT,0.007135600360895111,-0.0004472862288615345
2025-04-14,TLT,0.0035425684310592676,-0.0005427760980349889
2025-04-15,TLT,0.005579452652577865,-0.00032159635821182506
2025-04-16,TLT,-0.00883236193553727,-0.0004472220450775177
2025-04-17,TLT,-0.017479978549040154,0.000522977050295104
2025-04-21,TLT,0.005581512208416184,0.0011424594002905513
2025-04-22,TLT,0.009713290260132457,-0.0003931300229690196
2025-04-23,TLT,0.01053573013557707,-0.000645050996901867
2025-04-24,TLT,0.007366386329566987,-0.0007015635621319246
2025-04-25,TLT,0.0063001135039031375,-0.00045924578063007745
2025-04-28,TLT,0.008384440247667158,-0.0003637988053675267
2025-04-29,TLT,-0.00809304419475343,-0.0005791333568952887
2025-04-30,TLT,-0.005070490462416144,0.0005094020231192057
2025-05-01,TLT,-0.010824427308679274,0.00027374055058369844
2025-05-02,TLT,-0.005585212546194707,0.0006765543418461545
2025-05-05,TLT,0.0033241658253739814,0.00031215047591545085
2025-05-06,TLT,0.0042270809182611835,-0.00034714050715032435
2025-05-07,TLT,-0.01114909594494129,-0.00033306090136001347
2025-05-08,TLT,0.0014955334514907825,0.0007725905967038786
2025-05-09,TLT,-0.009304993443754128,-0.00012600142683741984
2025-05-12,TLT,-0.004058271289082649,0.000668771826827356
2025-05-13,TLT,-0.0066364298767392915,0.00027876416721195124
2025-05-14,TLT,0.008790322710302334,0.0004089835460432364
2025-05-15,TLT,0.002672420630344785,-0.0006352543019792139
2025-05-16,TLT,-0.002896802689794753,-0.0002335582376844519
2025-05-19,TLT,-0.00720518952185889,0.00016734086490110368
2025-05-20,TLT,-0.01709018816671104,0.0005053256378891671
2025-05-21,TLT,0.005240100902524247,0.0012000374643552085
2025-05-22,TLT,0.00165873084912449,-0.00036062813838830764
2025-05-23,TLT,0.01395609351919691,-0.00017328351921586257
2025-05-27,TLT,-0.004315739351668735,-0.0010112937942677739
2025-05-28,TLT,0.009254783128359367,0.0002128788526980258
2025-05-29,TLT,0.0015091812506731195,-0.0007561908933260969
2025-05-30,TLT,-0.009306761966013877,-0.0001987155785871738
2025-06-02,TLT,-0.001761405000619276,0.0005765605725825437
2025-06-03,TLT,0.016233255022961135,7.994726609324322e-05
2025-06-04,TLT,0.0006944748814214918,-0.0011170708818937932
2025-06-05,TLT,-0.01272407146481136,-7.679235851178575e-05
2025-06-06,TLT,0.0010545469992553347,0.0008427756321842168
2025-06-09,TLT,0.0051497556895758745,-5.774664572404342e-05
2025-06-10,TLT,0.003027480880730904,-0.0003511897779804043
2025-06-11,TLT,0.011957367656321383,-0.0001860929491429449
2025-06-12,TLT,-0.00963638664182298,-0.000761376382445833
2025-06-13,TLT,-0.010077582326344925,0.0007455814365905187
2025-06-16,TLT,0.012169437842673547,0.0007589012451138492
2025-06-17,TLT,0.0017340256672602194,-0.000756153123128572
2025-06-18,TLT,-0.0018463452226733512,-2.560255065100505e-05
2025-06-20,TLT,0.003237104145578984,0.00024272079864836915
2025-06-23,TLT,0.007260654705968372,-7.777796965310337e-05
2025-06-24,TLT,0.0012586593769157162,-0.000381284910896863
2025-06-25,TLT,0.0050279411209464,2.6422342916253728e-05
2025-06-26,TLT,-0.0063671008686141395,-0.0003160265232556061
2025-06-27,TLT,0.00984090821490513,0.0004862196661507162
2025-06-30,TLT,0.002479499199280033,-0.0006483419622076216
2025-07-01,TLT,-0.006353568643757579,-0.0001432796315209426
2025-07-02,TLT,-0.006965117894334627,0.0005069334549256627
2025-07-03,TLT,-0.009543450465228198,0.0005628371478985656
2025-07-07,TLT,-0.0012770654662715986,0.000669269932885564
2025-07-08,TLT,0.010461494232916424,-2.4557788515850625e-06
2025-07-09,TLT,0.0006900833093630432,-0.0007982810903456511
2025-07-10,TLT,-0.013794450216236598,-0.00015513782671553697
2025-07-11,TLT,-0.0020982265014736212,0.0008552998450599504
2025-07-14,TLT,-0.007008544897572744,1.651835465229872e-05
2025-07-15,TLT,0.0014115268854322238,0.0003044861200829385
2025-07-16,TLT,-0.000234922880942956,-0.00023449332051919734
2025-07-17,TLT,0.0015274986935989165,-9.029181567641621e-05
2025-07-18,TLT,0.008915830534480973,-0.00028181566684351274
2025-07-21,TLT,0.006046577815394194,-0.0007980727506165581
2025-07-22,TLT,-0.005547568772986455,-0.0006148817669377138
2025-07-23,TLT,-0.0017435189593025813,0.00017246878540999562
2025-07-24,TLT,0.006286978110227048,-0.00010958367378107652
2025-07-25,TLT,-0.006479181024253489,-0.0006468384312408746
2025-07-28,TLT,0.016885925681071612,0.00021529030105809196
2025-07-29,TLT,-0.005153334730572112,-0.0013302870183083265
2025-07-30,TLT,0.0005754051323261233,0.00010399907291810224
2025-07-31,TLT,0.014216524248026552,-0.00032163970051747777
2025-08-01,TLT,0.002732947650438078,-0.0012247680929896127
2025-08-04,TLT,0.0030661750542138044,-0.0004196830773416112
2025-08-05,TLT,-0.005773970055603428,-0.00041571887601463077
2025-08-06,TLT,-0.001707672086620704,0.00020471929078670945
2025-08-07,TLT,-0.004334546383823579,-0.00012590471486918255
2025-08-08,TLT,0.001145573373046771,4.5042137891963113e-05
2025-08-11,TLT,-0.005034919499902535,-0.00029724264174011566
2025-08-12,TLT,0.008280785067829033,0.0001314571163659875
2025-08-13,TLT,-0.007414451454818782,-0.0007588944814074676
2025-08-14,TLT,-0.007124630187178682,0.00032014318791385267
2025-08-15,TLT,-0.0028936654813734863,0.00031855006455932524
2025-08-18,TLT,0.005803940934055785,2.8627534927518983e-05
2025-08-19,TLT,0.0021927855752388314,-0.0006087650531166907
2025-08-20,TLT,-0.004951776341231229,-0.0004007633396525058
2025-08-21,TLT,0.007406687190987915,9.136074093243262e-05
2025-08-22,TLT,-0.0028720585230845863,-0.0007439017666103844
2025-08-25,TLT,-0.0005759742798896461,-6.781530879932881e-05
2025-08-26,TLT,-0.0011527044084390647,-0.00019541993584365838
2025-08-27,TLT,0.00657808048666686,-0.0002699368266915144
2025-08-28,TLT,-0.00710847581478935,-0.0007670173995084898
2025-08-29,TLT,-0.007441663086537376,0.00017548674310958958
2025-09-02,TLT,0.010977599803956517,0.00010941257736327305
2025-09-03,TLT,0.007623916999337954,-0.0011433764257590064
2025-09-04,TLT,0.015246913321508293,-0.0009047170343653811
2025-09-05,TLT,0.013324395175477122,-0.0013582141199247992
2025-09-08,TLT,-0.005682981197588921,-0.0011700428292723752
2025-09-09,TLT,0.00571546206101714,0.00014783975118474985
2025-09-10,TLT,0.006685974855540566,-0.0006278303917449042
2025-09-11,TLT,-0.004317116950343647,-0.0006473481416427181
2025-09-12,TLT,0.0023347077130804195,8.142190190458962e-05
2025-09-15,TLT,0.002107371383035739,-0.0003626295114296513
2025-09-16,TLT,-0.0025456268152964645,-0.00034355053406298424
2025-09-17,TLT,-0.010319624900632873,7.077015504661222e-07
2025-09-18,TLT,-0.0019059790099015261,0.0005325994926643502
2025-09-19,TLT,-0.003594765464322136,-4.954800388125573e-05
2025-09-22,TLT,0.006989739015452301,9.26924104515412e-05
2025-09-23,TLT,-0.0038062324074544795,-0.0006531109105905602
2025-09-24,TLT,0.0,0.00010032121470526112
2025-09-25,TLT,-0.0008992739080057044,-0.00014892570416757316
2025-09-26,TLT,0.008211528076305541,-8.822439597532114e-05
2025-09-29,TLT,-0.0029008469220835886,-0.0007348458119680116
2025-09-30,TLT,0.002582524128506014,4.610852268361422e-05
2025-10-01,TLT,0.002912082725965659,-0.00032082771464776456
2025-10-02,TLT,-0.0018986308894375359,-0.00040955977356699495
2025-10-03,TLT,-0.007943513188970242,-0.0001274166190443557
2025-10-06,TLT,0.005751707436252751,0.0002044145184061621
2025-10-07,TLT,0.0007848081882957381,-0.0007880257692285301
2025-10-08,TLT,-0.0007841927474063759,-0.00042474159455584734
2025-10-09,TLT,0.01614709984241669,-0.00036371334317766835
2025-10-10,TLT,-0.0005517193636451756,-0.0014862095337387893
2025-10-13,TLT,0.0032018612091859744,-0.00034350461630619207
2025-10-14,TLT,-0.0022011354298503427,-0.0006013750822136235
2025-10-15,TLT,0.007500492108398538,-0.00024044983078494269
2025-10-16,TLT,-0.001532758496143205,-0.0008709140877425147
2025-10-17,TLT,0.0038377352020901867,-0.000217345332514491
2025-10-20,TLT,0.004915379456790436,-0.0005556302872099385
2025-10-21,TLT,0.0006522700608129206,-0.0006094708135799099
2025-10-22,TLT,-0.006843338770823215,-0.00035614310260990154
2025-10-23,TLT,0.00043741322017143425,0.00018645992554543184
2025-10-24,TLT,0.003388838326588983,-0.0003210861235729774
2025-10-27,TLT,0.0026150759417156166,-0.0005052482932655962
2025-10-28,TLT,-0.010106526060816856,-0.0005052983900328054
2025-10-29,TLT,-0.005818468175556535,0.00040569402279416815
2025-10-30,TLT,-0.0029812765163925725,0.0001323690710719579
2025-10-31,TLT,-0.0025010226830800564,-6.178487039601622e-05
2025-11-03,TLT,0.0022288518954607373,-7.86822431866852e-05
2025-11-04,TLT,-0.010896410607057705,-0.00038996012593906957
2025-11-05,TLT,0.008992868624306816,0.0005030360204252469
2025-11-06,TLT,-0.0021165990003307877,-0.0008522455018154189
2025-11-07,TLT,-0.0002233698626032954,-8.849436658603437e-05
2025-11-10,TLT,0.00457847476127804,-0.00032469061368468357
2025-11-11,TLT,0.0017784224740804433,-0.0006388283288558037
2025-11-12,TLT,-0.008211269795048826,-0.0004689600937453348
2025-11-13,TLT,-0.005705877376882329,0.00022634025522496416
2025-11-14,TLT,0.0024754453652493513,1.9282596955166908e-05
2025-11-17,TLT,-0.0003367271818831563,-0.0005250506217878724
2025-11-18,TLT,-0.002021220869513174,-0.00034647995226375105
2025-11-19,TLT,0.003938121350329338,-0.0002538079032708417
2025-11-20,TLT,0.003025789395010081,-0.0006559360463518773
2025-11-21,TLT,0.005698226784276006,-0.0005765707616201076
2025-11-24,TLT,0.0025554517868477955,-0.0007651407307065682
2025-11-25,TLT,0.004432566969754026,-0.000566986505565264
2025-11-26,TLT,-0.004744062020493378,-0.0007032835117993422
2025-11-28,TLT,-0.0124487542803009,-5.5184484801936394e-05
2025-12-01,TLT,0.000450667940030236,0.0005199168910341957
2025-12-02,TLT,0.002814985189205421,-0.0003361566106870282
2025-12-03,TLT,-0.00538961051575837,-0.00048728609811826164
2025-12-04,TLT,-0.004628566299502368,8.719241411975372e-05
2025-12-05,TLT,-0.0032893313830559823,8.607290650725741e-05
2025-12-08,TLT,0.0010242946474923187,-5.988007493151233e-05
2025-12-09,TLT,0.0038651113247716307,-0.0003422999688210579
2025-12-10,TLT,-0.0013588679514123791,-0.0005285546763236069
2025-12-11,TLT,-0.009638270791686887,-0.00020379987682161212
2025-12-12,TLT,0.0006869347690201533,0.00038035260540506476
2025-12-15,TLT,0.005491705708568384,-0.00029454102913728443
2025-12-16,TLT,-0.0009101062873488885,-0.000609262525201508
2025-12-17,TLT,0.004783709287482951,-0.00019511649082682407
2025-12-18,TLT,-0.0037325646947571345,-0.0005819823232134207
2025-12-19,TLT,-0.0021701189659700804,6.0119443076544175e-06
2025-12-22,TLT,0.0016024560351346473,-0.00011294486776329906
2025-12-23,TLT,0.006057208280190185,-0.00038948440833790423
2025-12-24,TLT,-0.003294427292025226,-0.0007215776943290435
2025-12-26,TLT,0.0037612036565977114,-9.058625521609807e-05
2025-12-29,TLT,-0.002384395171648679,-0.0005885638753745426
2025-12-30,TLT,-0.00796721810201595,-0.00015540310361111093
2025-12-31,TLT,-0.0014915376472370845,0.00026907135547489676
2026-01-02,TLT,0.004940813305216896,-0.0001673897064872894
2026-01-05,TLT,-0.002058149669883602,-0.0006148285029728618
2026-01-06,TLT,0.005843331087359793,-0.00012709491995376888
2026-01-07,TLT,-0.005011902890120545,-0.0006461528599255138
2026-01-08,TLT,0.0066398776864164955,0.00011429433256091671
2026-01-09,TLT,-0.0029567745890579644,-0.0006757862204363722
2026-01-12,TLT,0.0017108077280327816,-1.796718115123537e-05
2026-01-13,TLT,0.005807311474903765,-0.0003294149676498923
2026-01-14,TLT,-0.00022633236997215977,-0.0005854252097162667
2026-01-15,TLT,-0.005775177126100872,-0.000178680960447351
2026-01-16,TLT,-0.013097934134787215,0.00019153224612798318
2026-01-20,TLT,0.007616852691153753,0.0007301679447022497
2026-01-21,TLT,0.004352258078756277,-0.0006985975082601433
2026-01-22,TLT,0.0027369722906234184,-0.0004556993888745642
2026-01-23,TLT,0.004776561191326856,-0.0003389954205905982
2026-01-26,TLT,-0.006225302041397929,-0.000494617174995622
2026-01-27,TLT,-0.0022779675365313112,0.0002400776975832049
2026-01-28,TLT,0.0002284867639092969,-1.854345430901699e-05
2026-01-29,TLT,-0.005592578943142801,-0.00024369643525731538
2026-01-30,TLT,-0.002857060653985166,0.00015460340354983467
2026-02-02,TLT,0.002426312337963754,-1.862284113824964e-05
2026-02-03,TLT,-0.0025357543066266697,-0.00037824965815257345
2026-02-04,TLT,0.010862089286604704,-6.485364271250341e-05
2026-02-05,TLT,0.0006858368534361503,-0.0009549003187025602
2026-02-06,TLT,-0.0002284853170770873,-0.00030091747913290744
2026-02-09,TLT,0.011540209230883391,-0.00021140912669942815
2026-02-10,TLT,-0.005308876097046555,-0.0010385059745653762
2026-02-11,TLT,0.013286442093501716,0.0001316702335924908
2026-02-12,TLT,0.0054913857974019376,-0.0011291407130159187
2026-02-13,TLT,0.0016718716403389955,-0.0006165325618078509
2026-02-17,TLT,-0.003783198506901342,-0.0003556107043539699
2026-02-18,TLT,0.0010052866239262936,3.470702527450312e-05
2026-02-19,TLT,-0.0023432840616715023,-0.0002701192347941536
2026-02-20,TLT,0.003690678157310945,-7.604530419211649e-05
2026-02-23,TLT,0.0017830717236775318,-0.0005088920538692505
2026-02-24,TLT,0.00011128703104179571,-0.0003891116616506796
2026-02-25,TLT,0.0040038041694663296,-0.0002917204156407347
2026-02-26,TLT,0.0060930196328903286,-0.0005198265715232968
2026-02-27,TLT,-0.010042233612456153,-0.0006280020751398425
2026-03-02,TLT,-0.002008631011332418,0.0005030347542172766
2026-03-03,TLT,-0.003130903113082062,-2.843670226054584e-05
2026-03-04,TLT,-0.004038077263442963,5.20237560840645e-05
2026-03-05,TLT,-0.0037166589577551923,0.00010734152914488524
2026-03-06,TLT,0.00870452679181355,9.999117887108934e-05
2026-03-09,TLT,-0.01064668374429445,-0.0008153691501638648
2026-03-10,TLT,-0.012913453648617845,0.0005194161250301793
2026-03-11,TLT,-0.0019509559121632103,0.000707703505086924
2026-03-12,TLT,-0.004944206742483859,-0.00010390006319031927
2026-03-13,TLT,0.007742165573769499,0.00012611307072536704
2026-03-16,TLT,0.0027519067132610875,-0.0008154062520949065
2026-03-17,TLT,-0.005603268356778712,-0.000514649797098
2026-03-18,TLT,0.006094856361978707,5.512135417812188e-05
2026-03-19,TLT,-0.01897348416958977,-0.0007190323814710644
2026-03-20,TLT,0.0065244463744991155,0.001048044208216488
2026-03-23,TLT,-0.004398655886725944,-0.0006727597200719995
2026-03-24,TLT,0.009649982948914504,5.6389167865102954e-05
2026-03-25,TLT,-0.00840617032893809,-0.0009074725241361902
2026-03-26,TLT,-0.00545823049527383,0.00033875349951138507
2026-03-27,TLT,0.013311533292638345,0.0001305481581517853
2026-03-30,TLT,-0.001037022510290031,-0.0011675947129551599
2026-03-31,TLT,-0.0009844444851190293,-0.0001563993853705703
2026-04-01,TLT,0.006144111941370989,-0.00015279006052750936
2026-04-02,TLT,-0.0016129880259516671,-0.0006356967258257404
2026-04-06,TLT,-0.00011551452107827487,-9.336035756637659e-05
2026-04-07,TLT,0.003231740047278775,-0.00017560035421796782
2026-04-08,TLT,-0.0025309300490543585,-0.00044806048651620993
2026-04-09,TLT,-0.002422172073670459,-1.8097811571822183e-05
2026-04-10,TLT,0.0030060673115439585,3.0780399701784257e-06
2026-04-13,TLT,0.005302631409738856,-0.00035341575782201786
2026-04-14,TLT,-0.004357367954677227,-0.0005038932641989669
2026-04-15,TLT,-0.006334151024975587,0.00012481130171629746
2026-04-16,TLT,0.009156251590983322,0.0002622314078726999
2026-04-17,TLT,-0.00022973668190118257,-0.0007709831431348533
2026-04-20,TLT,-0.00551396838766105,-0.0001686846243189288
2026-04-21,TLT,0.001963592724988361,0.0002115899759345588
2026-04-22,TLT,-0.0021904446240862407,-0.0003245133295848333
2026-04-23,TLT,0.0018486672552899819,-2.1789261594352548e-05
2026-04-24,TLT,-0.004959041714150181,-0.0003485567843067636
2026-04-27,TLT,0.0010430115665995832,0.00015233205119694255
2026-04-28,TLT,-0.007757388665138754,-0.00024880518130436383
2026-04-29,TLT,-0.0009333659853230092,0.00027782516510362857
2026-04-30,TLT,0.0035755300409310298,-0.00018345365832263754
2026-05-01,TLT,-0.00759270505974774,-0.0004887217498248676
2026-05-04,TLT,0.005532070190025662,0.00025477723363839214
2026-05-05,TLT,0.007608522709151355,-0.0006266355116989005
2026-05-06,TLT,-0.004995250261966344,-0.0007632339583658641
2026-05-07,TLT,0.00502032805700825,9.962972891180299e-05
2026-05-08,TLT,-0.0060408741096146246,-0.0005677241614828644
2026-05-11,TLT,-0.006662080817694482,0.00020201589952306302
2026-05-12,TLT,-0.002235405632034282,0.0002545865728563216
2026-05-13,TLT,0.0014150269748050004,-7.828018306349374e-05
2026-05-14,TLT,-0.014837425032328433,-0.00030016570257169475
2026-05-15,TLT,-0.0011954419864652621,0.0008751638680477726
2026-05-18,TLT,-0.0064623924966782376,-0.0001031452180696169
2026-05-19,TLT,0.010720403371144993,0.0002628436923516317
2026-05-20,TLT,0.0036943966263449646,-0.000872817192514951
2026-05-21,TLT,0.00546190068571617,-0.0004040869506189989
2026-05-22,TLT,0.004959795151062707,-0.0005093221949816449
2026-05-26,TLT,0.0023502459676800758,-0.00048174094686464174
2026-05-27,TLT,0.005158109918242726,-0.00028855429135284593
2026-05-28,TLT,0.00023343233577088895,-0.00048183944453589753
2026-05-29,TLT,0.0005384881308954093,-0.00015951757252086852
2026-06-01,TLT,0.0021059269280867543,-0.00019744531761131808
2026-06-02,TLT,-0.003969612206535134,-0.0003307080754952938
2026-06-03,TLT,0.002227127133072271,0.00011195200223711708
2026-06-04,TLT,-0.00514620541424804,-0.0003423569208812284
2026-06-05,TLT,-0.00517273545039354,0.00012396205203439896
2026-06-08,TLT,0.005908779843731171,0.00011728998261602286
2026-06-09,TLT,-0.002819658976350947,-0.0007044083289890331
2026-06-10,TLT,0.01295962492685665,-9.955175831015384e-05
2026-06-11,TLT,-0.00244253492829416,-0.0011444442607988045
2026-06-12,TLT,-0.0005829286612030193,-8.982232718443447e-05
2026-06-15,TLT,0.0054829765914006234,-0.00021289277309984804
2026-06-16,TLT,0.001624389281813965,-0.0006013516866053213
2026-06-17,TLT,0.004864997586069952,-0.00034233075417329007
2026-06-18,TLT,-0.0076081226573586624,-0.0005376399601672042
2026-06-22,TLT,0.0012777118892310924,0.00025605653393163155
2026-06-23,TLT,0.01368904374345048,-0.0003618052022601937
2026-06-24,TLT,-0.00034324246133621283,-0.0011903018857923825
2026-06-25,TLT,0.00011451211808433115,-0.00024349834956384324
2026-06-26,TLT,0.0010302270336643993,-0.00029422558280077927
2026-06-29,TLT,-0.011778271094797454,-0.0003862737146564523
2026-06-30,TLT,-0.006759350589188973,0.000537501326483998
2026-07-01,TLT,-0.00011689040355766789,0.0002037280260352474
2026-07-02,TLT,-0.0007017827377749919,-0.0002581784807119907
2026-07-06,TLT,-0.010532340848387278,-0.00019453199705353605
2026-07-07,TLT,-0.002247212388478581,0.0004894387463684465
2026-07-08,TLT,0.0015409242512691712,-5.810344354011864e-05
2026-07-09,TLT,-0.00023663079096059025,-0.00029612272616191565
2026-07-10,TLT,-0.005919255704355919,-0.00020823854700653286
2026-07-13,TLT,0.001309984949769083,0.00019816663457087187
2026-07-14,TLT,0.0019029149847882287,-0.00037345941102399016
2026-07-15,TLT,-0.00035618141154958316,-0.00039843921958706305
2026-07-16,TLT,0.0036812462295174875,-0.00024705827221283515
2026-07-17,TLT,-0.007453762122910601,-0.0005589590378446387
2026-07-20,TLT,-0.002741630061377842,0.0002157381888933796
2026-07-21,TLT,-0.0026297696220726197,-0.00012605777182053636
2026-07-22,TLT,-0.003235908448614766,-0.00010881678225077622
2026-07-23,TLT,0.0009619139545677946,-7.130930508422284e-05
2026-07-24,TLT,0.006006000755983454,-0.00045937453102990855
2026-07-27,TLT,0.005850783258425585,-0.0007934481887605336
2026-07-28,TLT,-0.01650046534551275,-0.0007849867543238516
2026-07-29,TLT,-0.0006034720120091652,0.0007886717076677571
2026-07-30,TLT,-0.006642570568696993,-0.00027197867452448757
2026-07-31,TLT,0.0032959506652343595,0.00017005981134282183
2026-08-03,TLT,0.007665132433438027,-0.0005000709802192428
2026-08-04,TLT,0.0021733917633306454,-0.0007948364987199924
2026-08-05,TLT,-0.0057831729751035565,-0.0003891474627586133
2026-08-06,TLT,0.0029084525318412435,0.00017940437459767382
2026-08-07,TLT,-0.008458247457321821,-0.00042949575306546557
2026-08-10,TLT,0.0015842662281297937,0.00036685184329022055
2026-08-11,TLT,-0.0009733766720803061,-0.00030493820706227167
2026-08-12,TLT,0.00584576451066976,-0.00014700987897137526
2026-08-13,TLT,-0.006659346733872584,-0.0006183721802629868
2026-08-14,TLT,-0.008410561112946802,0.00024247078163882382
2026-08-17,TLT,0.0038107583749604768,0.00034026207105041607
2026-08-18,TLT,0.016654334067683463,-0.0004705477676570653
2026-08-19,TLT,-0.008190801405345227,-0.0013131951846697071
2026-08-20,TLT,-0.0035219006440417866,0.00041588534205733786
2026-08-21,TLT,0.006215654940490811,0.00011792764232706224
2026-08-24,TLT,0.011022331504594973,-0.0005449262072214153
2026-08-25,TLT,-0.0020366379113355704,-0.0008897709146636119
2024-08-13,VNQ,0.0026313029656332976,-0.0004849324999810061
2024-08-14,VNQ,-0.0007654004778194778,-0.00010607342793704868
2024-08-15,VNQ,-0.0005471720107372846,0.00010867270940903144
2024-08-16,VNQ,0.008321225384509967,0.00011134940535333326
2024-08-19,VNQ,-0.0011941580917284034,-0.00045619481590435703
2024-08-20,VNQ,0.005327109377978534,0.00013900679483302807
2024-08-21,VNQ,0.0029198464363211496,-0.00029162835395160137
2024-08-22,VNQ,0.021996952935240843,-9.231631948316611e-05
2024-08-23,VNQ,-0.00042201751993709014,-0.0013022636103287607
2024-08-26,VNQ,0.0014778152628391883,0.0001421029941463185
2024-08-27,VNQ,-0.0038997425708333644,-1.509867351915219e-05
2024-08-28,VNQ,-0.0030685638050051978,0.00030628218599476636
2024-08-29,VNQ,0.009658377710218158,0.00028112366503123314
2024-08-30,VNQ,-0.0005255161316058965,-0.0006080903495913579
2024-09-03,VNQ,0.002839608196751886,8.208888110001057e-05
2024-09-04,VNQ,-0.003251148689417893,-0.00010327495992137415
2024-09-05,VNQ,-0.0009469633812820843,0.00019679696029408758
2024-09-06,VNQ,0.011163744044766277,6.121507094274453e-05
2024-09-09,VNQ,0.014477724259782221,-0.0007993716219024727
2024-09-10,VNQ,-0.001950724369432999,-0.0009718197789092105
2024-09-11,VNQ,0.004217569511354657,0.0001662189584080827
2024-09-12,VNQ,0.010448665747681884,-0.00027555846648737864
2024-09-13,VNQ,0.0033455879990456072,-0.0006568693200008564
2024-09-16,VNQ,-0.006971873956144403,-0.00015955795749653806
2024-09-17,VNQ,-0.001220881462008938,0.000558798158837099
2024-09-18,VNQ,0.00020370101856381773,0.0001367050023030657
2024-09-19,VNQ,-0.003972325109367292,3.650894870066139e-05
2024-09-20,VNQ,0.009919195352690924,0.0003070263075911659
2024-09-23,VNQ,0.0014175778148699525,-0.0006381009548174824
2024-09-24,VNQ,-0.006673418658804331,-0.0002164725685483154
2024-09-25,VNQ,-0.009059367577963329,0.0003510609119792128
2024-09-26,VNQ,0.0012741480783644565,0.0005321250233259994
2024-09-27,VNQ,0.007862590088395072,-0.00015466152444845293
2024-09-30,VNQ,-0.006466841683208768,-0.0006000371319036745
2024-10-01,VNQ,-0.003512881154605574,0.0003548587019473276
2024-10-02,VNQ,-0.009123861791872634,0.00015956835824194236
2024-10-03,VNQ,-0.004813161772374452,0.0005577306203126711
2024-10-04,VNQ,-0.008831932281939014,0.00028447969308008077
2024-10-07,VNQ,0.0020155471458005447,0.0005750157937413144
2024-10-08,VNQ,0.00105863498308989,-0.0002233209838905935
2024-10-09,VNQ,-0.008883216193712684,-0.00019485586078778476
2024-10-10,VNQ,0.011310134246111048,0.0005145446840755261
2024-10-11,VNQ,0.006013847222356095,-0.000857175592709883
2024-10-14,VNQ,0.012061011962728685,-0.0005310827737972491
2024-10-15,VNQ,0.010984393737192732,-0.0009316172146492475
2024-10-16,VNQ,-0.007892473922621712,-0.0008361465503674757
2024-10-17,VNQ,0.007438769584109606,0.0004681057355266548
2024-10-18,VNQ,-0.019587723370225518,-0.0005680002098285862
2024-10-21,VNQ,0.0014644155141971815,0.0013426907201890114
2024-10-22,VNQ,0.00731137068632326,-0.00016617773401646815
2024-10-23,VNQ,0.0021775754086847954,-0.0005751805141175014
2024-10-24,VNQ,-0.009415375264901438,-0.00018074749774975004
2024-10-25,VNQ,0.003133444579852762,0.0006602003069104597
2024-10-28,VNQ,-0.007184665573655935,-0.00019807452827091097
2024-10-29,VNQ,0.004404937481855553,0.00048178824523845034
2024-10-30,VNQ,-0.016915301857375997,-0.00027618266531758773
2024-10-31,VNQ,-0.011046486977838832,0.0012242286701086755
2024-11-01,VNQ,0.010954990327127767,0.0008361541628300835
2024-11-04,VNQ,0.013279328562459058,-0.0006199268541236254
2024-11-05,VNQ,-0.021283091147408006,-0.0007562396483955126
2024-11-06,VNQ,0.011997870846202296,0.0016631411554629428
2024-11-07,VNQ,0.01492525835085945,-0.0006109895628774952
2024-11-08,VNQ,-0.0050061909042790065,-0.0007832303130664218
2024-11-11,VNQ,-0.013836548809467053,0.0005361838215380584
2024-11-12,VNQ,0.005527223796294445,0.0011366478074832781
2024-11-13,VNQ,-0.008985166958547008,-0.00025207096182635095
2024-11-14,VNQ,0.0005333261816831136,0.0006948928918684877
2024-11-15,VNQ,0.007249456819429012,8.228765248739425e-05
2024-11-18,VNQ,0.004868776489972637,-0.00040932531932066983
2024-11-19,VNQ,-0.001263853246853519,-0.00019472794950987514
2024-11-20,VNQ,0.007382136809552797,0.0002257707811185779
2024-11-21,VNQ,0.007537844976073238,-0.00036413590395263954
2024-11-22,VNQ,0.01392342274409275,-0.00038521919153343724
2024-11-25,VNQ,0.003996834789938397,-0.0007810942156453758
2024-11-26,VNQ,0.006430370372468852,-0.00011925382424223126
2024-11-27,VNQ,-0.004462167160926844,-0.00025553940194178145
2024-11-29,VNQ,-0.01456827049314835,0.0004766474016727508
2024-12-02,VNQ,-0.005065579100969053,0.0012395717955072973
2024-12-03,VNQ,-0.0027017128207860175,0.000629948098931176
2024-12-04,VNQ,-0.0023962157243938575,0.00041590177851773356
2024-12-05,VNQ,-0.0014620361664898773,0.0003274230330149846
2024-12-06,VNQ,0.002823848912727689,0.0003190360996030018
2024-12-09,VNQ,-0.014497264772243446,-2.3045311102918675e-05
2024-12-10,VNQ,-0.0023283439220815882,0.0011072813552573618
2024-12-11,VNQ,-0.0015910664743485903,0.0002973397935988672
2024-12-12,VNQ,-0.002868813181085117,0.0002900321996629775
2024-12-13,VNQ,-0.0035161155586374004,0.0003574365588789384
2024-12-16,VNQ,-0.00481182756747911,0.00042551997113756594
2024-12-17,VNQ,-0.04125923979416957,0.0005143575636694291
2024-12-18,VNQ,-0.015465808518334678,0.003151140268392774
2024-12-19,VNQ,0.016847045950070694,0.0013860493150288037
2024-12-20,VNQ,0.003910693450614344,-0.0007854016592163576
2024-12-23,VNQ,0.006642625475076214,6.885937826871198e-05
2024-12-24,VNQ,0.002684367856960135,-0.0001565360923500962
2024-12-26,VNQ,-0.010039024115734763,2.6400249868561895e-05
2024-12-27,VNQ,-0.004957817150259447,0.0008829110258510786
2024-12-30,VNQ,0.008719203258289232,0.000519155471812364
2024-12-31,VNQ,-0.008868377045795461,-0.0003983115254288833
2025-01-02,VNQ,0.013138542823818433,0.0008510202881160483
2025-01-03,VNQ,-0.012856353925734365,-0.0006289664034285106
2025-01-06,VNQ,-0.009513026997083784,0.0011635243665023992
2025-01-07,VNQ,0.002629775608443019,0.0009447054270131112
2025-01-08,VNQ,-0.024404161458573936,0.00012188537134533552
2025-01-10,VNQ,0.012273599428280324,0.0019875247552410082
2025-01-13,VNQ,0.009122249874268018,-0.00046856000018320396
2025-01-14,VNQ,0.0057216240475292945,-0.00023180019492200876
2025-01-15,VNQ,0.02070769330683686,8.406770196368136e-06
2025-01-16,VNQ,-0.0006688026413964598,-0.0009723738755366655
2025-01-17,VNQ,0.018739457572727325,0.0005135078134024768
2025-01-21,VNQ,-0.01740947340288934,-0.000786744059487176
2025-01-22,VNQ,0.007354641016867447,0.001766134844713082
2025-01-23,VNQ,0.003429210148523154,0.00010054143477349802
2025-01-24,VNQ,0.013339382252631315,0.0002879773729318797
2025-01-27,VNQ,-0.012075943475138073,-0.0003904700386237322
2025-01-28,VNQ,-0.013214383934904594,0.00132747179036319
2025-01-29,VNQ,0.012721793204162557,0.0014025038472205188
2025-01-30,VNQ,-0.002203823714771791,-0.00032889418833439554
2025-01-31,VNQ,-0.0020982433239031817,0.0007022381380885223
2025-02-03,VNQ,0.0007746718627601457,0.0006576206785078801
2025-02-04,VNQ,0.014043804905550683,0.00047303187106473776
2025-02-05,VNQ,0.0025083575918110057,-0.0004902417951529766
2025-02-06,VNQ,-0.0032633474613723568,0.000336224027534394
2025-02-07,VNQ,-0.0004364963924856635,0.0007794711370980787
2025-02-10,VNQ,0.0043672231402624995,0.0005498585381355654
2025-02-11,VNQ,-0.009240061965446467,0.0002738995042044141
2025-02-12,VNQ,0.0099847234334689,0.0011774390316493088
2025-02-13,VNQ,-0.004562870425810273,-0.0001830883302943088
2025-02-14,VNQ,0.004474639489008947,0.0007744125946866603
2025-02-18,VNQ,0.0007605317573395887,4.483671730407752e-05
2025-02-19,VNQ,0.0047769652371612015,0.00029072280012510136
2025-02-20,VNQ,-0.009832692144233102,-9.456282757432132e-05
2025-02-21,VNQ,0.00392847992670986,0.0009626219867404666
2025-02-24,VNQ,0.012282506525946646,-8.370263352234174e-06
2025-02-25,VNQ,-0.004187618722771513,-0.0005879349447963225
2025-02-26,VNQ,0.0039895490431289815,0.0004683167801259496
2025-02-27,VNQ,0.008484708395783747,-5.3219787828860275e-05
2025-02-28,VNQ,0.004685816849843372,-0.00031866947568671457
2025-03-03,VNQ,-0.011553980809554276,-0.0001240347518469305
2025-03-04,VNQ,0.01115278572543299,0.0010107427114522463
2025-03-05,VNQ,-0.025665482865755096,-0.000594521234181624
2025-03-06,VNQ,0.0059867402521422974,0.001974784797428872
2025-03-07,VNQ,-0.00963001065510527,-0.000276413043613413
2025-03-10,VNQ,-0.01169007348959783,0.0007887816322691819
2025-03-11,VNQ,-0.003095351261994894,0.0009603868255761616
2025-03-12,VNQ,-0.019738246476782795,0.00037316803691355544
2025-03-13,VNQ,0.020022555499084937,0.0015057788284985694
2025-03-14,VNQ,0.01707887243827666,-0.0011657775993963487
2025-03-17,VNQ,-0.005233828326481449,-0.0010058313018378668
2025-03-18,VNQ,0.0012056058723393104,0.0005328677036418892
2025-03-19,VNQ,-0.0006566906455971466,6.928671448515913e-05
2025-03-20,VNQ,-0.01106496661068268,0.000192590924620271
2025-03-21,VNQ,0.01539836275402906,0.0008940912714799339
2025-03-24,VNQ,-0.0112204675271248,-0.0009171560389707366
2025-03-25,VNQ,0.003901451311341786,0.0008838072029675949
2025-03-26,VNQ,-0.0025537455972125533,-0.00019487462432882339
2025-03-27,VNQ,-0.001335955236056341,0.00026711300082630775
2025-03-28,VNQ,0.009251974878346614,0.00017751178531897152
2025-03-31,VNQ,0.0004418558298409092,-0.0005780721174355494
2025-04-01,VNQ,0.006071928757543699,-9.972470747901725e-06
2025-04-02,VNQ,-0.03412701967179432,-0.0003675476397704406
2025-04-03,VNQ,-0.043399283536960986,0.002439461936077795
2025-04-04,VNQ,-0.026247039965632046,0.003268979409321026
2025-04-07,VNQ,-0.026832508577870007,0.0021369669487284262
2025-04-08,VNQ,0.059656764409444785,0.0022451755421027623
2025-04-09,VNQ,-0.022826836755401203,-0.0034677610574295977
2025-04-10,VNQ,0.012224545507291129,0.0022031933085912866
2025-04-11,VNQ,0.020686515813254758,-0.00014942785178836797
2025-04-14,VNQ,0.003045929321576768,-0.0007990472674597966
2025-04-15,VNQ,-0.000700916060558221,0.0003285911428520617
2025-04-16,VNQ,0.014960215059697246,0.0006080843480538957
2025-04-17,VNQ,-0.020842844480782108,-0.0004471727082999507
2025-04-21,VNQ,0.019404939045451597,0.002022500862848843
2025-04-22,VNQ,0.0018457601158123893,-0.0006568626398275287
2025-04-23,VNQ,0.003684995588547846,0.0004483781519660936
2025-04-24,VNQ,-0.0017208247802441567,0.0003756126237226018
2025-04-25,VNQ,0.006206181495467478,0.000732427117048587
2025-04-28,VNQ,0.0053682697588230965,0.00021041978389492108
2025-04-29,VNQ,0.003522035634403231,0.0002568643491763367
2025-04-30,VNQ,0.0032829924844333114,0.00033015847745241484
2025-05-01,VNQ,0.012299743347474523,0.00035506086251497744
2025-05-02,VNQ,-0.002229362517931599,-0.0002880029505455407
2025-05-05,VNQ,-0.007708668978108069,0.0007901357267137527
2025-05-06,VNQ,0.0011258055997274141,0.001270055216130717
2025-05-07,VNQ,-0.003936023552421952,0.0007562340729327882
2025-05-08,VNQ,0.006661498371806518,0.0011712720056600867
2025-05-09,VNQ,0.004934744048355366,-1.9929266052875496e-05
2025-05-12,VNQ,-0.01272317311655713,0.00014006695187685235
2025-05-13,VNQ,-0.009834957128514232,0.001314897356766136
2025-05-14,VNQ,0.01826702753699605,0.001002194418927127
2025-05-15,VNQ,0.01244536316614675,-0.0008975885658659845
2025-05-16,VNQ,0.00022138212815225877,-0.0004954453856088652
2025-05-19,VNQ,-0.005867986041304563,0.0002640132301511119
2025-05-20,VNQ,-0.026617639614086697,0.0007274344144021232
2025-05-21,VNQ,-0.004576752908084014,0.0021306301964761857
2025-05-22,VNQ,0.0010345592650591318,0.0006121924304150136
2025-05-23,VNQ,0.017453181669027096,0.00021538012314259542
2025-05-27,VNQ,-0.0010156714693856372,-0.000868795213154465
2025-05-28,VNQ,0.00903751046899659,0.0003566795071176682
2025-05-29,VNQ,0.0,-0.0003506598435154848
2025-05-30,VNQ,0.0013434937719052353,0.0002543326888389304
2025-06-02,VNQ,-0.0020125815651179657,0.00014922681550805648
2025-06-03,VNQ,0.002800864287187288,0.000303546778703637
2025-06-04,VNQ,-0.0007820336988844101,-8.623271560513461e-05
2025-06-05,VNQ,0.0048076299326613725,0.00016230810143826768
2025-06-06,VNQ,0.0013352717257926194,-0.00023319110624756272
2025-06-09,VNQ,0.008556575640962905,7.266576234979784e-06
2025-06-10,VNQ,-0.005398929578224854,-0.0005284966596158727
2025-06-11,VNQ,0.004874242314231836,0.0004066999927350275
2025-06-12,VNQ,-0.009701110412383418,-0.0002846070646875988
2025-06-13,VNQ,0.000779158741967656,0.0007845271262353928
2025-06-16,VNQ,-0.0035594769404450055,-1.5245737121812692e-05
2025-06-17,VNQ,0.003460611324936913,0.00021429967062864072
2025-06-18,VNQ,-0.0006674427532293858,-0.0002643932932263639
2025-06-20,VNQ,0.015028338268926023,3.80968856075392e-05
2025-06-23,VNQ,0.002632087311327469,-0.001012810473173659
2025-06-24,VNQ,-0.02406455123460116,-0.00011223847057014705
2025-06-25,VNQ,-0.0009283590272016751,0.0017979736484153254
2025-06-26,VNQ,0.0024924688154102093,0.00011707262631939359
2025-06-27,VNQ,0.00644136242181248,-0.00011800273226811341
2025-06-30,VNQ,0.007298514038167392,-0.00043715907144541665
2025-07-01,VNQ,0.0023408882389512886,-0.00048716767219740857
2025-07-02,VNQ,0.0011120550094430026,-0.00015161806202759157
2025-07-03,VNQ,-0.008553611136861261,-5.296903518164876e-05
2025-07-07,VNQ,-0.0014565774496699824,0.0005699632010882469
2025-07-08,VNQ,0.0007854618507678879,4.440867978965175e-05
2025-07-09,VNQ,0.006278674223502367,-0.00016700848142786238
2025-07-10,VNQ,0.00011143380606748465,-0.0005762272334528734
2025-07-11,VNQ,0.006461646011771904,-0.00012546692470268668
2025-07-14,VNQ,-0.014722149753525482,-0.0005701473835830885
2025-07-15,VNQ,0.009437190987106936,0.0009155832259237215
2025-07-16,VNQ,-0.0011130095906339843,-0.0006837707581755401
2025-07-17,VNQ,0.0021170657165419104,3.341602879442936e-05
2025-07-18,VNQ,0.004113899931139864,-0.00017906674948018004
2025-07-21,VNQ,0.017163029031639354,-0.0003238939240255937
2025-07-22,VNQ,0.0019594767136901226,-0.0011616043848433032
2025-07-23,VNQ,-0.0034766442401387154,-0.00018441275683668372
2025-07-24,VNQ,0.0001089539684604457,0.0001896345437258219
2025-07-25,VNQ,-0.01602537409213478,-3.2202948440175736e-05
2025-07-28,VNQ,0.016064760911028042,0.0011205633962606974
2025-07-29,VNQ,-0.014175067090478444,-0.0010637976158414855
2025-07-30,VNQ,-0.01404720314659591,0.0010170539797125882
2025-07-31,VNQ,-0.0024679644698464287,0.0010156436895789895
2025-08-01,VNQ,0.010233881645320908,0.00021714189360567623
2025-08-04,VNQ,0.004564187816999077,-0.0006369645211764287
2025-08-05,VNQ,-0.007757220113568719,-0.0002269852411136801
2025-08-06,VNQ,0.002903808778585093,0.0006225843525701166
2025-08-07,VNQ,-0.008240539710034578,-0.00011348432267808397
2025-08-08,VNQ,-0.006624642141811021,0.0006256968176259614
2025-08-11,VNQ,0.0056515854707350766,0.000532526882007752
2025-08-12,VNQ,0.009328933696812536,-0.0003300467932850512
2025-08-13,VNQ,-0.00712682207999038,-0.0005570910677642323
2025-08-14,VNQ,0.005719930588967248,0.000522571916837689
2025-08-15,VNQ,-0.008475464546486622,-0.00033444264237047214
2025-08-18,VNQ,0.017208399878992253,0.0006532287530398894
2025-08-19,VNQ,0.002874736345221507,-0.0011035506945145227
2025-08-20,VNQ,-0.0029767625712714407,-0.0002301122219118593
2025-08-21,VNQ,0.019352085262224872,0.00013202696204223465
2025-08-22,VNQ,-0.005749698669330616,-0.0013554709492965477
2025-08-25,VNQ,-0.002618622048289221,0.0003638425511888697
2025-08-26,VNQ,0.006235599276852577,0.00020891922895552778
2025-08-27,VNQ,-0.002609227138374637,-0.0004840962128505984
2025-08-28,VNQ,0.005450139242367369,0.0001665250234339169
2025-08-29,VNQ,-0.016587151643868925,-0.0003536664022997843
2025-09-02,VNQ,0.0005511850303423493,0.0012049809353010922
2025-09-03,VNQ,0.007492301281914804,-1.2224408494698811e-05
2025-09-04,VNQ,0.011264163838853314,-0.0005081309772389903
2025-09-05,VNQ,-0.0058397378477060835,-0.0007205347118956978
2025-09-08,VNQ,-0.002284186330709037,0.0004466205144803406
2025-09-09,VNQ,-0.0016354327636938226,0.0002372459477540896
2025-09-10,VNQ,0.0182372349005393,0.00022980913149938732
2025-09-11,VNQ,-0.0046117060618109385,-0.0011064578485940916
2025-09-12,VNQ,-0.0016160550104237226,0.00042913791833607234
2025-09-15,VNQ,-0.005288262566444324,0.00022982733664614878
2025-09-16,VNQ,-0.0013019242460993175,0.0004577873866739771
2025-09-17,VNQ,0.0021727311351760203,0.00021088298399468247
2025-09-18,VNQ,-0.00650406182788954,-0.00012094985399415726
2025-09-19,VNQ,0.00021816085813752828,0.0004692116958400007
2025-09-22,VNQ,0.00545438795841835,4.222389213822696e-05
2025-09-23,VNQ,-0.009835968034673015,-0.0004387227918106779
2025-09-24,VNQ,-0.0029866933887225944,0.0006208997967888828
2025-09-25,VNQ,0.009874595932565677,0.00016447528353382378
2025-09-26,VNQ,0.0003297093193637135,-0.0007347815782072418
2025-09-29,VNQ,0.004063580249308529,-6.69635900033273e-05
2025-09-30,VNQ,0.0015314247324706987,-0.00034404671340516836
2025-10-01,VNQ,-0.005242435754291508,-0.00014012713804312997
2025-10-02,VNQ,0.003732922302779995,0.00032752553995826035
2025-10-03,VNQ,-0.009407078024437188,-0.0003180971215421295
2025-10-06,VNQ,-0.0036439244853470054,0.000553056555694515
2025-10-07,VNQ,-0.005208872997126912,0.00019611680000999773
2025-10-08,VNQ,-0.005459155723809728,0.0003377650651477398
2025-10-09,VNQ,-0.012770168189263464,0.000343467868060728
2025-10-10,VNQ,0.006354289093922105,0.0007599830469591128
2025-10-13,VNQ,0.01026035550303206,-0.000542774933017185
2025-10-14,VNQ,0.014509073285061236,-0.0007895816625626287
2025-10-15,VNQ,-0.0035204477599179995,-0.001044877731647457
2025-10-16,VNQ,0.006513643153646331,0.00019649862103107517
2025-10-17,VNQ,0.010090947507923831,-0.00049863221575652
2025-10-20,VNQ,-0.002823284918982205,-0.0006910555476443863
2025-10-21,VNQ,0.004246960378429199,0.0001862329034789112
2025-10-22,VNQ,-0.0006505826430203143,-0.0003271536290578332
2025-10-23,VNQ,0.0029296555587052797,3.204258832057282e-05
2025-10-24,VNQ,0.0028129844344855215,-0.00021771303867302845
2025-10-27,VNQ,-0.019635402176780503,-0.000235227054968164
2025-10-28,VNQ,-0.025751052569835675,0.0013422558618769974
2025-10-29,VNQ,0.004744162035690946,0.0018099760114012194
2025-10-30,VNQ,0.002585743200399948,-0.0002805788465649029
2025-10-31,VNQ,-0.0014577491722536084,-0.00010932089454639474
2025-11-03,VNQ,0.0016843992262411955,0.00015672985816994373
2025-11-04,VNQ,0.0008968414916485923,-3.338546972481474e-05
2025-11-05,VNQ,-0.0048163245424434065,3.5942506212571415e-05
2025-11-06,VNQ,0.015531921942815385,0.0004422012207105379
2025-11-07,VNQ,-0.0005541817011289751,-0.0009258982516942553
2025-11-10,VNQ,0.011199894150924594,0.00021067370487170336
2025-11-11,VNQ,-0.007456924157593581,-0.000602478296367663
2025-11-12,VNQ,-0.012263992621049491,0.0006285796481382853
2025-11-13,VNQ,0.002125266382700719,0.0009015781879071539
2025-11-14,VNQ,-0.00825986818067359,-8.176173106757417e-05
2025-11-17,VNQ,0.004051817248119871,0.0006262489866000682
2025-11-18,VNQ,-0.007846637322620698,-0.00025993886136703817
2025-11-19,VNQ,-0.004180371755533541,0.0005803439045270117
2025-11-20,VNQ,0.01622427075879984,0.0003364212168882017
2025-11-21,VNQ,0.0026794101879636933,-0.0010423325826989234
2025-11-24,VNQ,0.00924182670624396,-0.00014246268283895432
2025-11-25,VNQ,0.004413052957761288,-0.0005936252826462886
2025-11-26,VNQ,0.0032951613914280475,-0.00022802467469855425
2025-11-28,VNQ,-0.01149553014151894,-0.00011792015567360409
2025-12-01,VNQ,-0.003544058646154591,0.0008783690441842805
2025-12-02,VNQ,0.002556341107115001,0.00033130883215222765
2025-12-03,VNQ,-0.0024389496738290717,-7.378101672765559e-05
2025-12-04,VNQ,-0.001111355675080694,0.00027490487709039643
2025-12-05,VNQ,-0.0076768771750307385,0.00017369110013441163
2025-12-08,VNQ,-0.003812201420901884,0.0006475576054845673
2025-12-09,VNQ,0.0036015858816773605,0.0002928980889482412
2025-12-10,VNQ,0.004373738378557368,-0.00018998952481868547
2025-12-11,VNQ,-0.0012282330036804678,-0.00031109800762145804
2025-12-12,VNQ,0.0031303038334156152,9.748203360575373e-05
2025-12-15,VNQ,-0.007355435742074201,-0.00017756772043553946
2025-12-16,VNQ,0.0037048814046645173,0.0005413603038827084
2025-12-17,VNQ,-0.005257233272659145,-0.00018929129224871716
2025-12-18,VNQ,-0.003823258862774459,0.00040468644645818956
2025-12-19,VNQ,0.005137386863714788,0.00032861326220799995
2025-12-22,VNQ,-0.00067994994834919,-0.00026391272031962094
2025-12-23,VNQ,0.006577498182964048,2.6581485800672254e-05
2025-12-24,VNQ,0.0011265230716377417,-0.00048003801975097875
2025-12-26,VNQ,0.0020257049172980324,-0.0001522146113381198
2025-12-29,VNQ,0.0020216097325220783,-0.00023814092659417126
2025-12-30,VNQ,-0.008182073722015293,-0.00025268348420921945
2025-12-31,VNQ,0.00033897053523235243,0.00048358695964981636
2026-01-02,VNQ,0.0022594186234936586,-9.153493264591655e-05
2026-01-05,VNQ,0.007326491007994873,-0.0002273241677354334
2026-01-06,VNQ,-0.009734917132390497,-0.0005680187004552736
2026-01-07,VNQ,0.008926680850371849,0.0006204006302638523
2026-01-08,VNQ,0.00201577510856632,-0.0006330326361797822
2026-01-09,VNQ,0.0013412045853442578,-0.00015703426868708724
2026-01-12,VNQ,0.005580954182012432,-0.00014466189602294077
2026-01-13,VNQ,0.008658093135116118,-0.0004409330651188027
2026-01-14,VNQ,0.006933054832075403,-0.0006355597060294571
2026-01-15,VNQ,0.01224035847966487,-0.0005150851894224814
2026-01-16,VNQ,-0.018570463195779263,-0.0008213966136977967
2026-01-20,VNQ,0.003960401292823379,0.001341973379029541
2026-01-21,VNQ,-0.00986198858802434,-0.00017652225139103562
2026-01-22,VNQ,0.0019920776603814527,0.0007976298806432634
2026-01-23,VNQ,-0.0013253541731086393,-2.887917440907875e-05
2026-01-26,VNQ,-0.00033182128245101694,0.00020065542385074012
2026-01-27,VNQ,-0.010288755381944847,0.00011241960939862135
2026-01-28,VNQ,0.013972659533877163,0.0008053723419973851
2026-01-29,VNQ,0.0009922814549618852,-0.0008623550942346141
2026-01-30,VNQ,-0.010352469724551838,-9.231758337778918e-06
2026-02-02,VNQ,-0.002225639312944838,0.0008165582527267933
2026-02-03,VNQ,0.014387611620205298,0.0002623183667050782
2026-02-04,VNQ,-0.0014293706415720031,-0.0008746813056166159
2026-02-05,VNQ,0.015745497679815035,0.00017672635378088609
2026-02-06,VNQ,0.004227598702012836,-0.0009580200241716073
2026-02-09,VNQ,0.013385127842854505,-0.00021833608086034746
2026-02-10,VNQ,-0.005538956813090246,-0.0007720689241362499
2026-02-11,VNQ,-0.0011781692732620863,0.0005195649944090086
2026-02-12,VNQ,0.014369848136367658,0.00020811300923140923
2026-02-13,VNQ,0.009514802476029649,-0.0008616805253019894
2026-02-17,VNQ,-0.011728902345878423,-0.0005403395863579682
2026-02-18,VNQ,-0.002119439377290755,0.0008793354831792474
2026-02-19,VNQ,0.007539610358606286,0.00024842315664616636
2026-02-20,VNQ,0.00010543514914385099,-0.0004259746741964713
2026-02-23,VNQ,0.002529193070837321,9.969670161774386e-05
2026-02-24,VNQ,-0.0027330467571531347,-8.872732215276066e-05
2026-02-25,VNQ,0.00685138292849663,0.00030006162835313565
2026-02-26,VNQ,0.0017798996428473046,-0.0003504538706612459
2026-02-27,VNQ,0.002508047995317453,3.438759057574684e-05
2026-03-02,VNQ,-0.005316390167670493,-7.309841869757516e-05
2026-03-03,VNQ,0.001257572459603562,0.000468506902919981
2026-03-04,VNQ,-0.010048106500646803,3.704226879310541e-05
2026-03-05,VNQ,-0.010890318267721577,0.0008366311353453213
2026-03-06,VNQ,0.0022448681600413245,0.0008435122530857575
2026-03-09,VNQ,-0.001493226676339443,-5.611703306200404e-05
2026-03-10,VNQ,-0.010361031632903472,0.00011215280118155084
2026-03-11,VNQ,-0.006907661111941077,0.0007129478390347388
2026-03-12,VNQ,0.0016302667049710173,0.00040825028020020026
2026-03-13,VNQ,0.008354906967422027,-0.00015896742765911568
2026-03-16,VNQ,0.004411959325296033,-0.0006033015950593303
2026-03-17,VNQ,-0.014784692185247361,-0.0004213489609691157
2026-03-18,VNQ,-0.004023449425238912,0.0008795794030182052
2026-03-19,VNQ,-0.0310077183602393,0.00017371936227835312
2026-03-20,VNQ,0.007774621607209209,0.002150672279856037
2026-03-23,VNQ,-0.00659929403548265,-0.0005312581898223848
2026-03-24,VNQ,-0.0007963671091278934,0.00045039599485520074
2026-03-25,VNQ,-0.0013660134452874173,4.6731896518266766e-05
2026-03-26,VNQ,-0.00820799387076565,0.00010038015033881514
2026-03-27,VNQ,0.0037931164437914333,0.0005481546591379483
2026-03-30,VNQ,0.01568755502793362,-0.0002798502506916149
2026-03-31,VNQ,0.0036077025060243795,-0.0010794415878131775
2026-04-01,VNQ,0.013592497928858638,-0.00023493110395572084
2026-04-02,VNQ,0.0014407208619964251,-0.0009202893405013333
2026-04-06,VNQ,0.0014386481715624733,-5.676659301366105e-05
2026-04-07,VNQ,0.018013149185537536,-2.194812409621685e-05
2026-04-08,VNQ,0.007164508566396499,-0.0011343222312368171
2026-04-09,VNQ,0.0021556896361067945,-0.00040004768130521813
2026-04-10,VNQ,0.0037642179438648338,-1.5736070528910538e-05
2026-04-13,VNQ,0.009536064896865648,-0.00010028869155651314
2026-04-14,VNQ,0.0007429520035850956,-0.0004952863183338038
2026-04-15,VNQ,0.009226825250038706,6.913218313166572e-05
2026-04-16,VNQ,0.015973115789216674,-0.000514145431201658
2026-04-17,VNQ,0.0036201592093063617,-0.0008640383801613434
2026-04-20,VNQ,-0.01772646508233655,1.9175175507055766e-05
2026-04-21,VNQ,-0.008288807062012293,0.0015248469282370435
2026-04-22,VNQ,0.010262458529383123,0.000865852862857509
2026-04-23,VNQ,-0.001989729269952445,-0.0003925579449945662
2026-04-24,VNQ,-0.005456457169734974,0.0004492620181706609
2026-04-27,VNQ,0.00917912390022635,0.0006994065836122628
2026-04-28,VNQ,-0.007841077622926962,-0.0002824469113564999
2026-04-29,VNQ,0.015068544700851394,0.0008679899803919752
2026-04-30,VNQ,-0.002802925442071391,-0.0007470329135528805
2026-05-01,VNQ,-0.006246088482834811,0.0004745274467146184
2026-05-04,VNQ,0.003142673659164874,0.0006397238629741922
2026-05-05,VNQ,0.013888834189734744,-1.2461789856728378e-05
2026-05-06,VNQ,-0.007209743951351433,-0.0007292805573933051
2026-05-07,VNQ,0.0023861260222359792,0.0006233953545435467
2026-05-08,VNQ,0.0007244974122817549,-4.753979818465442e-05
2026-05-11,VNQ,0.0,6.332845090479858e-05
2026-05-12,VNQ,-0.008273907722311069,0.0001053983350914865
2026-05-13,VNQ,-0.005944288011822563,0.0006336450384828697
2026-05-14,VNQ,-0.01479221211784787,0.0004750276373560224
2026-05-15,VNQ,0.011713300138860738,0.0010856450365523893
2026-05-18,VNQ,0.002841786378673161,-0.0007904240707057591
2026-05-19,VNQ,0.012699375124602064,-0.0002165272575454318
2026-05-20,VNQ,0.001865492019032855,-0.0008423848742834707
2026-05-21,VNQ,0.001034472380869511,-7.372750510326845e-05
2026-05-22,VNQ,0.004650195788298728,-6.550026469599886e-05
2026-05-26,VNQ,-0.0030857810395388263,-0.0002967498837718888
2026-05-27,VNQ,-0.0038175079976126014,0.00024256950601558603
2026-05-28,VNQ,-0.00880382346404418,0.000259312523238606
2026-05-29,VNQ,-0.01682339154497159,0.0006380792279756151
2026-06-01,VNQ,0.004570048708303798,0.0011443670152511388
2026-06-02,VNQ,-0.00116369749141787,-0.0003113095642772717
2026-06-03,VNQ,0.017900618209494512,0.0001079025943788911
2026-06-04,VNQ,0.007180060048207704,-0.001194797270198012
2026-06-05,VNQ,-0.013637818833237447,-0.0005530190710337165
2026-06-08,VNQ,0.02304388689107495,0.0009245699714024084
2026-06-09,VNQ,0.00010244324781982783,-0.0015383804525731732
2026-06-10,VNQ,-0.0007166353077981968,1.4877224029727414e-05
2026-06-11,VNQ,0.009220355084678777,6.520880004610874e-05
2026-06-12,VNQ,-0.007004403124846625,-0.0005520247827132526
2026-06-15,VNQ,0.0024534515362673037,0.0005935610792834852
2026-06-16,VNQ,-0.024984647533747184,-1.103867640698706e-05
2026-06-17,VNQ,-0.0005230108681930634,0.001864360730617689
2026-06-18,VNQ,0.010778598604182399,0.00018358023843611783
2026-06-22,VNQ,0.013148353672840507,-0.0006882312387281373
2026-06-23,VNQ,5.159407199872845e-05,-0.0008442107787183316
2026-06-24,VNQ,0.0018554819215752527,3.8413676979791154e-05
2026-06-25,VNQ,0.015227859762956042,-0.00010943824196165319
2026-06-26,VNQ,-0.0052700583025862,-0.0009649448539615972
2026-06-29,VNQ,-0.01752420982132763,0.0004414137605463186
2026-06-30,VNQ,0.004044378185359188,0.001351217172601621
2026-07-01,VNQ,0.01239410196265811,-6.045668156827856e-05
2026-07-02,VNQ,-0.007957547500610618,-0.0006467302453734652
2026-07-06,VNQ,0.011929285145959367,0.0007783671071277243
2026-07-07,VNQ,-0.016260146842582257,-0.0006708688945472805
2026-07-08,VNQ,0.0029957983160162627,0.0012566243725956293
2026-07-09,VNQ,0.0023689707035638996,-1.5811347479142805e-06
2026-07-10,VNQ,0.005240465863437294,-8.093379657841807e-05
2026-07-13,VNQ,-0.002657693257324678,-0.0002810678847451406
2026-07-14,VNQ,0.0029722344617648666,0.00026673363679183737
2026-07-15,VNQ,0.02258327274360239,-0.0001525994183871087
2026-07-16,VNQ,-0.0004996807425832195,-0.0013883479511337792
2026-07-17,VNQ,-0.005398853271909698,0.00018285438292012823
2026-07-20,VNQ,0.00040202336935313276,0.0005832454733905328
2026-07-21,VNQ,-0.005024115925096662,0.00018793593870971334
2026-07-22,VNQ,-0.0033326016243939716,0.0005026031324185934
2026-07-23,VNQ,0.021481356416483965,0.00031389894477304816
2026-07-24,VNQ,-0.002678272488891742,-0.0013113120918113088
2026-07-27,VNQ,0.004077939416962328,0.0003290145112971993
2026-07-28,VNQ,-0.0028726428419953987,-0.00021308907121416994
2026-07-29,VNQ,-0.011623343490700377,0.0002931401939489023
2026-07-30,VNQ,-0.005427690492734061,0.0009494244441237245
2026-07-31,VNQ,0.0012127614985657509,0.000528699167981018
2026-08-03,VNQ,-0.0015140963595534629,8.613314568554887e-06
2026-08-04,VNQ,0.0,0.00021863544599886914
2026-08-05,VNQ,-0.008896050037476066,5.894943794664098e-05
2026-08-06,VNQ,0.0039779619135711375,0.0007265974367734933
2026-08-07,VNQ,-0.013410542423363259,-0.00017293856684117727
2026-08-10,VNQ,-0.007517283002218322,0.0010289551089240128
2026-08-11,VNQ,0.009649308276389545,0.000613179446916294
2026-08-12,VNQ,0.013051118120686267,-0.0005499542296935625
2026-08-13,VNQ,0.0025360113142263163,-0.0007950828338872234
2026-08-14,VNQ,-0.008600611741099717,-0.00022790155253892116
2026-08-17,VNQ,-0.0036742253318781115,0.00052522397076147
2026-08-18,VNQ,0.010141342306038581,0.00022148597216174441
2026-08-19,VNQ,-0.00010143125614603399,-0.0007103012392520977
2026-08-20,VNQ,-0.0010141833232111264,2.0701646762466287e-05
2026-08-21,VNQ,0.006091355067219251,9.492898232601993e-05
2026-08-24,VNQ,0.001513638024102315,-0.0005290502510486138
2026-08-25,VNQ,-0.006448356570765146,-0.00020355009528467906
