date,ticker,close,volume
2016-01-04,DBC,11.210502624511719,2307600
2016-01-05,DBC,11.10059642791748,1210000
2016-01-06,DBC,10.923052787780762,2668600
2016-01-07,DBC,10.872326850891113,10692400
2016-01-08,DBC,10.821601867675781,2809600
2016-01-11,DBC,10.525697708129883,2629100
2016-01-12,DBC,10.458063125610352,2398200
2016-01-13,DBC,10.398882865905762,2554200
2016-01-14,DBC,10.42424488067627,1813100
2016-01-15,DBC,10.204432487487793,1963500
2016-01-19,DBC,10.119888305664062,3776800
2016-01-20,DBC,10.04379940032959,2239200
2016-01-21,DBC,10.179069519042969,2564100
2016-01-22,DBC,10.483426094055176,1994500
2016-01-25,DBC,10.255159378051758,1983100
2016-01-26,DBC,10.458063125610352,2018600
2016-01-27,DBC,10.584878921508789,1485200
2016-01-28,DBC,10.703240394592285,1943200
2016-01-29,DBC,10.804692268371582,2920600
2016-02-01,DBC,10.601786613464355,1724600
2016-02-02,DBC,10.415790557861328,5602500
2016-02-03,DBC,10.677876472473145,3106600
2016-02-04,DBC,10.660967826843262,2606400
2016-02-05,DBC,10.593332290649414,1709200
2016-02-08,DBC,10.542607307434082,1685700
2016-02-09,DBC,10.272067070007324,2762900
2016-02-10,DBC,10.288975715637207,3157100
2016-02-11,DBC,10.415790557861328,1966700
2016-02-12,DBC,10.567970275878906,3251400
2016-02-16,DBC,10.449607849121094,3558900
2016-02-17,DBC,10.669422149658203,1704300
2016-02-18,DBC,10.610241889953613,2005500
2016-02-19,DBC,10.517243385314941,835500
2016-02-22,DBC,10.677876472473145,719000
2016-02-23,DBC,10.534152030944824,1496800
2016-02-24,DBC,10.669422149658203,2438900
2016-02-25,DBC,10.660967826843262,3589400
2016-02-26,DBC,10.644060134887695,1686500
2016-02-29,DBC,10.779328346252441,1814000
2016-03-01,DBC,10.7877836227417,2144600
2016-03-02,DBC,10.846963882446289,4519700
2016-03-03,DBC,10.906144142150879,1597000
2016-03-04,DBC,11.117505073547363,2063900
2016-03-07,DBC,11.320408821105957,2785500
2016-03-08,DBC,11.168231010437012,2116400
2016-03-09,DBC,11.33731746673584,2552700
2016-03-10,DBC,11.320408821105957,2836700
2016-03-11,DBC,11.36268138885498,1010900
2016-03-14,DBC,11.26122760772705,1062700
2016-03-15,DBC,11.168231010437012,1619200
2016-03-16,DBC,11.36268138885498,2431000
2016-03-17,DBC,11.489497184753418,1000400
2016-03-18,DBC,11.48104190826416,1791100
2016-03-21,DBC,11.514859199523926,9810500
2016-03-22,DBC,11.599404335021973,1498800
2016-03-23,DBC,11.354227066040039,3167100
2016-03-24,DBC,11.286592483520508,1838700
2016-03-28,DBC,11.320408821105957,1000300
2016-03-29,DBC,11.295045852661133,2303600
2016-03-30,DBC,11.252774238586426,1336100
2016-03-31,DBC,11.235865592956543,3581700
2016-04-01,DBC,11.041417121887207,1170800
2016-04-04,DBC,10.889235496520996,4662300
2016-04-05,DBC,10.863873481750488,1833000
2016-04-06,DBC,10.982234954833984,4849500
2016-04-07,DBC,10.948416709899902,1046200
2016-04-08,DBC,11.210502624511719,1298800
2016-04-11,DBC,11.295045852661133,1763800
2016-04-12,DBC,11.540224075317383,2560000
2016-04-13,DBC,11.599404335021973,1907900
2016-04-14,DBC,11.506404876708984,1084600
2016-04-15,DBC,11.464134216308594,879400
2016-04-18,DBC,11.514859199523926,1204700
2016-04-19,DBC,11.76003646850586,2227000
2016-04-20,DBC,11.98830509185791,2408200
2016-04-21,DBC,11.937579154968262,2702000
2016-04-22,DBC,11.886852264404297,2134900
2016-04-25,DBC,11.878397941589355,1574200
2016-04-26,DBC,12.030576705932617,1528300
2016-04-27,DBC,12.140483856201172,1682600
2016-04-28,DBC,12.208118438720703,1944200
2016-04-29,DBC,12.326480865478516,8719300
2016-05-02,DBC,12.157393455505371,6749000
2016-05-03,DBC,11.971396446228027,2723600
2016-05-04,DBC,11.979850769042969,2021000
2016-05-05,DBC,11.861489295959473,1184200
2016-05-06,DBC,11.937579154968262,6854200
2016-05-09,DBC,11.675494194030762,2163300
2016-05-10,DBC,11.96294116973877,1420900
2016-05-11,DBC,12.241935729980469,1851100
2016-05-12,DBC,12.258845329284668,1270700
2016-05-13,DBC,12.241935729980469,1550800
2016-05-16,DBC,12.377206802368164,3273500
2016-05-17,DBC,12.47020435333252,1425200
2016-05-18,DBC,12.377206802368164,1987300
2016-05-19,DBC,12.343389511108398,5004300
2016-05-20,DBC,12.394115447998047,3424800
2016-05-23,DBC,12.326480865478516,1290200
2016-05-24,DBC,12.326480865478516,964200
2016-05-25,DBC,12.47020435333252,1638500
2016-05-26,DBC,12.461750030517578,1422400
2016-05-27,DBC,12.512476921081543,1472500
2016-05-31,DBC,12.43638801574707,10015000
2016-06-01,DBC,12.563201904296875,3179200
2016-06-02,DBC,12.588565826416016,6854400
2016-06-03,DBC,12.673110008239746,2211300
2016-06-06,DBC,12.825288772583008,2936900
2016-06-07,DBC,12.952103614807129,1394200
2016-06-08,DBC,13.171917915344238,2748200
2016-06-09,DBC,13.14655590057373,3062200
2016-06-10,DBC,12.985921859741211,2965700
2016-06-13,DBC,12.985921859741211,1594600
2016-06-14,DBC,12.901378631591797,1276500
2016-06-15,DBC,12.833742141723633,1829800
2016-06-16,DBC,12.613929748535156,1836500
2016-06-17,DBC,12.909832954406738,2476300
2016-06-20,DBC,13.028192520141602,1654100
2016-06-21,DBC,12.926740646362305,1550500
2016-06-22,DBC,12.8506498336792,2251100
2016-06-23,DBC,12.952103614807129,1561500
2016-06-24,DBC,12.690017700195312,1583000
2016-06-27,DBC,12.664655685424805,2276900
2016-06-28,DBC,12.867559432983398,1645800
2016-06-29,DBC,13.053556442260742,1671000
2016-06-30,DBC,12.97746753692627,2216100
2016-07-01,DBC,13.138100624084473,3913400
2016-07-05,DBC,12.766107559204102,4526800
2016-07-06,DBC,12.81683349609375,2535300
2016-07-07,DBC,12.453295707702637,3347900
2016-07-08,DBC,12.58011245727539,1516800
2016-07-11,DBC,12.529383659362793,1756600
2016-07-12,DBC,12.766107559204102,1414900
2016-07-13,DBC,12.605474472045898,2742600
2016-07-14,DBC,12.656201362609863,1645000
2016-07-15,DBC,12.622384071350098,1406800
2016-07-18,DBC,12.563201904296875,1465100
2016-07-19,DBC,12.487113952636719,854300
2016-07-20,DBC,12.402569770812988,1813100
2016-07-21,DBC,12.334935188293457,1309000
2016-07-22,DBC,12.309572219848633,1728300
2016-07-25,DBC,12.174301147460938,1248400
2016-07-26,DBC,12.123575210571289,1451600
2016-07-27,DBC,12.005213737487793,2628900
2016-07-28,DBC,11.971396446228027,1235000
2016-07-29,DBC,12.07284927368164,3017000
2016-08-01,DBC,11.861489295959473,4540600
2016-08-02,DBC,11.844581604003906,3700300
2016-08-03,DBC,12.039031028747559,2559600
2016-08-04,DBC,12.08975887298584,1414600
2016-08-05,DBC,12.140483856201172,2201400
2016-08-08,DBC,12.208118438720703,2999900
2016-08-09,DBC,12.174301147460938,1660300
2016-08-10,DBC,12.030576705932617,2213200
2016-08-11,DBC,12.216573715209961,1959300
2016-08-12,DBC,12.309572219848633,1653700
2016-08-15,DBC,12.512476921081543,1281800
2016-08-16,DBC,12.613929748535156,3543400
2016-08-17,DBC,12.664655685424805,2806700
2016-08-18,DBC,12.825288772583008,1961600
2016-08-19,DBC,12.783015251159668,1215400
2016-08-22,DBC,12.664655685424805,931700
2016-08-23,DBC,12.715380668640137,934000
2016-08-24,DBC,12.563201904296875,1471700
2016-08-25,DBC,12.613929748535156,694600
2016-08-26,DBC,12.571657180786133,808500
2016-08-29,DBC,12.520931243896484,841700
2016-08-30,DBC,12.402569770812988,1382300
2016-08-31,DBC,12.165847778320312,13259500
2016-09-01,DBC,12.030576705932617,2227000
2016-09-02,DBC,12.165847778320312,3184400
2016-09-06,DBC,12.250391006469727,1680200
2016-09-07,DBC,12.360297203063965,1148500
2016-09-08,DBC,12.58011245727539,2248200
2016-09-09,DBC,12.385660171508789,2072800
2016-09-12,DBC,12.385660171508789,2022200
2016-09-13,DBC,12.225027084350586,1215500
2016-09-14,DBC,12.132030487060547,1505100
2016-09-15,DBC,12.191210746765137,1056200
2016-09-16,DBC,12.208118438720703,977800
2016-09-19,DBC,12.199665069580078,2235400
2016-09-20,DBC,12.241935729980469,1666700
2016-09-21,DBC,12.394115447998047,1457700
2016-09-22,DBC,12.461750030517578,950600
2016-09-23,DBC,12.318025588989258,1551600
2016-09-26,DBC,12.402569770812988,1043900
2016-09-27,DBC,12.284208297729492,1134000
2016-09-28,DBC,12.571657180786133,2413800
2016-09-29,DBC,12.647747039794922,1276900
2016-09-30,DBC,12.690017700195312,1924000
2016-10-03,DBC,12.799924850463867,4734500
2016-10-04,DBC,12.766107559204102,1430600
2016-10-05,DBC,12.842196464538574,4075500
2016-10-06,DBC,12.867559432983398,1460000
2016-10-07,DBC,12.833742141723633,1358400
2016-10-10,DBC,12.97746753692627,1547900
2016-10-11,DBC,12.901378631591797,2989800
2016-10-12,DBC,12.808379173278809,3655800
2016-10-13,DBC,12.892923355102539,1197700
2016-10-14,DBC,12.901378631591797,1170100
2016-10-17,DBC,12.91828727722168,2010500
2016-10-18,DBC,12.943650245666504,786500
2016-10-19,DBC,13.028192520141602,2279500
2016-10-20,DBC,12.909832954406738,1212700
2016-10-21,DBC,12.96055793762207,1034100
2016-10-24,DBC,12.969013214111328,1957200
2016-10-25,DBC,12.909832954406738,1372400
2016-10-26,DBC,12.825288772583008,1892200
2016-10-27,DBC,12.901378631591797,1052400
2016-10-28,DBC,12.81683349609375,1447700
2016-10-31,DBC,12.647747039794922,3300300
2016-11-01,DBC,12.706926345825195,4391000
2016-11-02,DBC,12.55474853515625,3264600
2016-11-03,DBC,12.512476921081543,1884900
2016-11-04,DBC,12.427932739257812,1725100
2016-11-07,DBC,12.478658676147461,8293200
2016-11-08,DBC,12.461750030517578,1254200
2016-11-09,DBC,12.520931243896484,3111200
2016-11-10,DBC,12.419478416442871,1535100
2016-11-11,DBC,12.182756423950195,1701800
2016-11-14,DBC,12.157393455505371,3068400
2016-11-15,DBC,12.427932739257812,4373300
2016-11-16,DBC,12.275754928588867,2185900
2016-11-17,DBC,12.301116943359375,1104100
2016-11-18,DBC,12.402569770812988,1603800
2016-11-21,DBC,12.749198913574219,10376300
2016-11-22,DBC,12.732290267944336,2566400
2016-11-23,DBC,12.783015251159668,1863600
2016-11-25,DBC,12.690017700195312,2590900
2016-11-28,DBC,12.732290267944336,2835400
2016-11-29,DBC,12.478658676147461,6781500
2016-11-30,DBC,12.859105110168457,5383700
2016-12-01,DBC,13.09582805633545,3661700
2016-12-02,DBC,13.188827514648438,2360500
2016-12-05,DBC,13.256462097167969,3254700
2016-12-06,DBC,13.197280883789062,1398100
2016-12-07,DBC,13.09582805633545,1842300
2016-12-08,DBC,13.12119197845459,1693000
2016-12-09,DBC,13.188827514648438,2500600
2016-12-12,DBC,13.273370742797852,2873400
2016-12-13,DBC,13.307188987731934,1381300
2016-12-14,DBC,13.180373191833496,3129200
2016-12-15,DBC,13.163463592529297,1580500
2016-12-16,DBC,13.22264575958252,1148900
2016-12-19,DBC,13.14655590057373,1565600
2016-12-20,DBC,13.205735206604004,2103500
2016-12-21,DBC,13.129646301269531,4886500
2016-12-22,DBC,13.112737655639648,3033800
2016-12-23,DBC,13.138100624084473,1265400
2016-12-27,DBC,13.341005325317383,1303600
2016-12-28,DBC,13.349459648132324,1603200
2016-12-29,DBC,13.366369247436523,1198000
2016-12-30,DBC,13.391732215881348,1623400
2017-01-03,DBC,13.231099128723145,5935100
2017-01-04,DBC,13.332551002502441,3281500
2017-01-05,DBC,13.400187492370605,28475900
2017-01-06,DBC,13.383277893066406,2781800
2017-01-09,DBC,13.180373191833496,3365900
2017-01-10,DBC,13.12119197845459,1915100
2017-01-11,DBC,13.264915466308594,2711900
2017-01-12,DBC,13.459365844726562,1752700
2017-01-13,DBC,13.434003829956055,1241000
2017-01-17,DBC,13.425549507141113,2168100
2017-01-18,DBC,13.307188987731934,1570600
2017-01-19,DBC,13.264915466308594,2495900
2017-01-20,DBC,13.417095184326172,1780900
2017-01-23,DBC,13.417095184326172,1390700
2017-01-24,DBC,13.450911521911621,2219200
2017-01-25,DBC,13.366369247436523,1724200
2017-01-26,DBC,13.425549507141113,2201400
2017-01-27,DBC,13.315642356872559,1835600
2017-01-30,DBC,13.239553451538086,4275000
2017-01-31,DBC,13.315642356872559,14620200
2017-02-01,DBC,13.459365844726562,4732000
2017-02-02,DBC,13.459365844726562,3617100
2017-02-03,DBC,13.450911521911621,2433500
2017-02-06,DBC,13.366369247436523,2332800
2017-02-07,DBC,13.307188987731934,2026500
2017-02-08,DBC,13.357914924621582,2314600
2017-02-09,DBC,13.425549507141113,1669500
2017-02-10,DBC,13.5692720413208,2768200
2017-02-13,DBC,13.417095184326172,1122500
2017-02-14,DBC,13.434003829956055,1679700
2017-02-15,DBC,13.450911521911621,1350400
2017-02-16,DBC,13.366369247436523,1300300
2017-02-17,DBC,13.341005325317383,2265500
2017-02-21,DBC,13.3240966796875,1838700
2017-02-22,DBC,13.256462097167969,2480700
2017-02-23,DBC,13.298733711242676,2209700
2017-02-24,DBC,13.273370742797852,1371600
2017-02-27,DBC,13.239553451538086,1914300
2017-02-28,DBC,13.29028034210205,2321000
2017-03-01,DBC,13.349459648132324,2324000
2017-03-02,DBC,13.138100624084473,1381200
2017-03-03,DBC,13.205735206604004,1805600
2017-03-06,DBC,13.188827514648438,1297800
2017-03-07,DBC,13.129646301269531,1468000
2017-03-08,DBC,12.833742141723633,4012200
2017-03-09,DBC,12.723834991455078,4657800
2017-03-10,DBC,12.605474472045898,4163400
2017-03-13,DBC,12.588565826416016,2701200
2017-03-14,DBC,12.53783893585205,2946400
2017-03-15,DBC,12.647747039794922,3442700
2017-03-16,DBC,12.630838394165039,2088200
2017-03-17,DBC,12.673110008239746,1161700
2017-03-20,DBC,12.664655685424805,2166400
2017-03-21,DBC,12.597021102905273,1882000
2017-03-22,DBC,12.588565826416016,1921500
2017-03-23,DBC,12.563201904296875,1511400
2017-03-24,DBC,12.605474472045898,1372400
2017-03-27,DBC,12.588565826416016,2124000
2017-03-28,DBC,12.664655685424805,1713300
2017-03-29,DBC,12.783015251159668,2553000
2017-03-30,DBC,12.833742141723633,1325100
2017-03-31,DBC,12.859105110168457,3000100
2017-04-03,DBC,12.808379173278809,4604200
2017-04-04,DBC,12.935195922851562,4604200
2017-04-05,DBC,12.96055793762207,4604600
2017-04-06,DBC,12.994376182556152,2856200
2017-04-07,DBC,13.028192520141602,6227100
2017-04-10,DBC,13.129646301269531,945800
2017-04-11,DBC,13.155010223388672,1391600
2017-04-12,DBC,13.155010223388672,1429300
2017-04-13,DBC,13.197280883789062,2123000
2017-04-17,DBC,13.12119197845459,1866000
2017-04-18,DBC,13.070466041564941,1462800
2017-04-19,DBC,12.842196464538574,2094500
2017-04-20,DBC,12.791470527648926,1847400
2017-04-21,DBC,12.664655685424805,1585100
2017-04-24,DBC,12.622384071350098,1767600
2017-04-25,DBC,12.681563377380371,1586400
2017-04-26,DBC,12.613929748535156,5213800
2017-04-27,DBC,12.546293258666992,919000
2017-04-28,DBC,12.512476921081543,2065900
2017-05-01,DBC,12.53783893585205,3598700
2017-05-02,DBC,12.402569770812988,3162000
2017-05-03,DBC,12.351842880249023,2146400
2017-05-04,DBC,12.055939674377441,3352800
2017-05-05,DBC,12.225027084350586,2436200
2017-05-08,DBC,12.174301147460938,1583100
2017-05-09,DBC,12.115120887756348,1473000
2017-05-10,DBC,12.309572219848633,2232100
2017-05-11,DBC,12.360297203063965,1312200
2017-05-12,DBC,12.360297203063965,788700
2017-05-15,DBC,12.427932739257812,893700
2017-05-16,DBC,12.444841384887695,755700
2017-05-17,DBC,12.529383659362793,3215000
2017-05-18,DBC,12.495567321777344,841700
2017-05-19,DBC,12.740744590759277,736600
2017-05-22,DBC,12.825288772583008,1975400
2017-05-23,DBC,12.783015251159668,1361200
2017-05-24,DBC,12.75765323638916,1150900
2017-05-25,DBC,12.478658676147461,1306400
2017-05-26,DBC,12.571657180786133,1106200
2017-05-30,DBC,12.47020435333252,2593000
2017-05-31,DBC,12.334935188293457,2029200
2017-06-01,DBC,12.250391006469727,2487200
2017-06-02,DBC,12.191210746765137,1460600
2017-06-05,DBC,12.123575210571289,1512700
2017-06-06,DBC,12.208118438720703,1064100
2017-06-07,DBC,12.039031028747559,1661800
2017-06-08,DBC,12.039031028747559,1348100
2017-06-09,DBC,12.106666564941406,1206000
2017-06-12,DBC,11.996758460998535,2584100
2017-06-13,DBC,12.047484397888184,890000
2017-06-14,DBC,11.836126327514648,1195800
2017-06-15,DBC,11.886852264404297,1042900
2017-06-16,DBC,11.937579154968262,1476500
2017-06-19,DBC,11.861489295959473,957700
2017-06-20,DBC,11.743127822875977,1559400
2017-06-21,DBC,11.616312980651855,2879400
2017-06-22,DBC,11.633221626281738,1305700
2017-06-23,DBC,11.683947563171387,1874600
2017-06-26,DBC,11.709311485290527,1566600
2017-06-27,DBC,11.844581604003906,1174900
2017-06-28,DBC,11.920669555664062,2204700
2017-06-29,DBC,11.971396446228027,893600
2017-06-30,DBC,12.216573715209961,2047400
2017-07-03,DBC,12.343389511108398,3013000
2017-07-05,DBC,12.157393455505371,3157600
2017-07-06,DBC,12.165847778320312,3055900
2017-07-07,DBC,12.047484397888184,1950900
2017-07-10,DBC,12.098213195800781,979500
2017-07-11,DBC,12.216573715209961,759800
2017-07-12,DBC,12.157393455505371,1252300
2017-07-13,DBC,12.14893913269043,630000
2017-07-14,DBC,12.284208297729492,759000
2017-07-17,DBC,12.241935729980469,1141300
2017-07-18,DBC,12.292662620544434,858900
2017-07-19,DBC,12.402569770812988,825500
2017-07-20,DBC,12.385660171508789,1132100
2017-07-21,DBC,12.216573715209961,894800
2017-07-24,DBC,12.241935729980469,606700
2017-07-25,DBC,12.377206802368164,722700
2017-07-26,DBC,12.495567321777344,2389200
2017-07-27,DBC,12.571657180786133,1062200
2017-07-28,DBC,12.63929271697998,834800
2017-07-31,DBC,12.715380668640137,1109900
2017-08-01,DBC,12.571657180786133,1041300
2017-08-02,DBC,12.597021102905273,2126600
2017-08-03,DBC,12.504022598266602,2187100
2017-08-04,DBC,12.529383659362793,1113200
2017-08-07,DBC,12.55474853515625,989400
2017-08-08,DBC,12.563201904296875,1113800
2017-08-09,DBC,12.647747039794922,1013700
2017-08-10,DBC,12.453295707702637,2661400
2017-08-11,DBC,12.495567321777344,1543200
2017-08-14,DBC,12.385660171508789,1346600
2017-08-15,DBC,12.326480865478516,839800
2017-08-16,DBC,12.292662620544434,2787700
2017-08-17,DBC,12.326480865478516,1782100
2017-08-18,DBC,12.546293258666992,1266300
2017-08-21,DBC,12.394115447998047,953900
2017-08-22,DBC,12.427932739257812,1118900
2017-08-23,DBC,12.53783893585205,1042000
2017-08-24,DBC,12.529383659362793,766200
2017-08-25,DBC,12.504022598266602,565000
2017-08-28,DBC,12.512476921081543,925900
2017-08-29,DBC,12.512476921081543,712000
2017-08-30,DBC,12.419478416442871,831900
2017-08-31,DBC,12.766107559204102,2587700
2017-09-01,DBC,12.783015251159668,2722900
2017-09-05,DBC,12.808379173278809,1211700
2017-09-06,DBC,12.935195922851562,2212200
2017-09-07,DBC,12.926740646362305,1205400
2017-09-08,DBC,12.783015251159668,1041000
2017-09-11,DBC,12.808379173278809,1104300
2017-09-12,DBC,12.842196464538574,1451600
2017-09-13,DBC,12.901378631591797,909200
2017-09-14,DBC,12.909832954406738,944000
2017-09-15,DBC,12.969013214111328,1176500
2017-09-18,DBC,12.952103614807129,1693700
2017-09-19,DBC,12.926740646362305,537400
2017-09-20,DBC,13.03664779663086,1577600
2017-09-21,DBC,12.985921859741211,1146000
2017-09-22,DBC,13.03664779663086,667000
2017-09-25,DBC,13.256462097167969,1120300
2017-09-26,DBC,13.138100624084473,1114000
2017-09-27,DBC,13.087372779846191,2008000
2017-09-28,DBC,13.087372779846191,909000
2017-09-29,DBC,13.01973819732666,3072300
2017-10-02,DBC,12.909832954406738,3580000
2017-10-03,DBC,12.91828727722168,1384500
2017-10-04,DBC,12.935195922851562,1411000
2017-10-05,DBC,13.078920364379883,1391000
2017-10-06,DBC,12.87601375579834,1384400
2017-10-09,DBC,12.884469032287598,632700
2017-10-10,DBC,13.03664779663086,650600
2017-10-11,DBC,13.06201171875,709300
2017-10-12,DBC,13.0451021194458,789900
2017-10-13,DBC,13.171917915344238,627000
2017-10-16,DBC,13.205735206604004,905300
2017-10-17,DBC,13.188827514648438,615100
2017-10-18,DBC,13.180373191833496,503200
2017-10-19,DBC,13.12119197845459,1757100
2017-10-20,DBC,13.188827514648438,503700
2017-10-23,DBC,13.188827514648438,1102300
2017-10-24,DBC,13.3240966796875,687100
2017-10-25,DBC,13.341005325317383,865300
2017-10-26,DBC,13.400187492370605,500200
2017-10-27,DBC,13.46782112121582,892900
2017-10-30,DBC,13.50163745880127,1241900
2017-10-31,DBC,13.535455703735352,2245500
2017-11-01,DBC,13.54391098022461,5287100
2017-11-02,DBC,13.628454208374023,5054600
2017-11-03,DBC,13.712997436523438,4649100
2017-11-06,DBC,13.97508430480957,7479300
2017-11-07,DBC,13.89054012298584,5736700
2017-11-08,DBC,13.865177154541016,1670700
2017-11-09,DBC,13.89054012298584,1459500
2017-11-10,DBC,13.865177154541016,1740600
2017-11-13,DBC,13.822904586791992,1918500
2017-11-14,DBC,13.636906623840332,2498800
2017-11-15,DBC,13.619998931884766,1621100
2017-11-16,DBC,13.577726364135742,1457700
2017-11-17,DBC,13.797541618347168,6369300
2017-11-20,DBC,13.687634468078613,1627800
2017-11-21,DBC,13.780632019042969,1094100
2017-11-22,DBC,13.856722831726074,1651300
2017-11-24,DBC,13.898995399475098,576200
2017-11-27,DBC,13.873631477355957,1248900
2017-11-28,DBC,13.814449310302734,3163600
2017-11-29,DBC,13.721452713012695,1814100
2017-11-30,DBC,13.662270545959473,1926400
2017-12-01,DBC,13.780632019042969,6363500
2017-12-04,DBC,13.61154556274414,1210300
2017-12-05,DBC,13.61154556274414,858700
2017-12-06,DBC,13.383277893066406,1976500
2017-12-07,DBC,13.425549507141113,2405000
2017-12-08,DBC,13.493183135986328,1667400
2017-12-11,DBC,13.527000427246094,1083500
2017-12-12,DBC,13.408639907836914,918500
2017-12-13,DBC,13.349459648132324,2441600
2017-12-14,DBC,13.391732215881348,2278800
2017-12-15,DBC,13.391732215881348,1953200
2017-12-18,DBC,13.450911521911621,1587300
2017-12-19,DBC,13.55236530303955,1575000
2017-12-20,DBC,13.628454208374023,1741300
2017-12-21,DBC,13.636906623840332,3497500
2017-12-22,DBC,13.696089744567871,3404600
2017-12-26,DBC,13.898995399475098,1793800
2017-12-27,DBC,13.932811737060547,6071600
2017-12-28,DBC,14.000446319580078,1933800
2017-12-29,DBC,14.042719841003418,1984300
2018-01-02,DBC,14.11035442352295,3995700
2018-01-03,DBC,14.194897651672363,6139800
2018-01-04,DBC,14.17798900604248,2532700
2018-01-05,DBC,14.127262115478516,1746400
2018-01-08,DBC,14.11880874633789,2208000
2018-01-09,DBC,14.211806297302246,5148000
2018-01-10,DBC,14.262533187866211,2467700
2018-01-11,DBC,14.254077911376953,3052900
2018-01-12,DBC,14.347074508666992,7625800
2018-01-16,DBC,14.279439926147461,2398900
2018-01-17,DBC,14.296348571777344,2351900
2018-01-18,DBC,14.296348571777344,1805400
2018-01-19,DBC,14.27098560333252,1306200
2018-01-22,DBC,14.304802894592285,3227700
2018-01-23,DBC,14.406255722045898,2381700
2018-01-24,DBC,14.558435440063477,2814600
2018-01-25,DBC,14.473891258239746,2613300
2018-01-26,DBC,14.5837984085083,3436100
2018-01-29,DBC,14.54152774810791,1304500
2018-01-30,DBC,14.440073013305664,4444600
2018-01-31,DBC,14.456981658935547,35764200
2018-02-01,DBC,14.6007080078125,4764400
2018-02-02,DBC,14.363984107971191,2011500
2018-02-05,DBC,14.228713989257812,3294800
2018-02-06,DBC,14.144170761108398,7712100
2018-02-07,DBC,13.983538627624512,2161100
2018-02-08,DBC,13.839814186096191,5035800
2018-02-09,DBC,13.636906623840332,8507700
2018-02-12,DBC,13.721452713012695,3396000
2018-02-13,DBC,13.746814727783203,1387300
2018-02-14,DBC,13.958175659179688,4016700
2018-02-15,DBC,13.983538627624512,3893600
2018-02-16,DBC,14.008901596069336,2223600
2018-02-20,DBC,14.051173210144043,2657100
2018-02-21,DBC,14.034265518188477,2374900
2018-02-22,DBC,14.161080360412598,2693000
2018-02-23,DBC,14.254077911376953,2696100
2018-02-26,DBC,14.330166816711426,3158200
2018-02-27,DBC,14.186444282531738,4760600
2018-02-28,DBC,14.034265518188477,3710600
2018-03-01,DBC,14.059626579284668,5442800
2018-03-02,DBC,14.059626579284668,5425400
2018-03-05,DBC,14.144170761108398,2534600
2018-03-06,DBC,14.194897651672363,1780600
2018-03-07,DBC,14.042719841003418,3375200
2018-03-08,DBC,13.958175659179688,2651700
2018-03-09,DBC,14.093445777893066,3346700
2018-03-12,DBC,14.06808090209961,1367100
2018-03-13,DBC,14.025811195373535,1913900
2018-03-14,DBC,14.025811195373535,1961200
2018-03-15,DBC,14.017355918884277,1128100
2018-03-16,DBC,14.06808090209961,1023900
2018-03-19,DBC,13.97508430480957,1684700
2018-03-20,DBC,14.06808090209961,1326300
2018-03-21,DBC,14.321712493896484,1728000
2018-03-22,DBC,14.211806297302246,1750400
2018-03-23,DBC,14.33862018585205,2532600
2018-03-26,DBC,14.347074508666992,3299900
2018-03-27,DBC,14.287894248962402,1288100
2018-03-28,DBC,14.228713989257812,1471000
2018-03-29,DBC,14.35552978515625,4371400
2018-04-02,DBC,14.161080360412598,4823100
2018-04-03,DBC,14.237170219421387,2854300
2018-04-04,DBC,14.17798900604248,2547400
2018-04-05,DBC,14.245623588562012,2639300
2018-04-06,DBC,14.144170761108398,1521400
2018-04-09,DBC,14.321712493896484,1801800
2018-04-10,DBC,14.566888809204102,3665900
2018-04-11,DBC,14.676797866821289,2567200
2018-04-12,DBC,14.617616653442383,2685700
2018-04-13,DBC,14.626069068908691,2084300
2018-04-16,DBC,14.575345039367676,2116200
2018-04-17,DBC,14.5837984085083,1824000
2018-04-18,DBC,14.854339599609375,2904200
2018-04-19,DBC,14.795159339904785,1997600
2018-04-20,DBC,14.769795417785645,1981000
2018-04-23,DBC,14.761340141296387,2094000
2018-04-24,DBC,14.68525218963623,1724100
2018-04-25,DBC,14.710614204406738,1745900
2018-04-26,DBC,14.786704063415527,2550400
2018-04-27,DBC,14.77824878692627,1519700
2018-04-30,DBC,14.845885276794434,2875400
2018-05-01,DBC,14.761340141296387,2598700
2018-05-02,DBC,14.761340141296387,2170000
2018-05-03,DBC,14.854339599609375,2117500
2018-05-04,DBC,14.955792427062988,1602700
2018-05-07,DBC,14.94733715057373,1544800
2018-05-08,DBC,14.989608764648438,4060900
2018-05-09,DBC,15.1248779296875,5029300
2018-05-10,DBC,15.200966835021973,2579600
2018-05-11,DBC,15.107969284057617,1407800
2018-05-14,DBC,15.217877388000488,2200600
2018-05-15,DBC,15.234784126281738,2064900
2018-05-16,DBC,15.319330215454102,2955100
2018-05-17,DBC,15.336237907409668,1644800
2018-05-18,DBC,15.344691276550293,1696500
2018-05-21,DBC,15.463054656982422,2535700
2018-05-22,DBC,15.479961395263672,2626500
2018-05-23,DBC,15.564507484436035,1879300
2018-05-24,DBC,15.463054656982422,1139800
2018-05-25,DBC,15.234784126281738,2612300
2018-05-29,DBC,15.09106159210205,3213300
2018-05-30,DBC,15.285511016845703,2398300
2018-05-31,DBC,15.243241310119629,2542900
2018-06-01,DBC,15.141788482666016,5462200
2018-06-04,DBC,14.96424674987793,2920900
2018-06-05,DBC,14.989608764648438,3323100
2018-06-06,DBC,15.040335655212402,2858700
2018-06-07,DBC,15.099515914916992,1890600
2018-06-08,DBC,15.09106159210205,3146600
2018-06-11,DBC,15.082608222961426,2415000
2018-06-12,DBC,15.074151039123535,1092500
2018-06-13,DBC,15.133331298828125,1460900
2018-06-14,DBC,14.96424674987793,1744500
2018-06-15,DBC,14.6007080078125,2750500
2018-06-18,DBC,14.727523803710938,3837500
2018-06-19,DBC,14.575345039367676,3010700
2018-06-20,DBC,14.558435440063477,2808300
2018-06-21,DBC,14.448527336120605,3421300
2018-06-22,DBC,14.735978126525879,3181100
2018-06-25,DBC,14.566888809204102,2988400
2018-06-26,DBC,14.710614204406738,4292200
2018-06-27,DBC,14.786704063415527,1867600
2018-06-28,DBC,14.77824878692627,1651600
2018-06-29,DBC,14.94733715057373,3603100
2018-07-02,DBC,14.63452434539795,3413300
2018-07-03,DBC,14.617616653442383,2527500
2018-07-05,DBC,14.70215892791748,4223300
2018-07-06,DBC,14.769795417785645,1761500
2018-07-09,DBC,14.845885276794434,2007100
2018-07-10,DBC,14.812067985534668,1342300
2018-07-11,DBC,14.296348571777344,3798000
2018-07-12,DBC,14.372438430786133,3145600
2018-07-13,DBC,14.397802352905273,2450400
2018-07-16,DBC,14.093445777893066,4408800
2018-07-17,DBC,14.11035442352295,3025100
2018-07-18,DBC,14.237170219421387,3488500
2018-07-19,DBC,14.220260620117188,2929800
2018-07-20,DBC,14.321712493896484,2361600
2018-07-23,DBC,14.372438430786133,2301000
2018-07-24,DBC,14.448527336120605,1504500
2018-07-25,DBC,14.64297866821289,2303800
2018-07-26,DBC,14.64297866821289,1723600
2018-07-27,DBC,14.5837984085083,3142400
2018-07-30,DBC,14.668344497680664,2407200
2018-07-31,DBC,14.5837984085083,2495500
2018-08-01,DBC,14.372438430786133,4856700
2018-08-02,DBC,14.456981658935547,2979500
2018-08-03,DBC,14.507709503173828,2587000
2018-08-06,DBC,14.533073425292969,2542900
2018-08-07,DBC,14.64297866821289,2983200
2018-08-08,DBC,14.465435981750488,4506800
2018-08-09,DBC,14.406255722045898,1749000
2018-08-10,DBC,14.406255722045898,2035000
2018-08-13,DBC,14.330166816711426,2015700
2018-08-14,DBC,14.35552978515625,1687600
2018-08-15,DBC,14.042719841003418,3239300
2018-08-16,DBC,14.15262508392334,2859600
2018-08-17,DBC,14.211806297302246,1118000
2018-08-20,DBC,14.237170219421387,1456600
2018-08-21,DBC,14.262533187866211,1043500
2018-08-22,DBC,14.465435981750488,1541200
2018-08-23,DBC,14.440073013305664,925900
2018-08-24,DBC,14.549981117248535,986600
2018-08-27,DBC,14.6007080078125,1163400
2018-08-28,DBC,14.54152774810791,1116800
2018-08-29,DBC,14.70215892791748,1418500
2018-08-30,DBC,14.676797866821289,839900
2018-08-31,DBC,14.693704605102539,1920100
2018-09-04,DBC,14.609163284301758,1603700
2018-09-05,DBC,14.549981117248535,1674800
2018-09-06,DBC,14.465435981750488,1190300
2018-09-07,DBC,14.499255180358887,1316100
2018-09-10,DBC,14.549981117248535,1532200
2018-09-11,DBC,14.693704605102539,1286600
2018-09-12,DBC,14.795159339904785,1327200
2018-09-13,DBC,14.63452434539795,2000600
2018-09-14,DBC,14.54152774810791,2043100
2018-09-17,DBC,14.524619102478027,1285100
2018-09-18,DBC,14.65988826751709,864100
2018-09-19,DBC,14.752887725830078,1109000
2018-09-20,DBC,14.752887725830078,1231300
2018-09-21,DBC,14.786704063415527,1500100
2018-09-24,DBC,15.00651741027832,1442300
2018-09-25,DBC,15.040335655212402,2868600
2018-09-26,DBC,14.972699165344238,945900
2018-09-27,DBC,15.040335655212402,1006200
2018-09-28,DBC,15.192511558532715,2286600
2018-10-01,DBC,15.479961395263672,4332100
2018-10-02,DBC,15.530688285827637,2317400
2018-10-03,DBC,15.674415588378906,1976100
2018-10-04,DBC,15.505324363708496,2786700
2018-10-05,DBC,15.471506118774414,1341900
2018-10-08,DBC,15.429235458374023,1499700
2018-10-09,DBC,15.539141654968262,2173900
2018-10-10,DBC,15.234784126281738,1954200
2018-10-11,DBC,15.00651741027832,1826100
2018-10-12,DBC,15.1248779296875,2627500
2018-10-15,DBC,15.158697128295898,2001200
2018-10-16,DBC,15.226330757141113,2118700
2018-10-17,DBC,15.09106159210205,1069200
2018-10-18,DBC,14.921976089477539,1570000
2018-10-19,DBC,15.00651741027832,1591400
2018-10-22,DBC,15.02342700958252,2157700
2018-10-23,DBC,14.693704605102539,1995800
2018-10-24,DBC,14.592254638671875,1916900
2018-10-25,DBC,14.651433944702148,2336500
2018-10-26,DBC,14.761340141296387,1710100
2018-10-29,DBC,14.609163284301758,2465000
2018-10-30,DBC,14.533073425292969,1801800
2018-10-31,DBC,14.33862018585205,3968100
2018-11-01,DBC,14.237170219421387,5848300
2018-11-02,DBC,14.203351974487305,3516200
2018-11-05,DBC,14.194897651672363,2586100
2018-11-06,DBC,14.13571548461914,1736200
2018-11-07,DBC,14.101900100708008,1654200
2018-11-08,DBC,14.017355918884277,1991300
2018-11-09,DBC,13.865177154541016,2247800
2018-11-12,DBC,13.831358909606934,3247500
2018-11-13,DBC,13.450911521911621,3285700
2018-11-14,DBC,13.5692720413208,3499400
2018-11-15,DBC,13.54391098022461,1760000
2018-11-16,DBC,13.628454208374023,1802700
2018-11-19,DBC,13.628454208374023,1678200
2018-11-20,DBC,13.214190483093262,2164600
2018-11-21,DBC,13.3240966796875,3988300
2018-11-23,DBC,12.935195922851562,1521600
2018-11-26,DBC,12.994376182556152,2780200
2018-11-27,DBC,12.943650245666504,2497000
2018-11-28,DBC,12.901378631591797,1709200
2018-11-29,DBC,12.985921859741211,1863300
2018-11-30,DBC,12.926740646362305,2578700
2018-12-03,DBC,13.22264575958252,4590000
2018-12-04,DBC,13.231099128723145,2919800
2018-12-06,DBC,13.12119197845459,2707900
2018-12-07,DBC,13.273370742797852,2498500
2018-12-10,DBC,13.06201171875,1736400
2018-12-11,DBC,13.138100624084473,1623000
2018-12-12,DBC,13.09582805633545,1910700
2018-12-13,DBC,13.264915466308594,1654500
2018-12-14,DBC,13.06201171875,1109700
2018-12-17,DBC,12.909832954406738,1269400
2018-12-18,DBC,12.63929271697998,2744300
2018-12-19,DBC,12.690017700195312,3280800
2018-12-20,DBC,12.571657180786133,3308000
2018-12-21,DBC,12.461750030517578,7323500
2018-12-24,DBC,12.323867797851562,1525700
2018-12-26,DBC,12.597921371459961,2943700
2018-12-27,DBC,12.478021621704102,4315400
2018-12-28,DBC,12.375252723693848,1603200
2018-12-31,DBC,12.40950870513916,2988500
2019-01-02,DBC,12.443765640258789,2071100
2019-01-03,DBC,12.54653549194336,1389700
2019-01-04,DBC,12.717819213867188,1332200
2019-01-07,DBC,12.812026023864746,1581700
2019-01-08,DBC,12.9404878616333,1741600
2019-01-09,DBC,13.197413444519043,1156500
2019-01-10,DBC,13.16315746307373,772500
2019-01-11,DBC,13.120335578918457,856100
2019-01-14,DBC,13.009001731872559,891300
2019-01-15,DBC,13.111772537231445,1121500
2019-01-16,DBC,13.18028450012207,947400
2019-01-17,DBC,13.188848495483398,670200
2019-01-18,DBC,13.325878143310547,776000
2019-01-22,DBC,13.231671333312988,804500
2019-01-23,DBC,13.214542388916016,867000
2019-01-24,DBC,13.248799324035645,3660800
2019-01-25,DBC,13.317314147949219,1388900
2019-01-28,DBC,13.137465476989746,1823300
2019-01-29,DBC,13.2659273147583,920400
2019-01-30,DBC,13.36013412475586,1732900
2019-01-31,DBC,13.291620254516602,32974700
2019-02-01,DBC,13.411519050598145,3166900
2019-02-04,DBC,13.420083045959473,1188800
2019-02-05,DBC,13.36013412475586,2187800
2019-02-06,DBC,13.377262115478516,1735100
2019-02-07,DBC,13.248799324035645,1839500
2019-02-08,DBC,13.2659273147583,3938100
2019-02-11,DBC,13.188848495483398,1288700
2019-02-12,DBC,13.2659273147583,1062100
2019-02-13,DBC,13.343005180358887,1191900
2019-02-14,DBC,13.377262115478516,1258800
2019-02-15,DBC,13.62562370300293,1474500
2019-02-19,DBC,13.659879684448242,853800
2019-02-20,DBC,13.7027006149292,1029600
2019-02-21,DBC,13.745521545410156,805200
2019-02-22,DBC,13.779778480529785,785000
2019-02-25,DBC,13.574239730834961,1154700
2019-02-26,DBC,13.634187698364258,2666100
2019-02-27,DBC,13.7027006149292,1051100
2019-02-28,DBC,13.668444633483887,667100
2019-03-01,DBC,13.514288902282715,950400
2019-03-04,DBC,13.557110786437988,1271600
2019-03-05,DBC,13.62562370300293,1212200
2019-03-06,DBC,13.548545837402344,718000
2019-03-07,DBC,13.514288902282715,382600
2019-03-08,DBC,13.505724906921387,837800
2019-03-11,DBC,13.522852897644043,1000600
2019-03-12,DBC,13.60849666595459,648000
2019-03-13,DBC,13.694136619567871,1040900
2019-03-14,DBC,13.634187698364258,665300
2019-03-15,DBC,13.634187698364258,894500
2019-03-18,DBC,13.7027006149292,696400
2019-03-19,DBC,13.736959457397461,1094400
2019-03-20,DBC,13.839727401733398,959100
2019-03-21,DBC,13.771214485168457,1087400
2019-03-22,DBC,13.651315689086914,884700
2019-03-25,DBC,13.7027006149292,1141400
2019-03-26,DBC,13.728395462036133,738100
2019-03-27,DBC,13.651315689086914,1284600
2019-03-28,DBC,13.60849666595459,617400
2019-03-29,DBC,13.617058753967285,1000300
2019-04-01,DBC,13.745521545410156,1159700
2019-04-02,DBC,13.779778480529785,524900
2019-04-03,DBC,13.796907424926758,2335100
2019-04-04,DBC,13.805472373962402,921600
2019-04-05,DBC,13.84829330444336,1256300
2019-04-08,DBC,13.899678230285645,914400
2019-04-09,DBC,13.87398624420166,772800
2019-04-10,DBC,13.99388313293457,1062600
2019-04-11,DBC,13.925370216369629,723600
2019-04-12,DBC,13.968192100524902,872900
2019-04-15,DBC,13.942499160766602,597200
2019-04-16,DBC,13.89111328125,852200
2019-04-17,DBC,13.839727401733398,883700
2019-04-18,DBC,13.882549285888672,439800
2019-04-22,DBC,13.951064109802246,614000
2019-04-23,DBC,13.968192100524902,424200
2019-04-24,DBC,13.916807174682617,485700
2019-04-25,DBC,13.89111328125,548300
2019-04-26,DBC,13.728395462036133,560700
2019-04-29,DBC,13.736959457397461,401200
2019-04-30,DBC,13.779778480529785,699400
2019-05-01,DBC,13.736959457397461,824200
2019-05-02,DBC,13.582801818847656,608000
2019-05-03,DBC,13.5913667678833,604600
2019-05-06,DBC,13.634187698364258,640800
2019-05-07,DBC,13.462904930114746,628700
2019-05-08,DBC,13.480032920837402,643000
2019-05-09,DBC,13.411519050598145,644800
2019-05-10,DBC,13.437211036682129,1217100
2019-05-13,DBC,13.368697166442871,457800
2019-05-14,DBC,13.548545837402344,486500
2019-05-15,DBC,13.668444633483887,471000
2019-05-16,DBC,13.745521545410156,613700
2019-05-17,DBC,13.617058753967285,464900
2019-05-20,DBC,13.677008628845215,532100
2019-05-21,DBC,13.685571670532227,362200
2019-05-22,DBC,13.488595962524414,799000
2019-05-23,DBC,13.205978393554688,1013400
2019-05-24,DBC,13.38582706451416,1414600
2019-05-28,DBC,13.497160911560059,640600
2019-05-29,DBC,13.445775985717773,885300
2019-05-30,DBC,13.308748245239258,846500
2019-05-31,DBC,12.95761775970459,2773600
2019-06-03,DBC,12.914796829223633,1657900
2019-06-04,DBC,12.991874694824219,1112300
2019-06-05,DBC,12.726383209228516,1028500
2019-06-06,DBC,12.949051856994629,1324800
2019-06-07,DBC,12.991874694824219,1710500
2019-06-10,DBC,12.95761775970459,884900
2019-06-11,DBC,13.043258666992188,880500
2019-06-12,DBC,12.863411903381348,1619900
2019-06-13,DBC,13.026130676269531,1740700
2019-06-14,DBC,13.077516555786133,977100
2019-06-17,DBC,13.017565727233887,997200
2019-06-18,DBC,13.171721458435059,906100
2019-06-19,DBC,13.146029472351074,908200
2019-06-20,DBC,13.411519050598145,1277900
2019-06-21,DBC,13.445775985717773,1107100
2019-06-24,DBC,13.505724906921387,656800
2019-06-25,DBC,13.548545837402344,803600
2019-06-26,DBC,13.617058753967285,958200
2019-06-27,DBC,13.617058753967285,335000
2019-06-28,DBC,13.471467971801758,1702100
2019-07-01,DBC,13.462904930114746,869600
2019-07-02,DBC,13.240235328674316,1168600
2019-07-03,DBC,13.368697166442871,439600
2019-07-05,DBC,13.394392013549805,570100
2019-07-08,DBC,13.377262115478516,495300
2019-07-09,DBC,13.420083045959473,444700
2019-07-10,DBC,13.711265563964844,535600
2019-07-11,DBC,13.719830513000488,561700
2019-07-12,DBC,13.754085540771484,471200
2019-07-15,DBC,13.60849666595459,1103100
2019-07-16,DBC,13.462904930114746,645400
2019-07-17,DBC,13.343005180358887,2313600
2019-07-18,DBC,13.248799324035645,832800
2019-07-19,DBC,13.325878143310547,628800
2019-07-22,DBC,13.283056259155273,3117700
2019-07-23,DBC,13.368697166442871,807100
2019-07-24,DBC,13.308748245239258,1001800
2019-07-25,DBC,13.257362365722656,442600
2019-07-26,DBC,13.274491310119629,472700
2019-07-29,DBC,13.325878143310547,1126000
2019-07-30,DBC,13.402955055236816,705100
2019-07-31,DBC,13.317314147949219,882500
2019-08-01,DBC,12.949051856994629,1597100
2019-08-02,DBC,12.966181755065918,1219600
2019-08-05,DBC,12.854846954345703,1871300
2019-08-06,DBC,12.786334037780762,622300
2019-08-07,DBC,12.623613357543945,2411600
2019-08-08,DBC,12.69212532043457,773500
2019-08-09,DBC,12.803462028503418,787200
2019-08-12,DBC,12.709254264831543,928400
2019-08-13,DBC,13.009001731872559,838400
2019-08-14,DBC,12.812026023864746,1046500
2019-08-15,DBC,12.709254264831543,827400
2019-08-16,DBC,12.700690269470215,1365600
2019-08-19,DBC,12.760641098022461,767100
2019-08-20,DBC,12.79489803314209,435500
2019-08-21,DBC,12.837718963623047,645700
2019-08-22,DBC,12.777769088745117,721900
2019-08-23,DBC,12.683563232421875,1450900
2019-08-26,DBC,12.674999237060547,640700
2019-08-27,DBC,12.760641098022461,661400
2019-08-28,DBC,12.87197494506836,798100
2019-08-29,DBC,12.906232833862305,649400
2019-08-30,DBC,12.700690269470215,1565300
2019-09-03,DBC,12.632177352905273,1240200
2019-09-04,DBC,12.931924819946289,406800
2019-09-05,DBC,12.914796829223633,813000
2019-09-06,DBC,12.949051856994629,849400
2019-09-09,DBC,13.068951606750488,761500
2019-09-10,DBC,13.086080551147461,1201400
2019-09-11,DBC,12.991874694824219,1947800
2019-09-12,DBC,12.9404878616333,920000
2019-09-13,DBC,12.9404878616333,727600
2019-09-16,DBC,13.514288902282715,1777100
2019-09-17,DBC,13.257362365722656,2667000
2019-09-18,DBC,13.171721458435059,1534100
2019-09-19,DBC,13.240235328674316,520700
2019-09-20,DBC,13.257362365722656,532000
2019-09-23,DBC,13.291620254516602,511000
2019-09-24,DBC,13.137465476989746,739000
2019-09-25,DBC,13.060386657714844,669300
2019-09-26,DBC,13.060386657714844,534900
2019-09-27,DBC,13.009001731872559,631300
2019-09-30,DBC,12.880538940429688,861500
2019-10-01,DBC,12.87197494506836,967400
2019-10-02,DBC,12.760641098022461,944400
2019-10-03,DBC,12.743513107299805,794600
2019-10-04,DBC,12.846282958984375,2165000
2019-10-07,DBC,12.829154014587402,946100
2019-10-08,DBC,12.820590019226074,2715400
2019-10-09,DBC,12.854846954345703,913400
2019-10-10,DBC,12.9404878616333,655900
2019-10-11,DBC,13.094643592834473,1416900
2019-10-14,DBC,13.03469467163086,506400
2019-10-15,DBC,13.00043773651123,1054800
2019-10-16,DBC,13.017565727233887,599200
2019-10-17,DBC,13.068951606750488,1415700
2019-10-18,DBC,13.060386657714844,1001200
2019-10-21,DBC,13.043258666992188,726300
2019-10-22,DBC,13.060386657714844,2162300
2019-10-23,DBC,13.223106384277344,843700
2019-10-24,DBC,13.291620254516602,626800
2019-10-25,DBC,13.368697166442871,525200
2019-10-28,DBC,13.317314147949219,538100
2019-10-29,DBC,13.291620254516602,549900
2019-10-30,DBC,13.205978393554688,971200
2019-10-31,DBC,13.128899574279785,761900
2019-11-01,DBC,13.368697166442871,1221500
2019-11-04,DBC,13.454339981079102,687600
2019-11-05,DBC,13.488595962524414,455800
2019-11-06,DBC,13.343005180358887,669300
2019-11-07,DBC,13.334441184997559,809400
2019-11-08,DBC,13.368697166442871,953900
2019-11-11,DBC,13.283056259155273,612600
2019-11-12,DBC,13.291620254516602,450300
2019-11-13,DBC,13.317314147949219,5073800
2019-11-14,DBC,13.274491310119629,869100
2019-11-15,DBC,13.343005180358887,2619500
2019-11-18,DBC,13.205978393554688,637100
2019-11-19,DBC,13.086080551147461,547000
2019-11-20,DBC,13.257362365722656,1007400
2019-11-21,DBC,13.377262115478516,598100
2019-11-22,DBC,13.368697166442871,846800
2019-11-25,DBC,13.368697166442871,474200
2019-11-26,DBC,13.445775985717773,480700
2019-11-27,DBC,13.377262115478516,583600
2019-11-29,DBC,13.111772537231445,546200
2019-12-02,DBC,13.094643592834473,1310000
2019-12-03,DBC,13.103208541870117,1800300
2019-12-04,DBC,13.308748245239258,991200
2019-12-05,DBC,13.334441184997559,1011800
2019-12-06,DBC,13.420083045959473,1487900
2019-12-09,DBC,13.402955055236816,659800
2019-12-10,DBC,13.462904930114746,565300
2019-12-11,DBC,13.402955055236816,861700
2019-12-12,DBC,13.522852897644043,1424200
2019-12-13,DBC,13.5913667678833,1167600
2019-12-16,DBC,13.685571670532227,1753300
2019-12-17,DBC,13.745521545410156,834900
2019-12-18,DBC,13.754085540771484,1239400
2019-12-19,DBC,13.814034461975098,961300
2019-12-20,DBC,13.796907424926758,1043100
2019-12-23,DBC,13.800387382507324,837500
2019-12-24,DBC,13.861298561096191,466200
2019-12-26,DBC,13.965713500976562,679200
2019-12-27,DBC,13.99181842803955,1250000
2019-12-30,DBC,13.965713500976562,976300
2019-12-31,DBC,13.878700256347656,806100
2020-01-02,DBC,13.896102905273438,3026900
2020-01-03,DBC,14.061429023742676,3210100
2020-01-06,DBC,14.087533950805664,3232100
2020-01-07,DBC,14.078832626342773,1924600
2020-01-08,DBC,13.869998931884766,2340200
2020-01-09,DBC,13.809089660644531,1077900
2020-01-10,DBC,13.809089660644531,1877800
2020-01-13,DBC,13.704672813415527,1264500
2020-01-14,DBC,13.765583038330078,1201200
2020-01-15,DBC,13.695972442626953,669800
2020-01-16,DBC,13.678569793701172,1652300
2020-01-17,DBC,13.722075462341309,855400
2020-01-21,DBC,13.643763542175293,991500
2020-01-22,DBC,13.461034774780273,672600
2020-01-23,DBC,13.347916603088379,1331600
2020-01-24,DBC,13.147784233093262,1368800
2020-01-27,DBC,12.904145240783691,2608400
2020-01-28,DBC,12.965056419372559,1163300
2020-01-29,DBC,12.904145240783691,816700
2020-01-30,DBC,12.791028022766113,1849000
2020-01-31,DBC,12.686612129211426,1786400
2020-02-03,DBC,12.451675415039062,3464900
2020-02-04,DBC,12.469077110290527,1563100
2020-02-05,DBC,12.660507202148438,2575100
2020-02-06,DBC,12.712715148925781,2496500
2020-02-07,DBC,12.643104553222656,943000
2020-02-10,DBC,12.529986381530762,592900
2020-02-11,DBC,12.573493957519531,1181900
2020-02-12,DBC,12.747520446777344,1150300
2020-02-13,DBC,12.75622272491455,759100
2020-02-14,DBC,12.747520446777344,1613600
2020-02-18,DBC,12.843235969543457,946600
2020-02-19,DBC,12.965056419372559,555600
2020-02-20,DBC,12.912846565246582,961300
2020-02-21,DBC,12.860638618469238,667800
2020-02-24,DBC,12.617000579833984,769600
2020-02-25,DBC,12.382062911987305,1375500
2020-02-26,DBC,12.260244369506836,1027000
2020-02-27,DBC,12.051411628723145,1869500
2020-02-28,DBC,11.84257698059082,1348600
2020-03-02,DBC,12.112320899963379,3027700
2020-03-03,DBC,12.13842487335205,1575800
2020-03-04,DBC,12.147125244140625,1332700
2020-03-05,DBC,12.016606330871582,1889400
2020-03-06,DBC,11.625042915344238,3233600
2020-03-09,DBC,10.720099449157715,2698900
2020-03-10,DBC,11.059453964233398,4293300
2020-03-11,DBC,10.859321594238281,2488200
2020-03-12,DBC,10.4242525100708,4191700
2020-03-13,DBC,10.537370681762695,4491600
2020-03-16,DBC,9.902170181274414,3153200
2020-03-17,DBC,9.745545387268066,5784200
2020-03-18,DBC,9.423593521118164,3814000
2020-03-19,DBC,9.623725891113281,2311100
2020-03-20,DBC,9.519309043884277,1956700
2020-03-23,DBC,9.632427215576172,2089600
2020-03-24,DBC,9.84126091003418,1040400
2020-03-25,DBC,10.006587028503418,1486900
2020-03-26,DBC,9.971780776977539,1839200
2020-03-27,DBC,9.936975479125977,1420300
2020-03-30,DBC,9.910871505737305,1668100
2020-03-31,DBC,9.78905200958252,1218400
2020-04-01,DBC,9.510608673095703,1466400
2020-04-02,DBC,9.693338394165039,1624100
2020-04-03,DBC,9.936975479125977,961900
2020-04-06,DBC,9.98918342590332,1157200
2020-04-07,DBC,10.058795928955078,1923500
2020-04-08,DBC,10.032690048217773,1357100
2020-04-09,DBC,10.058795928955078,1923500
2020-04-13,DBC,10.23282241821289,1351800
2020-04-14,DBC,10.145808219909668,1098000
2020-04-15,DBC,9.936975479125977,1272200
2020-04-16,DBC,9.910871505737305,1522400
2020-04-17,DBC,9.954378128051758,1055400
2020-04-20,DBC,9.78905200958252,2004200
2020-04-21,DBC,9.327878952026367,3327800
2020-04-22,DBC,9.458399772644043,1321600
2020-04-23,DBC,9.432295799255371,1132000
2020-04-24,DBC,9.310476303100586,941300
2020-04-27,DBC,9.136449813842773,971200
2020-04-28,DBC,9.145151138305664,956800
2020-04-29,DBC,9.310476303100586,802900
2020-04-30,DBC,9.484503746032715,1439600
2020-05-01,DBC,9.362685203552246,1999800
2020-05-04,DBC,9.475802421569824,840900
2020-05-05,DBC,9.719441413879395,931900
2020-05-06,DBC,9.528010368347168,880900
2020-05-07,DBC,9.588919639587402,530500
2020-05-08,DBC,9.78905200958252,981600
2020-05-11,DBC,9.658531188964844,1083100
2020-05-12,DBC,9.580219268798828,1232000
2020-05-13,DBC,9.484503746032715,571700
2020-05-14,DBC,9.649829864501953,490600
2020-05-15,DBC,9.745545387268066,830200
2020-05-18,DBC,10.0239896774292,1097800
2020-05-19,DBC,9.997884750366211,411200
2020-05-20,DBC,10.17191219329834,863500
2020-05-21,DBC,10.128406524658203,570000
2020-05-22,DBC,10.050093650817871,768900
2020-05-26,DBC,10.154509544372559,842300
2020-05-27,DBC,10.0239896774292,467100
2020-05-28,DBC,10.076197624206543,678300
2020-05-29,DBC,10.250225067138672,1109300
2020-06-01,DBC,10.311136245727539,970900
2020-06-02,DBC,10.4242525100708,706400
2020-06-03,DBC,10.4242525100708,862800
2020-06-04,DBC,10.511266708374023,1091400
2020-06-05,DBC,10.720099449157715,1500400
2020-06-08,DBC,10.650487899780273,1581200
2020-06-09,DBC,10.685294151306152,646100
2020-06-10,DBC,10.754904747009277,1292000
2020-06-11,DBC,10.40684986114502,1122900
2020-06-12,DBC,10.450357437133789,693900
2020-06-15,DBC,10.546072006225586,652100
2020-06-16,DBC,10.633086204528809,891900
2020-06-17,DBC,10.580877304077148,540400
2020-06-18,DBC,10.6417875289917,951700
2020-06-19,DBC,10.728800773620605,1605400
2020-06-22,DBC,10.8419189453125,939800
2020-06-23,DBC,10.789710998535156,745900
2020-06-24,DBC,10.519968032836914,1372500
2020-06-25,DBC,10.615682601928711,618900
2020-06-26,DBC,10.485161781311035,738000
2020-06-29,DBC,10.659189224243164,790600
2020-06-30,DBC,10.711398124694824,1118200
2020-07-01,DBC,10.798412322998047,1117600
2020-07-02,DBC,10.8419189453125,1422000
2020-07-06,DBC,10.928933143615723,1475500
2020-07-07,DBC,10.937634468078613,1142000
2020-07-08,DBC,11.076855659484863,819900
2020-07-09,DBC,10.946335792541504,747400
2020-07-10,DBC,11.015947341918945,661700
2020-07-13,DBC,10.902828216552734,805100
2020-07-14,DBC,10.955038070678711,653700
2020-07-15,DBC,11.085556983947754,1464200
2020-07-16,DBC,10.998544692993164,1093600
2020-07-17,DBC,11.015947341918945,1712300
2020-07-20,DBC,11.007245063781738,783200
2020-07-21,DBC,11.163869857788086,2112400
2020-07-22,DBC,11.233480453491211,1469200
2020-07-23,DBC,11.207376480102539,1032100
2020-07-24,DBC,11.22477912902832,702700
2020-07-27,DBC,11.329197883605957,1721900
2020-07-28,DBC,11.26828670501709,907100
2020-07-29,DBC,11.329197883605957,815200
2020-07-30,DBC,11.198676109313965,1394600
2020-07-31,DBC,11.259584426879883,1297300
2020-08-03,DBC,11.372703552246094,1288100
2020-08-04,DBC,11.433613777160645,860800
2020-08-05,DBC,11.529328346252441,1278600
2020-08-06,DBC,11.616342544555664,1158700
2020-08-07,DBC,11.459716796875,1172900
2020-08-10,DBC,11.520626068115234,774900
2020-08-11,DBC,11.337897300720215,1284600
2020-08-12,DBC,11.459716796875,574400
2020-08-13,DBC,11.520626068115234,862100
2020-08-14,DBC,11.520626068115234,790300
2020-08-17,DBC,11.712057113647461,649700
2020-08-18,DBC,11.738160133361816,3484400
2020-08-19,DBC,11.70335578918457,824600
2020-08-20,DBC,11.685953140258789,1992400
2020-08-21,DBC,11.572834968566895,828300
2020-08-24,DBC,11.633745193481445,1174200
2020-08-25,DBC,11.729458808898926,798000
2020-08-26,DBC,11.755563735961914,816100
2020-08-27,DBC,11.712057113647461,687600
2020-08-28,DBC,11.790369033813477,893100
2020-08-31,DBC,11.781667709350586,1722200
2020-09-01,DBC,11.799071311950684,1436500
2020-09-02,DBC,11.642446517944336,1417600
2020-09-03,DBC,11.538029670715332,970400
2020-09-04,DBC,11.433613777160645,2013400
2020-09-08,DBC,11.155167579650879,2071400
2020-09-09,DBC,11.259584426879883,1337600
2020-09-10,DBC,11.146467208862305,1267700
2020-09-11,DBC,11.22477912902832,863000
2020-09-14,DBC,11.233480453491211,948500
2020-09-15,DBC,11.294389724731445,1055700
2020-09-16,DBC,11.50322437286377,745900
2020-09-17,DBC,11.633745193481445,669800
2020-09-18,DBC,11.685953140258789,538700
2020-09-21,DBC,11.398807525634766,1056400
2020-09-22,DBC,11.346599578857422,518600
2020-09-23,DBC,11.216078758239746,1531100
2020-09-24,DBC,11.26828670501709,1222800
2020-09-25,DBC,11.26828670501709,622400
2020-09-28,DBC,11.36400318145752,799600
2020-09-29,DBC,11.233480453491211,583300
2020-09-30,DBC,11.36400318145752,1374000
2020-10-01,DBC,11.22477912902832,2113900
2020-10-02,DBC,11.085556983947754,1360500
2020-10-05,DBC,11.372703552246094,1451400
2020-10-06,DBC,11.416210174560547,777200
2020-10-07,DBC,11.459716796875,715500
2020-10-08,DBC,11.572834968566895,1335200
2020-10-09,DBC,11.607640266418457,1132400
2020-10-12,DBC,11.485820770263672,984300
2020-10-13,DBC,11.51192569732666,1044500
2020-10-14,DBC,11.59023666381836,564600
2020-10-15,DBC,11.625042915344238,574200
2020-10-16,DBC,11.546731948852539,621800
2020-10-19,DBC,11.555432319641113,478900
2020-10-20,DBC,11.685953140258789,1144800
2020-10-21,DBC,11.59023666381836,558000
2020-10-22,DBC,11.625042915344238,575500
2020-10-23,DBC,11.538029670715332,1042500
2020-10-26,DBC,11.372703552246094,583000
2020-10-27,DBC,11.451016426086426,651300
2020-10-28,DBC,11.146467208862305,1743800
2020-10-29,DBC,11.007245063781738,1007700
2020-10-30,DBC,11.007245063781738,2362800
2020-11-02,DBC,11.207376480102539,5856300
2020-11-03,DBC,11.276987075805664,877000
2020-11-04,DBC,11.398807525634766,796000
2020-11-05,DBC,11.451016426086426,970700
2020-11-06,DBC,11.40750789642334,855300
2020-11-09,DBC,11.546731948852539,1278500
2020-11-10,DBC,11.772965431213379,2037200
2020-11-11,DBC,11.764266014099121,1591900
2020-11-12,DBC,11.668549537658691,1013500
2020-11-13,DBC,11.616342544555664,785100
2020-11-16,DBC,11.720758438110352,1073600
2020-11-17,DBC,11.755563735961914,840300
2020-11-18,DBC,11.772965431213379,1260000
2020-11-19,DBC,11.772965431213379,632400
2020-11-20,DBC,11.83387565612793,879600
2020-11-23,DBC,11.868682861328125,1069100
2020-11-24,DBC,12.12102222442627,1376500
2020-11-25,DBC,12.225438117980957,2317000
2020-11-27,DBC,12.199335098266602,803400
2020-11-30,DBC,12.12972354888916,2898600
2020-12-01,DBC,12.094917297363281,7662200
2020-12-02,DBC,12.147125244140625,1188100
2020-12-03,DBC,12.164527893066406,1626700
2020-12-04,DBC,12.216736793518066,2366700
2020-12-07,DBC,12.216736793518066,3676900
2020-12-08,DBC,12.234139442443848,1360100
2020-12-09,DBC,12.242840766906738,1498800
2020-12-10,DBC,12.425570487976074,1009000
2020-12-11,DBC,12.390764236450195,1309500
2020-12-14,DBC,12.425570487976074,1335300
2020-12-15,DBC,12.521286010742188,1110200
2020-12-16,DBC,12.590896606445312,964300
2020-12-17,DBC,12.73882007598877,1279500
2020-12-18,DBC,12.782326698303223,1134900
2020-12-21,DBC,12.651805877685547,1503000
2020-12-22,DBC,12.512584686279297,1534200
2020-12-23,DBC,12.669209480285645,1786400
2020-12-24,DBC,12.704014778137207,1268000
2020-12-28,DBC,12.625702857971191,2050300
2020-12-29,DBC,12.660507202148438,1315000
2020-12-30,DBC,12.73882007598877,2086800
2020-12-31,DBC,12.791028022766113,3678300
2021-01-04,DBC,12.721416473388672,5740000
2021-01-05,DBC,13.078173637390137,2395800
2021-01-06,DBC,13.095576286315918,3370800
2021-01-07,DBC,13.156485557556152,2627200
2021-01-08,DBC,13.260902404785156,2920300
2021-01-11,DBC,13.16518783569336,2247800
2021-01-12,DBC,13.417527198791504,1635300
2021-01-13,DBC,13.382721900939941,1579700
2021-01-14,DBC,13.504541397094727,1371400
2021-01-15,DBC,13.313111305236816,1409600
2021-01-19,DBC,13.35661792755127,1516700
2021-01-20,DBC,13.36531925201416,1511900
2021-01-21,DBC,13.35661792755127,2822900
2021-01-22,DBC,13.130382537841797,2413700
2021-01-25,DBC,13.269603729248047,1596000
2021-01-26,DBC,13.295708656311035,704100
2021-01-27,DBC,13.260902404785156,1166200
2021-01-28,DBC,13.199994087219238,2234400
2021-01-29,DBC,13.217395782470703,3890600
2021-02-01,DBC,13.469734191894531,6799100
2021-02-02,DBC,13.574152946472168,2792800
2021-02-03,DBC,13.669867515563965,3059400
2021-02-04,DBC,13.73947811126709,3079800
2021-02-05,DBC,13.809089660644531,2757400
2021-02-08,DBC,14.02662467956543,2896800
2021-02-09,DBC,14.078832626342773,2420300
2021-02-10,DBC,14.052726745605469,2043300
2021-02-11,DBC,14.02662467956543,1515800
2021-02-12,DBC,14.200652122497559,2500100
2021-02-16,DBC,14.392082214355469,4066300
2021-02-17,DBC,14.435589790344238,2987500
2021-02-18,DBC,14.383380889892578,1672900
2021-02-19,DBC,14.374679565429688,1918000
2021-02-22,DBC,14.696629524230957,3947900
2021-02-23,DBC,14.766240119934082,3308200
2021-02-24,DBC,14.992476463317871,4457800
2021-02-25,DBC,14.870656967163086,3457100
2021-02-26,DBC,14.55740737915039,5138100
2021-03-01,DBC,14.435589790344238,6419900
2021-03-02,DBC,14.496498107910156,4257900
2021-03-03,DBC,14.583512306213379,4502700
2021-03-04,DBC,14.809746742248535,4591800
2021-03-05,DBC,15.114297866821289,5416000
2021-03-08,DBC,14.905463218688965,4591600
2021-03-09,DBC,14.905463218688965,2144700
2021-03-10,DBC,15.001179695129395,1408000
2021-03-11,DBC,15.227415084838867,3588700
2021-03-12,DBC,15.157804489135742,1264900
2021-03-15,DBC,15.105596542358398,2926800
2021-03-16,DBC,15.044686317443848,1620800
2021-03-17,DBC,15.044686317443848,2061200
2021-03-18,DBC,14.331171035766602,5431200
2021-03-19,DBC,14.644421577453613,2894400
2021-03-22,DBC,14.618318557739258,2651300
2021-03-23,DBC,14.20935344696045,4158000
2021-03-24,DBC,14.583512306213379,1831500
2021-03-25,DBC,14.252860069274902,2188400
2021-03-26,DBC,14.59221363067627,2163600
2021-03-29,DBC,14.60961627960205,1683700
2021-03-30,DBC,14.374679565429688,2385700
2021-03-31,DBC,14.45299243927002,3731200
2021-04-01,DBC,14.696629524230957,4793200
2021-04-05,DBC,14.479094505310059,1756700
2021-04-06,DBC,14.531304359436035,1831300
2021-04-07,DBC,14.574810981750488,2050700
2021-04-08,DBC,14.653124809265137,1903100
2021-04-09,DBC,14.600915908813477,1550300
2021-04-12,DBC,14.60961627960205,1461500
2021-04-13,DBC,14.766240119934082,1825100
2021-04-14,DBC,15.105596542358398,3684800
2021-04-15,DBC,15.201311111450195,1568800
2021-04-16,DBC,15.175206184387207,1226900
2021-04-19,DBC,15.192608833312988,1981600
2021-04-20,DBC,15.166505813598633,2692100
2021-04-21,DBC,15.105596542358398,1869800
2021-04-22,DBC,15.227415084838867,1663700
2021-04-23,DBC,15.34923267364502,5932200
2021-04-26,DBC,15.45365047454834,2750200
2021-04-27,DBC,15.584172248840332,2426600
2021-04-28,DBC,15.610275268554688,5241800
2021-04-29,DBC,15.714689254760742,3353900
2021-04-30,DBC,15.584172248840332,4693900
2021-05-03,DBC,15.758198738098145,6074800
2021-05-04,DBC,16.0018367767334,3464200
2021-05-05,DBC,16.062746047973633,6495800
2021-05-06,DBC,16.14105796813965,4525900
2021-05-07,DBC,16.297683715820312,6180400
2021-05-10,DBC,16.184566497802734,3358800
2021-05-11,DBC,16.358592987060547,7764600
2021-05-12,DBC,16.341190338134766,8831300
2021-05-13,DBC,15.88871955871582,5844100
2021-05-14,DBC,16.019241333007812,4489200
2021-05-17,DBC,16.219371795654297,5056200
2021-05-18,DBC,16.14105796813965,3729300
2021-05-19,DBC,15.810405731201172,5161000
2021-05-20,DBC,15.645079612731934,2828400
2021-05-21,DBC,15.79300308227539,3046300
2021-05-24,DBC,16.01053810119629,2823500
2021-05-25,DBC,15.958329200744629,1694600
2021-05-26,DBC,15.984434127807617,1948600
2021-05-27,DBC,16.236774444580078,1361800
2021-05-28,DBC,16.184566497802734,2356100
2021-06-01,DBC,16.471712112426758,5825900
2021-06-02,DBC,16.558727264404297,4525400
2021-06-03,DBC,16.419504165649414,3802100
2021-06-04,DBC,16.602231979370117,2921400
2021-06-07,DBC,16.62833595275879,2377800
2021-06-08,DBC,16.793663024902344,2150600
2021-06-09,DBC,16.715351104736328,2003400
2021-06-10,DBC,16.776262283325195,2445900
2021-06-11,DBC,16.724050521850586,1722800
2021-06-14,DBC,16.62833595275879,3407400
2021-06-15,DBC,16.558727264404297,2385600
2021-06-16,DBC,16.463010787963867,4255900
2021-06-17,DBC,16.036643981933594,7251100
2021-06-18,DBC,16.201969146728516,4187000
2021-06-21,DBC,16.402101516723633,3340200
2021-06-22,DBC,16.428203582763672,3515400
2021-06-23,DBC,16.532621383666992,2234300
2021-06-24,DBC,16.593530654907227,2091300
2021-06-25,DBC,16.5239200592041,4566600
2021-06-28,DBC,16.51521873474121,3188400
2021-06-29,DBC,16.593530654907227,1575100
2021-06-30,DBC,16.750154495239258,2906700
2021-07-01,DBC,16.811065673828125,4725900
2021-07-02,DBC,16.967689514160156,1730200
2021-07-06,DBC,16.506515502929688,3977200
2021-07-07,DBC,16.306385040283203,3163300
2021-07-08,DBC,16.445608139038086,4342400
2021-07-09,DBC,16.637039184570312,2181600
2021-07-12,DBC,16.66314125061035,2063700
2021-07-13,DBC,16.8023624420166,2406200
2021-07-14,DBC,16.637039184570312,1751100
2021-07-15,DBC,16.550024032592773,2706400
2021-07-16,DBC,16.550024032592773,2345400
2021-07-19,DBC,15.88871955871582,4636800
2021-07-20,DBC,16.1236572265625,6219100
2021-07-21,DBC,16.445608139038086,2844600
2021-07-22,DBC,16.576128005981445,2426000
2021-07-23,DBC,16.66314125061035,2245300
2021-07-26,DBC,16.784961700439453,1425900
2021-07-27,DBC,16.689245223999023,2214200
2021-07-28,DBC,16.76755714416504,1190700
2021-07-29,DBC,17.063405990600586,1740300
2021-07-30,DBC,16.967689514160156,4256400
2021-08-02,DBC,16.784961700439453,4450600
2021-08-03,DBC,16.706647872924805,2634300
2021-08-04,DBC,16.436904907226562,2168900
2021-08-05,DBC,16.680545806884766,2162400
2021-08-06,DBC,16.541322708129883,1488200
2021-08-09,DBC,16.306385040283203,2152000
2021-08-10,DBC,16.602231979370117,2366600
2021-08-11,DBC,16.750154495239258,1448800
2021-08-12,DBC,16.689245223999023,2008900
2021-08-13,DBC,16.593530654907227,1434400
2021-08-16,DBC,16.550024032592773,1929200
2021-08-17,DBC,16.367294311523438,2169600
2021-08-18,DBC,16.175865173339844,3905400
2021-08-19,DBC,15.949628829956055,5361400
2021-08-20,DBC,15.575468063354492,3023100
2021-08-23,DBC,16.14105796813965,4885800
2021-08-24,DBC,16.48041534423828,4642200
2021-08-25,DBC,16.62833595275879,2171600
2021-08-26,DBC,16.497814178466797,1958000
2021-08-27,DBC,16.706647872924805,2471300
2021-08-30,DBC,16.76755714416504,2648900
2021-08-31,DBC,16.689245223999023,2700500
2021-09-01,DBC,16.610933303833008,7318700
2021-09-02,DBC,16.8023624420166,1881600
2021-09-03,DBC,16.819766998291016,3186600
2021-09-07,DBC,16.62833595275879,3736200
2021-09-08,DBC,16.750154495239258,3000900
2021-09-09,DBC,16.62833595275879,1693000
2021-09-10,DBC,16.845870971679688,2815100
2021-09-13,DBC,16.97639274597168,1456200
2021-09-14,DBC,16.967689514160156,1092200
2021-09-15,DBC,17.246135711669922,2364100
2021-09-16,DBC,17.124317169189453,1259400
2021-09-17,DBC,16.98509407043457,1424600
2021-09-20,DBC,16.784961700439453,3369700
2021-09-21,DBC,16.8023624420166,1375600
2021-09-22,DBC,16.993793487548828,1149600
2021-09-23,DBC,17.25483512878418,1654100
2021-09-24,DBC,17.333147048950195,2758100
2021-09-27,DBC,17.568086624145508,3089100
2021-09-28,DBC,17.428863525390625,2147400
2021-09-29,DBC,17.446266174316406,2426900
2021-09-30,DBC,17.559383392333984,4267200
2021-10-01,DBC,17.794321060180664,8733700
2021-10-04,DBC,18.081466674804688,3955800
2021-10-05,DBC,18.307703018188477,2653400
2021-10-06,DBC,18.003154754638672,3903400
2021-10-07,DBC,18.22939109802246,4295600
2021-10-08,DBC,18.290302276611328,2336300
2021-10-11,DBC,18.412120819091797,4404100
2021-10-12,DBC,18.412120819091797,4446800
2021-10-13,DBC,18.516536712646484,4128200
2021-10-14,DBC,18.707965850830078,3869900
2021-10-15,DBC,18.864591598510742,2904700
2021-10-18,DBC,18.7514705657959,6736000
2021-10-19,DBC,18.794981002807617,4928600
2021-10-20,DBC,19.003812789916992,3467000
2021-10-21,DBC,18.7166690826416,3270900
2021-10-22,DBC,18.803682327270508,2690800
2021-10-25,DBC,18.899396896362305,1764100
2021-10-26,DBC,18.925500869750977,1605300
2021-10-27,DBC,18.57744598388672,4256900
2021-10-28,DBC,18.673158645629883,4941600
2021-10-29,DBC,18.57744598388672,2848900
2021-11-01,DBC,18.7166690826416,3896300
2021-11-02,DBC,18.768875122070312,3542900
2021-11-03,DBC,18.290302276611328,3420100
2021-11-04,DBC,18.177181243896484,4825300
2021-11-05,DBC,18.429523468017578,6198600
2021-11-08,DBC,18.542640686035156,1272300
2021-11-09,DBC,18.690563201904297,2392600
2021-11-10,DBC,18.455625534057617,3514600
2021-11-11,DBC,18.58614730834961,1683700
2021-11-12,DBC,18.560043334960938,4009100
2021-11-15,DBC,18.568744659423828,2165300
2021-11-16,DBC,18.542640686035156,1567400
2021-11-17,DBC,18.377315521240234,2240100
2021-11-18,DBC,18.43822479248047,1305500
2021-11-19,DBC,18.142375946044922,2124100
2021-11-22,DBC,18.272899627685547,3914700
2021-11-23,DBC,18.60354995727539,1886500
2021-11-24,DBC,18.533939361572266,3841000
2021-11-26,DBC,17.428863525390625,7161900
2021-11-29,DBC,17.428863525390625,4303700
2021-11-30,DBC,16.950286865234375,12056800
2021-12-01,DBC,16.8023624420166,10483200
2021-12-02,DBC,16.950286865234375,6338000
2021-12-03,DBC,16.967689514160156,3766900
2021-12-06,DBC,17.263538360595703,3801500
2021-12-07,DBC,17.524578094482422,2440200
2021-12-08,DBC,17.75951385498047,2916900
2021-12-09,DBC,17.48977279663086,3384400
2021-12-10,DBC,17.689905166625977,2684600
2021-12-13,DBC,17.60289192199707,4733600
2021-12-14,DBC,17.446266174316406,3595500
2021-12-15,DBC,17.533281326293945,2233000
2021-12-16,DBC,17.637697219848633,3215400
2021-12-17,DBC,17.428863525390625,3608500
2021-12-20,DBC,17.307044982910156,3943100
2021-12-21,DBC,17.672502517700195,2507200
2021-12-22,DBC,17.88133430480957,2203800
2021-12-23,DBC,17.97705078125,2437900
2021-12-27,DBC,18.203285217285156,2160500
2021-12-28,DBC,18.168479919433594,2404800
2021-12-29,DBC,18.255495071411133,3236600
2021-12-30,DBC,18.168479919433594,1705900
2021-12-31,DBC,18.081466674804688,3864400
2022-01-03,DBC,18.151077270507812,5301200
2022-01-04,DBC,18.368614196777344,2987400
2022-01-05,DBC,18.290302276611328,7094300
2022-01-06,DBC,18.44692611694336,4148100
2022-01-07,DBC,18.48172950744629,2781600
2022-01-10,DBC,18.403417587280273,3425400
2022-01-11,DBC,18.760175704956055,3553900
2022-01-12,DBC,18.908096313476562,3003600
2022-01-13,DBC,18.707965850830078,2371900
2022-01-14,DBC,18.95160484313965,1703400
2022-01-18,DBC,19.099529266357422,4818300
2022-01-19,DBC,19.20394515991211,3655200
2022-01-20,DBC,19.13433265686035,4042200
2022-01-21,DBC,19.151735305786133,4165300
2022-01-24,DBC,19.10822868347168,5620600
2022-01-25,DBC,19.282257080078125,5789900
2022-01-26,DBC,19.32576560974121,8802300
2022-01-27,DBC,19.421480178833008,3957400
2022-01-28,DBC,19.43888282775879,4511200
2022-01-31,DBC,19.508493423461914,3132000
2022-02-01,DBC,19.586807250976562,6246100
2022-02-02,DBC,19.665117263793945,6241600
2022-02-03,DBC,19.70862579345703,3387700
2022-02-04,DBC,19.865249633789062,5460400
2022-02-07,DBC,19.908756256103516,3394100
2022-02-08,DBC,19.734729766845703,3238600
2022-02-09,DBC,19.934860229492188,4822700
2022-02-10,DBC,19.830446243286133,4868300
2022-02-11,DBC,20.12628936767578,6965000
2022-02-14,DBC,20.23070526123047,5164900
2022-02-15,DBC,19.900054931640625,4104400
2022-02-16,DBC,19.926158905029297,3950600
2022-02-17,DBC,20.09148597717285,3057600
2022-02-18,DBC,20.169795989990234,3306300
2022-02-22,DBC,20.456945419311523,4654800
2022-02-23,DBC,20.648374557495117,4004400
2022-02-24,DBC,20.73538589477539,13349400
2022-02-25,DBC,20.422138214111328,8694300
2022-02-28,DBC,20.770193099975586,10291900
2022-03-01,DBC,21.605525970458984,11819800
2022-03-02,DBC,22.310335159301758,11672700
2022-03-03,DBC,22.553974151611328,15822800
2022-03-04,DBC,23.502426147460938,17301000
2022-03-07,DBC,24.015810012817383,18127300
2022-03-08,DBC,24.424772262573242,19913800
2022-03-09,DBC,22.484363555908203,16680700
2022-03-10,DBC,22.214622497558594,8655500
2022-03-11,DBC,22.597482681274414,7746400
2022-03-14,DBC,21.93617820739746,8335900
2022-03-15,DBC,21.396690368652344,12507400
2022-03-16,DBC,21.21396255493164,8001000
2022-03-17,DBC,22.232023239135742,6045000
2022-03-18,DBC,22.336442947387695,3562600
2022-03-21,DBC,23.17177391052246,4170600
2022-03-22,DBC,23.119565963745117,4452500
2022-03-23,DBC,23.693857192993164,3406900
2022-03-24,DBC,23.45891761779785,4595200
2022-03-25,DBC,23.632946014404297,4694700
2022-03-28,DBC,22.606184005737305,5249700
2022-03-29,DBC,22.693199157714844,5106800
2022-03-30,DBC,23.102161407470703,3669100
2022-03-31,DBC,22.67579460144043,4881900
2022-04-01,DBC,22.823720932006836,5282100
2022-04-04,DBC,23.258787155151367,4628700
2022-04-05,DBC,23.067358016967773,6250400
2022-04-06,DBC,22.884628295898438,3825000
2022-04-07,DBC,22.962942123413086,3891900
2022-04-08,DBC,23.250085830688477,6044100
2022-04-11,DBC,23.058656692504883,3558800
2022-04-12,DBC,23.746065139770508,4192300
2022-04-13,DBC,24.268146514892578,6133800
2022-04-14,DBC,24.450876235961914,5547100
2022-04-18,DBC,24.729320526123047,7531200
2022-04-19,DBC,24.0941219329834,5921200
2022-04-20,DBC,24.120223999023438,4145300
2022-04-21,DBC,24.085420608520508,4061200
2022-04-22,DBC,23.624244689941406,4307600
2022-04-25,DBC,23.450220108032227,6128600
2022-04-26,DBC,23.772171020507812,5365400
2022-04-27,DBC,23.937496185302734,3375100
2022-04-28,DBC,24.13762664794922,4675300
2022-04-29,DBC,23.95490074157715,4323400
2022-05-02,DBC,24.320358276367188,5788200
2022-05-03,DBC,23.981002807617188,2453000
2022-05-04,DBC,24.729320526123047,5276000
2022-05-05,DBC,24.598798751831055,4150300
2022-05-06,DBC,24.624902725219727,6719000
2022-05-09,DBC,23.511127471923828,9241900
2022-05-10,DBC,23.371906280517578,4717900
2022-05-11,DBC,23.946197509765625,4105400
2022-05-12,DBC,24.059314727783203,4377500
2022-05-13,DBC,24.38996696472168,3611100
2022-05-16,DBC,24.79022979736328,7230300
2022-05-17,DBC,24.520488739013672,4522600
2022-05-18,DBC,23.989704132080078,3436700
2022-05-19,DBC,24.29425048828125,3482800
2022-05-20,DBC,24.329055786132812,2389600
2022-05-23,DBC,24.51178741455078,2386600
2022-05-24,DBC,24.494382858276367,2591300
2022-05-25,DBC,24.668411254882812,2312600
2022-05-26,DBC,24.938154220581055,3468200
2022-05-27,DBC,25.23400115966797,2431600
2022-05-31,DBC,25.059972763061523,3508300
2022-06-01,DBC,25.181793212890625,3099400
2022-06-02,DBC,25.756084442138672,3133500
2022-06-03,DBC,25.999723434448242,2228600
2022-06-06,DBC,26.11284065246582,3154800
2022-06-07,DBC,26.286867141723633,3388300
2022-06-08,DBC,26.521804809570312,5112500
2022-06-09,DBC,26.5653133392334,3821700
2022-06-10,DBC,26.304271697998047,3215800
2022-06-13,DBC,26.008424758911133,6268600
2022-06-14,DBC,25.721277236938477,5818200
2022-06-15,DBC,25.73868179321289,5532800
2022-06-16,DBC,25.851797103881836,4229000
2022-06-17,DBC,24.929452896118164,6746300
2022-06-21,DBC,24.86854362487793,4766800
2022-06-22,DBC,24.424772262573242,8211800
2022-06-23,DBC,23.8765869140625,8788400
2022-06-24,DBC,24.10282325744629,3507100
2022-06-27,DBC,24.050613403320312,6080400
2022-06-28,DBC,24.337759017944336,2065800
2022-06-29,DBC,23.920093536376953,1902000
2022-06-30,DBC,23.18047332763672,5156300
2022-07-01,DBC,23.293594360351562,7726200
2022-07-05,DBC,21.727344512939453,10118900
2022-07-06,DBC,21.4053955078125,8203400
2022-07-07,DBC,22.29293441772461,4708300
2022-07-08,DBC,22.684497833251953,3934600
2022-07-11,DBC,22.6409912109375,3606800
2022-07-12,DBC,21.614229202270508,6427300
2022-07-13,DBC,21.736047744750977,2853400
2022-07-14,DBC,21.53591537475586,4524900
2022-07-15,DBC,21.814359664916992,3972800
2022-07-18,DBC,22.223323822021484,1735000
2022-07-19,DBC,22.310335159301758,3203200
2022-07-20,DBC,22.29293441772461,1915200
2022-07-21,DBC,21.91877555847168,6044500
2022-07-22,DBC,21.657733917236328,1279800
2022-07-25,DBC,22.04929542541504,5301100
2022-07-26,DBC,22.092802047729492,6002000
2022-07-27,DBC,22.597482681274414,2638200
2022-07-28,DBC,22.614883422851562,2202400
2022-07-29,DBC,22.719303131103516,2209000
2022-08-01,DBC,22.258129119873047,4076300
2022-08-02,DBC,22.14501190185547,2800000
2022-08-03,DBC,21.953580856323242,3368500
2022-08-04,DBC,21.718643188476562,5345100
2022-08-05,DBC,21.64033317565918,3481600
2022-08-08,DBC,21.9013729095459,2992600
2022-08-09,DBC,22.0841007232666,2038500
2022-08-10,DBC,22.388647079467773,2280800
2022-08-11,DBC,22.823720932006836,5550100
2022-08-12,DBC,22.701900482177734,2575200
2022-08-15,DBC,22.42345428466797,3170400
2022-08-16,DBC,22.171113967895508,2842600
2022-08-17,DBC,22.258129119873047,2840700
2022-08-18,DBC,22.597482681274414,4864500
2022-08-19,DBC,22.58877944946289,3590800
2022-08-22,DBC,22.788915634155273,3868200
2022-08-23,DBC,23.16307258605957,4384600
2022-08-24,DBC,23.40671157836914,3093500
2022-08-25,DBC,23.076059341430664,2066000
2022-08-26,DBC,23.17177391052246,3105500
2022-08-29,DBC,23.511127471923828,6205300
2022-08-30,DBC,22.8585262298584,4292100
2022-08-31,DBC,22.379947662353516,4977600
2022-09-01,DBC,21.9013729095459,8110700
2022-09-02,DBC,22.04929542541504,4586500
2022-09-06,DBC,21.91877555847168,3453700
2022-09-07,DBC,21.396690368652344,7838800
2022-09-08,DBC,21.483705520629883,5282300
2022-09-09,DBC,22.092802047729492,1327900
2022-09-12,DBC,22.39735221862793,1868500
2022-09-13,DBC,22.28423309326172,3863300
2022-09-14,DBC,22.379947662353516,1561600
2022-09-15,DBC,21.727344512939453,2106300
2022-09-16,DBC,21.649032592773438,2035500
2022-09-19,DBC,21.718643188476562,2213800
2022-09-20,DBC,21.692541122436523,1815900
2022-09-21,DBC,21.56201934814453,1647700
2022-09-22,DBC,21.622928619384766,1770300
2022-09-23,DBC,20.892011642456055,3885200
2022-09-26,DBC,20.404733657836914,5110900
2022-09-27,DBC,20.622272491455078,2834800
2022-09-28,DBC,21.19655990600586,2314300
2022-09-29,DBC,21.066038131713867,2066100
2022-09-30,DBC,20.80499839782715,3947600
2022-10-03,DBC,21.274873733520508,6326900
2022-10-04,DBC,21.849164962768555,2239800
2022-10-05,DBC,22.240726470947266,2753700
2022-10-06,DBC,22.379947662353516,2810600
2022-10-07,DBC,22.614883422851562,2382200
2022-10-10,DBC,22.362546920776367,2467600
2022-10-11,DBC,22.04059410095215,2530300
2022-10-12,DBC,22.04059410095215,2338200
2022-10-13,DBC,22.345142364501953,2166400
2022-10-14,DBC,21.9013729095459,1559100
2022-10-17,DBC,21.849164962768555,2200900
2022-10-18,DBC,21.614229202270508,1673600
2022-10-19,DBC,21.605525970458984,2062600
2022-10-20,DBC,21.622928619384766,1564100
2022-10-21,DBC,21.649032592773438,1142900
2022-10-24,DBC,21.709943771362305,1166800
2022-10-25,DBC,21.831764221191406,892300
2022-10-26,DBC,22.240726470947266,4190100
2022-10-27,DBC,22.27553367614746,1699500
2022-10-28,DBC,22.014490127563477,2783500
2022-10-31,DBC,21.857866287231445,3264300
2022-11-01,DBC,22.18851661682129,4248500
2022-11-02,DBC,22.388647079467773,2158500
2022-11-03,DBC,22.371246337890625,2088500
2022-11-04,DBC,23.128267288208008,2063000
2022-11-07,DBC,22.928136825561523,2093800
2022-11-08,DBC,22.64969253540039,1958000
2022-11-09,DBC,22.127609252929688,1693200
2022-11-10,DBC,22.327739715576172,2431800
2022-11-11,DBC,22.754106521606445,2817700
2022-11-14,DBC,22.414752960205078,1623100
2022-11-15,DBC,22.67579460144043,3209900
2022-11-16,DBC,22.42345428466797,2226900
2022-11-17,DBC,22.04929542541504,2043300
2022-11-18,DBC,21.892671585083008,3200500
2022-11-21,DBC,21.814359664916992,4164200
2022-11-22,DBC,22.04059410095215,3397700
2022-11-23,DBC,21.736047744750977,2169000
2022-11-25,DBC,21.54461669921875,1243200
2022-11-28,DBC,21.414094924926758,3559600
2022-11-29,DBC,21.692541122436523,5141700
2022-11-30,DBC,22.17981719970703,2939800
2022-12-01,DBC,22.066699981689453,3382400
2022-12-02,DBC,21.831764221191406,3957200
2022-12-05,DBC,21.266172409057617,4078100
2022-12-06,DBC,20.926816940307617,3352600
2022-12-07,DBC,20.822402954101562,5676500
2022-12-08,DBC,20.787595748901367,3554700
2022-12-09,DBC,20.81369972229004,2957900
2022-12-12,DBC,21.039936065673828,2660100
2022-12-13,DBC,21.387990951538086,2779000
2022-12-14,DBC,21.55331802368164,2342400
2022-12-15,DBC,21.292274475097656,2802500
2022-12-16,DBC,21.022533416748047,3403500
2022-12-19,DBC,20.983139038085938,3123500
2022-12-20,DBC,21.07943344116211,2614500
2022-12-21,DBC,21.350805282592773,1882500
2022-12-22,DBC,21.07943344116211,2017200
2022-12-23,DBC,21.4646053314209,2913300
2022-12-27,DBC,21.65719223022461,6148300
2022-12-28,DBC,21.41208267211914,2873300
2022-12-29,DBC,21.385820388793945,1759900
2022-12-30,DBC,21.578407287597656,1848300
2023-01-03,DBC,21.061925888061523,3228300
2023-01-04,DBC,20.685508728027344,1983700
2023-01-05,DBC,20.580461502075195,1700700
2023-01-06,DBC,20.69426155090332,1674600
2023-01-09,DBC,20.93937110900879,1189300
2023-01-10,DBC,20.93937110900879,1469400
2023-01-11,DBC,21.3157901763916,1923200
2023-01-12,DBC,21.49086570739746,2452100
2023-01-13,DBC,21.700963973999023,1514800
2023-01-17,DBC,21.849777221679688,1160700
2023-01-18,DBC,21.613422393798828,1469600
2023-01-19,DBC,21.832271575927734,1241200
2023-01-20,DBC,21.963579177856445,1144000
2023-01-23,DBC,22.016101837158203,2664600
2023-01-24,DBC,21.89354705810547,915600
2023-01-25,DBC,21.832271575927734,1151200
2023-01-26,DBC,21.92856216430664,1637600
2023-01-27,DBC,21.683454513549805,2379200
2023-01-30,DBC,21.403329849243164,2528300
2023-01-31,DBC,21.770994186401367,1571800
2023-02-01,DBC,21.359560012817383,3090900
2023-02-02,DBC,21.20198631286621,3591100
2023-02-03,DBC,20.668001174926758,2625600
2023-02-06,DBC,20.729276657104492,1375700
2023-02-07,DBC,21.123201370239258,1057300
2023-02-08,DBC,21.16697120666504,822500
2023-02-09,DBC,21.000648498535156,2054000
2023-02-10,DBC,21.298282623291016,783100
2023-02-13,DBC,21.254512786865234,853800
2023-02-14,DBC,21.324542999267578,926500
2023-02-15,DBC,21.096940994262695,924700
2023-02-16,DBC,21.03566551208496,831900
2023-02-17,DBC,20.878093719482422,1207900
2023-02-21,DBC,20.904356002807617,1014100
2023-02-22,DBC,20.632984161376953,1219400
2023-02-23,DBC,20.79055404663086,2070200
2023-02-24,DBC,20.720523834228516,1637800
2023-02-27,DBC,20.73802947998047,1076800
2023-02-28,DBC,20.799306869506836,1222300
2023-03-01,DBC,21.158218383789062,1238200
2023-03-02,DBC,21.07943344116211,828700
2023-03-03,DBC,21.41208267211914,1507900
2023-03-06,DBC,21.307035446166992,1046000
2023-03-07,DBC,20.869340896606445,1498500
2023-03-08,DBC,20.755537033081055,1518300
2023-03-09,DBC,20.501676559448242,1290800
2023-03-10,DBC,20.720523834228516,2418300
2023-03-13,DBC,20.589214324951172,1865900
2023-03-14,DBC,20.326595306396484,1300600
2023-03-15,DBC,19.853885650634766,2929200
2023-03-16,DBC,19.915163040161133,1536600
2023-03-17,DBC,19.853885650634766,1916800
2023-03-20,DBC,19.93267059326172,1108900
2023-03-21,DBC,20.002700805664062,1300500
2023-03-22,DBC,20.055225372314453,1414200
2023-03-23,DBC,20.002700805664062,1482800
2023-03-24,DBC,20.0989933013916,2175900
2023-03-27,DBC,20.475414276123047,2176200
2023-03-28,DBC,20.571706771850586,1037900
2023-03-29,DBC,20.440397262573242,514700
2023-03-30,DBC,20.589214324951172,793900
2023-03-31,DBC,20.781801223754883,1026200
2023-04-03,DBC,21.123201370239258,1164800
2023-04-04,DBC,21.096940994262695,1313100
2023-04-05,DBC,21.17572784423828,1099700
2023-04-06,DBC,21.114450454711914,2418800
2023-04-10,DBC,21.114450454711914,989900
2023-04-11,DBC,21.22825050354004,1526000
2023-04-12,DBC,21.394577026367188,1151500
2023-04-13,DBC,21.394577026367188,888700
2023-04-14,DBC,21.42083740234375,1244600
2023-04-17,DBC,21.33329963684082,937300
2023-04-18,DBC,21.37706756591797,844800
2023-04-19,DBC,21.07943344116211,397300
2023-04-20,DBC,20.895601272583008,1066100
2023-04-21,DBC,20.851831436157227,735700
2023-04-24,DBC,21.018156051635742,1753800
2023-04-25,DBC,20.720523834228516,1221000
2023-04-26,DBC,20.405380249023438,2206400
2023-04-27,DBC,20.431642532348633,990400
2023-04-28,DBC,20.624231338500977,854500
2023-05-01,DBC,20.44915199279785,1138800
2023-05-02,DBC,19.985193252563477,1658800
2023-05-03,DBC,19.73133087158203,869700
2023-05-04,DBC,19.810115814208984,782900
2023-05-05,DBC,20.25656509399414,702400
2023-05-08,DBC,20.35285758972168,742600
2023-05-09,DBC,20.414134979248047,787200
2023-05-10,DBC,20.35285758972168,489800
2023-05-11,DBC,20.002700805664062,742700
2023-05-12,DBC,19.84513282775879,769800
2023-05-15,DBC,20.07273292541504,703200
2023-05-16,DBC,19.853885650634766,1020700
2023-05-17,DBC,20.090242385864258,816400
2023-05-18,DBC,19.906410217285156,1005200
2023-05-19,DBC,19.880146026611328,777800
2023-05-22,DBC,19.897655487060547,606600
2023-05-23,DBC,19.976438522338867,753500
2023-05-24,DBC,19.985193252563477,692600
2023-05-25,DBC,19.67005157470703,1809500
2023-05-26,DBC,19.985193252563477,837300
2023-05-30,DBC,19.521236419677734,774500
2023-05-31,DBC,19.302387237548828,762500
2023-06-01,DBC,19.617528915405273,561000
2023-06-02,DBC,19.871395111083984,1195900
2023-06-05,DBC,19.81886863708496,1099300
2023-06-06,DBC,19.84513282775879,764300
2023-06-07,DBC,19.923917770385742,2155500
2023-06-08,DBC,19.95893096923828,893800
2023-06-09,DBC,19.83637809753418,641300
2023-06-12,DBC,19.565006256103516,686700
2023-06-13,DBC,19.82762336730957,701600
2023-06-14,DBC,19.871395111083984,763800
2023-06-15,DBC,20.291582107543945,1215100
2023-06-16,DBC,20.54544448852539,1252300
2023-06-20,DBC,20.36161231994629,1911200
2023-06-21,DBC,20.65924835205078,930200
2023-06-22,DBC,20.27407455444336,1056000
2023-06-23,DBC,20.055225372314453,1002200
2023-06-26,DBC,20.08148765563965,729000
2023-06-27,DBC,19.757591247558594,560800
2023-06-28,DBC,19.696313858032227,1101500
2023-06-29,DBC,19.705068588256836,635300
2023-06-30,DBC,19.871395111083984,972200
2023-07-03,DBC,19.871395111083984,902200
2023-07-05,DBC,19.993947982788086,2849100
2023-07-06,DBC,19.950178146362305,629100
2023-07-07,DBC,20.11650276184082,807800
2023-07-10,DBC,20.1602725982666,632400
2023-07-11,DBC,20.39662742614746,457800
2023-07-12,DBC,20.54544448852539,599600
2023-07-13,DBC,20.834321975708008,582900
2023-07-14,DBC,20.69426155090332,669800
2023-07-17,DBC,20.527936935424805,696100
2023-07-18,DBC,20.799306869506836,554700
2023-07-19,DBC,20.913108825683594,1371500
2023-07-20,DBC,20.97438621520996,1138600
2023-07-21,DBC,21.08818817138672,710500
2023-07-24,DBC,21.4646053314209,781300
2023-07-25,DBC,21.543392181396484,510700
2023-07-26,DBC,21.438344955444336,893700
2023-07-27,DBC,21.385820388793945,1273100
2023-07-28,DBC,21.51712989807129,2657200
2023-07-31,DBC,21.60466957092285,2012200
2023-08-01,DBC,21.49086570739746,1688900
2023-08-02,DBC,21.16697120666504,1143800
2023-08-03,DBC,21.36831283569336,1111700
2023-08-04,DBC,21.403329849243164,529400
2023-08-07,DBC,21.41208267211914,1137700
2023-08-08,DBC,21.385820388793945,993600
2023-08-09,DBC,21.534637451171875,671900
2023-08-10,DBC,21.42083740234375,576600
2023-08-11,DBC,21.385820388793945,566200
2023-08-14,DBC,21.280773162841797,697600
2023-08-15,DBC,21.026912689208984,3808700
2023-08-16,DBC,20.93937110900879,2205400
2023-08-17,DBC,20.99189567565918,857500
2023-08-18,DBC,21.140708923339844,601800
2023-08-21,DBC,21.08818817138672,507800
2023-08-22,DBC,21.096940994262695,623500
2023-08-23,DBC,21.140708923339844,910700
2023-08-24,DBC,21.158218383789062,599500
2023-08-25,DBC,21.36831283569336,793800
2023-08-28,DBC,21.33329963684082,590200
2023-08-29,DBC,21.41208267211914,417500
2023-08-30,DBC,21.438344955444336,527300
2023-08-31,DBC,21.525882720947266,1197700
2023-09-01,DBC,21.779747009277344,1716100
2023-09-05,DBC,21.884794235229492,1039100
2023-09-06,DBC,21.93731689453125,843800
2023-09-07,DBC,21.89354705810547,388800
2023-09-08,DBC,21.93731689453125,611500
2023-09-11,DBC,22.068626403808594,553900
2023-09-12,DBC,22.147411346435547,1075100
2023-09-13,DBC,22.217443466186523,813800
2023-09-14,DBC,22.401275634765625,679600
2023-09-15,DBC,22.348752975463867,573300
2023-09-18,DBC,22.339998245239258,868100
2023-09-19,DBC,22.357505798339844,844700
2023-09-20,DBC,22.173673629760742,663600
2023-09-21,DBC,22.1036434173584,1172600
2023-09-22,DBC,22.121150970458984,727700
2023-09-25,DBC,22.016101837158203,639900
2023-09-26,DBC,21.98984146118164,986300
2023-09-27,DBC,22.112396240234375,944200
2023-09-28,DBC,22.08613395690918,865500
2023-09-29,DBC,21.849777221679688,2044200
2023-10-02,DBC,21.683454513549805,3616100
2023-10-03,DBC,21.587160110473633,2573900
2023-10-04,DBC,20.983139038085938,1225500
2023-10-05,DBC,20.860584259033203,2068100
2023-10-06,DBC,20.93937110900879,2218500
2023-10-09,DBC,21.37706756591797,2702800
2023-10-10,DBC,21.324542999267578,1359500
2023-10-11,DBC,21.20198631286621,2163300
2023-10-12,DBC,21.193233489990234,979300
2023-10-13,DBC,21.75348663330078,954000
2023-10-16,DBC,21.683454513549805,820400
2023-10-17,DBC,21.744731903076172,921900
2023-10-18,DBC,21.93731689453125,1110100
2023-10-19,DBC,22.164920806884766,937400
2023-10-20,DBC,21.998594284057617,1243400
2023-10-23,DBC,21.858531951904297,1179500
2023-10-24,DBC,21.622177124023438,1119700
2023-10-25,DBC,21.779747009277344,2212000
2023-10-26,DBC,21.595914840698242,1862600
2023-10-27,DBC,21.884794235229492,1051400
2023-10-30,DBC,21.534637451171875,975900
2023-10-31,DBC,21.455852508544922,2199500
2023-11-01,DBC,21.49086570739746,2495700
2023-11-02,DBC,21.718469619750977,1936100
2023-11-03,DBC,21.60466957092285,1407100
2023-11-06,DBC,21.692209243774414,1210900
2023-11-07,DBC,21.22825050354004,1861600
2023-11-08,DBC,20.99189567565918,1269100
2023-11-09,DBC,20.93937110900879,1254300
2023-11-10,DBC,21.044418334960938,874200
2023-11-13,DBC,21.350805282592773,913200
2023-11-14,DBC,21.3157901763916,1573100
2023-11-15,DBC,21.17572784423828,1314500
2023-11-16,DBC,20.668001174926758,3465600
2023-11-17,DBC,20.965635299682617,1241100
2023-11-20,DBC,21.22825050354004,777600
2023-11-21,DBC,21.350805282592773,642500
2023-11-22,DBC,21.16697120666504,850600
2023-11-24,DBC,21.026912689208984,391300
2023-11-27,DBC,20.88684844970703,1032500
2023-11-28,DBC,21.140708923339844,1112800
2023-11-29,DBC,21.289527893066406,972200
2023-11-30,DBC,20.930618286132812,1769700
2023-12-01,DBC,20.834321975708008,1399700
2023-12-04,DBC,20.69426155090332,5278400
2023-12-05,DBC,20.51042938232422,1557500
2023-12-06,DBC,20.011455535888672,1913900
2023-12-07,DBC,20.046470642089844,1502200
2023-12-08,DBC,20.134010314941406,1366100
2023-12-11,DBC,20.06397819519043,3260700
2023-12-12,DBC,19.757591247558594,1983200
2023-12-13,DBC,19.985193252563477,1613700
2023-12-14,DBC,20.317842483520508,1872100
2023-12-15,DBC,20.35285758972168,1734500
2023-12-18,DBC,20.498884201049805,1844200
2023-12-19,DBC,20.655014038085938,1829600
2023-12-20,DBC,20.416229248046875,1439100
2023-12-21,DBC,20.452964782714844,1352700
2023-12-22,DBC,20.416229248046875,1397800
2023-12-26,DBC,20.61827850341797,1252200
2023-12-27,DBC,20.526437759399414,1372600
2023-12-28,DBC,20.351940155029297,1145200
2023-12-29,DBC,20.241731643676758,1781200
2024-01-02,DBC,20.076417922973633,2421600
2024-01-03,DBC,20.33357048034668,857700
2024-01-04,DBC,20.223363876342773,734000
2024-01-05,DBC,20.324386596679688,800800
2024-01-08,DBC,20.03049659729004,760800
2024-01-09,DBC,20.177440643310547,736200
2024-01-10,DBC,20.03968048095703,754000
2024-01-11,DBC,20.18662452697754,1491100
2024-01-12,DBC,20.260099411010742,673700
2024-01-16,DBC,20.085601806640625,709000
2024-01-17,DBC,20.058048248291016,570700
2024-01-18,DBC,20.18662452697754,408300
2024-01-19,DBC,20.149890899658203,559900
2024-01-22,DBC,20.232547760009766,575900
2024-01-23,DBC,20.342754364013672,442400
2024-01-24,DBC,20.517253875732422,866700
2024-01-25,DBC,20.673383712768555,1600400
2024-01-26,DBC,20.76522445678711,517800
2024-01-29,DBC,20.59072494506836,1579300
2024-01-30,DBC,20.728487014770508,941200
2024-01-31,DBC,20.50806999206543,1305300
2024-02-01,DBC,20.260099411010742,2388400
2024-02-02,DBC,20.03049659729004,1235500
2024-02-05,DBC,20.1131534576416,837900
2024-02-06,DBC,20.18662452697754,790900
2024-02-07,DBC,20.278467178344727,809900
2024-02-08,DBC,20.3886775970459,1125100
2024-02-09,DBC,20.44378089904785,601700
2024-02-12,DBC,20.452964782714844,569000
2024-02-13,DBC,20.33357048034668,1222200
2024-02-14,DBC,20.14070701599121,696000
2024-02-15,DBC,20.18662452697754,791200
2024-02-16,DBC,20.232547760009766,595800
2024-02-20,DBC,20.122337341308594,1053100
2024-02-21,DBC,20.204994201660156,1689900
2024-02-22,DBC,20.260099411010742,507400
2024-02-23,DBC,19.966209411621094,668800
2024-02-26,DBC,20.149890899658203,879100
2024-02-27,DBC,20.306018829345703,2544500
2024-02-28,DBC,20.223363876342773,5225300
2024-02-29,DBC,20.195810317993164,720300
2024-03-01,DBC,20.29683494567871,863200
2024-03-04,DBC,20.36112403869629,538500
2024-03-05,DBC,20.204994201660156,1237800
2024-03-06,DBC,20.37030792236328,1466500
2024-03-07,DBC,20.425413131713867,961000
2024-03-08,DBC,20.36112403869629,933200
2024-03-11,DBC,20.53562355041504,691600
2024-03-12,DBC,20.48051643371582,497700
2024-03-13,DBC,20.76522445678711,1070000
2024-03-14,DBC,20.829513549804688,1168500
2024-03-15,DBC,20.902984619140625,1043100
2024-03-18,DBC,21.095849990844727,1384300
2024-03-19,DBC,21.086666107177734,1889600
2024-03-20,DBC,21.03156089782715,1247400
2024-03-21,DBC,21.004011154174805,813800
2024-03-22,DBC,20.857065200805664,1443900
2024-03-25,DBC,21.03156089782715,1370900
2024-03-26,DBC,20.866249084472656,742000
2024-03-27,DBC,20.847881317138672,2497800
2024-03-28,DBC,21.095849990844727,3686300
2024-04-01,DBC,21.196874618530273,2345900
2024-04-02,DBC,21.38974380493164,1852700
2024-04-03,DBC,21.646896362304688,1771500
2024-04-04,DBC,21.70199966430664,1261200
2024-04-05,DBC,21.812210083007812,1313700
2024-04-08,DBC,21.80302619934082,1263500
2024-04-09,DBC,21.68363380432129,769400
2024-04-10,DBC,21.793840408325195,1349900
2024-04-11,DBC,21.757104873657227,933800
2024-04-12,DBC,21.784656524658203,1579300
2024-04-15,DBC,21.812210083007812,1660100
2024-04-16,DBC,21.77547264099121,1263700
2024-04-17,DBC,21.4356632232666,2084600
2024-04-18,DBC,21.42647933959961,1734500
2024-04-19,DBC,21.527503967285156,1968800
2024-04-22,DBC,21.527503967285156,941800
2024-04-23,DBC,21.61934471130371,1524700
2024-04-24,DBC,21.591793060302734,1670400
2024-04-25,DBC,21.711185455322266,1088600
2024-04-26,DBC,21.72955322265625,707700
2024-04-29,DBC,21.711185455322266,875800
2024-04-30,DBC,21.4356632232666,1875400
2024-05-01,DBC,21.123403549194336,1463900
2024-05-02,DBC,21.196874618530273,1004400
2024-05-03,DBC,21.224428176879883,503400
2024-05-06,DBC,21.463214874267578,1293800
2024-05-07,DBC,21.444847106933594,486300
2024-05-08,DBC,21.334636688232422,415800
2024-05-09,DBC,21.417293548583984,347200
2024-05-10,DBC,21.380558013916016,747700
2024-05-13,DBC,21.518320083618164,531400
2024-05-14,DBC,21.42647933959961,443700
2024-05-15,DBC,21.499950408935547,512100
2024-05-16,DBC,21.555055618286133,519200
2024-05-17,DBC,21.77547264099121,2083900
2024-05-20,DBC,21.968339920043945,1314900
2024-05-21,DBC,21.87649917602539,514000
2024-05-22,DBC,21.564239501953125,889400
2024-05-23,DBC,21.454030990600586,1255100
2024-05-24,DBC,21.600975036621094,1375300
2024-05-28,DBC,21.98670768737793,1845700
2024-05-29,DBC,21.757104873657227,940900
2024-05-30,DBC,21.472396850585938,1041600
2024-05-31,DBC,21.371374130249023,873400
2024-06-03,DBC,21.06829833984375,1790900
2024-06-04,DBC,20.857065200805664,1087200
2024-06-05,DBC,20.930538177490234,966900
2024-06-06,DBC,21.2060604095459,1049000
2024-06-07,DBC,20.902984619140625,747000
2024-06-10,DBC,21.2060604095459,457100
2024-06-11,DBC,21.17850685119629,572500
2024-06-12,DBC,21.25197982788086,761000
2024-06-13,DBC,21.270349502563477,553000
2024-06-14,DBC,21.18769073486328,914700
2024-06-17,DBC,21.261165618896484,1114300
2024-06-18,DBC,21.4356632232666,832400
2024-06-20,DBC,21.481582641601562,910700
2024-06-21,DBC,21.307085037231445,723100
2024-06-24,DBC,21.481582641601562,610400
2024-06-25,DBC,21.27953338623047,726400
2024-06-26,DBC,21.316267013549805,1212400
2024-06-27,DBC,21.42647933959961,675400
2024-06-28,DBC,21.334636688232422,855300
2024-07-01,DBC,21.61016082763672,1233600
2024-07-02,DBC,21.637710571289062,844800
2024-07-03,DBC,21.757104873657227,707500
2024-07-05,DBC,21.839763641357422,860600
2024-07-08,DBC,21.54587173461914,769100
2024-07-09,DBC,21.39892578125,621500
2024-07-10,DBC,21.39892578125,678200
2024-07-11,DBC,21.472396850585938,1759500
2024-07-12,DBC,21.38974380493164,1263200
2024-07-15,DBC,21.233613967895508,863300
2024-07-16,DBC,21.17850685119629,1485400
2024-07-17,DBC,21.17850685119629,1296400
2024-07-18,DBC,21.022377014160156,1410300
2024-07-19,DBC,20.7376708984375,1803800
2024-07-22,DBC,20.792776107788086,1959900
2024-07-23,DBC,20.599910736083984,981700
2024-07-24,DBC,20.59072494506836,991900
2024-07-25,DBC,20.636646270751953,676400
2024-07-26,DBC,20.425413131713867,584200
2024-07-29,DBC,20.33357048034668,709100
2024-07-30,DBC,20.269283294677734,1183600
2024-07-31,DBC,20.7376708984375,1495200
2024-08-01,DBC,20.489700317382812,2002300
2024-08-02,DBC,20.1131534576416,2740400
2024-08-05,DBC,20.076417922973633,2372700
2024-08-06,DBC,19.911104202270508,1634200
2024-08-07,DBC,20.094785690307617,1050600
2024-08-08,DBC,20.278467178344727,568700
2024-08-09,DBC,20.397859573364258,465100
2024-08-12,DBC,20.682567596435547,550900
2024-08-13,DBC,20.489700317382812,374900
2024-08-14,DBC,20.36112403869629,510000
2024-08-15,DBC,20.526437759399414,556600
2024-08-16,DBC,20.397859573364258,570100
2024-08-19,DBC,20.28765296936035,557600
2024-08-20,DBC,20.204994201660156,539300
2024-08-21,DBC,20.10396957397461,545400
2024-08-22,DBC,20.085601806640625,473500
2024-08-23,DBC,20.44378089904785,727700
2024-08-26,DBC,20.655014038085938,417200
2024-08-27,DBC,20.55398941040039,556000
2024-08-28,DBC,20.306018829345703,500700
2024-08-29,DBC,20.53562355041504,458700
2024-08-30,DBC,20.306018829345703,388900
2024-09-03,DBC,19.901918411254883,540700
2024-09-04,DBC,19.754974365234375,456400
2024-09-05,DBC,19.800893783569336,593800
2024-09-06,DBC,19.534557342529297,1176000
2024-09-09,DBC,19.58966064453125,2390300
2024-09-10,DBC,19.304954528808594,957600
2024-09-11,DBC,19.479450225830078,1107600
2024-09-12,DBC,19.856000900268555,1058600
2024-09-13,DBC,19.89273452758789,939100
2024-09-16,DBC,20.03968048095703,586200
2024-09-17,DBC,20.177440643310547,889900
2024-09-18,DBC,20.048864364624023,1002000
2024-09-19,DBC,20.40704345703125,726700
2024-09-20,DBC,20.40704345703125,617700
2024-09-23,DBC,20.416229248046875,658200
2024-09-24,DBC,20.756040573120117,775400
2024-09-25,DBC,20.58154296875,813700
2024-09-26,DBC,20.397859573364258,887700
2024-09-27,DBC,20.498884201049805,649900
2024-09-30,DBC,20.452964782714844,1042600
2024-10-01,DBC,20.81114387512207,1154100
2024-10-02,DBC,20.98564338684082,1089900
2024-10-03,DBC,21.28871726989746,1126800
2024-10-04,DBC,21.343820571899414,1060700
2024-10-07,DBC,21.637710571289062,1330600
2024-10-08,DBC,21.132587432861328,1115900
2024-10-09,DBC,20.94890594482422,872400
2024-10-10,DBC,21.36219024658203,961200
2024-10-11,DBC,21.380558013916016,726700
2024-10-14,DBC,21.049930572509766,842500
2024-10-15,DBC,20.645830154418945,1113700
2024-10-16,DBC,20.59072494506836,683800
2024-10-17,DBC,20.61827850341797,620600
2024-10-18,DBC,20.50806999206543,538400
2024-10-21,DBC,20.572359085083008,640000
2024-10-22,DBC,20.930538177490234,897300
2024-10-23,DBC,20.81114387512207,692400
2024-10-24,DBC,20.801959991455078,912500
2024-10-25,DBC,20.94890594482422,739800
2024-10-28,DBC,20.3886775970459,1002200
2024-10-29,DBC,20.351940155029297,569300
2024-10-30,DBC,20.609094619750977,807900
2024-10-31,DBC,20.746854782104492,1172500
2024-11-01,DBC,20.526437759399414,672100
2024-11-04,DBC,20.87543296813965,616600
2024-11-05,DBC,21.004011154174805,509300
2024-11-06,DBC,20.7744083404541,818600
2024-11-07,DBC,20.98564338684082,1471800
2024-11-08,DBC,20.664199829101562,453300
2024-11-11,DBC,20.33357048034668,1303700
2024-11-12,DBC,20.223363876342773,612000
2024-11-13,DBC,20.159074783325195,652100
2024-11-14,DBC,20.14070701599121,625800
2024-11-15,DBC,20.03968048095703,458000
2024-11-18,DBC,20.498884201049805,651400
2024-11-19,DBC,20.563173294067383,794800
2024-11-20,DBC,20.55398941040039,521500
2024-11-21,DBC,20.700937271118164,619800
2024-11-22,DBC,20.719303131103516,534800
2024-11-25,DBC,20.425413131713867,609800
2024-11-26,DBC,20.425413131713867,1010500
2024-11-27,DBC,20.315204620361328,560700
2024-11-29,DBC,20.33357048034668,419000
2024-12-02,DBC,20.18662452697754,563000
2024-12-03,DBC,20.416229248046875,482300
2024-12-04,DBC,20.306018829345703,875600
2024-12-05,DBC,20.278467178344727,407000
2024-12-06,DBC,20.122337341308594,437900
2024-12-09,DBC,20.315204620361328,698400
2024-12-10,DBC,20.36112403869629,864200
2024-12-11,DBC,20.61827850341797,539800
2024-12-12,DBC,20.53562355041504,360700
2024-12-13,DBC,20.526437759399414,1165700
2024-12-16,DBC,20.416229248046875,832900
2024-12-17,DBC,20.278467178344727,386300
2024-12-18,DBC,20.094785690307617,1348900
2024-12-19,DBC,20.094785690307617,2166500
2024-12-20,DBC,20.223363876342773,1507300
2024-12-23,DBC,20.238842010498047,1414200
2024-12-24,DBC,20.354934692382812,549500
2024-12-26,DBC,20.296886444091797,1139700
2024-12-27,DBC,20.393630981445312,1418400
2024-12-30,DBC,20.57744598388672,938700
2024-12-31,DBC,20.683862686157227,778400
2025-01-02,DBC,20.887025833129883,1027300
2025-01-03,DBC,20.780607223510742,760000
2025-01-06,DBC,20.819305419921875,678700
2025-01-07,DBC,20.91604995727539,787100
2025-01-08,DBC,20.877351760864258,425600
2025-01-10,DBC,21.438467025756836,1089400
2025-01-13,DBC,21.5932559967041,1281800
2025-01-14,DBC,21.583581924438477,476300
2025-01-15,DBC,21.931861877441406,936700
2025-01-16,DBC,21.83511734008789,743300
2025-01-17,DBC,21.738372802734375,699600
2025-01-21,DBC,21.631956100463867,661300
2025-01-22,DBC,21.612606048583984,686100
2025-01-23,DBC,21.53521156311035,920300
2025-01-24,DBC,21.544885635375977,532200
2025-01-27,DBC,21.21595573425293,957900
2025-01-28,DBC,21.235305786132812,414700
2025-01-29,DBC,21.274002075195312,1188300
2025-01-30,DBC,21.293350219726562,862300
2025-01-31,DBC,21.25465202331543,1622200
2025-02-03,DBC,21.419116973876953,1027100
2025-02-04,DBC,21.47716522216797,1188200
2025-02-05,DBC,21.34172248840332,629800
2025-02-06,DBC,21.351396560668945,1111400
2025-02-07,DBC,21.36107063293457,562700
2025-02-10,DBC,21.670652389526367,1099800
2025-02-11,DBC,21.83511734008789,693700
2025-02-12,DBC,21.5932559967041,801600
2025-02-13,DBC,21.699676513671875,717100
2025-02-14,DBC,21.7093505859375,1174400
2025-02-18,DBC,22.02860450744629,877300
2025-02-19,DBC,22.20274543762207,787400
2025-02-20,DBC,22.231767654418945,666700
2025-02-21,DBC,21.92218589782715,809600
2025-02-24,DBC,21.844791412353516,1058100
2025-02-25,DBC,21.60293197631836,1015600
2025-02-26,DBC,21.419116973876953,1308500
2025-02-27,DBC,21.44814109802246,1174400
2025-02-28,DBC,21.283676147460938,1814800
2025-03-03,DBC,21.148235321044922,3041000
2025-03-04,DBC,21.21595573425293,3014800
2025-03-05,DBC,21.157909393310547,2521500
2025-03-06,DBC,21.051490783691406,1985800
2025-03-07,DBC,21.235305786132812,1133900
2025-03-10,DBC,21.099863052368164,1741300
2025-03-11,DBC,21.21595573425293,2474400
2025-03-12,DBC,21.21595573425293,1231800
2025-03-13,DBC,21.138561248779297,1719400
2025-03-14,DBC,21.25465202331543,1467800
2025-03-17,DBC,21.399770736694336,1707800
2025-03-18,DBC,21.351396560668945,1660100
2025-03-19,DBC,21.48683738708496,1297400
2025-03-20,DBC,21.525535583496094,1301700
2025-03-21,DBC,21.399770736694336,1352900
2025-03-24,DBC,21.47716522216797,1766200
2025-03-25,DBC,21.506187438964844,1124200
2025-03-26,DBC,21.47716522216797,1089100
2025-03-27,DBC,21.53521156311035,875200
2025-03-28,DBC,21.467491149902344,2163300
2025-03-31,DBC,21.767396926879883,3256000
2025-04-01,DBC,21.777070999145508,3490500
2025-04-02,DBC,21.912511825561523,1848300
2025-04-03,DBC,21.032142639160156,3423800
2025-04-04,DBC,20.267866134643555,5190200
2025-04-07,DBC,19.948610305786133,5327500
2025-04-08,DBC,19.50358772277832,3650800
2025-04-09,DBC,20.20981788635254,3430100
2025-04-10,DBC,19.958282470703125,2439800
2025-04-11,DBC,20.248516082763672,1307900
2025-04-14,DBC,20.258190155029297,1178200
2025-04-15,DBC,20.20981788635254,816600
2025-04-16,DBC,20.46135139465332,888200
2025-04-17,DBC,20.674190521240234,1411100
2025-04-21,DBC,20.500049591064453,1429400
2025-04-22,DBC,20.59679412841797,793700
2025-04-23,DBC,20.44200325012207,1443100
2025-04-24,DBC,20.625816345214844,1256400
2025-04-25,DBC,20.65484046936035,903200
2025-04-28,DBC,20.538747787475586,1274000
2025-04-29,DBC,20.277538299560547,1139000
2025-04-30,DBC,19.900236129760742,2553900
2025-05-01,DBC,19.996980667114258,3638200
2025-05-02,DBC,20.08405113220215,1948100
2025-05-05,DBC,19.967958450317383,1284200
2025-05-06,DBC,20.267866134643555,1388200
2025-05-07,DBC,20.01633071899414,1300700
2025-05-08,DBC,20.277538299560547,520000
2025-05-09,DBC,20.432329177856445,656600
2025-05-12,DBC,20.567771911621094,1209900
2025-05-13,DBC,20.887025833129883,445300
2025-05-14,DBC,20.780607223510742,449600
2025-05-15,DBC,20.57744598388672,490900
2025-05-16,DBC,20.500049591064453,626800
2025-05-19,DBC,20.471027374267578,683700
2025-05-20,DBC,20.732234954833984,680000
2025-05-21,DBC,20.70321273803711,921900
2025-05-22,DBC,20.59679412841797,634000
2025-05-23,DBC,20.712886810302734,444100
2025-05-27,DBC,20.529071807861328,624700
2025-05-28,DBC,20.46135139465332,590600
2025-05-29,DBC,20.354934692382812,358800
2025-05-30,DBC,20.20014190673828,419100
2025-06-02,DBC,20.625816345214844,1477700
2025-06-03,DBC,20.76125717163086,566700
2025-06-04,DBC,20.683862686157227,871500
2025-06-05,DBC,20.780607223510742,460200
2025-06-06,DBC,20.945072174072266,1122800
2025-06-09,DBC,20.964420318603516,737900
2025-06-10,DBC,20.91604995727539,463600
2025-06-11,DBC,21.25465202331543,829400
2025-06-12,DBC,21.25465202331543,796900
2025-06-13,DBC,21.912511825561523,1622600
2025-06-16,DBC,21.8641414642334,2231300
2025-06-17,DBC,22.328510284423828,1641600
2025-06-18,DBC,22.38655662536621,1790200
2025-06-20,DBC,22.50265121459961,989900
2025-06-23,DBC,21.670652389526367,3334200
2025-06-24,DBC,21.148235321044922,1732000
2025-06-25,DBC,21.119211196899414,1541900
2025-06-26,DBC,21.196605682373047,1288300
2025-06-27,DBC,21.090187072753906,873200
2025-06-30,DBC,21.099863052368164,1184000
2025-07-01,DBC,21.21595573425293,585700
2025-07-02,DBC,21.564233779907227,325600
2025-07-03,DBC,21.5545597076416,202000
2025-07-07,DBC,21.53521156311035,413100
2025-07-08,DBC,21.60293197631836,557200
2025-07-09,DBC,21.564233779907227,577300
2025-07-10,DBC,21.496511459350586,347400
2025-07-11,DBC,21.777070999145508,329700
2025-07-14,DBC,21.5932559967041,562500
2025-07-15,DBC,21.5545597076416,494700
2025-07-16,DBC,21.583581924438477,313600
2025-07-17,DBC,21.757720947265625,203300
2025-07-18,DBC,21.796419143676758,762500
2025-07-21,DBC,21.748046875,500600
2025-07-22,DBC,21.7093505859375,334000
2025-07-23,DBC,21.651302337646484,438200
2025-07-24,DBC,21.670652389526367,347300
2025-07-25,DBC,21.44814109802246,381900
2025-07-28,DBC,21.670652389526367,373300
2025-07-29,DBC,21.951210021972656,480300
2025-07-30,DBC,21.9028377532959,1038500
2025-07-31,DBC,21.719024658203125,656700
2025-08-01,DBC,21.370746612548828,505900
2025-08-04,DBC,21.293350219726562,558300
2025-08-05,DBC,21.10953712463379,225300
2025-08-06,DBC,21.06116485595703,530000
2025-08-07,DBC,21.12888526916504,332800
2025-08-08,DBC,21.12888526916504,536700
2025-08-11,DBC,21.157909393310547,220800
2025-08-12,DBC,21.07084083557129,201100
2025-08-13,DBC,21.04181671142578,527100
2025-08-14,DBC,21.12888526916504,394300
2025-08-15,DBC,21.06116485595703,192700
2025-08-18,DBC,21.080514907836914,658700
2025-08-19,DBC,20.91604995727539,379700
2025-08-20,DBC,21.148235321044922,443800
2025-08-21,DBC,21.274002075195312,546000
2025-08-22,DBC,21.36107063293457,252200
2025-08-25,DBC,21.467491149902344,162400
2025-08-26,DBC,21.30302619934082,236300
2025-08-27,DBC,21.32237434387207,565600
2025-08-28,DBC,21.457815170288086,147000
2025-08-29,DBC,21.48683738708496,447500
2025-09-02,DBC,21.83511734008789,630100
2025-09-03,DBC,21.641630172729492,820100
2025-09-04,DBC,21.48683738708496,414400
2025-09-05,DBC,21.312700271606445,419100
2025-09-08,DBC,21.457815170288086,316400
2025-09-09,DBC,21.51586151123047,252700
2025-09-10,DBC,21.66097640991211,282100
2025-09-11,DBC,21.496511459350586,251100
2025-09-12,DBC,21.62228012084961,300700
2025-09-15,DBC,21.815767288208008,267000
2025-09-16,DBC,22.038280487060547,195800
2025-09-17,DBC,21.806095123291016,448000
2025-09-18,DBC,21.7093505859375,190700
2025-09-19,DBC,21.53521156311035,205000
2025-09-22,DBC,21.53521156311035,325700
2025-09-23,DBC,21.757720947265625,318500
2025-09-24,DBC,21.9028377532959,309300
2025-09-25,DBC,22.057626724243164,1415100
2025-09-26,DBC,22.067302703857422,407600
2025-09-29,DBC,21.88348960876465,192200
2025-09-30,DBC,21.796419143676758,377300
2025-10-01,DBC,21.757720947265625,565700
2025-10-02,DBC,21.612606048583984,303300
2025-10-03,DBC,21.680326461791992,356900
2025-10-06,DBC,21.9028377532959,179600
2025-10-07,DBC,21.989906311035156,241800
2025-10-08,DBC,22.018930435180664,292500
2025-10-09,DBC,21.815767288208008,168400
2025-10-10,DBC,21.351396560668945,464200
2025-10-13,DBC,21.62228012084961,282700
2025-10-14,DBC,21.380420684814453,205300
2025-10-15,DBC,21.457815170288086,164500
2025-10-16,DBC,21.419116973876953,279200
2025-10-17,DBC,21.399770736694336,1650600
2025-10-20,DBC,21.612606048583984,185200
2025-10-21,DBC,21.390094757080078,534200
2025-10-22,DBC,21.728696823120117,397200
2025-10-23,DBC,22.096324920654297,472300
2025-10-24,DBC,22.106000900268555,268900
2025-10-27,DBC,22.057626724243164,294900
2025-10-28,DBC,21.85446548461914,181200
2025-10-29,DBC,21.970558166503906,191000
2025-10-30,DBC,21.98023223876953,183000
2025-10-31,DBC,22.13502311706543,611000
2025-11-03,DBC,22.299488067626953,786100
2025-11-04,DBC,22.144697189331055,480200
2025-11-05,DBC,22.076976776123047,375600
2025-11-06,DBC,22.106000900268555,556000
2025-11-07,DBC,22.15437126159668,305600
2025-11-10,DBC,22.39623260498047,254400
2025-11-11,DBC,22.54134750366211,268300
2025-11-12,DBC,22.289813995361328,808900
2025-11-13,DBC,22.173721313476562,291100
2025-11-14,DBC,22.222091674804688,787700
2025-11-17,DBC,22.193069458007812,353400
2025-11-18,DBC,22.376882553100586,352200
2025-11-19,DBC,22.15437126159668,965000
2025-11-20,DBC,21.94153594970703,287000
2025-11-21,DBC,21.796419143676758,528600
2025-11-24,DBC,21.9028377532959,516300
2025-11-25,DBC,21.786745071411133,224600
2025-11-26,DBC,22.018930435180664,983400
2025-11-28,DBC,22.309162139892578,236100
2025-12-01,DBC,22.367210388183594,679600
2025-12-02,DBC,22.270465850830078,525000
2025-12-03,DBC,22.376882553100586,140800
2025-12-04,DBC,22.4349308013916,195700
2025-12-05,DBC,22.570371627807617,502700
2025-12-08,DBC,22.289813995361328,784600
2025-12-09,DBC,22.24144172668457,294700
2025-12-10,DBC,22.376882553100586,387200
2025-12-11,DBC,22.357534408569336,534800
2025-12-12,DBC,22.173721313476562,425800
2025-12-15,DBC,22.067302703857422,252700
2025-12-16,DBC,21.844791412353516,392500
2025-12-17,DBC,22.106000900268555,504000
2025-12-18,DBC,21.951210021972656,211500
2025-12-19,DBC,22.106000900268555,282700
2025-12-22,DBC,22.389999389648438,511600
2025-12-23,DBC,22.639999389648438,642400
2025-12-24,DBC,22.6299991607666,362800
2025-12-26,DBC,22.700000762939453,686500
2025-12-29,DBC,22.489999771118164,539300
2025-12-30,DBC,22.639999389648438,597600
2025-12-31,DBC,22.360000610351562,931400
2026-01-02,DBC,22.389999389648438,825300
2026-01-05,DBC,22.809999465942383,860000
2026-01-06,DBC,22.799999237060547,581700
2026-01-07,DBC,22.59000015258789,660000
2026-01-08,DBC,22.8799991607666,776600
2026-01-09,DBC,22.899999618530273,220500
2026-01-12,DBC,23.190000534057617,320900
2026-01-13,DBC,23.3700008392334,826200
2026-01-14,DBC,23.389999389648438,1316500
2026-01-15,DBC,23.200000762939453,490100
2026-01-16,DBC,23.15999984741211,506600
2026-01-20,DBC,23.479999542236328,427900
2026-01-21,DBC,23.75,693400
2026-01-22,DBC,23.739999771118164,409300
2026-01-23,DBC,24.18000030517578,890600
2026-01-26,DBC,24.290000915527344,749000
2026-01-27,DBC,24.6200008392334,928600
2026-01-28,DBC,24.940000534057617,557400
2026-01-29,DBC,25.299999237060547,1001600
2026-01-30,DBC,24.43000030517578,2266600
2026-02-02,DBC,23.540000915527344,3064300
2026-02-03,DBC,24.149999618530273,1165100
2026-02-04,DBC,24.190000534057617,1310400
2026-02-05,DBC,23.760000228881836,916100
2026-02-06,DBC,24.010000228881836,913000
2026-02-09,DBC,24.25,630400
2026-02-10,DBC,24.139999389648438,383500
2026-02-11,DBC,24.3700008392334,1026000
2026-02-12,DBC,23.799999237060547,1756500
2026-02-13,DBC,23.8799991607666,250700
2026-02-17,DBC,23.59000015258789,387600
2026-02-18,DBC,24.209999084472656,408500
2026-02-19,DBC,24.43000030517578,278800
2026-02-20,DBC,24.600000381469727,350500
2026-02-23,DBC,24.75,747300
2026-02-24,DBC,24.719999313354492,778600
2026-02-25,DBC,24.75,785400
2026-02-26,DBC,24.760000228881836,386400
2026-02-27,DBC,25.100000381469727,467900
2026-03-02,DBC,25.809999465942383,1707300
2026-03-03,DBC,25.90999984741211,1299200
2026-03-04,DBC,26.139999389648438,539700
2026-03-05,DBC,26.520000457763672,1300900
2026-03-06,DBC,27.510000228881836,4462900
2026-03-09,DBC,27.139999389648438,5116100
2026-03-10,DBC,27.600000381469727,2497600
2026-03-11,DBC,28.1299991607666,1225700
2026-03-12,DBC,28.860000610351562,1770100
2026-03-13,DBC,28.709999084472656,1135600
2026-03-16,DBC,28.309999465942383,1232000
2026-03-17,DBC,28.760000228881836,449800
2026-03-18,DBC,29.270000457763672,873400
2026-03-19,DBC,28.84000015258789,1052100
2026-03-20,DBC,28.940000534057617,1959900
2026-03-23,DBC,27.75,2131000
2026-03-24,DBC,28.239999771118164,1491900
2026-03-25,DBC,28.170000076293945,910100
2026-03-26,DBC,28.440000534057617,569700
2026-03-27,DBC,29.100000381469727,595300
2026-03-30,DBC,29.260000228881836,1067800
2026-03-31,DBC,28.950000762939453,6393700
2026-04-01,DBC,28.68000030517578,7866900
2026-04-02,DBC,29.329999923706055,1765000
2026-04-06,DBC,29.479999542236328,1310900
2026-04-07,DBC,29.3700008392334,2210100
2026-04-08,DBC,28.559999465942383,3558100
2026-04-09,DBC,28.709999084472656,948000
2026-04-10,DBC,28.5,496600
2026-04-13,DBC,28.959999084472656,1206800
2026-04-14,DBC,28.84000015258789,958000
2026-04-15,DBC,28.889999389648438,770300
2026-04-16,DBC,29.110000610351562,556700
2026-04-17,DBC,28.290000915527344,4703400
2026-04-20,DBC,28.670000076293945,1226200
2026-04-21,DBC,29.209999084472656,804300
2026-04-22,DBC,29.510000228881836,1232600
2026-04-23,DBC,29.889999389648438,1074300
2026-04-24,DBC,29.860000610351562,974000
2026-04-27,DBC,30.09000015258789,1478500
2026-04-28,DBC,30.34000015258789,1564500
2026-04-29,DBC,31.079999923706055,1886200
2026-04-30,DBC,31.100000381469727,2145400
2026-05-01,DBC,30.809999465942383,1626300
2026-05-04,DBC,31.329999923706055,2479300
2026-05-05,DBC,31.200000762939453,699700
2026-05-06,DBC,30.209999084472656,1739900
2026-05-07,DBC,30.25,5368300
2026-05-08,DBC,30.299999237060547,1309900
2026-05-11,DBC,31.059999465942383,3213600
2026-05-12,DBC,31.690000534057617,1301900
2026-05-13,DBC,31.3700008392334,777700
2026-05-14,DBC,31.149999618530273,679000
2026-05-15,DBC,31.190000534057617,832200
2026-05-18,DBC,31.3799991607666,1514300
2026-05-19,DBC,31.610000610351562,960000
2026-05-20,DBC,30.8799991607666,1344200
2026-05-21,DBC,30.700000762939453,751900
2026-05-22,DBC,30.540000915527344,863100
2026-05-26,DBC,30.030000686645508,1488800
2026-05-27,DBC,29.489999771118164,936800
2026-05-28,DBC,29.719999313354492,918700
2026-05-29,DBC,29.479999542236328,1035300
2026-06-01,DBC,29.989999771118164,1643000
2026-06-02,DBC,30.1200008392334,715900
2026-06-03,DBC,30.290000915527344,507500
2026-06-04,DBC,29.8799991607666,781200
2026-06-05,DBC,29.229999542236328,1126100
2026-06-08,DBC,29.469999313354492,654200
2026-06-09,DBC,29.06999969482422,2689200
2026-06-10,DBC,29.170000076293945,930800
2026-06-11,DBC,28.850000381469727,1377400
2026-06-12,DBC,28.549999237060547,1080700
2026-06-15,DBC,28.219999313354492,1070000
2026-06-16,DBC,27.899999618530273,463800
2026-06-17,DBC,27.709999084472656,1454800
2026-06-18,DBC,27.6299991607666,1121200
2026-06-22,DBC,27.40999984741211,585400
2026-06-23,DBC,27.1200008392334,572900
2026-06-24,DBC,26.450000762939453,1050800
2026-06-25,DBC,26.93000030517578,529600
2026-06-26,DBC,26.56999969482422,522300
2026-06-29,DBC,26.559999465942383,728700
2026-06-30,DBC,26.65999984741211,1480300
2026-07-01,DBC,26.450000762939453,1940200
2026-07-02,DBC,26.56999969482422,830200
2026-07-06,DBC,27.0,774900
2026-07-07,DBC,27.350000381469727,781000
2026-07-08,DBC,27.799999237060547,1394400
2026-07-09,DBC,27.579999923706055,448800
2026-07-10,DBC,27.520000457763672,509700
2026-07-13,DBC,28.329999923706055,770500
2026-07-14,DBC,28.6299991607666,867800
2026-07-15,DBC,28.790000915527344,609200
2026-07-16,DBC,28.459999084472656,521700
2026-07-17,DBC,28.979999542236328,4318800
2026-07-20,DBC,29.139999389648438,809000
2026-07-21,DBC,29.56999969482422,924700
2026-07-22,DBC,29.860000610351562,1198400
2026-07-23,DBC,30.309999465942383,1268000
2026-07-24,DBC,30.100000381469727,817400
2026-07-27,DBC,29.010000228881836,820900
2026-07-28,DBC,28.600000381469727,533000
2026-07-29,DBC,29.420000076293945,1143500
2026-07-30,DBC,29.31999969482422,640900
2026-07-31,DBC,29.450000762939453,1294100
2026-08-03,DBC,28.8799991607666,1391100
2026-08-04,DBC,28.309999465942383,1680600
2026-08-05,DBC,28.479999542236328,632200
2026-08-06,DBC,28.860000610351562,788800
2026-08-07,DBC,28.90999984741211,1114500
2026-08-10,DBC,29.93000030517578,1199800
2026-08-11,DBC,29.969999313354492,314800
2026-08-12,DBC,30.110000610351562,1078900
2026-08-13,DBC,29.780000686645508,317800
2026-08-14,DBC,30.0,166400
2026-08-17,DBC,30.559999465942383,660400
2026-08-18,DBC,30.479999542236328,535500
2026-08-19,DBC,30.760000228881836,352900
2026-08-20,DBC,31.110000610351562,408600
2026-08-21,DBC,31.260000228881836,466900
2026-08-24,DBC,30.940000534057617,2852600
2026-08-25,DBC,30.43000030517578,540000
2026-08-26,DBC,30.5,918100
2016-01-04,EEM,24.951820373535156,83489100
2016-01-05,EEM,25.007606506347656,57773900
2016-01-06,EEM,24.52945327758789,65835100
2016-01-07,EEM,23.772371292114258,88974700
2016-01-08,EEM,23.517349243164062,73528000
2016-01-11,EEM,23.509382247924805,56225500
2016-01-12,EEM,23.557199478149414,61357500
2016-01-13,EEM,23.310152053833008,71788700
2016-01-14,EEM,23.61297607421875,65521200
2016-01-15,EEM,22.680574417114258,117573900
2016-01-19,EEM,23.01528549194336,79535100
2016-01-20,EEM,22.51321792602539,103223500
2016-01-21,EEM,22.60088348388672,81845900
2016-01-22,EEM,23.373903274536133,75886600
2016-01-25,EEM,22.975440979003906,59623300
2016-01-26,EEM,23.310152053833008,60020100
2016-01-27,EEM,23.230457305908203,74020200
2016-01-28,EEM,23.597043991088867,84739900
2016-01-29,EEM,24.362098693847656,81973800
2016-02-01,EEM,24.1309871673584,43254600
2016-02-02,EEM,23.34999656677246,75516000
2016-02-03,EEM,24.011444091796875,117143200
2016-02-04,EEM,24.194740295410156,99923300
2016-02-05,EEM,23.915813446044922,70370700
2016-02-08,EEM,23.589073181152344,72716800
2016-02-09,EEM,23.2623348236084,67275700
2016-02-10,EEM,23.35796356201172,67192400
2016-02-11,EEM,22.967472076416016,86795500
2016-02-12,EEM,23.365936279296875,68436000
2016-02-16,EEM,23.883939743041992,54396200
2016-02-17,EEM,24.3541259765625,69297600
2016-02-18,EEM,24.210676193237305,59141200
2016-02-19,EEM,24.099111557006836,59069000
2016-02-22,EEM,24.696802139282227,42673400
2016-02-23,EEM,24.170833587646484,54666100
2016-02-24,EEM,24.11504554748535,59334200
2016-02-25,EEM,24.194740295410156,45895100
2016-02-26,EEM,23.955657958984375,54635600
2016-02-29,EEM,24.16286277770996,65543100
2016-03-01,EEM,25.023544311523438,69324500
2016-03-02,EEM,25.358257293701172,66977500
2016-03-03,EEM,25.645151138305664,69856900
2016-03-04,EEM,26.155183792114258,102487700
2016-03-07,EEM,26.11533546447754,67816600
2016-03-08,EEM,25.66905403137207,50510100
2016-03-09,EEM,25.828441619873047,54890300
2016-03-10,EEM,25.8682918548584,69716400
2016-03-11,EEM,26.410202026367188,74998500
2016-03-14,EEM,26.25082015991211,43838500
2016-03-15,EEM,25.87626075744629,66967800
2016-03-16,EEM,26.39426040649414,98218500
2016-03-17,EEM,26.97602081298828,114746800
2016-03-18,EEM,27.119468688964844,102194600
2016-03-21,EEM,27.175251007080078,59921400
2016-03-22,EEM,27.11149787902832,41960900
2016-03-23,EEM,26.64927864074707,58628500
2016-03-24,EEM,26.585525512695312,61479100
2016-03-28,EEM,26.673189163208008,40595500
2016-03-29,EEM,27.039772033691406,81638800
2016-03-30,EEM,27.318700790405273,53128600
2016-03-31,EEM,27.294788360595703,109595100
2016-04-01,EEM,27.215099334716797,76178800
2016-04-04,EEM,26.88835906982422,46429000
2016-04-05,EEM,26.362382888793945,61660900
2016-04-06,EEM,26.6811580657959,56608700
2016-04-07,EEM,26.1472110748291,75406000
2016-04-08,EEM,26.60146141052246,44785200
2016-04-11,EEM,26.944141387939453,63972000
2016-04-12,EEM,27.35854721069336,70261600
2016-04-13,EEM,27.84467124938965,95376400
2016-04-14,EEM,27.709190368652344,49781400
2016-04-15,EEM,27.5498046875,61733700
2016-04-18,EEM,27.67731475830078,51810600
2016-04-19,EEM,28.099689483642578,70368800
2016-04-20,EEM,27.972183227539062,51670100
2016-04-21,EEM,27.693254470825195,59286600
2016-04-22,EEM,27.52589988708496,43727100
2016-04-25,EEM,27.350582122802734,40116100
2016-04-26,EEM,27.645437240600586,46394300
2016-04-27,EEM,27.81279182434082,56192100
2016-04-28,EEM,27.52589988708496,51718900
2016-04-29,EEM,27.406360626220703,86482700
2016-05-02,EEM,27.334640502929688,36887000
2016-05-03,EEM,26.561620712280273,94755400
2016-05-04,EEM,26.13128089904785,105838400
2016-05-05,EEM,26.12330436706543,83029500
2016-05-06,EEM,26.163158416748047,81640000
2016-05-09,EEM,25.828441619873047,84074300
2016-05-10,EEM,26.322534561157227,69384400
2016-05-11,EEM,26.258785247802734,58600300
2016-05-12,EEM,26.18705940246582,63469800
2016-05-13,EEM,25.716873168945312,62246800
2016-05-16,EEM,26.02767562866211,51206600
2016-05-17,EEM,25.90813636779785,63616400
2016-05-18,EEM,25.653121948242188,91541300
2016-05-19,EEM,25.414037704467773,74455000
2016-05-20,EEM,25.66905403137207,54928300
2016-05-23,EEM,25.621240615844727,52648200
2016-05-24,EEM,25.884227752685547,58219200
2016-05-25,EEM,26.195030212402344,53340200
2016-05-26,EEM,26.370357513427734,48215100
2016-05-27,EEM,26.362382888793945,43342900
2016-05-31,EEM,26.39426040649414,94760100
2016-06-01,EEM,26.378324508666992,52115100
2016-06-02,EEM,26.593494415283203,48252500
2016-06-03,EEM,26.99992561340332,89424800
2016-06-06,EEM,27.286821365356445,110069500
2016-06-07,EEM,27.53386688232422,59934000
2016-06-08,EEM,27.73310089111328,75850100
2016-06-09,EEM,27.414329528808594,54934300
2016-06-10,EEM,26.72100257873535,77417500
2016-06-13,EEM,26.34644889831543,56865500
2016-06-14,EEM,26.258785247802734,71023800
2016-06-15,EEM,26.5377140045166,64707000
2016-06-16,EEM,26.44207763671875,73981900
2016-06-17,EEM,26.5137996673584,56740400
2016-06-20,EEM,26.983991622924805,78204200
2016-06-21,EEM,27.191190719604492,75173100
2016-06-22,EEM,27.260263442993164,67273500
2016-06-23,EEM,27.918880462646484,70159900
2016-06-24,EEM,26.224149703979492,158566000
2016-06-27,EEM,25.886804580688477,101826000
2016-06-28,EEM,26.64984130859375,68332900
2016-06-29,EEM,27.324522018432617,82587300
2016-06-30,EEM,27.597593307495117,92761700
2016-07-01,EEM,27.86264991760254,66514800
2016-07-05,EEM,27.268295288085938,63420200
2016-07-06,EEM,27.196006774902344,61084500
2016-07-07,EEM,27.12371826171875,49586800
2016-07-08,EEM,27.710050582885742,74907900
2016-07-11,EEM,27.975107192993164,70202000
2016-07-12,EEM,28.368669509887695,89275200
2016-07-13,EEM,28.320478439331055,62034300
2016-07-14,EEM,28.7301025390625,99969200
2016-07-15,EEM,28.665843963623047,82124300
2016-07-18,EEM,28.922866821289062,75861700
2016-07-19,EEM,28.625686645507812,54832700
2016-07-20,EEM,28.770263671875,48091500
2016-07-21,EEM,28.68191146850586,56354300
2016-07-22,EEM,28.89073944091797,45498600
2016-07-25,EEM,28.601593017578125,44174100
2016-07-26,EEM,28.82648277282715,63593800
2016-07-27,EEM,28.922866821289062,67888600
2016-07-28,EEM,28.930906295776367,45590000
2016-07-29,EEM,29.08350372314453,85265700
2016-08-01,EEM,29.027280807495117,57794000
2016-08-02,EEM,28.81845474243164,81854600
2016-08-03,EEM,28.91484260559082,42844900
2016-08-04,EEM,29.075468063354492,70532500
2016-08-05,EEM,29.412813186645508,55760000
2016-08-08,EEM,29.62164306640625,43636800
2016-08-09,EEM,29.822437286376953,65823600
2016-08-10,EEM,29.83046531677246,59111700
2016-08-11,EEM,30.21599578857422,82544300
2016-08-12,EEM,30.10354995727539,54790400
2016-08-15,EEM,30.416797637939453,55160100
2016-08-16,EEM,30.280256271362305,62084000
2016-08-17,EEM,30.087488174438477,106432500
2016-08-18,EEM,30.368608474731445,63045700
2016-08-19,EEM,30.199941635131836,63995700
2016-08-22,EEM,29.798341751098633,62902100
2016-08-23,EEM,29.677865982055664,72475000
2016-08-24,EEM,29.7581844329834,75080700
2016-08-25,EEM,29.782289505004883,56434300
2016-08-26,EEM,29.52525520324707,178796200
2016-08-29,EEM,29.750152587890625,49578800
2016-08-30,EEM,29.669830322265625,48196900
2016-08-31,EEM,29.340526580810547,98943200
2016-09-01,EEM,29.56541633605957,67120400
2016-09-02,EEM,30.047334671020508,88393000
2016-09-06,EEM,30.689882278442383,108573800
2016-09-07,EEM,30.59349822998047,58618800
2016-09-08,EEM,30.513181686401367,73367300
2016-09-09,EEM,29.48509407043457,124082600
2016-09-12,EEM,29.685897827148438,119811600
2016-09-13,EEM,28.938932418823242,160782500
2016-09-14,EEM,29.027280807495117,90163100
2016-09-15,EEM,29.52525520324707,87331100
2016-09-16,EEM,29.324459075927734,92612000
2016-09-19,EEM,29.557384490966797,55874700
2016-09-20,EEM,29.573448181152344,48531200
2016-09-21,EEM,30.400733947753906,123874800
2016-09-22,EEM,30.61760139465332,73865400
2016-09-23,EEM,30.224029541015625,56201900
2016-09-26,EEM,29.782289505004883,47253900
2016-09-27,EEM,30.207969665527344,60877300
2016-09-28,EEM,30.48105812072754,82411300
2016-09-29,EEM,29.95094871520996,74659100
2016-09-30,EEM,30.079456329345703,85539100
2016-10-03,EEM,30.288286209106445,77690300
2016-10-04,EEM,29.95094871520996,95339800
2016-10-05,EEM,30.384672164916992,61950100
2016-10-06,EEM,30.408769607543945,45429700
2016-10-07,EEM,30.272228240966797,77792800
2016-10-10,EEM,30.601533889770508,56113700
2016-10-11,EEM,29.894737243652344,79646900
2016-10-12,EEM,29.838504791259766,48482900
2016-10-13,EEM,29.573448181152344,67497300
2016-10-14,EEM,29.62164306640625,54235800
2016-10-17,EEM,29.58951187133789,37742300
2016-10-18,EEM,30.111589431762695,50174900
2016-10-19,EEM,30.29632568359375,49171200
2016-10-20,EEM,30.207969665527344,55283900
2016-10-21,EEM,30.199941635131836,33058500
2016-10-24,EEM,30.328453063964844,28142200
2016-10-25,EEM,30.36056900024414,32233900
2016-10-26,EEM,30.039304733276367,50715500
2016-10-27,EEM,29.782289505004883,47287000
2016-10-28,EEM,29.66179656982422,69558100
2016-10-31,EEM,29.83046531677246,60365100
2016-11-01,EEM,29.58951187133789,90113200
2016-11-02,EEM,29.236112594604492,82319300
2016-11-03,EEM,29.155792236328125,67403000
2016-11-04,EEM,28.858610153198242,78558900
2016-11-07,EEM,29.90276527404785,85341300
2016-11-08,EEM,30.095518112182617,83963300
2016-11-09,EEM,29.115636825561523,193443900
2016-11-10,EEM,28.288349151611328,206490900
2016-11-11,EEM,27.750202178955078,182114700
2016-11-14,EEM,27.54941177368164,107881600
2016-11-15,EEM,28.103614807128906,89937000
2016-11-16,EEM,27.870685577392578,65387900
2016-11-17,EEM,27.910846710205078,80829200
2016-11-18,EEM,27.782337188720703,51490500
2016-11-21,EEM,28.055421829223633,45251800
2016-11-22,EEM,28.48111343383789,61503100
2016-11-23,EEM,28.1759033203125,43495600
2016-11-25,EEM,28.312437057495117,28572700
2016-11-28,EEM,28.424884796142578,50953000
2016-11-29,EEM,28.465044021606445,36457700
2016-11-30,EEM,28.513240814208984,86930300
2016-12-01,EEM,28.1759033203125,80947500
2016-12-02,EEM,28.208023071289062,58727500
2016-12-05,EEM,28.440948486328125,53275100
2016-12-06,EEM,28.593564987182617,48356900
2016-12-07,EEM,29.075468063354492,61773300
2016-12-08,EEM,29.20398712158203,60291800
2016-12-09,EEM,29.051368713378906,60173400
2016-12-12,EEM,28.858610153198242,40766300
2016-12-13,EEM,29.179887771606445,48943200
2016-12-14,EEM,28.312437057495117,95190000
2016-12-15,EEM,28.360633850097656,68897000
2016-12-16,EEM,28.232128143310547,75471100
2016-12-19,EEM,28.039356231689453,45241700
2016-12-20,EEM,28.135732650756836,39157800
2016-12-21,EEM,28.018756866455078,52040600
2016-12-22,EEM,27.68568992614746,48802800
2016-12-23,EEM,27.84816551208496,32062900
2016-12-27,EEM,27.970014572143555,25959900
2016-12-28,EEM,28.181230545043945,33745600
2016-12-29,EEM,28.6442928314209,48465500
2016-12-30,EEM,28.441194534301758,60515600
2017-01-03,EEM,28.782390594482422,64483700
2017-01-04,EEM,29.00173568725586,83072600
2017-01-05,EEM,29.318557739257812,60303200
2017-01-06,EEM,29.196701049804688,33132200
2017-01-09,EEM,29.172325134277344,33950800
2017-01-10,EEM,29.34292984008789,46621700
2017-01-11,EEM,29.692249298095703,92509300
2017-01-12,EEM,29.822219848632812,38318100
2017-01-13,EEM,29.79785919189453,35242000
2017-01-17,EEM,29.78160858154297,38367000
2017-01-18,EEM,29.619136810302734,37054200
2017-01-19,EEM,29.529775619506836,52877000
2017-01-20,EEM,29.586633682250977,59295600
2017-01-23,EEM,30.025325775146484,51401800
2017-01-24,EEM,30.212167739868164,45519900
2017-01-25,EEM,30.54524040222168,42660800
2017-01-26,EEM,30.415264129638672,43300100
2017-01-27,EEM,30.439632415771484,30457500
2017-01-30,EEM,30.27716636657715,34712000
2017-01-31,EEM,30.334028244018555,67258600
2017-02-01,EEM,30.350261688232422,54321500
2017-02-02,EEM,30.480255126953125,26814000
2017-02-03,EEM,30.66709327697754,34305200
2017-02-06,EEM,30.593994140625,30250100
2017-02-07,EEM,30.439632415771484,31693700
2017-02-08,EEM,30.62647819519043,37862900
2017-02-09,EEM,30.764583587646484,38286700
2017-02-10,EEM,31.048908233642578,38798700
2017-02-13,EEM,31.146394729614258,34007000
2017-02-14,EEM,31.17889404296875,55327300
2017-02-15,EEM,31.430728912353516,49527300
2017-02-16,EEM,31.316991806030273,42986800
2017-02-17,EEM,31.187013626098633,54880700
2017-02-21,EEM,31.528217315673828,42603700
2017-02-22,EEM,31.625703811645508,39083500
2017-02-23,EEM,31.633817672729492,46763100
2017-02-24,EEM,31.260128021240234,44575100
2017-02-27,EEM,31.162649154663086,53625500
2017-02-28,EEM,30.8620662689209,71508900
2017-03-01,EEM,31.341367721557617,93966300
2017-03-02,EEM,30.788949966430664,63518000
2017-03-03,EEM,31.0245418548584,54969900
2017-03-06,EEM,31.040788650512695,30455800
2017-03-07,EEM,31.073287963867188,43470400
2017-03-08,EEM,30.78083038330078,60587000
2017-03-09,EEM,30.537111282348633,64159100
2017-03-10,EEM,30.87830924987793,45184900
2017-03-13,EEM,31.308870315551758,42405900
2017-03-14,EEM,31.13014793395996,56600300
2017-03-15,EEM,31.94252586364746,124080900
2017-03-16,EEM,32.13749313354492,137911800
2017-03-17,EEM,32.08063507080078,68267900
2017-03-20,EEM,32.45431137084961,70310000
2017-03-21,EEM,32.09687423706055,71712900
2017-03-22,EEM,32.25123596191406,70134100
2017-03-23,EEM,32.25934982299805,53877500
2017-03-24,EEM,32.340599060058594,68871400
2017-03-27,EEM,32.25123596191406,52896700
2017-03-28,EEM,32.340599060058594,51799000
2017-03-29,EEM,32.39745330810547,36857000
2017-03-30,EEM,32.22685241699219,33282500
2017-03-31,EEM,31.999387741088867,94971500
2017-04-03,EEM,32.1781120300293,60048300
2017-04-04,EEM,32.19436264038086,44136500
2017-04-05,EEM,32.09687423706055,44099200
2017-04-06,EEM,32.040008544921875,35544800
2017-04-07,EEM,31.983142852783203,40355800
2017-04-10,EEM,31.853166580200195,33853800
2017-04-11,EEM,31.780046463012695,46002800
2017-04-12,EEM,31.93440055847168,55149100
2017-04-13,EEM,31.79629898071289,48182500
2017-04-17,EEM,32.12936782836914,29862300
2017-04-18,EEM,31.723176956176758,50889200
2017-04-19,EEM,31.528217315673828,58751100
2017-04-20,EEM,31.91814613342285,46722900
2017-04-21,EEM,31.91814613342285,32949500
2017-04-24,EEM,32.37308120727539,63549800
2017-04-25,EEM,32.65741729736328,50957400
2017-04-26,EEM,32.535552978515625,56452000
2017-04-27,EEM,32.494937896728516,42298100
2017-04-28,EEM,32.54367446899414,56635400
2017-05-01,EEM,32.730525970458984,41171000
2017-05-02,EEM,32.96611022949219,55325500
2017-05-03,EEM,32.74677276611328,58336100
2017-05-04,EEM,32.381202697753906,81078300
2017-05-05,EEM,32.64928436279297,52581000
2017-05-08,EEM,32.64116287231445,35951500
2017-05-09,EEM,33.05547332763672,70127300
2017-05-10,EEM,33.27481460571289,47629100
2017-05-11,EEM,33.34793472290039,37366100
2017-05-12,EEM,33.48603057861328,65418200
2017-05-15,EEM,33.82722854614258,52561000
2017-05-16,EEM,33.859718322753906,41936300
2017-05-17,EEM,33.28293991088867,63287300
2017-05-18,EEM,32.730525970458984,121234700
2017-05-19,EEM,33.42916488647461,63742000
2017-05-22,EEM,33.46166229248047,46357500
2017-05-23,EEM,33.4941520690918,39495600
2017-05-24,EEM,33.62413787841797,48549600
2017-05-25,EEM,33.78661346435547,39606900
2017-05-26,EEM,33.90846633911133,31372700
2017-05-30,EEM,33.7297477722168,35122800
2017-05-31,EEM,33.46979522705078,80159500
2017-06-01,EEM,33.75411605834961,46802100
2017-06-02,EEM,33.924713134765625,43699200
2017-06-05,EEM,33.884098052978516,39245500
2017-06-06,EEM,33.90034103393555,34184900
2017-06-07,EEM,33.859718322753906,34745400
2017-06-08,EEM,34.06282043457031,48941400
2017-06-09,EEM,33.8028564453125,73660800
2017-06-12,EEM,33.62413787841797,52374200
2017-06-13,EEM,33.78661346435547,38327800
2017-06-14,EEM,33.77848815917969,70500400
2017-06-15,EEM,33.42916488647461,87660700
2017-06-16,EEM,33.48603057861328,53875900
2017-06-19,EEM,33.81911087036133,68181200
2017-06-20,EEM,33.44532012939453,71372000
2017-06-21,EEM,33.518768310546875,54840400
2017-06-22,EEM,33.69015121459961,50400700
2017-06-23,EEM,33.869712829589844,46141200
2017-06-26,EEM,34.196163177490234,44381000
2017-06-27,EEM,33.796260833740234,54898400
2017-06-28,EEM,34.05741882324219,33600800
2017-06-29,EEM,33.62487030029297,66218700
2017-06-30,EEM,33.779937744140625,76054300
2017-07-03,EEM,33.97581100463867,38427000
2017-07-05,EEM,33.9105110168457,49491000
2017-07-06,EEM,33.502445220947266,48464800
2017-07-07,EEM,33.56773376464844,69254100
2017-07-10,EEM,33.88603210449219,38230800
2017-07-11,EEM,34.163516998291016,41916900
2017-07-12,EEM,34.824588775634766,80106600
2017-07-13,EEM,34.9959831237793,38698800
2017-07-14,EEM,35.43668746948242,51171300
2017-07-17,EEM,35.273468017578125,44288000
2017-07-18,EEM,35.37957000732422,49195500
2017-07-19,EEM,35.67337417602539,37949700
2017-07-20,EEM,35.632564544677734,35990000
2017-07-21,EEM,35.60808181762695,34217900
2017-07-24,EEM,35.714176177978516,37613800
2017-07-25,EEM,35.62440490722656,37103900
2017-07-26,EEM,35.918212890625,49001700
2017-07-27,EEM,35.722347259521484,61916500
2017-07-28,EEM,35.706016540527344,46072600
2017-07-31,EEM,35.74681854248047,60833500
2017-08-01,EEM,35.8529167175293,37138400
2017-08-02,EEM,35.88557434082031,29234800
2017-08-03,EEM,35.738670349121094,45351400
2017-08-04,EEM,35.86924362182617,48442700
2017-08-07,EEM,36.11408233642578,23791100
2017-08-08,EEM,36.12223815917969,33793700
2017-08-09,EEM,35.795799255371094,29007400
2017-08-10,EEM,34.94701385498047,104326500
2017-08-11,EEM,35.028621673583984,52964600
2017-08-14,EEM,35.387725830078125,37340400
2017-08-15,EEM,35.428524017333984,29467800
2017-08-16,EEM,35.795799255371094,43356300
2017-08-17,EEM,35.33876037597656,65838600
2017-08-18,EEM,35.640724182128906,67014400
2017-08-21,EEM,35.77130889892578,27756400
2017-08-22,EEM,36.17121887207031,30935800
2017-08-23,EEM,36.342594146728516,48383900
2017-08-24,EEM,36.45686721801758,52141700
2017-08-25,EEM,36.66905975341797,55530900
2017-08-28,EEM,36.53847885131836,37424900
2017-08-29,EEM,36.473182678222656,45507800
2017-08-30,EEM,36.530311584472656,46687600
2017-08-31,EEM,36.58744812011719,62118300
2017-09-01,EEM,36.85676956176758,55195500
2017-09-05,EEM,36.375240325927734,49130500
2017-09-06,EEM,36.611934661865234,44733800
2017-09-07,EEM,36.88125228881836,39114300
2017-09-08,EEM,36.636409759521484,41973600
2017-09-11,EEM,37.126094818115234,45287800
2017-09-12,EEM,37.085289001464844,49495000
2017-09-13,EEM,36.889427185058594,54758700
2017-09-14,EEM,36.98735046386719,36057900
2017-09-15,EEM,37.20770263671875,47816300
2017-09-18,EEM,37.33829116821289,37633400
2017-09-19,EEM,37.41990280151367,63741000
2017-09-20,EEM,37.2485237121582,78810000
2017-09-21,EEM,37.2485237121582,32668200
2017-09-22,EEM,37.03632354736328,39264300
2017-09-25,EEM,36.40789794921875,85660600
2017-09-26,EEM,36.309959411621094,62892900
2017-09-27,EEM,36.17938232421875,80084700
2017-09-28,EEM,36.15489959716797,54957600
2017-09-29,EEM,36.57112121582031,70546800
2017-10-02,EEM,36.579288482666016,68124300
2017-10-03,EEM,37.15874099731445,54087400
2017-10-04,EEM,37.15058517456055,45574100
2017-10-05,EEM,37.428070068359375,38759200
2017-10-06,EEM,37.240360260009766,44870200
2017-10-09,EEM,37.215877532958984,25022400
2017-10-10,EEM,37.583133697509766,45691800
2017-10-11,EEM,37.754520416259766,48802900
2017-10-12,EEM,37.73820114135742,35546600
2017-10-13,EEM,38.08098220825195,61902200
2017-10-16,EEM,38.056488037109375,34089400
2017-10-17,EEM,37.860626220703125,38828200
2017-10-18,EEM,37.95039749145508,36187200
2017-10-19,EEM,37.61577224731445,51487000
2017-10-20,EEM,37.754520416259766,46370200
2017-10-23,EEM,37.45255661010742,47564000
2017-10-24,EEM,37.45255661010742,40213400
2017-10-25,EEM,37.37093734741211,57309600
2017-10-26,EEM,37.11793518066406,55320500
2017-10-27,EEM,37.65658187866211,55225600
2017-10-30,EEM,37.41990280151367,35732500
2017-10-31,EEM,37.77084732055664,63902300
2017-11-01,EEM,37.96671676635742,51926300
2017-11-02,EEM,38.01568603515625,38024500
2017-11-03,EEM,37.8198127746582,42909900
2017-11-06,EEM,38.244205474853516,30828500
2017-11-07,EEM,37.99936294555664,46904400
2017-11-08,EEM,38.17890930175781,35006300
2017-11-09,EEM,37.94224166870117,39894900
2017-11-10,EEM,37.77900314331055,32484400
2017-11-13,EEM,37.697383880615234,52239700
2017-11-14,EEM,37.444393157958984,56682300
2017-11-15,EEM,37.2485237121582,49000900
2017-11-16,EEM,38.02385711669922,46316400
2017-11-17,EEM,38.21155548095703,46258900
2017-11-20,EEM,38.40742111206055,45493800
2017-11-21,EEM,38.92159652709961,63587700
2017-11-22,EEM,39.019535064697266,60764000
2017-11-24,EEM,38.93791961669922,25838000
2017-11-27,EEM,38.36662673950195,47853200
2017-11-28,EEM,38.65227508544922,54357600
2017-11-29,EEM,38.040164947509766,66269800
2017-11-30,EEM,37.623939514160156,118059300
2017-12-01,EEM,37.41175079345703,88358900
2017-12-04,EEM,37.485198974609375,67381600
2017-12-05,EEM,37.46072006225586,32126400
2017-12-06,EEM,36.9547119140625,81862800
2017-12-07,EEM,37.06080627441406,70820800
2017-12-08,EEM,37.49336624145508,42794900
2017-12-11,EEM,37.68107986450195,46795900
2017-12-12,EEM,37.428070068359375,47157800
2017-12-13,EEM,37.8769416809082,75946200
2017-12-14,EEM,37.59946060180664,50968200
2017-12-15,EEM,37.68107986450195,67881200
2017-12-18,EEM,38.105464935302734,61186100
2017-12-19,EEM,37.904136657714844,51306800
2017-12-20,EEM,37.9538459777832,42832800
2017-12-21,EEM,38.202392578125,40602200
2017-12-22,EEM,38.52550506591797,40032700
2017-12-26,EEM,38.492366790771484,29614100
2017-12-27,EEM,38.59180450439453,35373200
2017-12-28,EEM,38.856910705566406,34284300
2017-12-29,EEM,39.0391845703125,46485100
2018-01-02,EEM,39.77655792236328,68969400
2018-01-03,EEM,40.15766525268555,56228700
2018-01-04,EEM,40.356510162353516,52154900
2018-01-05,EEM,40.70448303222656,50026900
2018-01-08,EEM,40.70448303222656,36998200
2018-01-09,EEM,40.63820266723633,42131600
2018-01-10,EEM,40.38136672973633,72183900
2018-01-11,EEM,40.629913330078125,38720900
2018-01-12,EEM,41.01931381225586,69358300
2018-01-16,EEM,40.861900329589844,80418000
2018-01-17,EEM,41.400428771972656,65863500
2018-01-18,EEM,41.45014190673828,33947000
2018-01-19,EEM,41.789817810058594,60503700
2018-01-22,EEM,42.030094146728516,49191200
2018-01-23,EEM,42.22893524169922,61277300
2018-01-24,EEM,42.58518981933594,63963100
2018-01-25,EEM,42.560333251953125,61533700
2018-01-26,EEM,43.148582458496094,80566200
2018-01-29,EEM,42.494056701660156,58884200
2018-01-30,EEM,41.914100646972656,87601400
2018-01-31,EEM,42.27863693237305,96654200
2018-02-01,EEM,41.70697784423828,72143800
2018-02-02,EEM,40.63820266723633,116832800
2018-02-05,EEM,39.21317672729492,151202100
2018-02-06,EEM,40.48907470703125,183650300
2018-02-07,EEM,39.21317672729492,156301200
2018-02-08,EEM,37.85441970825195,163250200
2018-02-09,EEM,38.459232330322266,153419800
2018-02-12,EEM,39.06403732299805,104447700
2018-02-13,EEM,39.362300872802734,55739700
2018-02-14,EEM,40.34822463989258,96491500
2018-02-15,EEM,41.17673110961914,95168100
2018-02-16,EEM,41.04417037963867,70876400
2018-02-20,EEM,40.48078155517578,78660300
2018-02-21,EEM,40.44764709472656,66591900
2018-02-22,EEM,40.472496032714844,62436300
2018-02-23,EEM,41.193302154541016,43623300
2018-02-26,EEM,41.57441329956055,51742600
2018-02-27,EEM,40.36479568481445,94671000
2018-02-28,EEM,39.784847259521484,102169900
2018-03-01,EEM,39.710269927978516,112694400
2018-03-02,EEM,39.8759765625,72756200
2018-03-05,EEM,39.93397521972656,55905400
2018-03-06,EEM,40.30681228637695,57199200
2018-03-07,EEM,40.34822463989258,46554800
2018-03-08,EEM,40.356510162353516,46733900
2018-03-09,EEM,41.218143463134766,58818700
2018-03-12,EEM,41.317569732666016,52944500
2018-03-13,EEM,40.94474792480469,60376000
2018-03-14,EEM,41.01102066040039,51067200
2018-03-15,EEM,40.861900329589844,65778900
2018-03-16,EEM,40.7707633972168,66155800
2018-03-19,EEM,40.3316535949707,65394200
2018-03-20,EEM,40.7790412902832,60101700
2018-03-21,EEM,41.01931381225586,78575100
2018-03-22,EEM,39.65228271484375,87622700
2018-03-23,EEM,38.84864044189453,82908800
2018-03-26,EEM,40.10795211791992,73320800
2018-03-27,EEM,39.37887191772461,84232100
2018-03-28,EEM,39.180030822753906,78140800
2018-03-29,EEM,40.000247955322266,82685500
2018-04-02,EEM,39.27945327758789,72405700
2018-04-03,EEM,39.66883850097656,52874500
2018-04-04,EEM,39.6854248046875,68352400
2018-04-05,EEM,39.784847259521484,48247700
2018-04-06,EEM,39.006046295166016,76156700
2018-04-09,EEM,39.04747772216797,55352700
2018-04-10,EEM,39.809696197509766,87142000
2018-04-11,EEM,39.82626724243164,51569200
2018-04-12,EEM,39.809696197509766,52968500
2018-04-13,EEM,39.41201400756836,56518000
2018-04-16,EEM,39.46172332763672,43005800
2018-04-17,EEM,39.5445671081543,58168100
2018-04-18,EEM,39.88425827026367,80289500
2018-04-19,EEM,39.65228271484375,67581100
2018-04-20,EEM,39.15518569946289,80997700
2018-04-23,EEM,38.84033966064453,74337500
2018-04-24,EEM,38.65807342529297,72196800
2018-04-25,EEM,38.35980987548828,69106800
2018-04-26,EEM,38.9149169921875,45047800
2018-04-27,EEM,39.15518569946289,33545000
2018-04-30,EEM,38.87348556518555,49179000
2018-05-01,EEM,38.682926177978516,75839300
2018-05-02,EEM,38.37638854980469,66837900
2018-05-03,EEM,38.29353332519531,83449200
2018-05-04,EEM,38.4675178527832,60099100
2018-05-07,EEM,38.24381637573242,58886100
2018-05-08,EEM,38.459232330322266,58783600
2018-05-09,EEM,38.53379440307617,46129500
2018-05-10,EEM,39.337440490722656,115804000
2018-05-11,EEM,39.27116394042969,68838600
2018-05-14,EEM,39.320884704589844,34353300
2018-05-15,EEM,38.508949279785156,78379300
2018-05-16,EEM,39.088890075683594,60004200
2018-05-17,EEM,38.492366790771484,73014000
2018-05-18,EEM,38.16925811767578,59258700
2018-05-21,EEM,38.40122604370117,59330200
2018-05-22,EEM,38.53379440307617,32584700
2018-05-23,EEM,38.517234802246094,70687800
2018-05-24,EEM,38.31010437011719,79762900
2018-05-25,EEM,38.4675178527832,39374500
2018-05-29,EEM,37.572731018066406,112089900
2018-05-30,EEM,37.8709831237793,72813800
2018-05-31,EEM,37.85441970825195,92066200
2018-06-01,EEM,38.384674072265625,66762200
2018-06-04,EEM,38.7740592956543,36302900
2018-06-05,EEM,38.47579574584961,40092200
2018-06-06,EEM,39.05575942993164,46801500
2018-06-07,EEM,38.459232330322266,89752500
2018-06-08,EEM,38.384674072265625,73944700
2018-06-11,EEM,38.384674072265625,38323500
2018-06-12,EEM,38.28524398803711,57189800
2018-06-13,EEM,38.02840805053711,100698800
2018-06-14,EEM,37.77157211303711,76094800
2018-06-15,EEM,37.47330856323242,86066000
2018-06-18,EEM,37.01763153076172,83532600
2018-06-19,EEM,36.60901641845703,122657600
2018-06-20,EEM,36.76744842529297,69822800
2018-06-21,EEM,36.250431060791016,86214100
2018-06-22,EEM,36.62569808959961,48711000
2018-06-25,EEM,36.13368225097656,110854500
2018-06-26,EEM,35.991912841796875,69228700
2018-06-27,EEM,35.29976272583008,95340400
2018-06-28,EEM,35.599971771240234,105345300
2018-06-29,EEM,36.13368225097656,108877000
2018-07-02,EEM,35.77509307861328,78848700
2018-07-03,EEM,35.800113677978516,28637200
2018-07-05,EEM,35.7083854675293,67394400
2018-07-06,EEM,36.20038986206055,69933900
2018-07-09,EEM,36.8508415222168,80552700
2018-07-10,EEM,36.76744842529297,63808300
2018-07-11,EEM,36.0502815246582,58679200
2018-07-12,EEM,36.54229736328125,53833300
2018-07-13,EEM,36.56731414794922,40515300
2018-07-16,EEM,36.36717987060547,31717300
2018-07-17,EEM,36.63402557373047,46911500
2018-07-18,EEM,36.59233856201172,41182100
2018-07-19,EEM,36.14201736450195,72549300
2018-07-20,EEM,36.6590461730957,75114300
2018-07-23,EEM,36.417213439941406,57679100
2018-07-24,EEM,36.950923919677734,66639400
2018-07-25,EEM,37.55133819580078,77820500
2018-07-26,EEM,37.134368896484375,68705800
2018-07-27,EEM,37.26780700683594,63743400
2018-07-30,EEM,37.209434509277344,41541400
2018-07-31,EEM,37.409568786621094,88217500
2018-08-01,EEM,37.07600021362305,61755000
2018-08-02,EEM,36.58399200439453,68678600
2018-08-03,EEM,36.867523193359375,41043800
2018-08-06,EEM,36.58399200439453,33153800
2018-08-07,EEM,36.959259033203125,38719500
2018-08-08,EEM,36.90922546386719,30610200
2018-08-09,EEM,36.80081558227539,35013900
2018-08-10,EEM,36.01692581176758,86629900
2018-08-13,EEM,35.42484664916992,75183500
2018-08-14,EEM,35.64167022705078,56724600
2018-08-15,EEM,34.61594772338867,138633600
2018-08-16,EEM,34.832767486572266,78123900
2018-08-17,EEM,35.19968032836914,76030400
2018-08-20,EEM,35.35813903808594,50762900
2018-08-21,EEM,35.80845260620117,70462300
2018-08-22,EEM,36.09198760986328,45602900
2018-08-23,EEM,35.508243560791016,68878400
2018-08-24,EEM,36.16703414916992,69304200
2018-08-27,EEM,36.68406677246094,96574800
2018-08-28,EEM,36.550636291503906,50093400
2018-08-29,EEM,36.775787353515625,58165600
2018-08-30,EEM,35.81678771972656,120206400
2018-08-31,EEM,36.0002555847168,88660500
2018-09-04,EEM,35.29976272583008,76724700
2018-09-05,EEM,34.79106903076172,77835800
2018-09-06,EEM,34.82442092895508,73104400
2018-09-07,EEM,34.6493034362793,61590700
2018-09-10,EEM,34.30739212036133,61116600
2018-09-11,EEM,34.3824462890625,74608700
2018-09-12,EEM,34.55757141113281,116612700
2018-09-13,EEM,35.024566650390625,96306500
2018-09-14,EEM,34.991214752197266,65202700
2018-09-17,EEM,34.67432403564453,74603900
2018-09-18,EEM,35.00789260864258,52000700
2018-09-19,EEM,35.49156188964844,55892400
2018-09-20,EEM,35.88349533081055,93427400
2018-09-21,EEM,36.0502815246582,102750700
2018-09-24,EEM,35.64167022705078,54411700
2018-09-25,EEM,35.78342819213867,49467000
2018-09-26,EEM,35.858482360839844,84080400
2018-09-27,EEM,36.033607482910156,45547200
2018-09-28,EEM,35.791770935058594,64732800
2018-10-01,EEM,35.800113677978516,31030500
2018-10-02,EEM,35.349796295166016,57719700
2018-10-03,EEM,35.057926177978516,76571200
2018-10-04,EEM,34.18231964111328,132360900
2018-10-05,EEM,34.05721664428711,80578500
2018-10-08,EEM,34.10725784301758,59744400
2018-10-09,EEM,33.9821662902832,60976800
2018-10-10,EEM,32.9731330871582,99036700
2018-10-11,EEM,32.63956832885742,168923800
2018-10-12,EEM,33.59856414794922,116892100
2018-10-15,EEM,33.239986419677734,52651000
2018-10-16,EEM,34.07390213012695,65949500
2018-10-17,EEM,33.65693664550781,69718700
2018-10-18,EEM,32.77298355102539,107005100
2018-10-19,EEM,33.08153533935547,81176200
2018-10-22,EEM,33.440120697021484,67724900
2018-10-23,EEM,33.07320022583008,89864600
2018-10-24,EEM,32.00577926635742,87632500
2018-10-25,EEM,32.622886657714844,80961600
2018-10-26,EEM,32.24760818481445,139198800
2018-10-29,EEM,31.688888549804688,102322800
2018-10-30,EEM,32.305999755859375,99881500
2018-10-31,EEM,32.6562385559082,92768300
2018-11-01,EEM,33.823726654052734,120482200
2018-11-02,EEM,34.040550231933594,111324700
2018-11-05,EEM,34.13228225708008,58319600
2018-11-06,EEM,34.07390213012695,40847800
2018-11-07,EEM,34.71602249145508,81011500
2018-11-08,EEM,33.81538772583008,90610900
2018-11-09,EEM,33.189945220947266,82943700
2018-11-12,EEM,32.72294998168945,68569700
2018-11-13,EEM,33.09822082519531,106305600
2018-11-14,EEM,33.298362731933594,96621100
2018-11-15,EEM,34.040550231933594,146475800
2018-11-16,EEM,34.10725784301758,135075800
2018-11-19,EEM,33.64860153198242,77777300
2018-11-20,EEM,32.923091888427734,98272800
2018-11-21,EEM,33.5318489074707,68104600
2018-11-23,EEM,33.13991165161133,32048200
2018-11-26,EEM,33.54853820800781,76320100
2018-11-27,EEM,33.78202819824219,81069100
2018-11-28,EEM,34.59092712402344,121010900
2018-11-29,EEM,34.290714263916016,104239600
2018-11-30,EEM,34.25736999511719,92961200
2018-12-03,EEM,34.94951629638672,125024100
2018-12-04,EEM,34.20732498168945,134758200
2018-12-06,EEM,33.890438079833984,165155100
2018-12-07,EEM,33.25666427612305,134304600
2018-12-10,EEM,32.90641784667969,104465300
2018-12-11,EEM,33.15658187866211,104014700
2018-12-12,EEM,33.69862747192383,89712200
2018-12-13,EEM,33.6902961730957,72445400
2018-12-14,EEM,33.214969635009766,94915600
2018-12-17,EEM,32.90641784667969,109276200
2018-12-18,EEM,33.1298713684082,102509800
2018-12-19,EEM,32.57968521118164,204046200
2018-12-20,EEM,32.83362579345703,183908800
2018-12-21,EEM,32.60507583618164,143673400
2018-12-24,EEM,32.30035400390625,50709500
2018-12-26,EEM,32.94365310668945,96347200
2018-12-27,EEM,32.90133285522461,81792700
2018-12-28,EEM,33.21452331542969,72869100
2018-12-31,EEM,33.062164306640625,72972200
2019-01-02,EEM,33.14680480957031,57198800
2019-01-03,EEM,32.54582977294922,62767600
2019-01-04,EEM,33.59542465209961,103055100
2019-01-07,EEM,33.67160415649414,76597000
2019-01-08,EEM,33.79856872558594,70518200
2019-01-09,EEM,34.399539947509766,125118800
2019-01-10,EEM,34.64501190185547,85207600
2019-01-11,EEM,34.47572708129883,63136200
2019-01-14,EEM,34.18793869018555,76217000
2019-01-15,EEM,34.42493438720703,78913000
2019-01-16,EEM,34.84815216064453,82543600
2019-01-17,EEM,35.00052261352539,85522800
2019-01-18,EEM,35.1698112487793,98168900
2019-01-22,EEM,34.56037902832031,101294900
2019-01-23,EEM,34.91587829589844,66625200
2019-01-24,EEM,35.254451751708984,76076900
2019-01-25,EEM,35.719993591308594,105779500
2019-01-28,EEM,35.347564697265625,85543100
2019-01-29,EEM,35.40681076049805,56518900
2019-01-30,EEM,36.17707824707031,127796800
2019-01-31,EEM,36.48179626464844,119929200
2019-02-01,EEM,36.19400405883789,65766100
2019-02-04,EEM,36.253265380859375,45770200
2019-02-05,EEM,36.752662658691406,81720100
2019-02-06,EEM,36.253265380859375,58194900
2019-02-07,EEM,35.8892936706543,101061400
2019-02-08,EEM,35.68614196777344,64212200
2019-02-11,EEM,35.56764221191406,42213400
2019-02-12,EEM,35.863895416259766,66073100
2019-02-13,EEM,35.609954833984375,82318100
2019-02-14,EEM,35.67767333984375,91302500
2019-02-15,EEM,35.62689971923828,72362200
2019-02-19,EEM,35.906211853027344,64391100
2019-02-20,EEM,36.1093635559082,73694800
2019-02-21,EEM,36.0331916809082,48092400
2019-02-22,EEM,36.43101501464844,58022200
2019-02-25,EEM,36.83729934692383,66533800
2019-02-26,EEM,36.71034240722656,58330600
2019-02-27,EEM,36.397159576416016,69471200
2019-02-28,EEM,35.92314910888672,87434700
2019-03-01,EEM,35.96547317504883,94263900
2019-03-04,EEM,36.01625061035156,94168300
2019-03-05,EEM,36.371761322021484,54576700
2019-03-06,EEM,36.16861343383789,61237800
2019-03-07,EEM,35.49992370605469,83415300
2019-03-08,EEM,35.24598693847656,97742100
2019-03-11,EEM,35.906211853027344,63002300
2019-03-12,EEM,36.092437744140625,42726900
2019-03-13,EEM,36.13474655151367,61450000
2019-03-14,EEM,35.94007873535156,58460400
2019-03-15,EEM,36.464866638183594,139870800
2019-03-18,EEM,36.87117004394531,42149100
2019-03-19,EEM,36.888099670410156,53192700
2019-03-20,EEM,36.94734191894531,90678800
2019-03-21,EEM,36.99813461303711,71400600
2019-03-22,EEM,35.91468048095703,118616600
2019-03-25,EEM,35.999324798583984,53285300
2019-03-26,EEM,36.1093635559082,57145800
2019-03-27,EEM,35.719993591308594,72804300
2019-03-28,EEM,35.95700454711914,41052500
2019-03-29,EEM,36.32944107055664,70439100
2019-04-01,EEM,36.930416107177734,70455500
2019-04-02,EEM,36.81191635131836,48692200
2019-04-03,EEM,37.065853118896484,73639400
2019-04-04,EEM,37.294395446777344,47028400
2019-04-05,EEM,37.58218002319336,50360800
2019-04-08,EEM,37.58218002319336,30209000
2019-04-09,EEM,37.50599670410156,49530300
2019-04-10,EEM,37.68375778198242,51143400
2019-04-11,EEM,37.27745819091797,55153600
2019-04-12,EEM,37.54832458496094,54695700
2019-04-15,EEM,37.3536376953125,37957800
2019-04-16,EEM,37.63296127319336,43860100
2019-04-17,EEM,37.74300765991211,56935400
2019-04-18,EEM,37.71760559082031,56639800
2019-04-22,EEM,37.472145080566406,35929100
2019-04-23,EEM,37.556785583496094,32829900
2019-04-24,EEM,37.048912048339844,68961600
2019-04-25,EEM,36.99813461303711,61168500
2019-04-26,EEM,37.142024993896484,55441700
2019-04-29,EEM,37.21820831298828,34398300
2019-04-30,EEM,37.18434524536133,69577000
2019-05-01,EEM,36.90501403808594,98629100
2019-05-02,EEM,36.98966598510742,53101500
2019-05-03,EEM,37.4298095703125,56642000
2019-05-06,EEM,36.65955352783203,80977000
2019-05-07,EEM,35.94007873535156,94189000
2019-05-08,EEM,35.8892936706543,73548600
2019-05-09,EEM,35.32216262817383,130849000
2019-05-10,EEM,35.53377914428711,90343300
2019-05-13,EEM,34.3487548828125,154670900
2019-05-14,EEM,34.831233978271484,89406800
2019-05-15,EEM,34.89895248413086,79039500
2019-05-16,EEM,34.72966003417969,60101000
2019-05-17,EEM,34.10329055786133,83972200
2019-05-20,EEM,33.959388732910156,53810000
2019-05-21,EEM,34.391082763671875,59832600
2019-05-22,EEM,34.22179412841797,44117200
2019-05-23,EEM,33.781639099121094,86731100
2019-05-24,EEM,33.81549835205078,66379700
2019-05-28,EEM,33.93400192260742,98395200
2019-05-29,EEM,34.154083251953125,82060400
2019-05-30,EEM,34.34029006958008,69626300
2019-05-31,EEM,34.458797454833984,85220400
2019-06-03,EEM,34.7719841003418,75619900
2019-06-04,EEM,34.84815216064453,64141900
2019-06-05,EEM,34.56882858276367,64072200
2019-06-06,EEM,34.58576202392578,47722500
2019-06-07,EEM,34.856624603271484,63584200
2019-06-10,EEM,35.220603942871094,57245800
2019-06-11,EEM,35.618431091308594,69040600
2019-06-12,EEM,35.23752212524414,55120600
2019-06-13,EEM,35.17827224731445,59717500
2019-06-14,EEM,34.78889846801758,71468300
2019-06-17,EEM,34.926231384277344,48715600
2019-06-18,EEM,35.770599365234375,112482400
2019-06-19,EEM,36.069114685058594,105746200
2019-06-20,EEM,36.5979118347168,89200400
2019-06-21,EEM,36.47850799560547,55544000
2019-06-24,EEM,36.427330017089844,37025600
2019-06-25,EEM,36.05205154418945,62167500
2019-06-26,EEM,36.393218994140625,45126700
2019-06-27,EEM,36.64908218383789,42358200
2019-06-28,EEM,36.5979118347168,66235700
2019-07-01,EEM,37.03288650512695,73169000
2019-07-02,EEM,36.93906784057617,67518700
2019-07-03,EEM,36.87083435058594,31218500
2019-07-05,EEM,36.614967346191406,51678000
2019-07-08,EEM,36.393218994140625,37679000
2019-07-09,EEM,36.28234100341797,28227600
2019-07-10,EEM,36.589378356933594,53673100
2019-07-11,EEM,36.521148681640625,44486100
2019-07-12,EEM,36.54673385620117,30512200
2019-07-15,EEM,36.68320083618164,28026300
2019-07-16,EEM,36.63203048706055,37093700
2019-07-17,EEM,36.521148681640625,32865600
2019-07-18,EEM,36.74290084838867,63374400
2019-07-19,EEM,36.55526351928711,81774700
2019-07-22,EEM,36.56378936767578,29826200
2019-07-23,EEM,36.60643768310547,37246400
2019-07-24,EEM,36.666141510009766,40358800
2019-07-25,EEM,36.342041015625,55327700
2019-07-26,EEM,36.41880416870117,33068600
2019-07-29,EEM,36.35056686401367,31912400
2019-07-30,EEM,36.069114685058594,57335800
2019-07-31,EEM,35.62560272216797,98764700
2019-08-01,EEM,34.926231384277344,139325900
2019-08-02,EEM,34.58506774902344,92796300
2019-08-05,EEM,33.305721282958984,131194100
2019-08-06,EEM,33.7833366394043,88071500
2019-08-07,EEM,33.93686294555664,106772500
2019-08-08,EEM,34.35478210449219,81187700
2019-08-09,EEM,34.00509262084961,64704000
2019-08-12,EEM,33.595703125,78559800
2019-08-13,EEM,34.02215576171875,110271800
2019-08-14,EEM,33.04132080078125,102911500
2019-08-15,EEM,33.263065338134766,78018300
2019-08-16,EEM,33.7236328125,52047900
2019-08-19,EEM,33.860107421875,43330900
2019-08-20,EEM,33.92833709716797,44920900
2019-08-21,EEM,34.252437591552734,39677100
2019-08-22,EEM,33.80894088745117,41603000
2019-08-23,EEM,33.305721282958984,80560300
2019-08-26,EEM,33.48483657836914,58145000
2019-08-27,EEM,33.54452896118164,62899100
2019-08-28,EEM,33.63834762573242,49483900
2019-08-29,EEM,34.01362609863281,43359900
2019-08-30,EEM,34.27802658081055,57071300
2019-09-03,EEM,34.06480026245117,50339600
2019-09-04,EEM,34.63624572753906,65958900
2019-09-05,EEM,35.02857971191406,72704000
2019-09-06,EEM,35.182098388671875,48716200
2019-09-09,EEM,35.29296875,38554200
2019-09-10,EEM,35.31856918334961,48449600
2019-09-11,EEM,35.56590270996094,62563900
2019-09-12,EEM,35.82177734375,74590100
2019-09-13,EEM,36.026466369628906,58403500
2019-09-16,EEM,35.74501037597656,62905800
2019-09-17,EEM,35.74501037597656,98835700
2019-09-18,EEM,35.60002517700195,70984700
2019-09-19,EEM,35.45502853393555,52527900
2019-09-20,EEM,35.48914337158203,84880500
2019-09-23,EEM,35.52325439453125,41828800
2019-09-24,EEM,35.147979736328125,57006500
2019-09-25,EEM,35.12239074707031,43393200
2019-09-26,EEM,35.11385726928711,37645800
2019-09-27,EEM,34.661827087402344,79236200
2019-09-30,EEM,34.85799789428711,43961000
2019-10-01,EEM,34.610652923583984,48520000
2019-10-02,EEM,34.34626007080078,41806300
2019-10-03,EEM,34.78976058959961,62287700
2019-10-04,EEM,34.94328308105469,54314800
2019-10-07,EEM,34.65330123901367,57065700
2019-10-08,EEM,34.40596389770508,57784200
2019-10-09,EEM,34.67035675048828,41122500
2019-10-10,EEM,35.02857971191406,49289100
2019-10-11,EEM,35.59149169921875,95248800
2019-10-14,EEM,35.43796920776367,29228200
2019-10-15,EEM,35.7535400390625,50663000
2019-10-16,EEM,35.855892181396484,40768400
2019-10-17,EEM,35.99235153198242,56380200
2019-10-18,EEM,35.80471420288086,78858900
2019-10-21,EEM,36.12881851196289,38432200
2019-10-22,EEM,36.15439987182617,53409500
2019-10-23,EEM,36.162933349609375,43342700
2019-10-24,EEM,36.162933349609375,61391900
2019-10-25,EEM,36.41880416870117,49443700
2019-10-28,EEM,36.63203048706055,56279100
2019-10-29,EEM,36.44438171386719,33949800
2019-10-30,EEM,36.60643768310547,60881000
2019-10-31,EEM,36.31645584106445,56057700
2019-11-01,EEM,36.86231231689453,72772400
2019-11-04,EEM,37.22905349731445,62191600
2019-11-05,EEM,37.44227600097656,62354500
2019-11-06,EEM,37.322872161865234,61670500
2019-11-07,EEM,37.59579849243164,97598200
2019-11-08,EEM,37.2546501159668,68666900
2019-11-11,EEM,36.9902458190918,47092800
2019-11-12,EEM,36.751434326171875,57453500
2019-11-13,EEM,36.469970703125,63134600
2019-11-14,EEM,36.49555587768555,48737400
2019-11-15,EEM,36.78554916381836,67670700
2019-11-18,EEM,36.7258415222168,52545500
2019-11-19,EEM,36.8026008605957,40853600
2019-11-20,EEM,36.64055633544922,51991800
2019-11-21,EEM,36.56378936767578,43842600
2019-11-22,EEM,36.56378936767578,23519900
2019-11-25,EEM,36.9305419921875,57048200
2019-11-26,EEM,36.819664001464844,49571200
2019-11-27,EEM,36.86231231689453,30402300
2019-11-29,EEM,36.28234100341797,35476600
2019-12-02,EEM,36.273807525634766,59762300
2019-12-03,EEM,36.0861701965332,50471700
2019-12-04,EEM,36.359100341796875,47026100
2019-12-05,EEM,36.521148681640625,43346400
2019-12-06,EEM,36.734371185302734,56766600
2019-12-09,EEM,36.589378356933594,37622000
2019-12-10,EEM,36.717315673828125,34791300
2019-12-11,EEM,37.2546501159668,60083200
2019-12-12,EEM,37.9028434753418,132196700
2019-12-13,EEM,37.88578414916992,160526800
2019-12-16,EEM,38.20722579956055,81828000
2019-12-17,EEM,38.55567932128906,79046200
2019-12-18,EEM,38.764739990234375,67065000
2019-12-19,EEM,38.78217697143555,59364600
2019-12-20,EEM,38.86056900024414,69295600
2019-12-23,EEM,38.91283416748047,29479500
2019-12-24,EEM,38.82572937011719,18951500
2019-12-26,EEM,39.1044807434082,24947900
2019-12-27,EEM,39.26128005981445,48407900
2019-12-30,EEM,38.99994659423828,44522800
2019-12-31,EEM,39.08705520629883,47292800
2020-01-02,EEM,39.8797721862793,78570100
2020-01-03,EEM,39.13932800292969,78998200
2020-01-06,EEM,39.04350280761719,40085300
2020-01-07,EEM,39.017372131347656,65705300
2020-01-08,EEM,39.24386215209961,86913300
2020-01-09,EEM,39.505191802978516,53199900
2020-01-10,EEM,39.71426773071289,67573300
2020-01-13,EEM,40.33275604248047,79593800
2020-01-14,EEM,40.10626983642578,75746900
2020-01-15,EEM,39.79266357421875,60620600
2020-01-16,EEM,40.045291900634766,50712700
2020-01-17,EEM,40.27177810668945,72382100
2020-01-21,EEM,39.2525749206543,106662600
2020-01-22,EEM,39.574886322021484,57584900
2020-01-23,EEM,39.16546630859375,88714300
2020-01-24,EEM,38.85185241699219,88654500
2020-01-27,EEM,37.51033401489258,129321800
2020-01-28,EEM,37.823936462402344,82396700
2020-01-29,EEM,38.00687026977539,51814700
2020-01-30,EEM,37.440650939941406,105864200
2020-01-31,EEM,36.68277359008789,99532200
2020-02-03,EEM,37.09219741821289,71309200
2020-02-04,EEM,38.05043411254883,73939300
2020-02-05,EEM,38.26820755004883,74350800
2020-02-06,EEM,38.30305480957031,80118800
2020-02-07,EEM,37.77167510986328,58449900
2020-02-10,EEM,37.980735778808594,45350800
2020-02-11,EEM,38.47727584838867,58708400
2020-02-12,EEM,38.99994659423828,41641100
2020-02-13,EEM,38.485984802246094,64757500
2020-02-14,EEM,38.503414154052734,45095300
2020-02-18,EEM,38.25078582763672,40176200
2020-02-19,EEM,38.52954864501953,45651500
2020-02-20,EEM,37.928470611572266,109316300
2020-02-21,EEM,37.710693359375,70553100
2020-02-24,EEM,36.299476623535156,101505600
2020-02-25,EEM,36.01201248168945,118601100
2020-02-26,EEM,36.299476623535156,109411100
2020-02-27,EEM,35.42837142944336,151063200
2020-02-28,EEM,35.29769515991211,201191200
2020-03-02,EEM,36.06428146362305,135152300
2020-03-03,EEM,35.820369720458984,141798700
2020-03-04,EEM,36.456275939941406,80064800
2020-03-05,EEM,35.689701080322266,107474200
2020-03-06,EEM,34.95796203613281,104006900
2020-03-09,EEM,32.57109069824219,143376900
2020-03-10,EEM,34.22622299194336,142773700
2020-03-11,EEM,32.632076263427734,137795400
2020-03-12,EEM,29.36538314819336,171341200
2020-03-13,EEM,31.482202529907227,128272900
2020-03-16,EEM,27.553455352783203,101553900
2020-03-17,EEM,29.45249366760254,92310900
2020-03-18,EEM,26.908832550048828,101136100
2020-03-19,EEM,27.11789894104004,68919700
2020-03-20,EEM,27.318256378173828,100290200
2020-03-23,EEM,26.664920806884766,97832900
2020-03-24,EEM,28.668487548828125,84450500
2020-03-25,EEM,29.678983688354492,79588900
2020-03-26,EEM,30.802730560302734,89991500
2020-03-27,EEM,29.05177879333496,74103800
2020-03-30,EEM,29.530899047851562,47544900
2020-03-31,EEM,29.731250762939453,64131300
2020-04-01,EEM,28.459415435791016,65580600
2020-04-02,EEM,29.41765022277832,55784000
2020-04-03,EEM,28.86014175415039,68672500
2020-04-06,EEM,30.436857223510742,82394800
2020-04-07,EEM,30.593656539916992,74322600
2020-04-08,EEM,30.907262802124023,47112900
2020-04-09,EEM,30.794015884399414,67239300
2020-04-13,EEM,30.83757209777832,38193400
2020-04-14,EEM,31.543180465698242,52817400
2020-04-15,EEM,30.733034133911133,60775200
2020-04-16,EEM,30.898550033569336,37215100
2020-04-17,EEM,31.58673095703125,40870300
2020-04-20,EEM,31.186019897460938,44402700
2020-04-21,EEM,30.3236141204834,46166600
2020-04-22,EEM,31.151172637939453,37455800
2020-04-23,EEM,31.037925720214844,40733100
2020-04-24,EEM,30.994373321533203,30553700
2020-04-27,EEM,31.621580123901367,30617400
2020-04-28,EEM,31.682552337646484,34463600
2020-04-29,EEM,32.60593795776367,45483100
2020-04-30,EEM,31.917760848999023,59181700
2020-05-01,EEM,30.76787757873535,56829000
2020-05-04,EEM,31.098907470703125,37036200
2020-05-05,EEM,31.273130416870117,41772700
2020-05-06,EEM,31.17731285095215,36584500
2020-05-07,EEM,31.429933547973633,36883300
2020-05-08,EEM,32.091983795166016,60613000
2020-05-11,EEM,31.882911682128906,31053700
2020-05-12,EEM,31.76095199584961,49641400
2020-05-13,EEM,31.69997787475586,55002900
2020-05-14,EEM,31.821937561035156,58633700
2020-05-15,EEM,31.38637351989746,40402000
2020-05-18,EEM,32.61465072631836,47487700
2020-05-19,EEM,32.35331726074219,36152600
2020-05-20,EEM,32.78016662597656,43140300
2020-05-21,EEM,32.40558624267578,42845500
2020-05-22,EEM,31.734821319580078,47355000
2020-05-26,EEM,32.431724548339844,54511200
2020-05-27,EEM,32.5362548828125,47182400
2020-05-28,EEM,32.30976486206055,53388700
2020-05-29,EEM,32.86728286743164,63616700
2020-06-01,EEM,33.625144958496094,49360200
2020-06-02,EEM,34.42657470703125,54010500
2020-06-03,EEM,35.22800064086914,60769300
2020-06-04,EEM,34.73146438598633,50969300
2020-06-05,EEM,35.646148681640625,52467500
2020-06-08,EEM,35.863914489746094,39777100
2020-06-09,EEM,35.6200065612793,44389800
2020-06-10,EEM,35.881343841552734,81172700
2020-06-11,EEM,34.00843811035156,91271100
2020-06-12,EEM,34.73146438598633,73779500
2020-06-15,EEM,34.41604232788086,76868600
2020-06-16,EEM,34.63508987426758,79638000
2020-06-17,EEM,34.96803283691406,61471100
2020-06-18,EEM,34.98556137084961,48131400
2020-06-19,EEM,34.97679901123047,72411300
2020-06-22,EEM,35.4061279296875,39024200
2020-06-23,EEM,35.747833251953125,32995800
2020-06-24,EEM,35.27469253540039,51150200
2020-06-25,EEM,35.42364501953125,48199000
2020-06-26,EEM,34.994319915771484,53901200
2020-06-29,EEM,35.15203094482422,34712700
2020-06-30,EEM,35.03812789916992,67644600
2020-07-01,EEM,35.43240737915039,51766200
2020-07-02,EEM,36.23849105834961,42240200
2020-07-06,EEM,37.79807662963867,69159900
2020-07-07,EEM,37.16722869873047,34004100
2020-07-08,EEM,38.13102340698242,42278100
2020-07-09,EEM,38.13102340698242,64950400
2020-07-10,EEM,37.88569259643555,45293500
2020-07-13,EEM,37.63160705566406,47039600
2020-07-14,EEM,37.68416976928711,56528000
2020-07-15,EEM,37.79807662963867,48309100
2020-07-16,EEM,37.263607025146484,36512000
2020-07-17,EEM,37.47389602661133,40913000
2020-07-20,EEM,37.95578384399414,23319300
2020-07-21,EEM,38.30625534057617,44420500
2020-07-22,EEM,38.1397819519043,31232200
2020-07-23,EEM,37.83312225341797,39243400
2020-07-24,EEM,37.79807662963867,30184800
2020-07-27,EEM,38.385108947753906,39112200
2020-07-28,EEM,38.06968688964844,31219100
2020-07-29,EEM,38.683013916015625,37830900
2020-07-30,EEM,38.19234848022461,47900300
2020-07-31,EEM,37.929500579833984,62457700
2020-08-03,EEM,38.19234848022461,30603000
2020-08-04,EEM,38.70052719116211,40597400
2020-08-05,EEM,39.12109375,36768200
2020-08-06,EEM,39.24375534057617,33523700
2020-08-07,EEM,38.437679290771484,35759300
2020-08-10,EEM,38.534061431884766,26964700
2020-08-11,EEM,38.428916931152344,34166400
2020-08-12,EEM,38.94586181640625,30740100
2020-08-13,EEM,38.83195877075195,26509200
2020-08-14,EEM,38.76186752319336,24593800
2020-08-17,EEM,39.25251770019531,26422200
2020-08-18,EEM,39.20871353149414,34464800
2020-08-19,EEM,38.7268180847168,28391100
2020-08-20,EEM,38.60414505004883,38399500
2020-08-21,EEM,38.79690933227539,34657800
2020-08-24,EEM,39.22623062133789,26576500
2020-08-25,EEM,39.620513916015625,27608400
2020-08-26,EEM,39.725650787353516,31465300
2020-08-27,EEM,39.39270782470703,31947400
2020-08-28,EEM,39.909645080566406,24151700
2020-08-31,EEM,39.02471923828125,52790000
2020-09-01,EEM,39.69060516357422,34212200
2020-09-02,EEM,39.5854606628418,50638400
2020-09-03,EEM,38.83195877075195,82433300
2020-09-04,EEM,38.849483489990234,62284500
2020-09-08,EEM,38.17482376098633,50051100
2020-09-09,EEM,38.74433898925781,49010500
2020-09-10,EEM,38.12226104736328,54276200
2020-09-11,EEM,38.49025344848633,49400700
2020-09-14,EEM,39.11233139038086,38892300
2020-09-15,EEM,39.52413558959961,30541000
2020-09-16,EEM,39.471561431884766,38179100
2020-09-17,EEM,39.31385040283203,38231100
2020-09-18,EEM,39.0071907043457,34270500
2020-09-21,EEM,38.64795684814453,42901100
2020-09-22,EEM,38.358821868896484,44884000
2020-09-23,EEM,37.76301574707031,40837000
2020-09-24,EEM,37.58778381347656,46493800
2020-09-25,EEM,37.622833251953125,44165700
2020-09-28,EEM,38.043399810791016,45528300
2020-09-29,EEM,38.01711654663086,25333200
2020-09-30,EEM,38.630435943603516,48674300
2020-10-01,EEM,38.98966598510742,51521100
2020-10-02,EEM,38.542823791503906,32647100
2020-10-05,EEM,39.059757232666016,36059100
2020-10-06,EEM,39.12985610961914,43464800
2020-10-07,EEM,39.55918502807617,45691100
2020-10-08,EEM,39.883358001708984,29669900
2020-10-09,EEM,40.15497970581055,31901900
2020-10-12,EEM,40.50543975830078,40037700
2020-10-13,EEM,40.33897399902344,35585000
2020-10-14,EEM,40.06736373901367,42300500
2020-10-15,EEM,39.778221130371094,41119300
2020-10-16,EEM,39.91840744018555,31611400
2020-10-19,EEM,39.804508209228516,30869500
2020-10-20,EEM,40.24259567260742,51631300
2020-10-21,EEM,40.35649871826172,42909300
2020-10-22,EEM,40.34773254394531,41884100
2020-10-23,EEM,40.58430099487305,36931400
2020-10-26,EEM,40.058597564697266,53574300
2020-10-27,EEM,40.23383712768555,41828600
2020-10-28,EEM,39.22623062133789,67047200
2020-10-29,EEM,39.620513916015625,44763400
2020-10-30,EEM,39.17366027832031,66155200
2020-11-02,EEM,39.6730842590332,51001600
2020-11-03,EEM,39.84831619262695,49744300
2020-11-04,EEM,41.10123825073242,81110200
2020-11-05,EEM,41.80217742919922,78029300
2020-11-06,EEM,41.99493408203125,57353300
2020-11-09,EEM,42.28407287597656,74889400
2020-11-10,EEM,41.80217742919922,68735600
2020-11-11,EEM,42.073795318603516,46272000
2020-11-12,EEM,41.75836944580078,41292600
2020-11-13,EEM,42.34540939331055,48143400
2020-11-16,EEM,42.87110900878906,63565900
2020-11-17,EEM,42.827301025390625,34661600
2020-11-18,EEM,42.67835235595703,32343400
2020-11-19,EEM,42.748451232910156,27524000
2020-11-20,EEM,42.985023498535156,35259100
2020-11-23,EEM,43.09891891479492,38979600
2020-11-24,EEM,43.67719268798828,39275200
2020-11-25,EEM,43.43185806274414,47358000
2020-11-27,EEM,43.84366226196289,27040300
2020-11-30,EEM,42.69588088989258,60622800
2020-12-01,EEM,43.53700637817383,50376400
2020-12-02,EEM,43.59832763671875,42826100
2020-12-03,EEM,44.097747802734375,61408300
2020-12-04,EEM,44.55335998535156,42230900
2020-12-07,EEM,44.55335998535156,43115100
2020-12-08,EEM,44.570884704589844,28632600
2020-12-09,EEM,44.18537139892578,40762600
2020-12-10,EEM,44.754886627197266,36032000
2020-12-11,EEM,44.43946075439453,38034400
2020-12-14,EEM,44.20841598510742,34407200
2020-12-15,EEM,44.68643569946289,39345000
2020-12-16,EEM,44.898895263671875,38243300
2020-12-17,EEM,45.19102478027344,36323800
2020-12-18,EEM,45.13790512084961,47662800
2020-12-21,EEM,44.47398376464844,48558100
2020-12-22,EEM,44.11989212036133,35229900
2020-12-23,EEM,44.57135772705078,36469400
2020-12-24,EEM,44.37660598754883,20689000
2020-12-28,EEM,44.50054168701172,26906100
2020-12-29,EEM,45.164466857910156,41965900
2020-12-30,EEM,45.766414642333984,35759500
2020-12-31,EEM,45.7398567199707,35680200
2021-01-04,EEM,46.03199005126953,48201300
2021-01-05,EEM,47.138526916503906,53358000
2021-01-06,EEM,46.740169525146484,56418700
2021-01-07,EEM,47.18278503417969,41031300
2021-01-08,EEM,48.43096160888672,76024300
2021-01-11,EEM,47.77589416503906,40816400
2021-01-12,EEM,48.245059967041016,47570500
2021-01-13,EEM,48.351287841796875,33561200
2021-01-14,EEM,48.802764892578125,38837200
2021-01-15,EEM,48.11227798461914,58519000
2021-01-19,EEM,48.90898895263672,50429300
2021-01-20,EEM,49.76765823364258,38832500
2021-01-21,EEM,49.85618591308594,31457000
2021-01-22,EEM,49.42241668701172,48223800
2021-01-25,EEM,49.79422378540039,50793700
2021-01-26,EEM,49.4312744140625,32283000
2021-01-27,EEM,48.05916213989258,45279700
2021-01-28,EEM,48.39555740356445,38055000
2021-01-29,EEM,47.191646575927734,57657800
2021-02-01,EEM,48.46636962890625,51427000
2021-02-02,EEM,49.094886779785156,33172200
2021-02-03,EEM,49.34275436401367,32363100
2021-02-04,EEM,49.36045455932617,40161800
2021-02-05,EEM,49.78536605834961,24242300
2021-02-08,EEM,49.87388610839844,21606000
2021-02-09,EEM,50.40502166748047,27200000
2021-02-10,EEM,50.58207321166992,30531200
2021-02-11,EEM,51.122066497802734,48875000
2021-02-12,EEM,51.166324615478516,28400400
2021-02-16,EEM,51.29024887084961,34954000
2021-02-17,EEM,51.307960510253906,37789100
2021-02-18,EEM,50.59977340698242,46118400
2021-02-19,EEM,50.92731475830078,39809800
2021-02-22,EEM,49.4312744140625,46924200
2021-02-23,EEM,49.65258026123047,40316200
2021-02-24,EEM,49.333892822265625,36631300
2021-02-25,EEM,48.209659576416016,50895200
2021-02-26,EEM,47.56343460083008,68933600
2021-03-01,EEM,48.838172912597656,53421400
2021-03-02,EEM,48.360145568847656,38533600
2021-03-03,EEM,48.26276779174805,43013300
2021-03-04,EEM,47.138526916503906,70653800
2021-03-05,EEM,47.65196228027344,64018500
2021-03-08,EEM,46.368377685546875,54120600
2021-03-09,EEM,47.38639450073242,42450100
2021-03-10,EEM,47.1739387512207,42853900
2021-03-11,EEM,48.66112518310547,57247200
2021-03-12,EEM,47.79359817504883,41559600
2021-03-15,EEM,47.908668518066406,32447400
2021-03-16,EEM,48.11227798461914,41261600
2021-03-17,EEM,48.17424774169922,57032400
2021-03-18,EEM,47.28901290893555,49205900
2021-03-19,EEM,47.873268127441406,60265700
2021-03-22,EEM,47.73162841796875,24860300
2021-03-23,EEM,46.81984329223633,40356400
2021-03-24,EEM,45.748714447021484,45315400
2021-03-25,EEM,45.96116638183594,73684400
2021-03-26,EEM,47.15623474121094,142402800
2021-03-29,EEM,46.828697204589844,51309500
2021-03-30,EEM,46.97918701171875,44414300
2021-03-31,EEM,47.21820068359375,38807500
2021-04-01,EEM,47.67851638793945,44592700
2021-04-05,EEM,47.86441421508789,30891600
2021-04-06,EEM,48.12998580932617,31509200
2021-04-07,EEM,47.42179870605469,47888100
2021-04-08,EEM,47.811302185058594,50373000
2021-04-09,EEM,47.40409469604492,35808300
2021-04-12,EEM,47.120826721191406,30045900
2021-04-13,EEM,47.31557083129883,33697900
2021-04-14,EEM,47.554588317871094,27449500
2021-04-15,EEM,47.98834991455078,42622000
2021-04-16,EEM,48.11227798461914,32031300
2021-04-19,EEM,47.93523406982422,34318500
2021-04-20,EEM,47.54573059082031,27732600
2021-04-21,EEM,47.83786392211914,33407600
2021-04-22,EEM,47.66966247558594,39452000
2021-04-23,EEM,48.360145568847656,27062900
2021-04-26,EEM,48.422115325927734,26805200
2021-04-27,EEM,48.39555740356445,25563100
2021-04-28,EEM,48.75849914550781,37381000
2021-04-29,EEM,48.64342498779297,36617000
2021-04-30,EEM,47.78474426269531,46299900
2021-05-03,EEM,47.78474426269531,20628000
2021-05-04,EEM,47.2447509765625,38634800
2021-05-05,EEM,47.46605682373047,26062900
2021-05-06,EEM,47.917537689208984,29454200
2021-05-07,EEM,48.41326141357422,41590600
2021-05-10,EEM,47.54573059082031,40686800
2021-05-11,EEM,47.4129524230957,37374100
2021-05-12,EEM,46.102806091308594,53632900
2021-05-13,EEM,46.04083251953125,42935200
2021-05-14,EEM,46.87295913696289,40363000
2021-05-17,EEM,46.828697204589844,23169500
2021-05-18,EEM,47.45720672607422,32405300
2021-05-19,EEM,47.31557083129883,46284100
2021-05-20,EEM,47.589988708496094,33273000
2021-05-21,EEM,47.04115295410156,39110900
2021-05-24,EEM,47.43064880371094,22436200
2021-05-25,EEM,47.89982223510742,40993700
2021-05-26,EEM,48.25392150878906,26984700
2021-05-27,EEM,48.26276779174805,35598900
2021-05-28,EEM,48.572601318359375,43730300
2021-06-01,EEM,49.57291030883789,41656100
2021-06-02,EEM,49.65258026123047,24532400
2021-06-03,EEM,49.12144470214844,40790400
2021-06-04,EEM,49.56406021118164,29038100
2021-06-07,EEM,49.316200256347656,24830500
2021-06-08,EEM,49.077186584472656,38113700
2021-06-09,EEM,48.935546875,30916900
2021-06-10,EEM,49.327640533447266,28571100
2021-06-11,EEM,49.15871810913086,28375700
2021-06-14,EEM,49.292076110839844,26421400
2021-06-15,EEM,48.95420455932617,34121300
2021-06-16,EEM,48.28738784790039,44138300
2021-06-17,EEM,48.55411911010742,27846900
2021-06-18,EEM,48.21626281738281,42443600
2021-06-21,EEM,48.420753479003906,26977400
2021-06-22,EEM,48.1984748840332,35862600
2021-06-23,EEM,48.49188232421875,26049200
2021-06-24,EEM,48.936431884765625,20096200
2021-06-25,EEM,49.34542465209961,24992400
2021-06-28,EEM,49.3898811340332,22644900
2021-06-29,EEM,49.354312896728516,18308800
2021-06-30,EEM,49.03424072265625,33223400
2021-07-01,EEM,48.75861358642578,27478400
2021-07-02,EEM,48.705265045166016,24289100
2021-07-06,EEM,47.851715087890625,38126800
2021-07-07,EEM,47.798370361328125,25651700
2021-07-08,EEM,46.802574157714844,45146300
2021-07-09,EEM,47.611663818359375,28860500
2021-07-12,EEM,47.65612030029297,22116100
2021-07-13,EEM,47.7005729675293,29025300
2021-07-14,EEM,47.905067443847656,19739600
2021-07-15,EEM,48.02064895629883,33310600
2021-07-16,EEM,47.6472282409668,23386300
2021-07-19,EEM,46.84702682495117,33737900
2021-07-20,EEM,46.9981803894043,37946000
2021-07-21,EEM,47.300479888916016,24101400
2021-07-22,EEM,47.38938522338867,27160800
2021-07-23,EEM,46.68699264526367,31210100
2021-07-26,EEM,45.79788589477539,43701400
2021-07-27,EEM,44.87321853637695,73640700
2021-07-28,EEM,46.09128952026367,56446200
2021-07-29,EEM,46.32245635986328,43339400
2021-07-30,EEM,45.87790298461914,59797000
2021-08-02,EEM,46.20687484741211,40234700
2021-08-03,EEM,46.40247344970703,30589900
2021-08-04,EEM,46.64253616333008,32586600
2021-08-05,EEM,46.57140350341797,15941700
2021-08-06,EEM,46.180206298828125,36049500
2021-08-09,EEM,46.33134460449219,24062300
2021-08-10,EEM,46.39358901977539,15222600
2021-08-11,EEM,46.51805877685547,22374700
2021-08-12,EEM,46.10906982421875,25726000
2021-08-13,EEM,45.993492126464844,28396200
2021-08-16,EEM,45.57560729980469,46222700
2021-08-17,EEM,44.739845275878906,78463000
2021-08-18,EEM,44.810977935791016,42994800
2021-08-19,EEM,44.04635238647461,63275200
2021-08-20,EEM,44.01078414916992,44682100
2021-08-23,EEM,44.67760467529297,45453900
2021-08-24,EEM,45.691192626953125,51292000
2021-08-25,EEM,45.74453353881836,25272500
2021-08-26,EEM,45.30887985229492,29030600
2021-08-27,EEM,45.869014739990234,32971400
2021-08-30,EEM,45.96681213378906,18518900
2021-08-31,EEM,46.598079681396484,43226700
2021-09-01,EEM,47.193790435791016,35980500
2021-09-02,EEM,46.98040008544922,24988400
2021-09-03,EEM,47.229347229003906,21311000
2021-09-07,EEM,47.50497055053711,33509700
2021-09-08,EEM,46.81147384643555,53397900
2021-09-09,EEM,46.72256088256836,34707100
2021-09-10,EEM,46.66921615600586,40329300
2021-09-13,EEM,46.79368591308594,35318400
2021-09-14,EEM,46.40247344970703,35994400
2021-09-15,EEM,46.39358901977539,38735100
2021-09-16,EEM,45.869014739990234,43721300
2021-09-17,EEM,45.67340850830078,45481400
2021-09-20,EEM,44.44644546508789,52798200
2021-09-21,EEM,44.77540969848633,39347200
2021-09-22,EEM,45.33555603027344,46189200
2021-09-23,EEM,45.691192626953125,27138400
2021-09-24,EEM,45.14883804321289,29743500
2021-09-27,EEM,45.44224166870117,31181700
2021-09-28,EEM,44.85542678833008,44156300
2021-09-29,EEM,44.43754959106445,43140500
2021-09-30,EEM,44.79319381713867,66460100
2021-10-01,EEM,44.74874496459961,45259100
2021-10-04,EEM,44.09080505371094,43597100
2021-10-05,EEM,44.4019889831543,28761900
2021-10-06,EEM,44.153038024902344,57466000
2021-10-07,EEM,45.01547622680664,60345100
2021-10-08,EEM,45.18440246582031,24990600
2021-10-11,EEM,45.095489501953125,26808200
2021-10-12,EEM,44.864315032958984,29309400
2021-10-13,EEM,45.486698150634766,35305500
2021-10-14,EEM,45.62895584106445,23980900
2021-10-15,EEM,46.180206298828125,41223700
2021-10-18,EEM,46.06461715698242,26239000
2021-10-19,EEM,46.678104400634766,40639700
2021-10-20,EEM,46.66921615600586,27540300
2021-10-21,EEM,46.366912841796875,35404000
2021-10-22,EEM,46.26911163330078,51231000
2021-10-25,EEM,46.5091667175293,32479900
2021-10-26,EEM,46.26911163330078,32195200
2021-10-27,EEM,45.89569091796875,32422100
2021-10-28,EEM,45.940147399902344,27363500
2021-10-29,EEM,45.273311614990234,51488900
2021-11-01,EEM,45.62895584106445,31197400
2021-11-02,EEM,45.219966888427734,34098000
2021-11-03,EEM,45.43335723876953,49350800
2021-11-04,EEM,45.326663970947266,23722200
2021-11-05,EEM,45.273311614990234,23969900
2021-11-08,EEM,45.691192626953125,23735200
2021-11-09,EEM,45.51337432861328,28482200
2021-11-10,EEM,45.326663970947266,36032600
2021-11-11,EEM,46.10906982421875,55636800
2021-11-12,EEM,46.23353958129883,31956200
2021-11-15,EEM,46.0823974609375,31610700
2021-11-16,EEM,46.14463424682617,32898900
2021-11-17,EEM,45.904579162597656,22601900
2021-11-18,EEM,45.344444274902344,36719300
2021-11-19,EEM,45.273311614990234,36975700
2021-11-22,EEM,44.90877914428711,37116100
2021-11-23,EEM,44.864315032958984,38638200
2021-11-24,EEM,44.802085876464844,32810400
2021-11-26,EEM,43.29949188232422,58023300
2021-11-29,EEM,43.46842575073242,44405000
2021-11-30,EEM,43.423973083496094,81647500
2021-12-01,EEM,43.58401107788086,52613200
2021-12-02,EEM,44.11747360229492,73971400
2021-12-03,EEM,43.49510192871094,79115000
2021-12-06,EEM,43.83295822143555,54871300
2021-12-07,EEM,44.526466369628906,51825000
2021-12-08,EEM,44.704288482666016,38176500
2021-12-09,EEM,44.490901947021484,36476000
2021-12-10,EEM,44.526466369628906,42011300
2021-12-13,EEM,43.8203239440918,50773400
2021-12-14,EEM,43.72112274169922,42023900
2021-12-15,EEM,43.59485626220703,57129100
2021-12-16,EEM,43.64897155761719,60401000
2021-12-17,EEM,43.43253707885742,55420900
2021-12-20,EEM,42.783203125,40091700
2021-12-21,EEM,43.50468063354492,31786900
2021-12-22,EEM,43.71210479736328,27630800
2021-12-23,EEM,43.93757247924805,22174400
2021-12-27,EEM,44.135963439941406,27011600
2021-12-28,EEM,43.991676330566406,24529800
2021-12-29,EEM,43.79327392578125,27939200
2021-12-30,EEM,44.29496383666992,34900300
2021-12-31,EEM,44.07839584350586,30439000
2022-01-03,EEM,44.39421844482422,27572700
2022-01-04,EEM,44.24081802368164,24579500
2022-01-05,EEM,43.51896667480469,46425100
2022-01-06,EEM,43.71747589111328,34288700
2022-01-07,EEM,44.11449432373047,32640900
2022-01-10,EEM,44.11449432373047,43581800
2022-01-11,EEM,45.13412094116211,57536400
2022-01-12,EEM,45.88304138183594,56499100
2022-01-13,EEM,45.23337173461914,33229000
2022-01-14,EEM,45.21533203125,40642300
2022-01-18,EEM,44.41226577758789,45012000
2022-01-19,EEM,44.601749420166016,43998100
2022-01-20,EEM,44.86341857910156,58279500
2022-01-21,EEM,44.2137565612793,59673800
2022-01-24,EEM,43.591148376464844,87752800
2022-01-25,EEM,43.50993728637695,54804100
2022-01-26,EEM,42.95951843261719,55516700
2022-01-27,EEM,42.4632453918457,61062300
2022-01-28,EEM,42.67078399658203,48799200
2022-01-31,EEM,44.06938171386719,65614900
2022-02-01,EEM,44.34006881713867,50158000
2022-02-02,EEM,44.26789093017578,35128100
2022-02-03,EEM,43.798683166503906,38246800
2022-02-04,EEM,43.906959533691406,36644200
2022-02-07,EEM,43.81673049926758,31917100
2022-02-08,EEM,44.24081802368164,25562200
2022-02-09,EEM,44.93561553955078,40082900
2022-02-10,EEM,44.63784408569336,55440700
2022-02-11,EEM,43.96110534667969,53838300
2022-02-14,EEM,43.65431213378906,59439800
2022-02-15,EEM,44.601749420166016,32938500
2022-02-16,EEM,44.926578521728516,47236800
2022-02-17,EEM,44.403236389160156,41245300
2022-02-18,EEM,43.96110534667969,41312300
2022-02-22,EEM,43.33849334716797,60704500
2022-02-23,EEM,42.83320617675781,38873700
2022-02-24,EEM,41.94892501831055,95679500
2022-02-25,EEM,42.72491455078125,58887800
2022-02-28,EEM,42.16548538208008,79366600
2022-03-01,EEM,41.60604476928711,72297300
2022-03-02,EEM,41.678226470947266,61858700
2022-03-03,EEM,41.09172439575195,57514100
2022-03-04,EEM,40.2615852355957,68351300
2022-03-07,EEM,38.754703521728516,77557700
2022-03-08,EEM,38.88103103637695,90831500
2022-03-09,EEM,39.98186492919922,59840900
2022-03-10,EEM,39.23293685913086,59158300
2022-03-11,EEM,38.411827087402344,72846700
2022-03-14,EEM,37.4824333190918,85651000
2022-03-15,EEM,37.53657150268555,85987500
2022-03-16,EEM,40.55935287475586,134225700
2022-03-17,EEM,40.35181427001953,80743600
2022-03-18,EEM,40.92930221557617,77755100
2022-03-21,EEM,40.29767990112305,58558700
2022-03-22,EEM,41.028560638427734,61380900
2022-03-23,EEM,40.75785446166992,76986600
2022-03-24,EEM,40.974422454833984,52016600
2022-03-25,EEM,40.64958190917969,39294500
2022-03-28,EEM,40.784934997558594,49757000
2022-03-29,EEM,41.47972106933594,54088200
2022-03-30,EEM,41.36241149902344,57717400
2022-03-31,EEM,40.73982238769531,74448400
2022-04-01,EEM,41.41655349731445,54193400
2022-04-04,EEM,42.14743423461914,48057700
2022-04-05,EEM,41.371437072753906,45058100
2022-04-06,EEM,40.830047607421875,56877100
2022-04-07,EEM,40.50521469116211,38954900
2022-04-08,EEM,40.54130554199219,41263400
2022-04-11,EEM,40.0359992980957,47878200
2022-04-12,EEM,39.9096794128418,41815200
2022-04-13,EEM,40.43302536010742,33529400
2022-04-14,EEM,39.9096794128418,38915000
2022-04-18,EEM,39.774330139160156,29106500
2022-04-19,EEM,39.57582473754883,40066400
2022-04-20,EEM,39.341209411621094,36373300
2022-04-21,EEM,38.5832633972168,44857400
2022-04-22,EEM,38.240386962890625,68371900
2022-04-25,EEM,37.960662841796875,67643800
2022-04-26,EEM,37.13052749633789,70774400
2022-04-27,EEM,37.56364440917969,61594000
2022-04-28,EEM,38.105037689208984,43763100
2022-04-29,EEM,38.240386962890625,61703900
2022-05-02,EEM,38.18624496459961,55015700
2022-05-03,EEM,38.465965270996094,45593000
2022-05-04,EEM,38.88103103637695,57175300
2022-05-05,EEM,37.44633865356445,63268900
2022-05-06,EEM,36.93201446533203,67425600
2022-05-09,EEM,35.867279052734375,83251500
2022-05-10,EEM,36.03871154785156,69865000
2022-05-11,EEM,35.78607177734375,75198500
2022-05-12,EEM,35.55147171020508,73481300
2022-05-13,EEM,36.53499984741211,49196100
2022-05-16,EEM,36.390628814697266,32425000
2022-05-17,EEM,37.28392028808594,49516400
2022-05-18,EEM,36.390628814697266,53296300
2022-05-19,EEM,36.968109130859375,55163500
2022-05-20,EEM,37.12150192260742,59025400
2022-05-23,EEM,37.401222229003906,36619400
2022-05-24,EEM,36.751556396484375,46400400
2022-05-25,EEM,36.93201446533203,37863200
2022-05-26,EEM,37.50950241088867,51355800
2022-05-27,EEM,37.9426155090332,31262900
2022-05-31,EEM,38.47498321533203,72069000
2022-06-01,EEM,38.204288482666016,40495600
2022-06-02,EEM,38.86298370361328,44322300
2022-06-03,EEM,38.23135757446289,39337000
2022-06-06,EEM,38.43889236450195,43126000
2022-06-07,EEM,38.55619430541992,57455300
2022-06-08,EEM,38.76373291015625,43591800
2022-06-09,EEM,37.84646224975586,53116000
2022-06-10,EEM,37.42786407470703,44176700
2022-06-13,EEM,36.11747741699219,67647000
2022-06-14,EEM,36.617977142333984,58868400
2022-06-15,EEM,37.10026550292969,67577900
2022-06-16,EEM,35.9627799987793,68035800
2022-06-17,EEM,36.099281311035156,63646300
2022-06-21,EEM,36.681671142578125,35943900
2022-06-22,EEM,36.02648162841797,41337900
2022-06-23,EEM,36.13568115234375,44261600
2022-06-24,EEM,36.99106979370117,41176300
2022-06-27,EEM,37.03657150268555,27076400
2022-06-28,EEM,36.80906677246094,31095700
2022-06-29,EEM,36.663475036621094,33969200
2022-06-30,EEM,36.49057388305664,52233200
2022-07-01,EEM,36.26307678222656,44010400
2022-07-05,EEM,35.98098373413086,49452600
2022-07-06,EEM,35.76258087158203,36060300
2022-07-07,EEM,36.48147201538086,56831500
2022-07-08,EEM,36.48147201538086,20993400
2022-07-11,EEM,35.50778579711914,52682500
2022-07-12,EEM,35.37129211425781,24669600
2022-07-13,EEM,35.28938293457031,39435300
2022-07-14,EEM,34.97089385986328,43245400
2022-07-15,EEM,35.152896881103516,44468400
2022-07-18,EEM,35.398590087890625,38982900
2022-07-19,EEM,35.98098373413086,33006200
2022-07-20,EEM,35.8262825012207,38969800
2022-07-21,EEM,36.235774993896484,36814900
2022-07-22,EEM,35.87178421020508,25611800
2022-07-25,EEM,35.99917984008789,21653200
2022-07-26,EEM,35.71708679199219,22891400
2022-07-27,EEM,36.381378173828125,37678900
2022-07-28,EEM,36.536075592041016,37796700
2022-07-29,EEM,36.36317443847656,54050700
2022-08-01,EEM,36.05378341674805,34808000
2022-08-02,EEM,35.88087844848633,41014300
2022-08-03,EEM,36.16297912597656,34939500
2022-08-04,EEM,36.41777801513672,31865200
2022-08-05,EEM,36.45417785644531,28488300
2022-08-08,EEM,36.49967575073242,39087300
2022-08-09,EEM,36.36317443847656,22828600
2022-08-10,EEM,36.81817626953125,27028200
2022-08-11,EEM,36.96376419067383,39235300
2022-08-12,EEM,37.355064392089844,24877900
2022-08-15,EEM,37.18217086791992,29734500
2022-08-16,EEM,37.173065185546875,20907000
2022-08-17,EEM,37.018367767333984,34206700
2022-08-18,EEM,36.80906677246094,30611900
2022-08-19,EEM,36.30857849121094,36042800
2022-08-22,EEM,35.990081787109375,26934100
2022-08-23,EEM,36.18117904663086,33028200
2022-08-24,EEM,36.172080993652344,23561600
2022-08-25,EEM,36.95467758178711,44653100
2022-08-26,EEM,36.4086799621582,41080900
2022-08-29,EEM,36.18117904663086,22689800
2022-08-30,EEM,35.753482818603516,34508600
2022-08-31,EEM,35.88087844848633,37142200
2022-09-01,EEM,35.598785400390625,38353400
2022-09-02,EEM,35.27119445800781,35916900
2022-09-06,EEM,34.852596282958984,50091500
2022-09-07,EEM,35.1619873046875,39074600
2022-09-08,EEM,34.97089385986328,55415100
2022-09-09,EEM,35.48958206176758,26119600
2022-09-12,EEM,36.01737976074219,41791000
2022-09-13,EEM,34.907196044921875,44191300
2022-09-14,EEM,35.0800895690918,37146200
2022-09-15,EEM,34.707000732421875,47618900
2022-09-16,EEM,34.38850021362305,67125000
2022-09-19,EEM,34.49769973754883,33531700
2022-09-20,EEM,34.306602478027344,36967300
2022-09-21,EEM,33.733306884765625,62370500
2022-09-22,EEM,33.56950759887695,41989200
2022-09-23,EEM,32.741416931152344,49807100
2022-09-26,EEM,32.341026306152344,53011900
2022-09-27,EEM,32.30462646484375,47114100
2022-09-28,EEM,32.586727142333984,49946800
2022-09-29,EEM,31.85873031616211,43114100
2022-09-30,EEM,31.740428924560547,50082400
2022-10-03,EEM,32.259124755859375,41489700
2022-10-04,EEM,33.31471633911133,51598600
2022-10-05,EEM,33.332916259765625,30037200
2022-10-06,EEM,33.132713317871094,29747200
2022-10-07,EEM,32.44112777709961,35957400
2022-10-10,EEM,31.986129760742188,31109900
2022-10-11,EEM,31.47653579711914,46679000
2022-10-12,EEM,31.5129337310791,42471500
2022-10-13,EEM,31.60393714904785,51431200
2022-10-14,EEM,31.130741119384766,33384600
2022-10-17,EEM,31.986129760742188,51122100
2022-10-18,EEM,31.995229721069336,33911100
2022-10-19,EEM,31.412839889526367,31393700
2022-10-20,EEM,31.6130313873291,44240000
2022-10-21,EEM,32.09532928466797,43879500
2022-10-24,EEM,30.875938415527344,55046000
2022-10-25,EEM,31.130741119384766,31871500
2022-10-26,EEM,31.64033317565918,37973800
2022-10-27,EEM,31.394634246826172,34227600
2022-10-28,EEM,31.203536987304688,46296700
2022-10-31,EEM,31.112539291381836,44107400
2022-11-01,EEM,31.685832977294922,50932800
2022-11-02,EEM,31.42193603515625,47639100
2022-11-03,EEM,31.60393714904785,38319300
2022-11-04,EEM,32.941612243652344,70533600
2022-11-07,EEM,32.959815979003906,38404800
2022-11-08,EEM,33.19641876220703,36282400
2022-11-09,EEM,32.62311935424805,34148700
2022-11-10,EEM,33.80611038208008,53986900
2022-11-11,EEM,34.725196838378906,52270400
2022-11-14,EEM,34.515899658203125,42158100
2022-11-15,EEM,35.307586669921875,77069300
2022-11-16,EEM,34.74340057373047,49376500
2022-11-17,EEM,34.807098388671875,56473600
2022-11-18,EEM,34.606895446777344,45040200
2022-11-21,EEM,34.17010498046875,29250900
2022-11-22,EEM,34.25200271606445,33677500
2022-11-23,EEM,34.534095764160156,43490300
2022-11-25,EEM,34.37030029296875,19986900
2022-11-28,EEM,34.21560287475586,45015900
2022-11-29,EEM,34.952693939208984,50909500
2022-11-30,EEM,35.9627799987793,103403400
2022-12-01,EEM,35.844482421875,50195900
2022-12-02,EEM,35.98098373413086,47593700
2022-12-05,EEM,35.57148361206055,62268800
2022-12-06,EEM,35.52598571777344,31558200
2022-12-07,EEM,35.31669235229492,46263200
2022-12-08,EEM,35.744384765625,41138200
2022-12-09,EEM,35.50778579711914,48742700
2022-12-12,EEM,35.398590087890625,41524600
2022-12-13,EEM,35.65172576904297,60886900
2022-12-14,EEM,35.67020797729492,62300900
2022-12-15,EEM,34.84796905517578,48081300
2022-12-16,EEM,34.9495964050293,48065200
2022-12-19,EEM,34.9773063659668,22995200
2022-12-20,EEM,34.96806716918945,25688000
2022-12-21,EEM,35.28218460083008,23607700
2022-12-22,EEM,34.96806716918945,27011800
2022-12-23,EEM,34.921878814697266,19543300
2022-12-27,EEM,35.43923568725586,42338900
2022-12-28,EEM,34.921878814697266,31813900
2022-12-29,EEM,35.50391387939453,27088700
2022-12-30,EEM,35.01426315307617,38297800
2023-01-03,EEM,35.309898376464844,35557900
2023-01-04,EEM,36.37232971191406,57044200
2023-01-05,EEM,36.261474609375,25175600
2023-01-06,EEM,37.01904296875,49058000
2023-01-09,EEM,37.29619598388672,59967500
2023-01-10,EEM,37.564117431640625,34936500
2023-01-11,EEM,37.721168518066406,41854800
2023-01-12,EEM,37.905941009521484,42088800
2023-01-13,EEM,38.15538024902344,32838900
2023-01-17,EEM,37.942901611328125,41016000
2023-01-18,EEM,37.68421936035156,54860300
2023-01-19,EEM,37.970611572265625,33834900
2023-01-20,EEM,38.552642822265625,42854900
2023-01-23,EEM,38.82979965209961,38252700
2023-01-24,EEM,38.85752487182617,34713300
2023-01-25,EEM,38.89447021484375,30325100
2023-01-26,EEM,39.264015197753906,28722100
2023-01-27,EEM,39.07924270629883,36989100
2023-01-30,EEM,38.29396438598633,38598300
2023-01-31,EEM,38.2108154296875,43197800
2023-02-01,EEM,38.681983947753906,51809100
2023-02-02,EEM,38.451019287109375,45943800
2023-02-03,EEM,37.767364501953125,42341000
2023-02-06,EEM,37.213050842285156,41471500
2023-02-07,EEM,37.36086654663086,31941600
2023-02-08,EEM,37.314674377441406,38255400
2023-02-09,EEM,37.49020767211914,27083800
2023-02-10,EEM,37.12989807128906,34463800
2023-02-13,EEM,37.43476867675781,20906700
2023-02-14,EEM,37.37010192871094,21664300
2023-02-15,EEM,37.055992126464844,31114000
2023-02-16,EEM,37.06523132324219,30045300
2023-02-17,EEM,36.65873336791992,35131700
2023-02-21,EEM,36.19680404663086,33984300
2023-02-22,EEM,36.021270751953125,37035500
2023-02-23,EEM,36.19680404663086,28551700
2023-02-24,EEM,35.38380432128906,48596300
2023-02-27,EEM,35.56857681274414,24344400
2023-02-28,EEM,35.31913757324219,39670600
2023-03-01,EEM,36.076698303222656,39597500
2023-03-02,EEM,36.20603942871094,28952900
2023-03-03,EEM,36.529396057128906,20682400
2023-03-06,EEM,36.400054931640625,26014300
2023-03-07,EEM,35.790306091308594,36382400
2023-03-08,EEM,35.9381217956543,18795900
2023-03-09,EEM,35.14360427856445,40118900
2023-03-10,EEM,34.95882797241211,49329400
2023-03-13,EEM,35.01426315307617,43071400
2023-03-14,EEM,35.032737731933594,36333400
2023-03-15,EEM,34.43223571777344,53217000
2023-03-16,EEM,34.95882797241211,39880200
2023-03-17,EEM,34.746341705322266,40165600
2023-03-20,EEM,34.87568664550781,28310700
2023-03-21,EEM,35.18980026245117,27670600
2023-03-22,EEM,35.328372955322266,40375300
2023-03-23,EEM,35.818023681640625,39622100
2023-03-24,EEM,35.72563171386719,28044500
2023-03-27,EEM,35.53162384033203,36646700
2023-03-28,EEM,36.03974914550781,43707600
2023-03-29,EEM,36.14137268066406,32173100
2023-03-30,EEM,36.501670837402344,32982200
2023-03-31,EEM,36.455482482910156,36174700
2023-04-03,EEM,36.529396057128906,19637700
2023-04-04,EEM,36.529396057128906,31518500
2023-04-05,EEM,36.24299621582031,35785500
2023-04-06,EEM,36.39081573486328,22277700
2023-04-10,EEM,36.42776870727539,20271700
2023-04-11,EEM,36.64949417114258,23177000
2023-04-12,EEM,36.39081573486328,30341900
2023-04-13,EEM,36.88970184326172,28752600
2023-04-14,EEM,36.69568634033203,26673200
2023-04-17,EEM,36.85274124145508,26173500
2023-04-18,EEM,36.80654525756836,23990600
2023-04-19,EEM,36.43700408935547,25851700
2023-04-20,EEM,36.38157272338867,29763400
2023-04-21,EEM,36.03974914550781,26632600
2023-04-24,EEM,35.956600189208984,19963200
2023-04-25,EEM,35.28218460083008,31095100
2023-04-26,EEM,35.48543167114258,45521300
2023-04-27,EEM,35.96583557128906,23496200
2023-04-28,EEM,36.15061569213867,22481000
2023-05-01,EEM,36.0305061340332,16797000
2023-05-02,EEM,35.679439544677734,24041500
2023-05-03,EEM,35.6240119934082,18827800
2023-05-04,EEM,35.91040802001953,29417100
2023-05-05,EEM,36.39081573486328,18248200
2023-05-08,EEM,36.4092903137207,19721300
2023-05-09,EEM,36.18756103515625,17294900
2023-05-10,EEM,36.16909408569336,22410300
2023-05-11,EEM,36.03974914550781,34620300
2023-05-12,EEM,35.614768981933594,32789300
2023-05-15,EEM,36.27070999145508,28911000
2023-05-16,EEM,36.012027740478516,24887200
2023-05-17,EEM,36.178321838378906,24358200
2023-05-18,EEM,35.984317779541016,30378900
2023-05-19,EEM,36.012027740478516,26847500
2023-05-22,EEM,36.30766296386719,30254000
2023-05-23,EEM,35.74410629272461,43844500
2023-05-24,EEM,35.4761962890625,31559600
2023-05-25,EEM,35.40228271484375,28492700
2023-05-26,EEM,36.0305061340332,24941700
2023-05-30,EEM,35.614768981933594,25536900
2023-05-31,EEM,35.28218460083008,35917900
2023-06-01,EEM,35.91040802001953,32875300
2023-06-02,EEM,36.529396057128906,53717000
2023-06-05,EEM,36.52015686035156,16947400
2023-06-06,EEM,36.843509674072266,35447700
2023-06-07,EEM,36.68522262573242,44313300
2023-06-08,EEM,36.945926666259766,26886800
2023-06-09,EEM,37.113525390625,22199200
2023-06-12,EEM,37.18800735473633,25267100
2023-06-13,EEM,37.56045150756836,35053100
2023-06-14,EEM,37.839778900146484,37898300
2023-06-15,EEM,38.19359588623047,36328400
2023-06-16,EEM,38.0632438659668,40001900
2023-06-20,EEM,37.318363189697266,50477100
2023-06-21,EEM,37.14145278930664,20771300
2023-06-22,EEM,37.011104583740234,22804200
2023-06-23,EEM,36.47106170654297,26321700
2023-06-26,EEM,36.592105865478516,18302400
2023-06-27,EEM,36.964542388916016,21799500
2023-06-28,EEM,36.741085052490234,21628400
2023-06-29,EEM,36.545555114746094,23278300
2023-06-30,EEM,36.834190368652344,23366700
2023-07-03,EEM,37.24387741088867,15417000
2023-07-05,EEM,37.02041244506836,15853800
2023-07-06,EEM,36.26622772216797,36352500
2023-07-07,EEM,36.67591094970703,21518600
2023-07-10,EEM,36.70383834838867,22273400
2023-07-11,EEM,37.07627487182617,19616000
2023-07-12,EEM,37.90495300292969,61015900
2023-07-13,EEM,38.398441314697266,44062400
2023-07-14,EEM,38.18428039550781,26724500
2023-07-17,EEM,38.2308464050293,25782900
2023-07-18,EEM,37.951507568359375,29377700
2023-07-19,EEM,37.87702178955078,26941200
2023-07-20,EEM,37.597694396972656,31226700
2023-07-21,EEM,37.54182815551758,21620500
2023-07-24,EEM,38.05392837524414,47123600
2023-07-25,EEM,38.37050247192383,32437300
2023-07-26,EEM,38.59396743774414,34963100
2023-07-27,EEM,38.119110107421875,37548500
2023-07-28,EEM,39.0408935546875,34529000
2023-07-31,EEM,39.05951690673828,28029100
2023-08-01,EEM,38.56603240966797,34635600
2023-08-02,EEM,37.644248962402344,35588700
2023-08-03,EEM,37.79322814941406,20893600
2023-08-04,EEM,37.746673583984375,29249200
2023-08-07,EEM,37.690799713134766,19419100
2023-08-08,EEM,37.23456573486328,22600700
2023-08-09,EEM,37.327674865722656,27936800
2023-08-10,EEM,37.38353729248047,26321200
2023-08-11,EEM,36.834190368652344,32303600
2023-08-14,EEM,36.65727996826172,25510000
2023-08-15,EEM,36.2382926940918,31837500
2023-08-16,EEM,35.91240692138672,37596400
2023-08-17,EEM,35.996212005615234,35544200
2023-08-18,EEM,35.75412368774414,33913100
2023-08-21,EEM,35.83792495727539,24331900
2023-08-22,EEM,35.763431549072266,26689500
2023-08-23,EEM,36.33140182495117,27643300
2023-08-24,EEM,36.19173812866211,25776700
2023-08-25,EEM,36.22898483276367,20154800
2023-08-28,EEM,36.58280563354492,21426800
2023-08-29,EEM,37.04834747314453,30243400
2023-08-30,EEM,36.927303314208984,16164200
2023-08-31,EEM,36.47106170654297,35424700
2023-09-01,EEM,36.89936828613281,26152300
2023-09-05,EEM,36.601417541503906,23571600
2023-09-06,EEM,36.39657974243164,29118500
2023-09-07,EEM,35.96827697753906,23907500
2023-09-08,EEM,36.04275894165039,15126500
2023-09-11,EEM,36.48968505859375,20748000
2023-09-12,EEM,36.37795639038086,26259600
2023-09-13,EEM,36.33140182495117,20707900
2023-09-14,EEM,36.573486328125,22611200
2023-09-15,EEM,36.4338264465332,32981700
2023-09-18,EEM,36.38727569580078,22967000
2023-09-19,EEM,36.17311096191406,17394800
2023-09-20,EEM,36.02413558959961,24521800
2023-09-21,EEM,35.400306701660156,33915600
2023-09-22,EEM,35.81930160522461,40006500
2023-09-25,EEM,35.6610107421875,29050100
2023-09-26,EEM,35.15822219848633,39426100
2023-09-27,EEM,35.21408462524414,27723500
2023-09-28,EEM,35.307193756103516,31425500
2023-09-29,EEM,35.33512878417969,41783600
2023-10-02,EEM,35.15822219848633,30529200
2023-10-03,EEM,34.69266891479492,52953900
2023-10-04,EEM,34.59025192260742,36174300
2023-10-05,EEM,34.72060775756836,27725900
2023-10-06,EEM,35.2234001159668,33737600
2023-10-09,EEM,35.0557975769043,21799900
2023-10-10,EEM,35.55859375,35189100
2023-10-11,EEM,35.78205871582031,24577700
2023-10-12,EEM,35.38167953491211,36022000
2023-10-13,EEM,35.25132751464844,26187900
2023-10-16,EEM,35.51204299926758,21117700
2023-10-17,EEM,35.41892623901367,24251700
2023-10-18,EEM,34.8788948059082,29849100
2023-10-19,EEM,34.67405319213867,28401800
2023-10-20,EEM,34.25505447387695,39070000
2023-10-23,EEM,34.22712326049805,34568600
2023-10-24,EEM,34.66473388671875,33962200
2023-10-25,EEM,34.20849609375,25267400
2023-10-26,EEM,34.0409049987793,28415700
2023-10-27,EEM,34.01296615600586,34216900
2023-10-30,EEM,34.36678695678711,30506700
2023-10-31,EEM,34.17125701904297,37734300
2023-11-01,EEM,34.487831115722656,27879300
2023-11-02,EEM,35.09304428100586,33661400
2023-11-03,EEM,35.80998611450195,41736500
2023-11-06,EEM,36.098628997802734,32347100
2023-11-07,EEM,36.033451080322266,18218400
2023-11-08,EEM,35.79136276245117,18963500
2023-11-09,EEM,35.4561767578125,25631100
2023-11-10,EEM,35.70756912231445,18540300
2023-11-13,EEM,35.6982536315918,23437400
2023-11-14,EEM,36.647972106933594,66042500
2023-11-15,EEM,36.95523452758789,43281700
2023-11-16,EEM,36.601417541503906,22868300
2023-11-17,EEM,36.647972106933594,28460900
2023-11-20,EEM,37.104209899902344,35801100
2023-11-21,EEM,36.87144088745117,20929700
2023-11-22,EEM,36.79694747924805,20006500
2023-11-24,EEM,36.815574645996094,11365000
2023-11-27,EEM,36.666595458984375,22925200
2023-11-28,EEM,36.97385787963867,35006700
2023-11-29,EEM,36.759708404541016,26049200
2023-11-30,EEM,36.834190368652344,30482700
2023-12-01,EEM,36.99248123168945,27140200
2023-12-04,EEM,36.573486328125,28074900
2023-12-05,EEM,36.35001754760742,25462300
2023-12-06,EEM,36.303470611572266,23069000
2023-12-07,EEM,36.480377197265625,19735000
2023-12-08,EEM,36.32209396362305,25195400
2023-12-11,EEM,36.53624725341797,20426400
2023-12-12,EEM,36.545555114746094,20278300
2023-12-13,EEM,36.90868377685547,42607800
2023-12-14,EEM,37.4487190246582,51998900
2023-12-15,EEM,37.22525405883789,37110300
2023-12-18,EEM,37.20663070678711,37419400
2023-12-19,EEM,37.5232048034668,33688600
2023-12-20,EEM,36.84772491455078,44766600
2023-12-21,EEM,37.540279388427734,33402800
2023-12-22,EEM,37.36002731323242,17082900
2023-12-26,EEM,37.65412521362305,16173200
2023-12-27,EEM,37.87232971191406,30120600
2023-12-28,EEM,38.16642761230469,36660400
2023-12-29,EEM,38.14745330810547,48758200
2024-01-02,EEM,37.701568603515625,20839200
2024-01-03,EEM,37.49284362792969,32220700
2024-01-04,EEM,37.3695182800293,20922700
2024-01-05,EEM,37.41694641113281,21875600
2024-01-08,EEM,37.52130889892578,16208600
2024-01-09,EEM,36.99003601074219,31344300
2024-01-10,EEM,36.90464401245117,20149400
2024-01-11,EEM,37.05644607543945,24682100
2024-01-12,EEM,37.18926239013672,21605800
2024-01-16,EEM,36.28799057006836,44484400
2024-01-17,EEM,35.74722671508789,50591600
2024-01-18,EEM,36.041324615478516,31884600
2024-01-19,EEM,36.42081069946289,31372000
2024-01-22,EEM,36.098243713378906,25753700
2024-01-23,EEM,36.411319732666016,34710400
2024-01-24,EEM,36.81926727294922,38215800
2024-01-25,EEM,36.86669921875,23157000
2024-01-26,EEM,36.89516067504883,21031500
2024-01-29,EEM,36.91413497924805,24133600
2024-01-30,EEM,36.62003707885742,22928200
2024-01-31,EEM,36.42081069946289,37689700
2024-02-01,EEM,36.771827697753906,22048300
2024-02-02,EEM,36.66747283935547,29803500
2024-02-05,EEM,36.714908599853516,26934900
2024-02-06,EEM,37.549766540527344,41288400
2024-02-07,EEM,37.597198486328125,22270000
2024-02-08,EEM,37.38848876953125,23485800
2024-02-09,EEM,37.549766540527344,22416400
2024-02-12,EEM,37.84386444091797,33026500
2024-02-13,EEM,37.1323356628418,42252400
2024-02-14,EEM,37.663612365722656,28923100
2024-02-15,EEM,37.84386444091797,27273300
2024-02-16,EEM,38.02412033081055,36729000
2024-02-20,EEM,38.0810432434082,32493800
2024-02-21,EEM,38.14745330810547,29069400
2024-02-22,EEM,38.53641891479492,32548100
2024-02-23,EEM,38.51744842529297,37973600
2024-02-26,EEM,38.3466796875,23804700
2024-02-27,EEM,38.422576904296875,21206300
2024-02-28,EEM,37.91976547241211,31288900
2024-02-29,EEM,37.93873977661133,43973800
2024-03-01,EEM,38.403602600097656,35477300
2024-03-04,EEM,38.31822204589844,38144500
2024-03-05,EEM,37.976680755615234,32915100
2024-03-06,EEM,38.526939392089844,45875000
2024-03-07,EEM,38.76411437988281,26916100
2024-03-08,EEM,38.72616195678711,30341400
2024-03-11,EEM,38.811546325683594,22761600
2024-03-12,EEM,39.23846435546875,37392400
2024-03-13,EEM,39.115135192871094,25742900
2024-03-14,EEM,38.9159049987793,31566200
2024-03-15,EEM,38.67872619628906,32816600
2024-03-18,EEM,38.74513626098633,23107900
2024-03-19,EEM,38.555397033691406,23851800
2024-03-20,EEM,38.99180221557617,32308000
2024-03-21,EEM,39.03923797607422,27655700
2024-03-22,EEM,38.76411437988281,30355600
2024-03-25,EEM,38.792572021484375,12894800
2024-03-26,EEM,38.76411437988281,15363300
2024-03-27,EEM,38.83052062988281,21819500
2024-03-28,EEM,38.97282791137695,28296300
2024-04-01,EEM,39.03923797607422,20857100
2024-04-02,EEM,39.162567138671875,22346100
2024-04-03,EEM,39.19103240966797,33272500
2024-04-04,EEM,39.04872512817383,33317700
2024-04-05,EEM,39.13410568237305,31564000
2024-04-08,EEM,39.3902587890625,18452500
2024-04-09,EEM,39.6558952331543,23963700
2024-04-10,EEM,39.115135192871094,37281800
2024-04-11,EEM,39.35231018066406,23648600
2024-04-12,EEM,38.4510383605957,50234600
2024-04-15,EEM,38.204376220703125,31290100
2024-04-16,EEM,37.701568603515625,43707900
2024-04-17,EEM,37.67310333251953,26019400
2024-04-18,EEM,37.82489013671875,20581900
2024-04-19,EEM,37.67310333251953,29537400
2024-04-22,EEM,38.0810432434082,25738800
2024-04-23,EEM,38.39412307739258,21907100
2024-04-24,EEM,38.526939392089844,18118100
2024-04-25,EEM,38.61231994628906,21962500
2024-04-26,EEM,39.05821228027344,24407700
2024-04-29,EEM,39.43769073486328,31041200
2024-04-30,EEM,38.887447357177734,32748700
2024-05-01,EEM,38.92538833618164,34489500
2024-05-02,EEM,39.9310188293457,48855700
2024-05-03,EEM,40.29153060913086,31815100
2024-05-06,EEM,40.3294792175293,19706300
2024-05-07,EEM,40.10178756713867,21316800
2024-05-08,EEM,40.111270904541016,18933700
2024-05-09,EEM,40.23460388183594,22204400
2024-05-10,EEM,40.31998825073242,28056400
2024-05-13,EEM,40.623573303222656,22233800
2024-05-14,EEM,40.84177780151367,24295800
2024-05-15,EEM,41.27817916870117,30011900
2024-05-16,EEM,41.363563537597656,27395100
2024-05-17,EEM,41.54381561279297,30865100
2024-05-20,EEM,41.39202880859375,24234000
2024-05-21,EEM,41.13587951660156,18470000
2024-05-22,EEM,41.00305938720703,23030800
2024-05-23,EEM,40.6994743347168,28607000
2024-05-24,EEM,40.81331253051758,20986300
2024-05-28,EEM,40.75638961791992,21179400
2024-05-29,EEM,40.14922332763672,30803500
2024-05-30,EEM,40.035377502441406,20741500
2024-05-31,EEM,39.64641571044922,49609100
2024-06-03,EEM,40.06383514404297,33839300
2024-06-04,EEM,39.50410079956055,38401100
2024-06-05,EEM,40.13973617553711,28092300
2024-06-06,EEM,40.338966369628906,26450400
2024-06-07,EEM,39.88358688354492,37626400
2024-06-10,EEM,40.120758056640625,30846300
2024-06-11,EEM,39.98702621459961,35763000
2024-06-12,EEM,40.38823318481445,34679600
2024-06-13,EEM,40.29270553588867,21553600
2024-06-14,EEM,40.34046936035156,18813600
2024-06-17,EEM,40.598384857177734,21037700
2024-06-18,EEM,40.97093963623047,35675300
2024-06-20,EEM,40.90407180786133,43438100
2024-06-21,EEM,40.760780334472656,20232900
2024-06-24,EEM,40.760780334472656,19840000
2024-06-25,EEM,40.66525650024414,25337500
2024-06-26,EEM,40.579280853271484,18961900
2024-06-27,EEM,40.607940673828125,24041500
2024-06-28,EEM,40.684356689453125,22614500
2024-07-01,EEM,40.779884338378906,18805300
2024-07-02,EEM,40.90407180786133,21593200
2024-07-03,EEM,41.50587844848633,27233300
2024-07-05,EEM,41.677825927734375,21337800
2024-07-08,EEM,41.687381744384766,18685200
2024-07-09,EEM,41.85932540893555,19364300
2024-07-10,EEM,42.098140716552734,15332700
2024-07-11,EEM,42.34651184082031,35650400
2024-07-12,EEM,42.51845169067383,24799300
2024-07-15,EEM,42.06948471069336,24174900
2024-07-16,EEM,42.30829620361328,19234300
2024-07-17,EEM,41.620513916015625,42630900
2024-07-18,EEM,41.22885513305664,42400100
2024-07-19,EEM,40.82765197753906,34590700
2024-07-22,EEM,41.17154312133789,17057500
2024-07-23,EEM,40.80854797363281,22891900
2024-07-24,EEM,40.216285705566406,28113700
2024-07-25,EEM,40.053890228271484,27940500
2024-07-26,EEM,40.46464920043945,21393700
2024-07-29,EEM,40.33091735839844,14299200
2024-07-30,EEM,40.1494140625,19193600
2024-07-31,EEM,41.02825164794922,38600400
2024-08-01,EEM,40.31180953979492,35497100
2024-08-02,EEM,39.7386589050293,36857000
2024-08-05,EEM,38.611454010009766,60439500
2024-08-06,EEM,38.8311653137207,32540200
2024-08-07,EEM,39.06998062133789,36654400
2024-08-08,EEM,39.958370208740234,30021900
2024-08-09,EEM,40.17808151245117,21142800
2024-08-12,EEM,40.31180953979492,15042300
2024-08-13,EEM,40.760780334472656,21073600
2024-08-14,EEM,40.541072845458984,17537100
2024-08-15,EEM,40.99004364013672,26914000
2024-08-16,EEM,41.46767044067383,31457900
2024-08-19,EEM,41.8688850402832,26716600
2024-08-20,EEM,41.54409408569336,19230800
2024-08-21,EEM,41.706485748291016,14644400
2024-08-22,EEM,41.190643310546875,22515000
2024-08-23,EEM,41.87843322753906,27848700
2024-08-26,EEM,41.524986267089844,18429300
2024-08-27,EEM,41.58230209350586,14424700
2024-08-28,EEM,41.32438278198242,15443000
2024-08-29,EEM,41.34348678588867,15497600
2024-08-30,EEM,41.42945861816406,29450400
2024-09-03,EEM,40.607940673828125,35293700
2024-09-04,EEM,40.598384857177734,24895900
2024-09-05,EEM,40.65570831298828,22513900
2024-09-06,EEM,39.91060256958008,32436800
2024-09-09,EEM,40.24494552612305,19917400
2024-09-10,EEM,40.092105865478516,19700400
2024-09-11,EEM,40.38823318481445,26253300
2024-09-12,EEM,40.722572326660156,19993200
2024-09-13,EEM,40.91362380981445,16882300
2024-09-16,EEM,41.047359466552734,14733000
2024-09-17,EEM,41.09511947631836,20623700
2024-09-18,EEM,40.95183181762695,26010500
2024-09-19,EEM,41.82111358642578,41025500
2024-09-20,EEM,41.735145568847656,33038100
2024-09-23,EEM,42.05992889404297,24891700
2024-09-24,EEM,43.49281692504883,64472700
2024-09-25,EEM,43.0342903137207,41967800
2024-09-26,EEM,44.61046600341797,80876300
2024-09-27,EEM,44.52449417114258,51540100
2024-09-30,EEM,43.808048248291016,61400400
2024-10-01,EEM,44.12328338623047,38648900
2024-10-02,EEM,44.9925651550293,55790400
2024-10-03,EEM,44.45762634277344,31198300
2024-10-04,EEM,44.86838150024414,29476800
2024-10-07,EEM,45.24093246459961,42198000
2024-10-08,EEM,44.12328338623047,47817300
2024-10-09,EEM,43.88447189331055,35395800
2024-10-10,EEM,43.97043991088867,18052400
2024-10-11,EEM,44.285675048828125,28389200
2024-10-14,EEM,44.10417175292969,20415200
2024-10-15,EEM,43.168025970458984,31270700
2024-10-16,EEM,43.50236892700195,25111200
2024-10-17,EEM,43.43550109863281,36885700
2024-10-18,EEM,43.865360260009766,30391600
2024-10-21,EEM,43.55968475341797,19614900
2024-10-22,EEM,43.46415710449219,19243400
2024-10-23,EEM,43.206233978271484,19822000
2024-10-24,EEM,43.13936996459961,16257100
2024-10-25,EEM,43.101158142089844,21428500
2024-10-28,EEM,43.29220962524414,15169300
2024-10-29,EEM,43.15847396850586,15439300
2024-10-30,EEM,42.738162994384766,24149900
2024-10-31,EEM,42.46113586425781,43988700
2024-11-01,EEM,42.499351501464844,17525900
2024-11-04,EEM,42.738162994384766,24674200
2024-11-05,EEM,43.32086944580078,21398300
2024-11-06,EEM,42.78592300415039,37143300
2024-11-07,EEM,43.73162841796875,39247600
2024-11-08,EEM,42.65218734741211,44833800
2024-11-11,EEM,42.32740020751953,21342300
2024-11-12,EEM,41.524986267089844,33946300
2024-11-13,EEM,41.257511138916016,26586800
2024-11-14,EEM,41.02825164794922,34443200
2024-11-15,EEM,41.02825164794922,29127800
2024-11-18,EEM,41.49633026123047,27765000
2024-11-19,EEM,41.46767044067383,16624500
2024-11-20,EEM,41.4199104309082,18358000
2024-11-21,EEM,41.33393478393555,16086900
2024-11-22,EEM,41.34348678588867,14104100
2024-11-25,EEM,41.37214660644531,18855100
2024-11-26,EEM,41.200199127197266,19119700
2024-11-27,EEM,41.257511138916016,17922000
2024-11-29,EEM,41.32438278198242,17372200
2024-12-02,EEM,41.486778259277344,16508700
2024-12-03,EEM,41.57274627685547,49462500
2024-12-04,EEM,41.677825927734375,21339100
2024-12-05,EEM,41.95484924316406,23736100
2024-12-06,EEM,41.88798141479492,13142400
2024-12-09,EEM,42.74771499633789,34841300
2024-12-10,EEM,42.05992889404297,26979800
2024-12-11,EEM,42.231876373291016,20405600
2024-12-12,EEM,42.02172088623047,17662900
2024-12-13,EEM,42.05992889404297,19381200
2024-12-16,EEM,41.830665588378906,32259800
2024-12-17,EEM,41.73061752319336,30224000
2024-12-18,EEM,40.75923156738281,33249500
2024-12-19,EEM,40.895225524902344,31146900
2024-12-20,EEM,41.060359954833984,25512200
2024-12-23,EEM,41.293495178222656,17955400
2024-12-24,EEM,41.41977310180664,7066800
2024-12-26,EEM,41.274070739746094,16152200
2024-12-27,EEM,41.08950424194336,22672400
2024-12-30,EEM,40.75923156738281,25055000
2024-12-31,EEM,40.62323760986328,40524000
2025-01-02,EEM,40.56495666503906,25287200
2025-01-03,EEM,40.94379806518555,17706000
2025-01-06,EEM,41.08950424194336,26200900
2025-01-07,EEM,40.79808807373047,30912500
2025-01-08,EEM,40.60380935668945,20257500
2025-01-10,EEM,39.914127349853516,42204300
2025-01-13,EEM,39.64214324951172,28154900
2025-01-14,EEM,40.08898162841797,23438600
2025-01-15,EEM,40.613529205322266,22557000
2025-01-16,EEM,40.56495666503906,17711400
2025-01-17,EEM,40.88551330566406,30692300
2025-01-21,EEM,41.322635650634766,16728200
2025-01-22,EEM,41.351776123046875,16894600
2025-01-23,EEM,41.44891357421875,15212800
2025-01-24,EEM,41.72090148925781,20962800
2025-01-27,EEM,40.96322250366211,25964200
2025-01-28,EEM,41.26435089111328,22438200
2025-01-29,EEM,41.274070739746094,24922400
2025-01-30,EEM,41.97346115112305,30450300
2025-01-31,EEM,41.49748992919922,29974700
2025-02-03,EEM,41.196353912353516,37505700
2025-02-04,EEM,41.934608459472656,26992900
2025-02-05,EEM,41.8277587890625,21829200
2025-02-06,EEM,42.00260925292969,19365700
2025-02-07,EEM,41.963748931884766,32804300
2025-02-10,EEM,42.46886444091797,19596700
2025-02-11,EEM,42.303733825683594,19596800
2025-02-12,EEM,42.536861419677734,19986000
2025-02-13,EEM,42.80885314941406,22841000
2025-02-14,EEM,43.139122009277344,24329400
2025-02-18,EEM,43.411109924316406,23037100
2025-02-19,EEM,43.34311294555664,20275200
2025-02-20,EEM,43.74138259887695,29210500
2025-02-21,EEM,43.61509704589844,33974700
2025-02-24,EEM,42.944847106933594,38307000
2025-02-25,EEM,42.9739875793457,19955500
2025-02-26,EEM,43.401397705078125,25171000
2025-02-27,EEM,42.55629348754883,30518900
2025-02-28,EEM,41.97346115112305,52402300
2025-03-03,EEM,41.604339599609375,45587700
2025-03-04,EEM,41.95403289794922,30082400
2025-03-05,EEM,43.20711898803711,47763400
2025-03-06,EEM,42.93513107299805,33544500
2025-03-07,EEM,43.14883804321289,23474500
2025-03-10,EEM,42.119171142578125,29502500
2025-03-11,EEM,42.46886444091797,21184100
2025-03-12,EEM,42.70199966430664,17731600
2025-03-13,EEM,42.52714920043945,17870100
2025-03-14,EEM,43.30426025390625,21858400
2025-03-17,EEM,44.042510986328125,37712400
2025-03-18,EEM,43.819087982177734,19974200
2025-03-19,EEM,43.92594528198242,31657500
2025-03-20,EEM,43.51796340942383,25180900
2025-03-21,EEM,43.30426025390625,19403800
2025-03-24,EEM,43.498531341552734,20479000
2025-03-25,EEM,43.37225341796875,29535900
2025-03-26,EEM,43.10997772216797,22002200
2025-03-27,EEM,43.32368469238281,15749100
2025-03-28,EEM,42.51743698120117,27866500
2025-03-31,EEM,42.449440002441406,25638300
2025-04-01,EEM,42.58543395996094,21530300
2025-04-02,EEM,42.64371871948242,18068100
2025-04-03,EEM,41.74032974243164,26997500
2025-04-04,EEM,39.41872787475586,75853000
2025-04-07,EEM,37.951934814453125,87724900
2025-04-08,EEM,37.41767883300781,57879100
2025-04-09,EEM,40.011268615722656,71100600
2025-04-10,EEM,39.32158279418945,44475900
2025-04-11,EEM,40.555240631103516,43956500
2025-04-14,EEM,40.92436981201172,22549600
2025-04-15,EEM,40.88551330566406,18077500
2025-04-16,EEM,40.40953826904297,19984700
2025-04-17,EEM,40.72037887573242,23264400
2025-04-21,EEM,40.710662841796875,16440700
2025-04-22,EEM,41.322635650634766,25716100
2025-04-23,EEM,41.798614501953125,24787400
2025-04-24,EEM,42.284305572509766,28843500
2025-04-25,EEM,42.20659255981445,18363700
2025-04-28,EEM,42.284305572509766,11002200
2025-04-29,EEM,42.40087127685547,12809100
2025-04-30,EEM,42.50772476196289,20928800
2025-05-01,EEM,42.498008728027344,14740500
2025-05-02,EEM,43.71223831176758,33945900
2025-05-05,EEM,44.042510986328125,22661100
2025-05-06,EEM,43.86766052246094,17418700
2025-05-07,EEM,43.3625373840332,23390500
2025-05-08,EEM,43.33340072631836,17573700
2025-05-09,EEM,43.624813079833984,16091100
2025-05-12,EEM,44.56705856323242,26843500
2025-05-13,EEM,44.6447639465332,23970300
2025-05-14,EEM,44.98474884033203,22561700
2025-05-15,EEM,44.9653205871582,21682500
2025-05-16,EEM,44.93617630004883,23296900
2025-05-19,EEM,45.03331756591797,16823000
2025-05-20,EEM,44.98474884033203,20233700
2025-05-21,EEM,44.86818313598633,25570400
2025-05-22,EEM,44.722476959228516,16773000
2025-05-23,EEM,44.907039642333984,22018900
2025-05-27,EEM,44.80018615722656,26278900
2025-05-28,EEM,44.596195220947266,26970500
2025-05-29,EEM,44.76133346557617,24291700
2025-05-30,EEM,44.21735763549805,42291600
2025-06-02,EEM,44.53791427612305,20576500
2025-06-03,EEM,44.6447639465332,20943400
2025-06-04,EEM,45.198455810546875,26497800
2025-06-05,EEM,45.43158721923828,26292800
2025-06-06,EEM,45.57728958129883,16629900
2025-06-09,EEM,45.96584701538086,22715200
2025-06-10,EEM,46.22812271118164,26583600
2025-06-11,EEM,46.42239761352539,28230800
2025-06-12,EEM,46.50010299682617,19734400
2025-06-13,EEM,45.76185607910156,35198100
2025-06-16,EEM,46.32286834716797,26995900
2025-06-17,EEM,45.714778900146484,35176900
2025-06-18,EEM,45.7049674987793,26286900
2025-06-20,EEM,45.44015884399414,32783300
2025-06-23,EEM,45.81285858154297,22233200
2025-06-24,EEM,46.99961853027344,36113900
2025-06-25,EEM,47.03884506225586,23739200
2025-06-26,EEM,47.35270309448242,21962200
2025-06-27,EEM,47.166351318359375,37593400
2025-06-30,EEM,47.313472747802734,32966300
2025-07-01,EEM,47.4017448425293,25393000
2025-07-02,EEM,47.60770797729492,23950600
2025-07-03,EEM,47.823482513427734,20080100
2025-07-07,EEM,47.14673614501953,24462300
2025-07-08,EEM,47.440975189208984,16316900
2025-07-09,EEM,47.362510681152344,14846200
2025-07-10,EEM,47.490013122558594,21892100
2025-07-11,EEM,47.33308792114258,27338400
2025-07-14,EEM,47.4017448425293,16882100
2025-07-15,EEM,47.745018005371094,24890500
2025-07-16,EEM,47.970603942871094,32620000
2025-07-17,EEM,48.24522399902344,22323900
2025-07-18,EEM,48.13733673095703,23408000
2025-07-21,EEM,48.451194763183594,16861700
2025-07-22,EEM,48.48061752319336,22316500
2025-07-23,EEM,48.971012115478516,23744600
2025-07-24,EEM,48.70619583129883,18948000
2025-07-25,EEM,48.55907440185547,15605000
2025-07-28,EEM,48.23542022705078,27703400
2025-07-29,EEM,48.255035400390625,24742400
2025-07-30,EEM,47.90195083618164,37855400
2025-07-31,EEM,47.62732696533203,30587100
2025-08-01,EEM,47.27423858642578,27234300
2025-08-04,EEM,47.7646369934082,32920400
2025-08-05,EEM,47.90195083618164,18709100
2025-08-06,EEM,48.12752914428711,17094000
2025-08-07,EEM,48.52965545654297,23378900
2025-08-08,EEM,48.490421295166016,16926700
2025-08-11,EEM,48.353111267089844,15176100
2025-08-12,EEM,48.94158935546875,22908400
2025-08-13,EEM,49.53006362915039,28585500
2025-08-14,EEM,48.921974182128906,28016600
2025-08-15,EEM,48.98081970214844,24042600
2025-08-18,EEM,49.2652473449707,19212500
2025-08-19,EEM,48.86312484741211,17226800
2025-08-20,EEM,48.79446792602539,20299200
2025-08-21,EEM,48.686580657958984,14428500
2025-08-22,EEM,49.65756607055664,31264200
2025-08-25,EEM,49.37313461303711,23701400
2025-08-26,EEM,49.245635986328125,25684000
2025-08-27,EEM,48.95139694213867,31452900
2025-08-28,EEM,49.13774871826172,21353800
2025-08-29,EEM,48.90235900878906,24867400
2025-09-02,EEM,48.86312484741211,24343900
2025-09-03,EEM,49.049476623535156,29035600
2025-09-04,EEM,48.892547607421875,14791900
2025-09-05,EEM,49.48102569580078,24805800
2025-09-08,EEM,49.93218994140625,23345100
2025-09-09,EEM,50.206809997558594,23818600
2025-09-10,EEM,50.55009078979492,27152000
2025-09-11,EEM,51.28568649291992,38948300
2025-09-12,EEM,51.25625991821289,17773100
2025-09-15,EEM,51.628963470458984,22076400
2025-09-16,EEM,52.011470794677734,28614400
2025-09-17,EEM,52.23705291748047,53353400
2025-09-18,EEM,52.10955047607422,30544400
2025-09-19,EEM,51.991851806640625,37385100
2025-09-22,EEM,52.246864318847656,18357700
2025-09-23,EEM,52.276283264160156,21298600
2025-09-24,EEM,52.0997428894043,24947100
2025-09-25,EEM,51.79569625854492,27611900
2025-09-26,EEM,51.69761657714844,22608400
2025-09-29,EEM,52.16839599609375,26754400
2025-09-30,EEM,52.374366760253906,25165300
2025-10-01,EEM,52.78629684448242,29971300
2025-10-02,EEM,53.031494140625,27872000
2025-10-03,EEM,53.18842315673828,21836000
2025-10-06,EEM,53.433624267578125,17890500
2025-10-07,EEM,53.021690368652344,18605600
2025-10-08,EEM,53.44343185424805,15391200
2025-10-09,EEM,52.89418411254883,24685200
2025-10-10,EEM,50.942405700683594,67908200
2025-10-13,EEM,52.42340850830078,34717200
2025-10-14,EEM,51.9526252746582,36062800
2025-10-15,EEM,52.80591583251953,31145700
2025-10-16,EEM,53.149192810058594,29782000
2025-10-17,EEM,53.13938522338867,24373600
2025-10-20,EEM,53.865169525146484,29450600
2025-10-21,EEM,53.26688766479492,27091800
2025-10-22,EEM,53.21784591674805,23595100
2025-10-23,EEM,53.688629150390625,19655800
2025-10-24,EEM,54.04171371459961,19506300
2025-10-27,EEM,54.63999557495117,24016300
2025-10-28,EEM,54.62038040161133,25911500
2025-10-29,EEM,54.934234619140625,32924600
2025-10-30,EEM,54.36537551879883,22532800
2025-10-31,EEM,54.23787307739258,29316400
2025-11-03,EEM,54.581153869628906,18735900
2025-11-04,EEM,53.58074188232422,25655800
2025-11-05,EEM,54.06132888793945,22362000
2025-11-06,EEM,53.65920639038086,24880700
2025-11-07,EEM,53.50227737426758,32432300
2025-11-10,EEM,54.4438362121582,27712200
2025-11-11,EEM,54.502685546875,22791800
2025-11-12,EEM,54.51249313354492,24137600
2025-11-13,EEM,53.87498092651367,29877500
2025-11-14,EEM,53.90440368652344,27660000
2025-11-17,EEM,53.26688766479492,24765100
2025-11-18,EEM,53.0020751953125,29360300
2025-11-19,EEM,52.81571960449219,20897700
2025-11-20,EEM,52.08993911743164,32026400
2025-11-21,EEM,52.08012390136719,40328800
2025-11-24,EEM,52.629371643066406,33650600
2025-11-25,EEM,52.81571960449219,25248200
2025-11-26,EEM,53.19823455810547,22161600
2025-11-28,EEM,53.27669143676758,15057500
2025-12-01,EEM,53.237464904785156,17854000
2025-12-02,EEM,53.257080078125,22523100
2025-12-03,EEM,53.29631042480469,16750200
2025-12-04,EEM,53.28650665283203,14443500
2025-12-05,EEM,53.688629150390625,20114400
2025-12-08,EEM,53.5709342956543,29055600
2025-12-09,EEM,53.482662200927734,17789200
2025-12-10,EEM,54.0809440612793,35022900
2025-12-11,EEM,53.8259391784668,22013500
2025-12-12,EEM,53.19823455810547,30590000
2025-12-15,EEM,53.04130935668945,29137000
2025-12-16,EEM,52.70604705810547,38180700
2025-12-17,EEM,52.32801055908203,35740800
2025-12-18,EEM,52.92491149902344,29985700
2025-12-19,EEM,53.442222595214844,28831700
2025-12-22,EEM,53.73072052001953,21645200
2025-12-23,EEM,54.029170989990234,25319700
2025-12-24,EEM,54.13859939575195,9565300
2025-12-26,EEM,54.51663589477539,11352000
2025-12-29,EEM,54.37736129760742,18816700
2025-12-30,EEM,54.596221923828125,24643000
2025-12-31,EEM,54.427101135253906,20000900
2026-01-02,EEM,55.94919204711914,38255900
2026-01-05,EEM,56.565982818603516,37082500
2026-01-06,EEM,56.98381042480469,29801700
2026-01-07,EEM,56.556034088134766,26931300
2026-01-08,EEM,56.575931549072266,27719800
2026-01-09,EEM,56.84453582763672,31540700
2026-01-12,EEM,57.64039611816406,47304300
2026-01-13,EEM,57.21261978149414,34414900
2026-01-14,EEM,57.45138168334961,45156200
2026-01-15,EEM,57.78962326049805,60438100
2026-01-16,EEM,57.57075881958008,30624000
2026-01-20,EEM,57.01365661621094,37026900
2026-01-21,EEM,57.958744049072266,44193800
2026-01-22,EEM,58.39646911621094,33731400
2026-01-23,EEM,58.764556884765625,31584700
2026-01-26,EEM,58.864036560058594,37945000
2026-01-27,EEM,60.02798843383789,62222300
2026-01-28,EEM,60.43586730957031,52067700
2026-01-29,EEM,60.127471923828125,70851900
2026-01-30,EEM,58.79439926147461,73861200
2026-02-02,EEM,58.97346878051758,44512300
2026-02-03,EEM,59.291812896728516,41132300
2026-02-04,EEM,58.49595260620117,50852400
2026-02-05,EEM,58.22734832763672,50880900
2026-02-06,EEM,59.75938415527344,37534800
2026-02-09,EEM,60.19710922241211,35324300
2026-02-10,EEM,60.286643981933594,32247100
2026-02-11,EEM,61.24168014526367,38158900
2026-02-12,EEM,60.5452995300293,48070600
2026-02-13,EEM,60.803955078125,40091300
2026-02-17,EEM,60.55524826049805,38127200
2026-02-18,EEM,60.873592376708984,29966900
2026-02-19,EEM,60.724369049072266,38043800
2026-02-20,EEM,62.01764678955078,56421600
2026-02-23,EEM,61.331214904785156,36573400
2026-02-24,EEM,62.296199798583984,44407300
2026-02-25,EEM,62.98263168334961,42201200
2026-02-26,EEM,62.38573455810547,52083200
2026-02-27,EEM,62.25640869140625,34830100
2026-03-02,EEM,61.18199157714844,46879900
2026-03-03,EEM,58.117916107177734,99942900
2026-03-04,EEM,58.744659423828125,74073300
2026-03-05,EEM,57.33200454711914,81396900
2026-03-06,EEM,57.02360534667969,55731800
2026-03-09,EEM,58.147762298583984,65072500
2026-03-10,EEM,58.37657165527344,56415100
2026-03-11,EEM,58.52579879760742,35658200
2026-03-12,EEM,56.655517578125,53035000
2026-03-13,EEM,56.50629425048828,47897100
2026-03-16,EEM,58.078125,36204900
2026-03-17,EEM,58.44620895385742,24929100
2026-03-18,EEM,57.262367248535156,37207400
2026-03-19,EEM,57.322052001953125,50957600
2026-03-20,EEM,55.352291107177734,78534200
2026-03-23,EEM,57.01365661621094,61193400
2026-03-24,EEM,56.22774124145508,37191900
2026-03-25,EEM,57.123085021972656,36444000
2026-03-26,EEM,55.18317413330078,42794900
2026-03-27,EEM,54.91456985473633,38596100
2026-03-30,EEM,54.466896057128906,32281500
2026-03-31,EEM,56.49634552001953,64809400
2026-04-01,EEM,56.9340705871582,51176300
2026-04-02,EEM,56.29737854003906,33449800
2026-04-06,EEM,56.814693450927734,19981700
2026-04-07,EEM,57.01365661621094,28112800
2026-04-08,EEM,60.127471923828125,50444800
2026-04-09,EEM,59.968299865722656,35719500
2026-04-10,EEM,60.24685287475586,20508400
2026-04-13,EEM,60.754215240478516,24457400
2026-04-14,EEM,61.91816711425781,23734200
2026-04-15,EEM,61.87837219238281,26278700
2026-04-16,EEM,62.127079010009766,32327600
2026-04-17,EEM,63.3109245300293,46228600
2026-04-20,EEM,62.85330581665039,20045600
2026-04-21,EEM,61.9281120300293,25552600
2026-04-22,EEM,63.052268981933594,19635300
2026-04-23,EEM,62.02759552001953,33271500
2026-04-24,EEM,63.41040802001953,26360600
2026-04-27,EEM,63.3109245300293,14689400
2026-04-28,EEM,62.66428756713867,20628900
2026-04-29,EEM,62.36583709716797,21066100
2026-04-30,EEM,63.65911865234375,32197000
2026-05-01,EEM,63.79838943481445,22489200
2026-05-04,EEM,63.7685432434082,19751800
2026-05-05,EEM,65.06182861328125,18701000
2026-05-06,EEM,67.1410140991211,35376400
2026-05-07,EEM,66.24566650390625,34734700
2026-05-08,EEM,67.58869171142578,27606300
2026-05-11,EEM,67.53894805908203,14667100
2026-05-12,EEM,65.47965240478516,37773400
2026-05-13,EEM,66.86246490478516,26065400
2026-05-14,EEM,67.03158569335938,21184400
2026-05-15,EEM,64.73352813720703,34830900
2026-05-18,EEM,64.63404846191406,37739800
2026-05-19,EEM,63.9277229309082,37009400
2026-05-20,EEM,65.12151336669922,32484700
2026-05-21,EEM,65.68856811523438,28726400
2026-05-22,EEM,65.53933715820312,30851000
2026-05-26,EEM,68.04631042480469,25457000
2026-05-27,EEM,68.03636169433594,31991500
2026-05-28,EEM,68.2552261352539,33058600
2026-05-29,EEM,68.24527740478516,32143100
2026-06-01,EEM,69.7176284790039,31731100
2026-06-02,EEM,70.43390655517578,16577400
2026-06-03,EEM,69.5584487915039,22147100
2026-06-04,EEM,68.74269104003906,21260300
2026-06-05,EEM,64.25601196289062,56184500
2026-06-08,EEM,65.4100112915039,29088400
2026-06-09,EEM,65.47965240478516,42106700
2026-06-10,EEM,64.32565307617188,37541900
2026-06-11,EEM,67.15096282958984,41505700
2026-06-12,EEM,67.52899932861328,39782800
2026-06-15,EEM,69.75,37751500
2026-06-16,EEM,68.63999938964844,31283500
2026-06-17,EEM,68.55999755859375,36131300
2026-06-18,EEM,70.79000091552734,49998100
2026-06-22,EEM,71.20999908447266,25302200
2026-06-23,EEM,67.16999816894531,39069000
2026-06-24,EEM,67.25,22973300
2026-06-25,EEM,67.95999908447266,24474400
2026-06-26,EEM,67.19000244140625,24158700
2026-06-29,EEM,67.43000030517578,18609700
2026-06-30,EEM,68.41000366210938,20384300
2026-07-01,EEM,66.4800033569336,28146700
2026-07-02,EEM,65.69999694824219,34258700
2026-07-06,EEM,67.56999969482422,24039300
2026-07-07,EEM,65.72000122070312,26285100
2026-07-08,EEM,66.2300033569336,20723500
2026-07-09,EEM,66.77999877929688,19566800
2026-07-10,EEM,66.9000015258789,18694800
2026-07-13,EEM,64.5,25474800
2026-07-14,EEM,65.66999816894531,18557800
2026-07-15,EEM,65.56999969482422,30073900
2026-07-16,EEM,64.19000244140625,21565700
2026-07-17,EEM,63.290000915527344,35145100
2026-07-20,EEM,63.560001373291016,19269600
2026-07-21,EEM,65.33999633789062,20839300
2026-07-22,EEM,64.98999786376953,13399800
2026-07-23,EEM,64.5999984741211,13003300
2026-07-24,EEM,63.33000183105469,20525600
2026-07-27,EEM,63.619998931884766,23439900
2026-07-28,EEM,62.36000061035156,28991800
2026-07-29,EEM,61.06999969482422,32436600
2026-07-30,EEM,63.59000015258789,42233300
2026-07-31,EEM,64.08999633789062,31148600
2026-08-03,EEM,64.31999969482422,21829600
2026-08-04,EEM,66.0,25811400
2026-08-05,EEM,65.72000122070312,21452700
2026-08-06,EEM,65.0199966430664,20782000
2026-08-07,EEM,65.63999938964844,21462100
2026-08-10,EEM,65.16999816894531,19094800
2026-08-11,EEM,65.43000030517578,9763400
2026-08-12,EEM,66.45999908447266,20256500
2026-08-13,EEM,66.68000030517578,14548800
2026-08-14,EEM,66.61000061035156,11964600
2026-08-17,EEM,67.31999969482422,17036900
2026-08-18,EEM,65.33999633789062,24782800
2026-08-19,EEM,66.11000061035156,16168600
2026-08-20,EEM,66.62000274658203,16821800
2026-08-21,EEM,67.12000274658203,18381100
2026-08-24,EEM,66.11000061035156,16073600
2026-08-25,EEM,67.25,16396000
2026-08-26,EEM,67.16999816894531,14914300
2016-01-04,EFA,42.19697952270508,34260200
2016-01-05,EFA,42.13130569458008,23891500
2016-01-06,EFA,41.437992095947266,22412600
2016-01-07,EFA,40.57682418823242,37579400
2016-01-08,EFA,40.087867736816406,31301100
2016-01-11,EFA,40.2557258605957,33017900
2016-01-12,EFA,40.445472717285156,29930200
2016-01-13,EFA,39.817840576171875,33481800
2016-01-14,EFA,40.32869338989258,35140200
2016-01-15,EFA,38.869102478027344,60554300
2016-01-19,EFA,39.22669982910156,35709800
2016-01-20,EFA,38.336341857910156,47944200
2016-01-21,EFA,38.620967864990234,48974700
2016-01-22,EFA,39.75946807861328,44855900
2016-01-25,EFA,39.22669982910156,36799400
2016-01-26,EFA,39.927310943603516,26789300
2016-01-27,EFA,39.67189025878906,32829200
2016-01-28,EFA,39.78865432739258,31267000
2016-01-29,EFA,40.48925018310547,37109700
2016-02-01,EFA,40.445472717285156,31082700
2016-02-02,EFA,39.50402069091797,29809100
2016-02-03,EFA,39.832435607910156,36337300
2016-02-04,EFA,39.88352584838867,28236200
2016-02-05,EFA,39.27048873901367,31548100
2016-02-08,EFA,38.54069900512695,37822400
2016-02-09,EFA,38.09550857543945,34142700
2016-02-10,EFA,38.05173110961914,32088400
2016-02-11,EFA,37.4970817565918,41750200
2016-02-12,EFA,38.153900146484375,38730500
2016-02-16,EFA,38.927486419677734,31605800
2016-02-17,EFA,39.59889602661133,25594700
2016-02-18,EFA,39.39455795288086,32694100
2016-02-19,EFA,39.350765228271484,26685400
2016-02-22,EFA,39.79594039916992,19217000
2016-02-23,EFA,39.14643096923828,19709000
2016-02-24,EFA,39.00776290893555,26718800
2016-02-25,EFA,39.47483444213867,25167000
2016-02-26,EFA,39.372676849365234,19604500
2016-02-29,EFA,39.139122009277344,30315200
2016-03-01,EFA,40.16083908081055,24585800
2016-03-02,EFA,40.438175201416016,22549400
2016-03-03,EFA,40.83226776123047,21109600
2016-03-04,EFA,41.131473541259766,22752200
2016-03-07,EFA,41.080387115478516,24047500
2016-03-08,EFA,40.67899703979492,16893200
2016-03-09,EFA,40.83226776123047,15467400
2016-03-10,EFA,40.766578674316406,28133500
2016-03-11,EFA,41.83208465576172,24374600
2016-03-14,EFA,41.74451446533203,15953300
2016-03-15,EFA,41.35041809082031,19646300
2016-03-16,EFA,41.71531295776367,25413000
2016-03-17,EFA,42.03642272949219,17906600
2016-03-18,EFA,41.96344757080078,30733400
2016-03-21,EFA,41.897769927978516,17625800
2016-03-22,EFA,41.82478332519531,15926700
2016-03-23,EFA,41.40150451660156,18291400
2016-03-24,EFA,41.124183654785156,18326500
2016-03-28,EFA,41.372310638427734,18491100
2016-03-29,EFA,41.81748580932617,22376800
2016-03-30,EFA,42.13130569458008,18999500
2016-03-31,EFA,41.71531295776367,37335100
2016-04-01,EFA,41.27014923095703,30396100
2016-04-04,EFA,41.18257141113281,16977200
2016-04-05,EFA,40.37248611450195,20199600
2016-04-06,EFA,41.02931594848633,20465500
2016-04-07,EFA,40.430877685546875,19855600
2016-04-08,EFA,41.20446014404297,18462800
2016-04-11,EFA,41.226348876953125,15640400
2016-04-12,EFA,41.839393615722656,25164700
2016-04-13,EFA,42.50350570678711,25583900
2016-04-14,EFA,42.64216232299805,26844400
2016-04-15,EFA,42.54728698730469,17558000
2016-04-18,EFA,42.91218948364258,20200400
2016-04-19,EFA,43.65658950805664,24251400
2016-04-20,EFA,43.69306945800781,14402600
2016-04-21,EFA,43.43034362792969,19135100
2016-04-22,EFA,43.45224380493164,17262700
2016-04-25,EFA,43.23330307006836,13518400
2016-04-26,EFA,43.386558532714844,15657800
2016-04-27,EFA,43.41575241088867,13054700
2016-04-28,EFA,42.82461929321289,25204500
2016-04-29,EFA,42.64216232299805,27642900
2016-05-02,EFA,43.04355239868164,25207300
2016-05-03,EFA,42.33564376831055,25287100
2016-05-04,EFA,41.8466796875,20213100
2016-05-05,EFA,41.75911331176758,21552600
2016-05-06,EFA,41.87588119506836,21498200
2016-05-09,EFA,41.788299560546875,17842700
2016-05-10,EFA,42.3867301940918,21333600
2016-05-11,EFA,42.0218391418457,20180500
2016-05-12,EFA,42.00723648071289,17642000
2016-05-13,EFA,41.576656341552734,19052400
2016-05-16,EFA,42.07292175292969,24500500
2016-05-17,EFA,41.76640319824219,25116900
2016-05-18,EFA,41.781009674072266,34940400
2016-05-19,EFA,41.48178482055664,26976000
2016-05-20,EFA,41.82478332519531,23377800
2016-05-23,EFA,41.68613052368164,18828700
2016-05-24,EFA,42.29185485839844,28901600
2016-05-25,EFA,42.73703384399414,35575000
2016-05-26,EFA,42.85380554199219,21115400
2016-05-27,EFA,42.81001663208008,16066600
2016-05-31,EFA,42.605682373046875,25438500
2016-06-01,EFA,42.569183349609375,19567300
2016-06-02,EFA,42.569183349609375,32992100
2016-06-03,EFA,42.84650802612305,27770200
2016-06-06,EFA,43.08734130859375,22191900
2016-06-07,EFA,43.40114974975586,15311700
2016-06-08,EFA,43.488739013671875,14673400
2016-06-09,EFA,42.95597839355469,18489100
2016-06-10,EFA,41.7080192565918,29812900
2016-06-13,EFA,41.10228729248047,25323100
2016-06-14,EFA,40.445472717285156,69490000
2016-06-15,EFA,40.71549987792969,34010400
2016-06-16,EFA,40.80307388305664,27677700
2016-06-17,EFA,41.20446014404297,51689600
2016-06-20,EFA,42.22617721557617,38890400
2016-06-21,EFA,42.569183349609375,37705500
2016-06-22,EFA,42.54311752319336,45176500
2016-06-23,EFA,43.719905853271484,33064500
2016-06-24,EFA,39.96610641479492,85314600
2016-06-27,EFA,39.198944091796875,58864400
2016-06-28,EFA,40.22677230834961,45213500
2016-06-29,EFA,40.96413040161133,33914900
2016-06-30,EFA,41.57487487792969,48143600
2016-07-01,EFA,41.57487487792969,22693400
2016-07-05,EFA,40.770484924316406,33647400
2016-07-06,EFA,40.696006774902344,28451400
2016-07-07,EFA,40.53214645385742,24824900
2016-07-08,EFA,41.150333404541016,26189500
2016-07-11,EFA,41.75362777709961,25474900
2016-07-12,EFA,42.31967544555664,29839000
2016-07-13,EFA,42.274986267089844,27351600
2016-07-14,EFA,42.63993835449219,28145500
2016-07-15,EFA,42.42394256591797,29705400
2016-07-18,EFA,42.52821731567383,17614300
2016-07-19,EFA,42.19305419921875,19896900
2016-07-20,EFA,42.572906494140625,20885200
2016-07-21,EFA,42.4015998840332,19635000
2016-07-22,EFA,42.4835319519043,16069300
2016-07-25,EFA,42.43138885498047,13277400
2016-07-26,EFA,42.61014175415039,15025700
2016-07-27,EFA,42.76655578613281,17126900
2016-07-28,EFA,42.72187042236328,14445300
2016-07-29,EFA,43.22833251953125,21590400
2016-08-01,EFA,42.94530487060547,21623700
2016-08-02,EFA,42.729312896728516,20476100
2016-08-03,EFA,42.58035659790039,19684400
2016-08-04,EFA,42.82614517211914,16761800
2016-08-05,EFA,43.01978302001953,15143500
2016-08-08,EFA,43.10917282104492,10326800
2016-08-09,EFA,43.45176696777344,27514400
2016-08-10,EFA,43.60072708129883,17539500
2016-08-11,EFA,43.91355514526367,19675800
2016-08-12,EFA,43.801822662353516,11331600
2016-08-15,EFA,43.97312927246094,9048700
2016-08-16,EFA,43.90610885620117,14286200
2016-08-17,EFA,43.89121627807617,12103600
2016-08-18,EFA,44.11465072631836,17723900
2016-08-19,EFA,43.78693389892578,12142800
2016-08-22,EFA,43.83161926269531,10095600
2016-08-23,EFA,44.017818450927734,12534100
2016-08-24,EFA,43.91355514526367,12206600
2016-08-25,EFA,43.734806060791016,10953500
2016-08-26,EFA,43.47411346435547,19518100
2016-08-29,EFA,43.60818099975586,10482100
2016-08-30,EFA,43.548606872558594,10046300
2016-08-31,EFA,43.4592170715332,20437200
2016-09-01,EFA,43.75714111328125,18389800
2016-09-02,EFA,44.26359939575195,19151600
2016-09-06,EFA,44.5615348815918,14730600
2016-09-07,EFA,44.5838737487793,17917500
2016-09-08,EFA,44.45725631713867,15572700
2016-09-09,EFA,43.593284606933594,23547000
2016-09-12,EFA,43.9507942199707,26966800
2016-09-13,EFA,43.064476013183594,24865900
2016-09-14,EFA,43.004886627197266,16841500
2016-09-15,EFA,43.377296447753906,20280700
2016-09-16,EFA,42.81869125366211,47897900
2016-09-19,EFA,43.042137145996094,24184400
2016-09-20,EFA,43.30281066894531,23968200
2016-09-21,EFA,44.06250762939453,28804000
2016-09-22,EFA,44.50938415527344,27047600
2016-09-23,EFA,44.13698959350586,19380000
2016-09-26,EFA,43.72734832763672,23824900
2016-09-27,EFA,43.93589782714844,19862100
2016-09-28,EFA,44.24871826171875,21673400
2016-09-29,EFA,43.69755554199219,16703800
2016-09-30,EFA,44.0401725769043,29074600
2016-10-03,EFA,43.92100524902344,17903600
2016-10-04,EFA,43.91355514526367,28707500
2016-10-05,EFA,44.09230041503906,14774300
2016-10-06,EFA,43.853965759277344,11592200
2016-10-07,EFA,43.63052749633789,16684900
2016-10-10,EFA,43.75714111328125,7860700
2016-10-11,EFA,43.13895797729492,18434600
2016-10-12,EFA,43.042137145996094,13537300
2016-10-13,EFA,42.87827682495117,13090900
2016-10-14,EFA,42.9527587890625,19288400
2016-10-17,EFA,42.82614517211914,12641000
2016-10-18,EFA,43.25067138671875,13028000
2016-10-19,EFA,43.369850158691406,12500100
2016-10-20,EFA,43.43687057495117,9959000
2016-10-21,EFA,43.340057373046875,12584900
2016-10-24,EFA,43.332603454589844,12723000
2016-10-25,EFA,43.30281066894531,12430400
2016-10-26,EFA,43.10917282104492,12169500
2016-10-27,EFA,43.05703353881836,9309300
2016-10-28,EFA,43.042137145996094,15377800
2016-10-31,EFA,43.064476013183594,19266200
2016-11-01,EFA,42.87827682495117,19495200
2016-11-02,EFA,42.587806701660156,17538900
2016-11-03,EFA,42.54311752319336,12959100
2016-11-04,EFA,42.13347244262695,17423800
2016-11-07,EFA,42.71441650390625,21383600
2016-11-08,EFA,42.833587646484375,17403900
2016-11-09,EFA,42.87082290649414,27175100
2016-11-10,EFA,42.75165939331055,37382800
2016-11-11,EFA,42.49097442626953,18430100
2016-11-14,EFA,42.26009750366211,20650900
2016-11-15,EFA,42.446292877197266,15311700
2016-11-16,EFA,41.99940490722656,22261200
2016-11-17,EFA,42.31967544555664,18459300
2016-11-18,EFA,41.8578987121582,17047300
2016-11-21,EFA,42.21540069580078,18504500
2016-11-22,EFA,42.31967544555664,17866500
2016-11-23,EFA,42.17071533203125,13840300
2016-11-25,EFA,42.297332763671875,7842800
2016-11-28,EFA,42.07388687133789,13608000
2016-11-29,EFA,42.34202194213867,14719800
2016-11-30,EFA,42.297332763671875,23874700
2016-12-01,EFA,42.13347244262695,22693500
2016-12-02,EFA,42.23774719238281,16077700
2016-12-05,EFA,42.65483093261719,19686200
2016-12-06,EFA,42.94530487060547,19217500
2016-12-07,EFA,43.58583450317383,25749300
2016-12-08,EFA,43.548606872558594,23427000
2016-12-09,EFA,43.734806060791016,20886500
2016-12-12,EFA,43.541141510009766,16612700
2016-12-13,EFA,44.01038360595703,22116800
2016-12-14,EFA,43.36240005493164,26473700
2016-12-15,EFA,43.26557159423828,25317900
2016-12-16,EFA,43.29536056518555,24359100
2016-12-19,EFA,43.22833251953125,17705200
2016-12-20,EFA,43.377296447753906,17813500
2016-12-21,EFA,43.38932418823242,17793900
2016-12-22,EFA,43.29151153564453,16310200
2016-12-23,EFA,43.404388427734375,14821600
2016-12-27,EFA,43.351715087890625,13327700
2016-12-28,EFA,43.186161041259766,19569400
2016-12-29,EFA,43.29151153564453,16406100
2016-12-30,EFA,43.44200897216797,25266000
2017-01-03,EFA,43.712913513183594,27938300
2017-01-04,EFA,44.20956039428711,25670000
2017-01-05,EFA,44.585811614990234,22063100
2017-01-06,EFA,44.4353141784668,22073700
2017-01-09,EFA,44.36758804321289,13962400
2017-01-10,EFA,44.3751106262207,16296600
2017-01-11,EFA,44.6083869934082,31352400
2017-01-12,EFA,44.67610168457031,25127300
2017-01-13,EFA,44.8416633605957,20901900
2017-01-17,EFA,44.67610168457031,22524800
2017-01-18,EFA,44.548194885253906,14581400
2017-01-19,EFA,44.4353141784668,17619300
2017-01-20,EFA,44.691162109375,24974100
2017-01-23,EFA,44.80403137207031,43093600
2017-01-24,EFA,44.91691589355469,18176000
2017-01-25,EFA,45.38346862792969,27237600
2017-01-26,EFA,45.20286178588867,20838800
2017-01-27,EFA,45.12761688232422,13061000
2017-01-30,EFA,44.80403137207031,19146200
2017-01-31,EFA,44.87177276611328,29996800
2017-02-01,EFA,45.052364349365234,26726400
2017-02-02,EFA,45.07494354248047,14796700
2017-02-03,EFA,45.255531311035156,13963800
2017-02-06,EFA,44.93196487426758,16220200
2017-02-07,EFA,44.88681411743164,12123000
2017-02-08,EFA,44.96206283569336,16749200
2017-02-09,EFA,45.15018844604492,14299600
2017-02-10,EFA,45.255531311035156,13212100
2017-02-13,EFA,45.43614959716797,12694400
2017-02-14,EFA,45.368412017822266,14256600
2017-02-15,EFA,45.54149627685547,15460100
2017-02-16,EFA,45.64684295654297,14416500
2017-02-17,EFA,45.52644729614258,14938000
2017-02-21,EFA,45.676944732666016,11550300
2017-02-22,EFA,45.676944732666016,17129400
2017-02-23,EFA,45.7747688293457,12410600
2017-02-24,EFA,45.44367218017578,16198700
2017-02-27,EFA,45.4737663269043,14039000
2017-02-28,EFA,45.40604019165039,20439100
2017-03-01,EFA,45.88011932373047,20198000
2017-03-02,EFA,45.57911682128906,16452800
2017-03-03,EFA,45.85001754760742,19149100
2017-03-06,EFA,45.70705032348633,10965800
2017-03-07,EFA,45.54901885986328,16308800
2017-03-08,EFA,45.38346862792969,11568200
2017-03-09,EFA,45.55655288696289,13369300
2017-03-10,EFA,45.9403190612793,18987900
2017-03-13,EFA,46.181121826171875,19718700
2017-03-14,EFA,45.82743835449219,15953500
2017-03-15,EFA,46.48212814331055,22841100
2017-03-16,EFA,46.70787811279297,24380100
2017-03-17,EFA,46.828269958496094,20697400
2017-03-20,EFA,46.73044967651367,13484400
2017-03-21,EFA,46.519752502441406,23331500
2017-03-22,EFA,46.52727127075195,14492800
2017-03-23,EFA,46.63262176513672,25394800
2017-03-24,EFA,46.76054763793945,25264500
2017-03-27,EFA,46.88095474243164,30294500
2017-03-28,EFA,47.1067008972168,23196000
2017-03-29,EFA,47.1067008972168,19090800
2017-03-30,EFA,46.9411506652832,16049800
2017-03-31,EFA,46.87342834472656,30871700
2017-04-03,EFA,46.805702209472656,32855200
2017-04-04,EFA,46.79064178466797,16793800
2017-04-05,EFA,46.54232406616211,22710400
2017-04-06,EFA,46.549842834472656,17795900
2017-04-07,EFA,46.519752502441406,15848900
2017-04-10,EFA,46.46707534790039,11321500
2017-04-11,EFA,46.685302734375,18663100
2017-04-12,EFA,46.647674560546875,25045600
2017-04-13,EFA,46.34667205810547,16760100
2017-04-17,EFA,46.63262176513672,15573500
2017-04-18,EFA,46.42192077636719,21171100
2017-04-19,EFA,46.23379898071289,13263100
2017-04-20,EFA,46.6025276184082,20485300
2017-04-21,EFA,46.63262176513672,18989800
2017-04-24,EFA,47.81405258178711,32694900
2017-04-25,EFA,48.152679443359375,24975200
2017-04-26,EFA,48.01723098754883,20489600
2017-04-27,EFA,48.062381744384766,13855700
2017-04-28,EFA,48.00970458984375,25361200
2017-05-01,EFA,48.205352783203125,22211300
2017-05-02,EFA,48.453678131103516,23500000
2017-05-03,EFA,48.35585403442383,12811000
2017-05-04,EFA,48.814876556396484,16359700
2017-05-05,EFA,49.356685638427734,18990900
2017-05-08,EFA,48.98794937133789,19823800
2017-05-09,EFA,48.867557525634766,28186600
2017-05-10,EFA,48.94281768798828,18524300
2017-05-11,EFA,48.8223991394043,18381600
2017-05-12,EFA,49.09330368041992,27683000
2017-05-15,EFA,49.341636657714844,20493900
2017-05-16,EFA,49.65768051147461,21931200
2017-05-17,EFA,49.09330368041992,30198700
2017-05-18,EFA,49.17608642578125,19242600
2017-05-19,EFA,49.747982025146484,34855500
2017-05-22,EFA,49.808189392089844,14692600
2017-05-23,EFA,49.81570816040039,12489200
2017-05-24,EFA,49.84580612182617,15075500
2017-05-25,EFA,49.84580612182617,13265300
2017-05-26,EFA,49.702842712402344,25971500
2017-05-30,EFA,49.650169372558594,14415300
2017-05-31,EFA,49.71036148071289,31167900
2017-06-01,EFA,50.033935546875,25610000
2017-06-02,EFA,50.58326721191406,22765300
2017-06-05,EFA,50.304832458496094,14304500
2017-06-06,EFA,50.161865234375,11387200
2017-06-07,EFA,50.17690658569336,15346400
2017-06-08,EFA,50.086612701416016,15425200
2017-06-09,EFA,49.89848327636719,20807900
2017-06-12,EFA,49.71036148071289,17937200
2017-06-13,EFA,50.09414291381836,19123700
2017-06-14,EFA,50.0565071105957,18739500
2017-06-15,EFA,49.53729248046875,22870900
2017-06-16,EFA,49.95869827270508,24571500
2017-06-19,EFA,50.161865234375,26706100
2017-06-20,EFA,49.75810623168945,23798500
2017-06-21,EFA,49.696929931640625,10989000
2017-06-22,EFA,49.68928909301758,13521700
2017-06-23,EFA,49.81163787841797,15138700
2017-06-26,EFA,49.895751953125,21872800
2017-06-27,EFA,49.888099670410156,17466000
2017-06-28,EFA,50.323970794677734,26317300
2017-06-29,EFA,49.82693099975586,35923300
2017-06-30,EFA,49.857505798339844,28866100
2017-07-03,EFA,49.79635238647461,9564300
2017-07-05,EFA,49.79635238647461,26253300
2017-07-06,EFA,49.5745849609375,22874100
2017-07-07,EFA,49.58222961425781,18885700
2017-07-10,EFA,49.704586029052734,10674800
2017-07-11,EFA,49.81928253173828,13584000
2017-07-12,EFA,50.216915130615234,15995600
2017-07-13,EFA,50.362205505371094,22520700
2017-07-14,EFA,50.71397018432617,14145100
2017-07-17,EFA,50.614559173583984,10326100
2017-07-18,EFA,50.66044235229492,11718200
2017-07-19,EFA,50.88219451904297,12542300
2017-07-20,EFA,51.088661193847656,13792700
2017-07-21,EFA,50.88984680175781,18391200
2017-07-24,EFA,50.752197265625,17486100
2017-07-25,EFA,50.82102584838867,12297600
2017-07-26,EFA,51.13453674316406,19186700
2017-07-27,EFA,51.01984405517578,13754400
2017-07-28,EFA,51.0733757019043,15080800
2017-07-31,EFA,51.180423736572266,20998800
2017-08-01,EFA,51.463348388671875,16206800
2017-08-02,EFA,51.48630142211914,8948300
2017-08-03,EFA,51.516902923583984,11245900
2017-08-04,EFA,51.58571243286133,14178000
2017-08-07,EFA,51.608642578125,11865600
2017-08-08,EFA,51.3333625793457,13510100
2017-08-09,EFA,51.24924087524414,15080100
2017-08-10,EFA,50.522796630859375,28825100
2017-08-11,EFA,50.4310302734375,27456400
2017-08-14,EFA,50.7980842590332,13311500
2017-08-15,EFA,50.759849548339844,13212200
2017-08-16,EFA,51.05043029785156,14030700
2017-08-17,EFA,50.47690963745117,18647700
2017-08-18,EFA,50.614559173583984,16347200
2017-08-21,EFA,50.59926223754883,11760800
2017-08-22,EFA,50.84395217895508,11528800
2017-08-23,EFA,50.85160446166992,13007000
2017-08-24,EFA,50.73690414428711,13150600
2017-08-25,EFA,51.042781829833984,14942000
2017-08-28,EFA,51.042781829833984,13422100
2017-08-29,EFA,50.83631896972656,11536900
2017-08-30,EFA,50.76750183105469,10510300
2017-08-31,EFA,51.157493591308594,20277900
2017-09-01,EFA,51.226295471191406,15541800
2017-09-05,EFA,50.88219451904297,18682300
2017-09-06,EFA,51.19571304321289,21335800
2017-09-07,EFA,51.61629867553711,14599300
2017-09-08,EFA,51.62395095825195,16168800
2017-09-11,EFA,52.02922058105469,19127300
2017-09-12,EFA,52.18981170654297,11803000
2017-09-13,EFA,51.90686798095703,14672800
2017-09-14,EFA,51.998626708984375,14862300
2017-09-15,EFA,52.04452133178711,16315500
2017-09-18,EFA,52.113338470458984,13594900
2017-09-19,EFA,52.3580322265625,8877200
2017-09-20,EFA,52.24333953857422,15309700
2017-09-21,EFA,52.136287689208984,10250100
2017-09-22,EFA,52.296871185302734,8442800
2017-09-25,EFA,51.998626708984375,13473900
2017-09-26,EFA,51.88392639160156,20026600
2017-09-27,EFA,51.92216110229492,17751800
2017-09-28,EFA,52.059818267822266,11704000
2017-09-29,EFA,52.365692138671875,24981400
2017-10-02,EFA,52.3198127746582,16475600
2017-10-03,EFA,52.49568557739258,12073300
2017-10-04,EFA,52.39626693725586,12518600
2017-10-05,EFA,52.365692138671875,11871200
2017-10-06,EFA,52.327449798583984,16923300
2017-10-09,EFA,52.342742919921875,5155600
2017-10-10,EFA,52.83979034423828,16626700
2017-10-11,EFA,52.96979522705078,16732400
2017-10-12,EFA,52.923912048339844,10774000
2017-10-13,EFA,53.199188232421875,12928900
2017-10-16,EFA,53.16096115112305,8800600
2017-10-17,EFA,53.0233154296875,8286800
2017-10-18,EFA,53.1762580871582,11793200
2017-10-19,EFA,53.092132568359375,10368300
2017-10-20,EFA,53.0233154296875,12636300
2017-10-23,EFA,52.90861511230469,8422200
2017-10-24,EFA,52.99272918701172,10586500
2017-10-25,EFA,52.786258697509766,11495500
2017-10-26,EFA,52.77861404418945,12355500
2017-10-27,EFA,52.900970458984375,18853800
2017-10-30,EFA,53.0233154296875,14308400
2017-10-31,EFA,53.24506759643555,24418400
2017-11-01,EFA,53.29859924316406,23674500
2017-11-02,EFA,53.459190368652344,20430900
2017-11-03,EFA,53.37506866455078,14078700
2017-11-06,EFA,53.4515380859375,11959000
2017-11-07,EFA,53.252723693847656,13024200
2017-11-08,EFA,53.42859649658203,15924200
2017-11-09,EFA,53.12272644042969,22577000
2017-11-10,EFA,52.97743606567383,11070800
2017-11-13,EFA,52.75568771362305,13605200
2017-11-14,EFA,52.717445373535156,13850100
2017-11-15,EFA,52.4650993347168,18547300
2017-11-16,EFA,52.88566970825195,17372500
2017-11-17,EFA,52.69451141357422,24773400
2017-11-20,EFA,52.80921173095703,20689600
2017-11-21,EFA,53.20684814453125,17104800
2017-11-22,EFA,53.352115631103516,17943200
2017-11-24,EFA,53.78800582885742,11732300
2017-11-27,EFA,53.466827392578125,17066500
2017-11-28,EFA,53.77271270751953,19389400
2017-11-29,EFA,53.558597564697266,19328300
2017-11-30,EFA,53.61212921142578,24443400
2017-12-01,EFA,53.398014068603516,33370400
2017-12-04,EFA,53.20684814453125,19355500
2017-12-05,EFA,53.092132568359375,15853700
2017-12-06,EFA,52.98508071899414,12481600
2017-12-07,EFA,53.12272644042969,16966100
2017-12-08,EFA,53.4056510925293,19106800
2017-12-11,EFA,53.54330825805664,20038600
2017-12-12,EFA,53.61212921142578,16514700
2017-12-13,EFA,53.81858825683594,25920500
2017-12-14,EFA,53.52035903930664,27424600
2017-12-15,EFA,53.50506591796875,32906900
2017-12-18,EFA,54.13975524902344,38998500
2017-12-19,EFA,53.9411506652832,37373700
2017-12-20,EFA,53.848411560058594,18729500
2017-12-21,EFA,54.04160690307617,22930000
2017-12-22,EFA,54.18071746826172,18767000
2017-12-26,EFA,54.165260314941406,15995000
2017-12-27,EFA,54.26572799682617,19835400
2017-12-28,EFA,54.2966423034668,20811200
2017-12-29,EFA,54.33528137207031,16214700
2018-01-02,EFA,54.73713684082031,26530000
2018-01-03,EFA,54.999881744384766,33384900
2018-01-04,EFA,55.602657318115234,23974400
2018-01-05,EFA,55.91178894042969,17483800
2018-01-08,EFA,55.896331787109375,21733700
2018-01-09,EFA,55.95815658569336,19138900
2018-01-10,EFA,55.849952697753906,18118900
2018-01-11,EFA,56.236351013183594,17314400
2018-01-12,EFA,56.80050277709961,22694300
2018-01-16,EFA,56.746395111083984,24617800
2018-01-17,EFA,57.04006576538086,21424400
2018-01-18,EFA,56.970516204833984,19094600
2018-01-19,EFA,57.287349700927734,19622600
2018-01-22,EFA,57.581024169921875,14992500
2018-01-23,EFA,57.7664909362793,15575400
2018-01-24,EFA,57.86695098876953,24383800
2018-01-25,EFA,57.642845153808594,23272500
2018-01-26,EFA,58.15289306640625,19192600
2018-01-29,EFA,57.61966323852539,26906700
2018-01-30,EFA,57.14052963256836,113986300
2018-01-31,EFA,57.06324005126953,38465500
2018-02-01,EFA,57.225528717041016,30876200
2018-02-02,EFA,56.06633758544922,36590600
2018-02-05,EFA,53.717041015625,78968000
2018-02-06,EFA,54.77577590942383,84302300
2018-02-07,EFA,54.19617462158203,44411300
2018-02-08,EFA,52.781959533691406,59223600
2018-02-09,EFA,53.006065368652344,67466800
2018-02-12,EFA,53.81749725341797,37528600
2018-02-13,EFA,53.655208587646484,20574300
2018-02-14,EFA,54.60575485229492,31475400
2018-02-15,EFA,54.945777893066406,31600600
2018-02-16,EFA,55.19308090209961,23606400
2018-02-20,EFA,54.67531204223633,25286900
2018-02-21,EFA,54.412567138671875,30247700
2018-02-22,EFA,54.698482513427734,20537000
2018-02-23,EFA,55.13125228881836,30298500
2018-02-26,EFA,55.649024963378906,21007200
2018-02-27,EFA,54.8221321105957,22449300
2018-02-28,EFA,54.30436325073242,31642500
2018-03-01,EFA,53.39247512817383,51282100
2018-03-02,EFA,53.647491455078125,35512000
2018-03-05,EFA,53.93341827392578,18968500
2018-03-06,EFA,54.25025939941406,20996900
2018-03-07,EFA,54.23482131958008,14492500
2018-03-08,EFA,54.35073471069336,14883300
2018-03-09,EFA,54.698482513427734,17319800
2018-03-12,EFA,54.76032257080078,12801300
2018-03-13,EFA,54.3971061706543,19138100
2018-03-14,EFA,54.52846908569336,13670800
2018-03-15,EFA,54.49755859375,21712300
2018-03-16,EFA,54.458919525146484,16119900
2018-03-19,EFA,54.018436431884766,24159700
2018-03-20,EFA,54.010704040527344,20578800
2018-03-21,EFA,54.095706939697266,17479200
2018-03-22,EFA,53.09107208251953,42084300
2018-03-23,EFA,52.503746032714844,44983200
2018-03-26,EFA,53.44656753540039,31279000
2018-03-27,EFA,53.052433013916016,36493900
2018-03-28,EFA,53.36155319213867,35737600
2018-03-29,EFA,53.848411560058594,34745000
2018-04-02,EFA,53.106536865234375,52362500
2018-04-03,EFA,53.44656753540039,30413600
2018-04-04,EFA,53.63203811645508,26041500
2018-04-05,EFA,53.987518310546875,22625800
2018-04-06,EFA,53.63203811645508,24999600
2018-04-09,EFA,54.0725212097168,18498700
2018-04-10,EFA,54.65212631225586,19233800
2018-04-11,EFA,54.44346618652344,21099100
2018-04-12,EFA,54.65212631225586,18012500
2018-04-13,EFA,54.70621109008789,14515400
2018-04-16,EFA,54.79123306274414,15678300
2018-04-17,EFA,55.038516998291016,17545600
2018-04-18,EFA,55.3244514465332,17035100
2018-04-19,EFA,55.11579895019531,20004000
2018-04-20,EFA,54.907161712646484,27586500
2018-04-23,EFA,54.83758544921875,17696000
2018-04-24,EFA,54.61347961425781,22013400
2018-04-25,EFA,54.520748138427734,18280700
2018-04-26,EFA,54.79123306274414,23697700
2018-04-27,EFA,54.84532165527344,15395400
2018-04-30,EFA,54.667579650878906,21883700
2018-05-01,EFA,54.47439193725586,17308000
2018-05-02,EFA,54.45118713378906,16409400
2018-05-03,EFA,54.6212043762207,19854600
2018-05-04,EFA,54.814414978027344,17022600
2018-05-07,EFA,54.8221321105957,8172600
2018-05-08,EFA,54.82986831665039,12400300
2018-05-09,EFA,54.96122360229492,15414000
2018-05-10,EFA,55.31672286987305,18107500
2018-05-11,EFA,55.46355438232422,19083700
2018-05-14,EFA,55.56402587890625,17790300
2018-05-15,EFA,55.162166595458984,18330100
2018-05-16,EFA,55.23944854736328,13758300
2018-05-17,EFA,55.3244514465332,16191300
2018-05-18,EFA,55.123531341552734,21815600
2018-05-21,EFA,55.471282958984375,13441700
2018-05-22,EFA,55.4017448425293,12897900
2018-05-23,EFA,54.79123306274414,23332600
2018-05-24,EFA,54.6212043762207,21542400
2018-05-25,EFA,54.26572799682617,17225600
2018-05-29,EFA,53.160621643066406,57008900
2018-05-30,EFA,53.972068786621094,25531900
2018-05-31,EFA,53.63203811645508,47992800
2018-06-01,EFA,54.095706939697266,39232600
2018-06-04,EFA,54.25801086425781,18561900
2018-06-05,EFA,54.1729850769043,16641000
2018-06-06,EFA,54.659854888916016,25445400
2018-06-07,EFA,54.35073471069336,25977000
2018-06-08,EFA,54.412567138671875,23206300
2018-06-11,EFA,54.76032257080078,26145100
2018-06-12,EFA,54.412567138671875,22706300
2018-06-13,EFA,54.48984146118164,20486700
2018-06-14,EFA,54.37392044067383,24099000
2018-06-15,EFA,54.095706939697266,31433500
2018-06-18,EFA,53.70930862426758,30778500
2018-06-19,EFA,53.21592330932617,30397600
2018-06-20,EFA,53.25533676147461,38687300
2018-06-21,EFA,52.87702560424805,23793400
2018-06-22,EFA,53.436622619628906,26146100
2018-06-25,EFA,52.69574737548828,39388300
2018-06-26,EFA,52.79033279418945,23117500
2018-06-27,EFA,52.293792724609375,29616800
2018-06-28,EFA,52.49082946777344,21384800
2018-06-29,EFA,52.782440185546875,32031400
2018-07-02,EFA,52.30168151855469,39167900
2018-07-03,EFA,52.45930099487305,14919900
2018-07-05,EFA,52.979488372802734,18593200
2018-07-06,EFA,53.26322937011719,16641600
2018-07-09,EFA,53.77552795410156,20682100
2018-07-10,EFA,53.751869201660156,18981400
2018-07-11,EFA,52.8533821105957,30172400
2018-07-12,EFA,53.26322937011719,18810600
2018-07-13,EFA,53.42873001098633,17206900
2018-07-16,EFA,53.40508270263672,15422200
2018-07-17,EFA,53.499656677246094,16965000
2018-07-18,EFA,53.507545471191406,13712400
2018-07-19,EFA,53.39720916748047,26316500
2018-07-20,EFA,53.64940643310547,28610200
2018-07-23,EFA,53.64940643310547,10192900
2018-07-24,EFA,53.964664459228516,17645500
2018-07-25,EFA,54.36662673950195,29698900
2018-07-26,EFA,54.12229919433594,23009400
2018-07-27,EFA,54.22476577758789,28911800
2018-07-30,EFA,54.21687698364258,17630300
2018-07-31,EFA,54.28781509399414,25087500
2018-08-01,EFA,54.01195526123047,25402700
2018-08-02,EFA,53.65729904174805,24343200
2018-08-03,EFA,53.68881607055664,14176200
2018-08-06,EFA,53.46025466918945,12077900
2018-08-07,EFA,53.87797546386719,17495500
2018-08-08,EFA,53.83069610595703,13812800
2018-08-09,EFA,53.67304992675781,11964700
2018-08-10,EFA,52.60117721557617,28624600
2018-08-13,EFA,52.412017822265625,24817700
2018-08-14,EFA,52.40412902832031,22596700
2018-08-15,EFA,51.64751052856445,41602700
2018-08-16,EFA,52.010047912597656,23297100
2018-08-17,EFA,52.31743621826172,25722900
2018-08-20,EFA,52.60117721557617,16229300
2018-08-21,EFA,52.924320220947266,15670100
2018-08-22,EFA,53.12924575805664,13217500
2018-08-23,EFA,52.75092697143555,22030700
2018-08-24,EFA,53.05830001831055,21816600
2018-08-27,EFA,53.76763153076172,24820300
2018-08-28,EFA,53.72034454345703,19866800
2018-08-29,EFA,54.01195526123047,18107700
2018-08-30,EFA,53.499656677246094,20743000
2018-08-31,EFA,53.074058532714844,30945900
2018-09-04,EFA,52.624813079833984,25303400
2018-09-05,EFA,52.14404296875,26850800
2018-09-06,EFA,51.98641586303711,25557900
2018-09-07,EFA,51.568687438964844,22989400
2018-09-10,EFA,51.88395309448242,15646700
2018-09-11,EFA,51.931243896484375,17652700
2018-09-12,EFA,52.15193176269531,19372500
2018-09-13,EFA,52.53812026977539,26009600
2018-09-14,EFA,52.616943359375,21047500
2018-09-17,EFA,52.66423416137695,13679100
2018-09-18,EFA,53.21592330932617,20734400
2018-09-19,EFA,53.40508270263672,15330300
2018-09-20,EFA,54.0671272277832,24625300
2018-09-21,EFA,54.09076690673828,19003300
2018-09-24,EFA,53.84645080566406,20382700
2018-09-25,EFA,54.11441421508789,19623000
2018-09-26,EFA,54.1380615234375,26899900
2018-09-27,EFA,54.02772903442383,21555300
2018-09-28,EFA,53.58635711669922,37330500
2018-10-01,EFA,53.64940643310547,27922300
2018-10-02,EFA,53.37356185913086,18689200
2018-10-03,EFA,53.27897644042969,19372300
2018-10-04,EFA,52.65633773803711,38671500
2018-10-05,EFA,52.34109115600586,28116900
2018-10-08,EFA,52.08887481689453,24471300
2018-10-09,EFA,51.95488357543945,23011200
2018-10-10,EFA,50.85147476196289,64586200
2018-10-11,EFA,50.142147064208984,119275100
2018-10-12,EFA,50.323421478271484,66647600
2018-10-15,EFA,50.20519256591797,32702300
2018-10-16,EFA,51.06427764892578,35959100
2018-10-17,EFA,50.77265548706055,26566600
2018-10-18,EFA,49.95298767089844,48286500
2018-10-19,EFA,50.236724853515625,31924100
2018-10-22,EFA,50.01604080200195,28641300
2018-10-23,EFA,49.54314422607422,54694300
2018-10-24,EFA,48.14023208618164,62942300
2018-10-25,EFA,48.747108459472656,47758100
2018-10-26,EFA,48.41609573364258,72008800
2018-10-29,EFA,48.2821044921875,60675300
2018-10-30,EFA,48.86533737182617,50851500
2018-10-31,EFA,49.227882385253906,49348900
2018-11-01,EFA,49.85840606689453,42760200
2018-11-02,EFA,49.92934036254883,39087900
2018-11-05,EFA,49.92934036254883,23002700
2018-11-06,EFA,50.1342658996582,18973700
2018-11-07,EFA,50.8041877746582,34148400
2018-11-08,EFA,50.307655334472656,31336600
2018-11-09,EFA,49.976627349853516,27581700
2018-11-12,EFA,49.15694808959961,31068900
2018-11-13,EFA,49.36975860595703,37193900
2018-11-14,EFA,49.409156799316406,51506100
2018-11-15,EFA,49.56679153442383,54666300
2018-11-16,EFA,49.621971130371094,30723600
2018-11-19,EFA,49.188480377197266,30409700
2018-11-20,EFA,48.3372688293457,41209700
2018-11-21,EFA,49.015079498291016,32720600
2018-11-23,EFA,48.69194793701172,13336500
2018-11-26,EFA,49.424922943115234,31007400
2018-11-27,EFA,49.235774993896484,38111400
2018-11-28,EFA,49.93722152709961,40600800
2018-11-29,EFA,49.68501281738281,31259700
2018-11-30,EFA,49.47220993041992,32068600
2018-12-03,EFA,50.12637710571289,43673900
2018-12-04,EFA,48.82593536376953,50079600
2018-12-06,EFA,48.368804931640625,78905500
2018-12-07,EFA,47.880149841308594,54090300
2018-12-10,EFA,47.50971221923828,61630500
2018-12-11,EFA,47.65946960449219,71163600
2018-12-12,EFA,48.360923767089844,45925600
2018-12-13,EFA,48.27421951293945,44498200
2018-12-14,EFA,47.65158462524414,50416200
2018-12-17,EFA,47.27326965332031,58508500
2018-12-18,EFA,47.31150436401367,48896500
2018-12-19,EFA,46.8574333190918,68491500
2018-12-20,EFA,46.6662483215332,97602600
2018-12-21,EFA,45.85369110107422,93622500
2018-12-24,EFA,45.319950103759766,47120300
2018-12-26,EFA,46.371498107910156,69827600
2018-12-27,EFA,46.506919860839844,76591200
2018-12-28,EFA,46.75387191772461,68541800
2018-12-31,EFA,46.82556915283203,62878800
2019-01-02,EFA,46.729976654052734,38723200
2019-01-03,EFA,46.30776596069336,35012600
2019-01-04,EFA,47.72575759887695,47001700
2019-01-07,EFA,47.90897750854492,30335900
2019-01-08,EFA,48.219661712646484,26444600
2019-01-09,EFA,48.7613639831543,34615300
2019-01-10,EFA,48.952552795410156,33699300
2019-01-11,EFA,48.617977142333984,40655600
2019-01-14,EFA,48.394927978515625,28319800
2019-01-15,EFA,48.64982986450195,35202700
2019-01-16,EFA,48.7852668762207,38473900
2019-01-17,EFA,48.96052169799805,28896000
2019-01-18,EFA,49.45443344116211,39380800
2019-01-22,EFA,48.689666748046875,36637900
2019-01-23,EFA,48.9127311706543,21725600
2019-01-24,EFA,48.96848678588867,21843800
2019-01-25,EFA,49.526126861572266,31128800
2019-01-28,EFA,49.25527572631836,28738200
2019-01-29,EFA,49.36680221557617,23933700
2019-01-30,EFA,49.908512115478516,30465700
2019-01-31,EFA,49.932403564453125,33012500
2019-02-01,EFA,49.91646957397461,22056000
2019-02-04,EFA,50.099693298339844,20260600
2019-02-05,EFA,50.49004364013672,29367100
2019-02-06,EFA,50.2351188659668,19675600
2019-02-07,EFA,49.565956115722656,33930700
2019-02-08,EFA,49.40663528442383,21440400
2019-02-11,EFA,49.35883331298828,22453000
2019-02-12,EFA,49.932403564453125,28176300
2019-02-13,EFA,49.940364837646484,22923500
2019-02-14,EFA,49.956302642822266,23166900
2019-02-15,EFA,50.681236267089844,29544700
2019-02-19,EFA,50.8724250793457,19126800
2019-02-20,EFA,51.01581573486328,27833100
2019-02-21,EFA,50.912254333496094,19709600
2019-02-22,EFA,51.07954025268555,19653800
2019-02-25,EFA,51.230899810791016,21208900
2019-02-26,EFA,51.47785949707031,23246200
2019-02-27,EFA,51.27073287963867,19933400
2019-02-28,EFA,51.199039459228516,27730700
2019-03-01,EFA,51.47785949707031,26191800
2019-03-04,EFA,51.286659240722656,22255100
2019-03-05,EFA,51.3344612121582,22315100
2019-03-06,EFA,51.207000732421875,14060100
2019-03-07,EFA,50.55377960205078,29445800
2019-03-08,EFA,50.56173324584961,21427600
2019-03-11,EFA,50.999881744384766,16204800
2019-03-12,EFA,50.968017578125,31559400
2019-03-13,EFA,51.40616226196289,17856300
2019-03-14,EFA,51.39818572998047,20861400
2019-03-15,EFA,51.9558219909668,44272000
2019-03-18,EFA,52.13905334472656,27734300
2019-03-19,EFA,52.24260711669922,32094800
2019-03-20,EFA,52.266517639160156,33136000
2019-03-21,EFA,52.234649658203125,34686500
2019-03-22,EFA,51.230899810791016,36194200
2019-03-25,EFA,51.30260467529297,26707900
2019-03-26,EFA,51.55752182006836,36734400
2019-03-27,EFA,51.581417083740234,21772300
2019-03-28,EFA,51.45395278930664,16531200
2019-03-29,EFA,51.66904830932617,23423900
2019-04-01,EFA,52.33024597167969,33228100
2019-04-02,EFA,52.3461799621582,18209100
2019-04-03,EFA,52.75245666503906,25471600
2019-04-04,EFA,52.64093017578125,23580500
2019-04-05,EFA,52.77635192871094,27828800
2019-04-08,EFA,52.808223724365234,21464100
2019-04-09,EFA,52.4736328125,17074900
2019-04-10,EFA,52.67279815673828,25289300
2019-04-11,EFA,52.56126403808594,16309400
2019-04-12,EFA,52.927711486816406,31507700
2019-04-15,EFA,52.95161056518555,11608000
2019-04-16,EFA,52.99143600463867,19958100
2019-04-17,EFA,53.142799377441406,23540000
2019-04-18,EFA,53.110939025878906,21794000
2019-04-22,EFA,53.02330017089844,21336700
2019-04-23,EFA,53.12687683105469,17741400
2019-04-24,EFA,52.76042175292969,26417500
2019-04-25,EFA,52.720584869384766,16020300
2019-04-26,EFA,52.935672760009766,17705700
2019-04-29,EFA,53.15077209472656,16992700
2019-04-30,EFA,53.18263244628906,36645900
2019-05-01,EFA,52.87990951538086,25870800
2019-05-02,EFA,52.80025100708008,21120700
2019-05-03,EFA,53.3658447265625,22117400
2019-05-06,EFA,52.76042175292969,24641100
2019-05-07,EFA,51.83633804321289,30661400
2019-05-08,EFA,51.90006637573242,31028300
2019-05-09,EFA,51.661075592041016,28991500
2019-05-10,EFA,52.04345703125,34968000
2019-05-13,EFA,50.832584381103516,42253200
2019-05-14,EFA,51.34242630004883,32214000
2019-05-15,EFA,51.52565383911133,39054900
2019-05-16,EFA,51.93989944458008,27414300
2019-05-17,EFA,51.59734344482422,35566300
2019-05-20,EFA,51.39022445678711,27914500
2019-05-21,EFA,51.7327766418457,20838900
2019-05-22,EFA,51.52565383911133,22818000
2019-05-23,EFA,51.055641174316406,29106800
2019-05-24,EFA,51.60531234741211,23320000
2019-05-28,EFA,51.10344314575195,32637000
2019-05-29,EFA,50.77682876586914,32910400
2019-05-30,EFA,50.968017578125,28874300
2019-05-31,EFA,50.50596618652344,34278600
2019-06-03,EFA,50.80072784423828,36735900
2019-06-04,EFA,51.38226318359375,34241600
2019-06-05,EFA,51.3663330078125,19015300
2019-06-06,EFA,51.57345199584961,28586900
2019-06-07,EFA,52.22667694091797,31020100
2019-06-10,EFA,52.37007141113281,21435800
2019-06-11,EFA,52.632965087890625,22255000
2019-06-12,EFA,52.24260711669922,17110500
2019-06-13,EFA,52.2904167175293,24194500
2019-06-14,EFA,51.90803527832031,37202100
2019-06-17,EFA,51.94547653198242,22615800
2019-06-18,EFA,52.63721466064453,34024300
2019-06-19,EFA,52.96273422241211,25092700
2019-06-20,EFA,53.426597595214844,32817400
2019-06-21,EFA,53.19874572753906,25032400
2019-06-24,EFA,53.31266784667969,23238800
2019-06-25,EFA,52.99528503417969,24373000
2019-06-26,EFA,53.060386657714844,13170700
2019-06-27,EFA,53.19060516357422,14439800
2019-06-28,EFA,53.4917106628418,27667900
2019-07-01,EFA,53.74398422241211,25538600
2019-07-02,EFA,53.89862060546875,26045900
2019-07-03,EFA,54.26482391357422,14359300
2019-07-05,EFA,53.84978485107422,21696200
2019-07-08,EFA,53.54054260253906,15839500
2019-07-09,EFA,53.31266784667969,11661800
2019-07-10,EFA,53.49984359741211,15051500
2019-07-11,EFA,53.483577728271484,14023800
2019-07-12,EFA,53.548683166503906,14459500
2019-07-15,EFA,53.597503662109375,12363200
2019-07-16,EFA,53.37777328491211,23641400
2019-07-17,EFA,53.30453109741211,13318800
2019-07-18,EFA,53.4672966003418,18639700
2019-07-19,EFA,53.31266784667969,16908600
2019-07-22,EFA,53.36962890625,15203900
2019-07-23,EFA,53.70329284667969,22078400
2019-07-24,EFA,53.74398422241211,11192500
2019-07-25,EFA,53.19874572753906,24288100
2019-07-26,EFA,53.30453109741211,16616500
2019-07-29,EFA,53.41846466064453,11655500
2019-07-30,EFA,52.79996109008789,24945300
2019-07-31,EFA,52.45002746582031,32619000
2019-08-01,EFA,52.30354309082031,38568600
2019-08-02,EFA,51.83967971801758,37778000
2019-08-05,EFA,50.545711517333984,54766700
2019-08-06,EFA,50.887516021728516,33907400
2019-08-07,EFA,51.08283233642578,41814700
2019-08-08,EFA,51.57925796508789,29156400
2019-08-09,EFA,51.22117233276367,23227400
2019-08-12,EFA,50.814273834228516,21906000
2019-08-13,EFA,51.29442596435547,30781900
2019-08-14,EFA,49.886531829833984,39692900
2019-08-15,EFA,50.05743408203125,40936100
2019-08-16,EFA,50.65964889526367,22856400
2019-08-19,EFA,50.968902587890625,22998600
2019-08-20,EFA,50.79799270629883,21710200
2019-08-21,EFA,51.156070709228516,25971800
2019-08-22,EFA,51.058414459228516,20505100
2019-08-23,EFA,50.42364501953125,34410500
2019-08-26,EFA,50.83869171142578,27774800
2019-08-27,EFA,50.79799270629883,24511400
2019-08-28,EFA,50.79799270629883,25028400
2019-08-29,EFA,51.23746109008789,19046700
2019-08-30,EFA,51.44089889526367,33527300
2019-09-03,EFA,51.34324645996094,33998200
2019-09-04,EFA,52.067535400390625,25619300
2019-09-05,EFA,52.344234466552734,22265900
2019-09-06,EFA,52.515132904052734,21338300
2019-09-09,EFA,52.66976547241211,15965600
2019-09-10,EFA,52.75928497314453,19028800
2019-09-11,EFA,53.052249908447266,18413200
2019-09-12,EFA,53.36149978637695,30292200
2019-09-13,EFA,53.66260528564453,22132200
2019-09-16,EFA,53.182456970214844,31083600
2019-09-17,EFA,53.36149978637695,23554300
2019-09-18,EFA,53.296390533447266,17807600
2019-09-19,EFA,53.475433349609375,18972500
2019-09-20,EFA,53.353355407714844,35368700
2019-09-23,EFA,53.21500778198242,15457000
2019-09-24,EFA,53.011566162109375,32233100
2019-09-25,EFA,52.85693359375,21342600
2019-09-26,EFA,53.052249908447266,25098000
2019-09-27,EFA,52.87321090698242,20607400
2019-09-30,EFA,53.06852722167969,25423400
2019-10-01,EFA,52.54768753051758,42550500
2019-10-02,EFA,51.47345733642578,43464100
2019-10-03,EFA,51.81525802612305,39571700
2019-10-04,EFA,52.22216033935547,18837500
2019-10-07,EFA,52.15705490112305,19228000
2019-10-08,EFA,51.66877365112305,27797800
2019-10-09,EFA,52.043128967285156,22989500
2019-10-10,EFA,52.40934371948242,25532400
2019-10-11,EFA,53.34522247314453,37665600
2019-10-14,EFA,53.12549591064453,12662000
2019-10-15,EFA,53.74398422241211,24932600
2019-10-16,EFA,53.82536697387695,28518700
2019-10-17,EFA,53.9555778503418,26853900
2019-10-18,EFA,53.93115997314453,21446100
2019-10-21,EFA,54.22413635253906,29016200
2019-10-22,EFA,54.09392166137695,21293000
2019-10-23,EFA,54.38689422607422,14206200
2019-10-24,EFA,54.48454284667969,23429100
2019-10-25,EFA,54.54152297973633,17184200
2019-10-28,EFA,54.78567123413086,16490600
2019-10-29,EFA,54.769386291503906,15251900
2019-10-30,EFA,54.99726867675781,22592900
2019-10-31,EFA,54.86703872680664,22047900
2019-11-01,EFA,55.355323791503906,32338600
2019-11-04,EFA,55.640167236328125,20429900
2019-11-05,EFA,55.53437423706055,15727300
2019-11-06,EFA,55.509952545166016,16600200
2019-11-07,EFA,55.68085861206055,21271500
2019-11-08,EFA,55.6483039855957,10298800
2019-11-11,EFA,55.57505416870117,8544000
2019-11-12,EFA,55.59947204589844,18570100
2019-11-13,EFA,55.4041633605957,21006500
2019-11-14,EFA,55.24953079223633,17870900
2019-11-15,EFA,55.59947204589844,23494600
2019-11-18,EFA,55.66458511352539,20587500
2019-11-19,EFA,55.59133529663086,18664800
2019-11-20,EFA,55.24139404296875,20655200
2019-11-21,EFA,55.16815948486328,14293400
2019-11-22,EFA,55.32277297973633,14969300
2019-11-25,EFA,55.762229919433594,19329100
2019-11-26,EFA,55.72968673706055,24276000
2019-11-27,EFA,55.87616729736328,16942100
2019-11-29,EFA,55.48554992675781,11587200
2019-12-02,EFA,55.200706481933594,38855400
2019-12-03,EFA,54.99726867675781,28161500
2019-12-04,EFA,55.50181198120117,21762200
2019-12-05,EFA,55.396026611328125,21039700
2019-12-06,EFA,55.90058898925781,23179600
2019-12-09,EFA,55.607608795166016,21946200
2019-12-10,EFA,55.63201904296875,23419000
2019-12-11,EFA,55.92499542236328,16546800
2019-12-12,EFA,56.29934310913086,30690900
2019-12-13,EFA,56.68997573852539,46988400
2019-12-16,EFA,57.295684814453125,34004700
2019-12-17,EFA,56.966495513916016,28111100
2019-12-18,EFA,56.89243698120117,18590900
2019-12-19,EFA,56.89243698120117,25939200
2019-12-20,EFA,56.93357849121094,38587700
2019-12-23,EFA,57.02410125732422,21313800
2019-12-24,EFA,56.966495513916016,5947000
2019-12-26,EFA,57.2133903503418,8372000
2019-12-27,EFA,57.31214904785156,16281600
2019-12-30,EFA,56.88420486450195,24069000
2019-12-31,EFA,57.147552490234375,20142100
2020-01-02,EFA,57.7236328125,24749300
2020-01-03,EFA,57.00764083862305,29921500
2020-01-06,EFA,57.2298583984375,22636400
2020-01-07,EFA,57.073490142822266,15107500
2020-01-08,EFA,57.23809051513672,14249500
2020-01-09,EFA,57.369754791259766,13749100
2020-01-10,EFA,57.15577697753906,33832300
2020-01-13,EFA,57.452056884765625,16443000
2020-01-14,EFA,57.5096549987793,28826600
2020-01-15,EFA,57.5096549987793,12217900
2020-01-16,EFA,57.748321533203125,12883400
2020-01-17,EFA,57.92115020751953,18473700
2020-01-21,EFA,57.46028137207031,20026600
2020-01-22,EFA,57.575496673583984,14047000
2020-01-23,EFA,57.43559646606445,18720200
2020-01-24,EFA,57.18870162963867,24107500
2020-01-27,EFA,56.00361633300781,32766700
2020-01-28,EFA,56.53032684326172,18001700
2020-01-29,EFA,56.538551330566406,14916600
2020-01-30,EFA,56.489166259765625,26285300
2020-01-31,EFA,55.53451919555664,40101600
2020-02-03,EFA,55.66618347167969,35288000
2020-02-04,EFA,56.596153259277344,32540000
2020-02-05,EFA,57.139320373535156,28162100
2020-02-06,EFA,57.295684814453125,23422500
2020-02-07,EFA,56.75252151489258,22188200
2020-02-10,EFA,56.86773681640625,13957600
2020-02-11,EFA,57.25453186035156,16040600
2020-02-12,EFA,57.452056884765625,13218100
2020-02-13,EFA,57.04879379272461,20113100
2020-02-14,EFA,56.950035095214844,15005100
2020-02-18,EFA,56.58793640136719,29201900
2020-02-19,EFA,56.77721405029297,16232700
2020-02-20,EFA,56.439796447753906,24607700
2020-02-21,EFA,56.176448822021484,24361900
2020-02-24,EFA,53.929710388183594,51653500
2020-02-25,EFA,53.0408935546875,55520000
2020-02-26,EFA,53.10673904418945,64966000
2020-02-27,EFA,51.534847259521484,80201400
2020-02-28,EFA,51.222110748291016,122342000
2020-03-02,EFA,51.88050079345703,78735900
2020-03-03,EFA,51.46078109741211,77691700
2020-03-04,EFA,52.999752044677734,41681700
2020-03-05,EFA,51.59246063232422,46294000
2020-03-06,EFA,50.81885528564453,64277200
2020-03-09,EFA,46.87679672241211,68431000
2020-03-10,EFA,48.605045318603516,110061600
2020-03-11,EFA,46.12788772583008,77459000
2020-03-12,EFA,41.0583381652832,91385100
2020-03-13,EFA,43.54373550415039,73588700
2020-03-16,EFA,39.050289154052734,54122400
2020-03-17,EFA,40.951351165771484,55045400
2020-03-18,EFA,38.605873107910156,74919600
2020-03-19,EFA,39.206642150878906,65863000
2020-03-20,EFA,38.72108459472656,62803000
2020-03-23,EFA,38.26845169067383,61708000
2020-03-24,EFA,41.510986328125,51118500
2020-03-25,EFA,42.86066436767578,60405600
2020-03-26,EFA,44.7781982421875,60511800
2020-03-27,EFA,43.502586364746094,53372400
2020-03-30,EFA,44.3831787109375,45987700
2020-03-31,EFA,43.996376037597656,64906600
2020-04-01,EFA,42.04591369628906,40960200
2020-04-02,EFA,42.868892669677734,38008700
2020-04-03,EFA,41.889549255371094,33029800
2020-04-06,EFA,44.11158752441406,42257500
2020-04-07,EFA,44.35848617553711,36678000
2020-04-08,EFA,44.72059631347656,35282900
2020-04-09,EFA,45.732852935791016,42218200
2020-04-13,EFA,45.29668426513672,33424700
2020-04-14,EFA,46.10319900512695,36915600
2020-04-15,EFA,44.66299057006836,30158700
2020-04-16,EFA,44.68767547607422,37284200
2020-04-17,EFA,45.87275695800781,36205100
2020-04-20,EFA,45.189697265625,25077400
2020-04-21,EFA,44.30910110473633,35535300
2020-04-22,EFA,45.058013916015625,28732700
2020-04-23,EFA,44.91810989379883,34733400
2020-04-24,EFA,45.43658447265625,30445100
2020-04-27,EFA,46.0373649597168,30786900
2020-04-28,EFA,46.38301086425781,35115400
2020-04-29,EFA,47.54340744018555,34921800
2020-04-30,EFA,46.55583572387695,52183100
2020-05-01,EFA,45.543575286865234,32088300
2020-05-04,EFA,45.52711486816406,23432000
2020-05-05,EFA,45.60940933227539,23459100
2020-05-06,EFA,45.313140869140625,22596000
2020-05-07,EFA,45.99620819091797,30628700
2020-05-08,EFA,46.77803421020508,20445800
2020-05-11,EFA,46.73688888549805,30772300
2020-05-12,EFA,46.14434814453125,59246700
2020-05-13,EFA,45.79045867919922,31920300
2020-05-14,EFA,45.35429000854492,41217500
2020-05-15,EFA,45.39543151855469,34086000
2020-05-18,EFA,47.23067855834961,39999500
2020-05-19,EFA,46.58052062988281,31462400
2020-05-20,EFA,47.5516357421875,32827600
2020-05-21,EFA,47.00023651123047,27554400
2020-05-22,EFA,46.868568420410156,27513100
2020-05-26,EFA,48.21002197265625,46679700
2020-05-27,EFA,48.794334411621094,33723400
2020-05-28,EFA,49.25520324707031,40630200
2020-05-29,EFA,49.08237075805664,47437100
2020-06-01,EFA,50.17693328857422,30195300
2020-06-02,EFA,50.64604187011719,31663000
2020-06-03,EFA,51.855812072753906,29773100
2020-06-04,EFA,51.633602142333984,26190300
2020-06-05,EFA,52.522422790527344,31208000
2020-06-08,EFA,53.20549392700195,29644000
2020-06-09,EFA,52.514190673828125,30176500
2020-06-10,EFA,52.39897537231445,27492200
2020-06-11,EFA,49.592613220214844,54699700
2020-06-12,EFA,50.44852066040039,57668900
2020-06-15,EFA,50.65550994873047,30698700
2020-06-16,EFA,51.28150177001953,37029400
2020-06-17,EFA,51.47347640991211,26238300
2020-06-18,EFA,51.19804382324219,20035700
2020-06-19,EFA,50.94763946533203,32270800
2020-06-22,EFA,51.55695724487305,20743000
2020-06-23,EFA,51.840721130371094,20897800
2020-06-24,EFA,50.51361083984375,34030900
2020-06-25,EFA,51.231422424316406,26357100
2020-06-26,EFA,50.48857879638672,32279300
2020-06-29,EFA,50.8975715637207,23749700
2020-06-30,EFA,50.80575180053711,32612900
2020-07-01,EFA,50.99772262573242,25243100
2020-07-02,EFA,51.55695724487305,20854100
2020-07-06,EFA,52.399940490722656,21537100
2020-07-07,EFA,51.63206481933594,17394200
2020-07-08,EFA,52.06609344482422,17363400
2020-07-09,EFA,51.47347640991211,26098200
2020-07-10,EFA,52.024356842041016,22008800
2020-07-13,EFA,51.690494537353516,20515500
2020-07-14,EFA,52.45003128051758,35121300
2020-07-15,EFA,53.042640686035156,28888600
2020-07-16,EFA,52.7004280090332,24677200
2020-07-17,EFA,53.009254455566406,19641800
2020-07-20,EFA,53.268001556396484,17996600
2020-07-21,EFA,53.376502990722656,21179700
2020-07-22,EFA,53.518402099609375,18023400
2020-07-23,EFA,53.09272766113281,16080700
2020-07-24,EFA,52.80058288574219,16017900
2020-07-27,EFA,53.493350982666016,16368200
2020-07-28,EFA,53.151145935058594,20470300
2020-07-29,EFA,53.71036148071289,20055900
2020-07-30,EFA,52.91743850708008,24664100
2020-07-31,EFA,51.79065704345703,36002300
2020-08-03,EFA,52.80058288574219,23609700
2020-08-04,EFA,53.09272766113281,16236800
2020-08-05,EFA,53.268001556396484,17901300
2020-08-06,EFA,53.3264274597168,17210500
2020-08-07,EFA,53.10942077636719,14988900
2020-08-10,EFA,53.28468704223633,10049000
2020-08-11,EFA,53.47665786743164,31465500
2020-08-12,EFA,54.6618766784668,28638500
2020-08-13,EFA,54.419822692871094,17783100
2020-08-14,EFA,54.085968017578125,10874100
2020-08-17,EFA,54.494956970214844,11429900
2020-08-18,EFA,54.4615592956543,23832500
2020-08-19,EFA,54.21951675415039,15591900
2020-08-20,EFA,54.04423141479492,19825800
2020-08-21,EFA,53.76879119873047,15926400
2020-08-24,EFA,54.47825241088867,14627700
2020-08-25,EFA,54.51164245605469,18507500
2020-08-26,EFA,54.828819274902344,19549800
2020-08-27,EFA,54.26958465576172,24413900
2020-08-28,EFA,54.65354537963867,15197300
2020-08-31,EFA,54.236202239990234,24929800
2020-09-01,EFA,54.29463577270508,23945500
2020-09-02,EFA,55.02077865600586,20748400
2020-09-03,EFA,53.77714538574219,43834300
2020-09-04,EFA,53.85226058959961,33992800
2020-09-08,EFA,53.1928825378418,26869600
2020-09-09,EFA,54.18612289428711,23374000
2020-09-10,EFA,53.551788330078125,30361000
2020-09-11,EFA,54.085968017578125,29958900
2020-09-14,EFA,54.37809371948242,14663300
2020-09-15,EFA,54.7286491394043,17678700
2020-09-16,EFA,54.7286491394043,18052600
2020-09-17,EFA,54.80377197265625,18149700
2020-09-18,EFA,54.36139678955078,27897500
2020-09-21,EFA,52.984214782714844,39928700
2020-09-22,EFA,52.96752166748047,15810800
2020-09-23,EFA,52.5251579284668,18325800
2020-09-24,EFA,52.47507095336914,25234900
2020-09-25,EFA,52.65036392211914,24180700
2020-09-28,EFA,53.44327163696289,18102700
2020-09-29,EFA,53.384849548339844,16168300
2020-09-30,EFA,53.12610626220703,37083000
2020-10-01,EFA,53.43491744995117,33266700
2020-10-02,EFA,53.3264274597168,25285500
2020-10-05,EFA,54.136043548583984,14564100
2020-10-06,EFA,53.56013488769531,22901400
2020-10-07,EFA,54.01919174194336,17055500
2020-10-08,EFA,54.39479064941406,13385000
2020-10-09,EFA,54.820457458496094,22181600
2020-10-12,EFA,55.137638092041016,9676100
2020-10-13,EFA,54.519989013671875,16260500
2020-10-14,EFA,54.42817306518555,13144000
2020-10-15,EFA,53.78548812866211,20631800
2020-10-16,EFA,54.035888671875,15792600
2020-10-19,EFA,53.83556365966797,14736400
2020-10-20,EFA,54.102657318115234,23268000
2020-10-21,EFA,53.84391403198242,21699100
2020-10-22,EFA,53.88563919067383,20533700
2020-10-23,EFA,54.236202239990234,19334200
2020-10-26,EFA,53.25965118408203,17745700
2020-10-27,EFA,52.842323303222656,19616900
2020-10-28,EFA,51.26481246948242,36132600
2020-10-29,EFA,51.506858825683594,30898400
2020-10-30,EFA,51.23977279663086,35889900
2020-11-02,EFA,51.90750503540039,24388600
2020-11-03,EFA,53.268001556396484,26474500
2020-11-04,EFA,53.85226058959961,26490200
2020-11-05,EFA,55.14597702026367,28528300
2020-11-06,EFA,55.26283645629883,21980100
2020-11-09,EFA,56.87372589111328,43606500
2020-11-10,EFA,57.382877349853516,37172600
2020-11-11,EFA,57.86697006225586,16643200
2020-11-12,EFA,57.023963928222656,24076600
2020-11-13,EFA,57.90037155151367,21594600
2020-11-16,EFA,58.501312255859375,20294600
2020-11-17,EFA,58.44288635253906,18574500
2020-11-18,EFA,58.13406753540039,15018000
2020-11-19,EFA,58.54304504394531,24048000
2020-11-20,EFA,58.71833038330078,18571900
2020-11-23,EFA,58.64321517944336,14340300
2020-11-24,EFA,59.51960372924805,23399300
2020-11-25,EFA,59.444480895996094,19214900
2020-11-27,EFA,59.85346221923828,11839100
2020-11-30,EFA,58.5514030456543,46146500
2020-12-01,EFA,59.9285774230957,29860500
2020-12-02,EFA,59.936920166015625,20864700
2020-12-03,EFA,60.03709030151367,16572700
2020-12-04,EFA,60.546226501464844,18956100
2020-12-07,EFA,60.05379104614258,19537700
2020-12-08,EFA,60.26244354248047,12428100
2020-12-09,EFA,60.34591293334961,18355000
2020-12-10,EFA,60.42937469482422,20871300
2020-12-11,EFA,60.2457389831543,21812000
2020-12-14,EFA,60.2828254699707,26176400
2020-12-15,EFA,60.89805221557617,24075700
2020-12-16,EFA,61.13402557373047,15642300
2020-12-17,EFA,61.5638427734375,18633100
2020-12-18,EFA,61.24358367919922,27367900
2020-12-21,EFA,60.45981216430664,31488000
2020-12-22,EFA,60.308109283447266,20355000
2020-12-23,EFA,60.957054138183594,13577300
2020-12-24,EFA,60.98233413696289,7252900
2020-12-28,EFA,61.479557037353516,11142200
2020-12-29,EFA,61.87565612792969,17541500
2020-12-30,EFA,61.95991897583008,15147100
2020-12-31,EFA,61.48799514770508,34218500
2021-01-04,EFA,61.808231353759766,26703400
2021-01-05,EFA,62.44874572753906,19748500
2021-01-06,EFA,63.165077209472656,25426900
2021-01-07,EFA,63.232505798339844,18783700
2021-01-08,EFA,63.822444915771484,25272200
2021-01-11,EFA,62.98809814453125,23190200
2021-01-12,EFA,63.274654388427734,20914000
2021-01-13,EFA,63.19038772583008,15580700
2021-01-14,EFA,63.69601821899414,22607500
2021-01-15,EFA,62.701560974121094,27355900
2021-01-19,EFA,63.15665054321289,20162300
2021-01-20,EFA,63.586456298828125,14419000
2021-01-21,EFA,63.63703536987305,20536300
2021-01-22,EFA,63.33363723754883,18854700
2021-01-25,EFA,63.257781982421875,21748100
2021-01-26,EFA,63.350502014160156,14175200
2021-01-27,EFA,61.90093231201172,31245200
2021-01-28,EFA,62.297035217285156,26658600
2021-01-29,EFA,61.00761032104492,42149500
2021-02-01,EFA,61.73239517211914,23243900
2021-02-02,EFA,62.35602951049805,20388500
2021-02-03,EFA,62.50773620605469,11345800
2021-02-04,EFA,62.57514953613281,10500300
2021-02-05,EFA,62.96282196044922,10955600
2021-02-08,EFA,63.401065826416016,16405600
2021-02-09,EFA,63.74658203125,16337600
2021-02-10,EFA,63.52747344970703,15402800
2021-02-11,EFA,63.957298278808594,12314100
2021-02-12,EFA,64.31123352050781,11946800
2021-02-16,EFA,64.77476501464844,20225600
2021-02-17,EFA,64.39551544189453,19198800
2021-02-18,EFA,64.07525634765625,19191700
2021-02-19,EFA,64.26067352294922,14962300
2021-02-22,EFA,64.10054779052734,19515800
2021-02-23,EFA,64.15953826904297,25014500
2021-02-24,EFA,64.36180114746094,21877600
2021-02-25,EFA,63.266212463378906,36921800
2021-02-26,EFA,62.37289047241211,48798100
2021-03-01,EFA,63.54433059692383,24268100
2021-03-02,EFA,63.476898193359375,22204900
2021-03-03,EFA,63.089237213134766,20856100
2021-03-04,EFA,62.490875244140625,34648600
2021-03-05,EFA,62.89540100097656,29694200
2021-03-08,EFA,62.67628860473633,25080900
2021-03-09,EFA,63.519039154052734,19060200
2021-03-10,EFA,63.78873062133789,19467400
2021-03-11,EFA,64.12582397460938,15485300
2021-03-12,EFA,64.28594970703125,16342500
2021-03-15,EFA,64.33650207519531,17320100
2021-03-16,EFA,64.44609069824219,16662600
2021-03-17,EFA,64.82533264160156,16305000
2021-03-18,EFA,64.23538970947266,23176300
2021-03-19,EFA,64.41236114501953,31465200
2021-03-22,EFA,64.47136688232422,27978200
2021-03-23,EFA,63.57804489135742,22514200
2021-03-24,EFA,63.257781982421875,20717000
2021-03-25,EFA,63.7297248840332,25183000
2021-03-26,EFA,64.5556411743164,27419100
2021-03-29,EFA,64.30282592773438,18381600
2021-03-30,EFA,64.2185287475586,15377400
2021-03-31,EFA,63.940433502197266,32191600
2021-04-01,EFA,64.77476501464844,26312600
2021-04-05,EFA,65.71866607666016,20340500
2021-04-06,EFA,65.01915740966797,18995900
2021-04-07,EFA,65.15399932861328,14349400
2021-04-08,EFA,65.52481842041016,15502500
2021-04-09,EFA,65.72708892822266,16330500
2021-04-12,EFA,65.36468505859375,13729500
2021-04-13,EFA,65.74394226074219,12712500
2021-04-14,EFA,65.79450225830078,13079200
2021-04-15,EFA,66.34230041503906,20480100
2021-04-16,EFA,66.82267761230469,17058700
2021-04-19,EFA,66.7046890258789,15206800
2021-04-20,EFA,65.50796508789062,29570100
2021-04-21,EFA,66.18217468261719,15615600
2021-04-22,EFA,65.96306610107422,22677800
2021-04-23,EFA,66.63727569580078,18607900
2021-04-26,EFA,66.68783569335938,14052100
2021-04-27,EFA,66.46871185302734,13612200
2021-04-28,EFA,66.63727569580078,14288600
2021-04-29,EFA,66.66255187988281,16411000
2021-04-30,EFA,65.82821655273438,28951400
2021-05-03,EFA,66.55298614501953,21382200
2021-05-04,EFA,65.56696319580078,29144900
2021-05-05,EFA,66.46028900146484,17680000
2021-05-06,EFA,67.0080795288086,21533100
2021-05-07,EFA,67.76657104492188,23316000
2021-05-10,EFA,67.40419006347656,16927500
2021-05-11,EFA,66.51927947998047,34624600
2021-05-12,EFA,65.4573974609375,32608200
2021-05-13,EFA,65.94619750976562,36208800
2021-05-14,EFA,67.05022430419922,18601700
2021-05-17,EFA,66.92382049560547,16699500
2021-05-18,EFA,67.06707000732422,16526900
2021-05-19,EFA,66.47713470458984,30391700
2021-05-20,EFA,67.35362243652344,21650300
2021-05-21,EFA,67.44631958007812,26751600
2021-05-24,EFA,67.8592758178711,12267900
2021-05-25,EFA,67.87613677978516,14338900
2021-05-26,EFA,67.83399200439453,12732000
2021-05-27,EFA,67.96041107177734,16211200
2021-05-28,EFA,68.12052917480469,21449500
2021-06-01,EFA,68.36491394042969,27524200
2021-06-02,EFA,68.59248352050781,13561200
2021-06-03,EFA,68.25538635253906,16987600
2021-06-04,EFA,68.83688354492188,13335200
2021-06-07,EFA,69.06442260742188,16738700
2021-06-08,EFA,69.03071594238281,13218700
2021-06-09,EFA,68.84530639648438,20203600
2021-06-10,EFA,69.03495788574219,16555200
2021-06-11,EFA,69.19725799560547,12864700
2021-06-14,EFA,69.31687927246094,17044400
2021-06-15,EFA,69.40229797363281,17729200
2021-06-16,EFA,68.97515106201172,21706700
2021-06-17,EFA,68.49676513671875,27756300
2021-06-18,EFA,67.07865142822266,36755100
2021-06-21,EFA,67.95855712890625,20228000
2021-06-22,EFA,67.96709442138672,14010200
2021-06-23,EFA,67.53142547607422,17074600
2021-06-24,EFA,68.18067169189453,19833300
2021-06-25,EFA,68.32589721679688,12418800
2021-06-28,EFA,67.89020538330078,26952900
2021-06-29,EFA,67.90729522705078,9357500
2021-06-30,EFA,67.38617706298828,33578500
2021-07-01,EFA,67.54849243164062,28075400
2021-07-02,EFA,67.77914428710938,13712600
2021-07-06,EFA,67.33492279052734,21289800
2021-07-07,EFA,67.7022705078125,21686400
2021-07-08,EFA,66.83090209960938,24175500
2021-07-09,EFA,67.96709442138672,35200100
2021-07-12,EFA,68.25755310058594,11995800
2021-07-13,EFA,67.89876556396484,15689500
2021-07-14,EFA,68.05252838134766,14023600
2021-07-15,EFA,67.40327453613281,21637900
2021-07-16,EFA,66.90779113769531,23034100
2021-07-19,EFA,65.69470977783203,44844800
2021-07-20,EFA,66.17310333251953,30309900
2021-07-21,EFA,67.18115234375,22928600
2021-07-22,EFA,67.206787109375,15874000
2021-07-23,EFA,67.6766357421875,16550600
2021-07-26,EFA,67.77062225341797,14870900
2021-07-27,EFA,67.49723052978516,20952500
2021-07-28,EFA,67.78768920898438,19700600
2021-07-29,EFA,68.25755310058594,23670000
2021-07-30,EFA,67.90729522705078,23997100
2021-08-02,EFA,68.2490234375,25364000
2021-08-03,EFA,68.7359619140625,19028100
2021-08-04,EFA,68.53092193603516,12852000
2021-08-05,EFA,68.86409759521484,11868900
2021-08-06,EFA,68.6078109741211,10892500
2021-08-09,EFA,68.57365417480469,7897000
2021-08-10,EFA,68.72740936279297,10438200
2021-08-11,EFA,69.19725799560547,14996100
2021-08-12,EFA,69.13745880126953,12443200
2021-08-13,EFA,69.55607604980469,14590400
2021-08-16,EFA,69.19725799560547,19192300
2021-08-17,EFA,68.54801940917969,23555000
2021-08-18,EFA,68.2831802368164,16384700
2021-08-19,EFA,67.60830688476562,30515300
2021-08-20,EFA,67.87312316894531,15774200
2021-08-23,EFA,68.50529479980469,22524800
2021-08-24,EFA,68.6505355834961,13722900
2021-08-25,EFA,68.67615509033203,12891400
2021-08-26,EFA,68.31734466552734,16927900
2021-08-27,EFA,68.94100189208984,24935800
2021-08-30,EFA,68.92389678955078,8142000
2021-08-31,EFA,68.88972473144531,18738400
2021-09-01,EFA,69.51335144042969,30472100
2021-09-02,EFA,69.7952651977539,13827400
2021-09-03,EFA,70.11135864257812,16303200
2021-09-07,EFA,70.16260528564453,13967800
2021-09-08,EFA,69.6073226928711,22764200
2021-09-09,EFA,69.48771667480469,18963300
2021-09-10,EFA,69.33396911621094,26709900
2021-09-13,EFA,69.8807144165039,22335000
2021-09-14,EFA,69.59024047851562,19177500
2021-09-15,EFA,69.7952651977539,26233800
2021-09-16,EFA,69.68421936035156,25765500
2021-09-17,EFA,68.7701187133789,37070600
2021-09-20,EFA,67.49723052978516,45028000
2021-09-21,EFA,68.16358947753906,37472300
2021-09-22,EFA,68.50529479980469,28718400
2021-09-23,EFA,69.24851989746094,31257800
2021-09-24,EFA,68.59928131103516,20066300
2021-09-27,EFA,68.55655670166016,15526500
2021-09-28,EFA,67.0615463256836,48064900
2021-09-29,EFA,66.90779113769531,31733200
2021-09-30,EFA,66.64295959472656,39506300
2021-10-01,EFA,66.80525970458984,44524800
2021-10-04,EFA,66.10476684570312,32751400
2021-10-05,EFA,66.55753326416016,25903300
2021-10-06,EFA,66.11329650878906,36917200
2021-10-07,EFA,66.6258773803711,19908700
2021-10-08,EFA,66.6173324584961,23628700
2021-10-11,EFA,66.40374755859375,23542500
2021-10-12,EFA,66.43791961669922,18697400
2021-10-13,EFA,67.09573364257812,23073600
2021-10-14,EFA,67.7620620727539,19304400
2021-10-15,EFA,68.32589721679688,24447200
2021-10-18,EFA,68.03543090820312,19044700
2021-10-19,EFA,68.44550323486328,14649000
2021-10-20,EFA,68.68468475341797,11235500
2021-10-21,EFA,68.36006164550781,16278800
2021-10-22,EFA,68.7701187133789,22173500
2021-10-25,EFA,68.63343811035156,13658000
2021-10-26,EFA,68.7701187133789,10552900
2021-10-27,EFA,68.49676513671875,18449000
2021-10-28,EFA,69.16310119628906,15260200
2021-10-29,EFA,68.76158905029297,25406900
2021-11-01,EFA,69.42793273925781,20337400
2021-11-02,EFA,69.28269958496094,10184500
2021-11-03,EFA,69.8465347290039,14911000
2021-11-04,EFA,69.80382537841797,14083300
2021-11-05,EFA,69.9063491821289,15593600
2021-11-08,EFA,69.89778137207031,9065900
2021-11-09,EFA,69.7440185546875,16011200
2021-11-10,EFA,68.89827728271484,21546800
2021-11-11,EFA,69.1460189819336,9264600
2021-11-12,EFA,69.52190399169922,14817900
2021-11-15,EFA,69.39376831054688,14064500
2021-11-16,EFA,69.23999786376953,12167900
2021-11-17,EFA,69.1545639038086,10415400
2021-11-18,EFA,69.22289276123047,13236800
2021-11-19,EFA,68.63343811035156,20761900
2021-11-22,EFA,68.23191833496094,17802300
2021-11-23,EFA,68.16358947753906,26736800
2021-11-24,EFA,67.71080780029297,20238700
2021-11-26,EFA,65.89116668701172,37776000
2021-11-29,EFA,66.22435760498047,31913600
2021-11-30,EFA,65.64344024658203,52770800
2021-12-01,EFA,65.26756286621094,43883900
2021-12-02,EFA,66.07911682128906,42264500
2021-12-03,EFA,65.80574035644531,46147500
2021-12-06,EFA,66.43791961669922,30884300
2021-12-07,EFA,67.83897399902344,28244900
2021-12-08,EFA,67.96709442138672,21619400
2021-12-09,EFA,67.40327453613281,32026500
2021-12-10,EFA,67.54849243164062,23412200
2021-12-13,EFA,66.91575622558594,27594700
2021-12-14,EFA,66.55941009521484,30040400
2021-12-15,EFA,67.46333312988281,31109400
2021-12-16,EFA,67.47200775146484,44621100
2021-12-17,EFA,66.62025451660156,44476200
2021-12-20,EFA,66.47248840332031,26303400
2021-12-21,EFA,67.21126556396484,22744100
2021-12-22,EFA,67.83706665039062,21609700
2021-12-23,EFA,68.23686218261719,28320000
2021-12-27,EFA,68.76705169677734,15219700
2021-12-28,EFA,68.79312133789062,15631300
2021-12-29,EFA,68.76705169677734,15046900
2021-12-30,EFA,68.58676147460938,20617500
2021-12-31,EFA,68.52579498291016,23252200
2022-01-03,EFA,68.96996307373047,24096900
2022-01-04,EFA,69.36189270019531,24314300
2022-01-05,EFA,68.75223541259766,24704100
2022-01-06,EFA,68.40385437011719,32472900
2022-01-07,EFA,68.60417938232422,22833900
2022-01-10,EFA,67.96839141845703,45587600
2022-01-11,EFA,68.70870208740234,30847000
2022-01-12,EFA,69.37932586669922,30780700
2022-01-13,EFA,68.87417602539062,24991200
2022-01-14,EFA,68.80449676513672,26136500
2022-01-18,EFA,67.79419708251953,37504600
2022-01-19,EFA,67.73323059082031,34437700
2022-01-20,EFA,67.40226745605469,38225400
2022-01-21,EFA,66.48777770996094,60761300
2022-01-24,EFA,65.82586669921875,85455900
2022-01-25,EFA,65.42523193359375,54516800
2022-01-26,EFA,65.17266082763672,55217000
2022-01-27,EFA,64.86783599853516,46252100
2022-01-28,EFA,65.0855712890625,44588300
2022-01-31,EFA,66.0348892211914,38299200
2022-02-01,EFA,66.66197204589844,53240700
2022-02-02,EFA,67.15840911865234,35225900
2022-02-03,EFA,66.09587097167969,46207200
2022-02-04,EFA,66.25263214111328,32188300
2022-02-07,EFA,66.36585235595703,17045500
2022-02-08,EFA,66.70552825927734,27066900
2022-02-09,EFA,67.7854995727539,26858900
2022-02-10,EFA,66.92325592041016,27349500
2022-02-11,EFA,65.9129638671875,51519400
2022-02-14,EFA,65.48619842529297,45356000
2022-02-15,EFA,66.6881103515625,30223600
2022-02-16,EFA,66.940673828125,22557600
2022-02-17,EFA,65.8607177734375,34691300
2022-02-18,EFA,65.58200073242188,34752000
2022-02-22,EFA,64.81558227539062,32967600
2022-02-23,EFA,64.28430938720703,39771800
2022-02-24,EFA,63.42207717895508,72044600
2022-02-25,EFA,65.00718688964844,47641800
2022-02-28,EFA,63.770442962646484,50821600
2022-03-01,EFA,62.3769416809082,49003900
2022-03-02,EFA,63.16077423095703,43906000
2022-03-03,EFA,61.91532516479492,44389700
2022-03-04,EFA,60.12119674682617,54455500
2022-03-07,EFA,58.21383285522461,55499400
2022-03-08,EFA,58.71897506713867,56682500
2022-03-09,EFA,61.17503356933594,55565000
2022-03-10,EFA,60.443450927734375,33804200
2022-03-11,EFA,59.79024124145508,32380700
2022-03-14,EFA,60.338932037353516,32048200
2022-03-15,EFA,60.91375732421875,36961200
2022-03-16,EFA,63.09981918334961,44821400
2022-03-17,EFA,63.63108825683594,35025600
2022-03-18,EFA,64.24947357177734,36684100
2022-03-21,EFA,63.84882354736328,29985700
2022-03-22,EFA,64.44977569580078,21840800
2022-03-23,EFA,63.613677978515625,22375800
2022-03-24,EFA,64.20592498779297,22098200
2022-03-25,EFA,64.24075317382812,18372100
2022-03-28,EFA,64.03172302246094,24829900
2022-03-29,EFA,65.45137023925781,25591200
2022-03-30,EFA,65.18136596679688,22487000
2022-03-31,EFA,64.10140991210938,31677200
2022-04-01,EFA,64.7023696899414,23182800
2022-04-04,EFA,64.96363067626953,20875700
2022-04-05,EFA,64.08399200439453,27759400
2022-04-06,EFA,63.31755447387695,30692700
2022-04-07,EFA,63.456905364990234,27838500
2022-04-08,EFA,63.4830322265625,21937200
2022-04-11,EFA,62.812416076660156,22149900
2022-04-12,EFA,62.342098236083984,28916200
2022-04-13,EFA,63.01272201538086,20164900
2022-04-14,EFA,62.725311279296875,19861900
2022-04-18,EFA,62.35952377319336,18508900
2022-04-19,EFA,62.6556396484375,24863500
2022-04-20,EFA,63.07368469238281,30249800
2022-04-21,EFA,62.394351959228516,32960800
2022-04-22,EFA,61.375362396240234,34878400
2022-04-25,EFA,61.07923889160156,37193600
2022-04-26,EFA,59.3721809387207,41284200
2022-04-27,EFA,59.642181396484375,43593100
2022-04-28,EFA,60.48698806762695,32154000
2022-04-29,EFA,59.781524658203125,54305300
2022-05-02,EFA,59.63346862792969,45813900
2022-05-03,EFA,60.07765197753906,39643500
2022-05-04,EFA,61.13150405883789,47419100
2022-05-05,EFA,59.16315841674805,38827000
2022-05-06,EFA,58.58833312988281,48268900
2022-05-09,EFA,56.82032012939453,50145000
2022-05-10,EFA,57.24708557128906,57682400
2022-05-11,EFA,56.90740966796875,49751100
2022-05-12,EFA,56.768070220947266,39410900
2022-05-13,EFA,58.34446716308594,34682200
2022-05-16,EFA,58.39673614501953,21254300
2022-05-17,EFA,59.485408782958984,31487000
2022-05-18,EFA,58.065773010253906,23553000
2022-05-19,EFA,58.62317657470703,35999600
2022-05-20,EFA,59.023807525634766,36357000
2022-05-23,EFA,60.02539825439453,23838500
2022-05-24,EFA,59.9295768737793,19504600
2022-05-25,EFA,59.94700241088867,18826400
2022-05-26,EFA,60.60892105102539,20930500
2022-05-27,EFA,61.340511322021484,13697600
2022-05-31,EFA,60.97472381591797,25025200
2022-06-01,EFA,60.33021926879883,28336400
2022-06-02,EFA,61.58439254760742,21642000
2022-06-03,EFA,60.70471954345703,21327200
2022-06-06,EFA,60.9485969543457,15192300
2022-06-07,EFA,61.13150405883789,19039600
2022-06-08,EFA,60.27796173095703,21219400
2022-06-09,EFA,59.012088775634766,25675700
2022-06-10,EFA,57.587745666503906,34102000
2022-06-13,EFA,55.68269348144531,54218000
2022-06-14,EFA,55.157474517822266,38601700
2022-06-15,EFA,56.19011688232422,37790700
2022-06-16,EFA,54.952720642089844,38025300
2022-06-17,EFA,54.730167388916016,43097500
2022-06-21,EFA,55.55807113647461,31891400
2022-06-22,EFA,55.18417739868164,30368200
2022-06-23,EFA,55.12186050415039,26482500
2022-06-24,EFA,56.76875305175781,31235000
2022-06-27,EFA,56.52840042114258,20987600
2022-06-28,EFA,56.145606994628906,19187400
2022-06-29,EFA,55.93195343017578,18226800
2022-06-30,EFA,55.62928771972656,37316200
2022-07-01,EFA,55.762813568115234,26046600
2022-07-05,EFA,54.56993865966797,30911300
2022-07-06,EFA,54.614444732666016,18030000
2022-07-07,EFA,55.44233703613281,17215100
2022-07-08,EFA,55.50465393066406,13135200
2022-07-11,EFA,54.60554504394531,15757900
2022-07-12,EFA,54.59663772583008,16350500
2022-07-13,EFA,54.56993865966797,17907500
2022-07-14,EFA,53.804351806640625,25329100
2022-07-15,EFA,54.65895462036133,28570100
2022-07-18,EFA,54.88151168823242,23785600
2022-07-19,EFA,56.3770637512207,25474500
2022-07-20,EFA,56.003173828125,18738200
2022-07-21,EFA,56.58181381225586,19165500
2022-07-22,EFA,56.43938064575195,18771500
2022-07-25,EFA,56.87557601928711,17451300
2022-07-26,EFA,56.08329391479492,11610000
2022-07-27,EFA,57.40970230102539,20945500
2022-07-28,EFA,57.70347213745117,19385400
2022-07-29,EFA,58.50467300415039,23958000
2022-08-01,EFA,58.58478546142578,19450500
2022-08-02,EFA,57.65007019042969,17857700
2022-08-03,EFA,57.98834228515625,16011100
2022-08-04,EFA,58.28211212158203,15153600
2022-08-05,EFA,57.87261962890625,15130400
2022-08-08,EFA,58.00615310668945,12069100
2022-08-09,EFA,57.6945686340332,10867800
2022-08-10,EFA,58.99428176879883,16870800
2022-08-11,EFA,58.97647476196289,11539400
2022-08-12,EFA,59.43048858642578,13680300
2022-08-15,EFA,59.074398040771484,15733100
2022-08-16,EFA,59.05659484863281,13497100
2022-08-17,EFA,58.58478546142578,14822100
2022-08-18,EFA,58.388938903808594,14303900
2022-08-19,EFA,57.587745666503906,20257600
2022-08-22,EFA,56.6085205078125,20062200
2022-08-23,EFA,56.63522720336914,19101400
2022-08-24,EFA,56.70643997192383,12086600
2022-08-25,EFA,57.329593658447266,13980500
2022-08-26,EFA,55.82513427734375,19338300
2022-08-29,EFA,55.700504302978516,16199700
2022-08-30,EFA,55.299903869628906,24907400
2022-08-31,EFA,54.9260139465332,32178200
2022-09-01,EFA,54.18714141845703,33526300
2022-09-02,EFA,53.83106231689453,28234000
2022-09-06,EFA,53.69752883911133,21862300
2022-09-07,EFA,54.16933822631836,21289000
2022-09-08,EFA,54.20494079589844,17589900
2022-09-09,EFA,55.58477783203125,22655100
2022-09-12,EFA,56.359256744384766,22338600
2022-09-13,EFA,54.400794982910156,26513900
2022-09-14,EFA,54.578834533691406,19052800
2022-09-15,EFA,54.098121643066406,23181900
2022-09-16,EFA,53.768741607666016,31914300
2022-09-19,EFA,53.9556884765625,19597500
2022-09-20,EFA,53.03877258300781,23429600
2022-09-21,EFA,52.34440612792969,22678800
2022-09-22,EFA,52.19306945800781,25400900
2022-09-23,EFA,50.52837371826172,33958900
2022-09-26,EFA,49.780601501464844,41892400
2022-09-27,EFA,49.442317962646484,38742700
2022-09-28,EFA,50.63520431518555,35116000
2022-09-29,EFA,50.038761138916016,30971600
2022-09-30,EFA,49.8607177734375,38527600
2022-10-03,EFA,50.848854064941406,37451600
2022-10-04,EFA,52.88743591308594,32480200
2022-10-05,EFA,52.326602935791016,28550700
2022-10-06,EFA,51.40968704223633,28668800
2022-10-07,EFA,50.59069061279297,22200000
2022-10-10,EFA,50.30582046508789,26510200
2022-10-11,EFA,49.75389099121094,26577200
2022-10-12,EFA,49.59365463256836,24455800
2022-10-13,EFA,50.617401123046875,48010100
2022-10-14,EFA,49.8607177734375,28145900
2022-10-17,EFA,51.089210510253906,32731000
2022-10-18,EFA,51.454193115234375,26876700
2022-10-19,EFA,50.8221435546875,22958200
2022-10-20,EFA,50.7064094543457,25989700
2022-10-21,EFA,51.62333679199219,37761800
2022-10-24,EFA,51.63223648071289,20327600
2022-10-25,EFA,52.771705627441406,21583300
2022-10-26,EFA,53.270225524902344,27095500
2022-10-27,EFA,52.771705627441406,20349600
2022-10-28,EFA,53.29692840576172,19235500
2022-10-31,EFA,52.79840850830078,27032700
2022-11-01,EFA,53.21681213378906,42687000
2022-11-02,EFA,52.44232940673828,30497700
2022-11-03,EFA,51.99722671508789,23604200
2022-11-04,EFA,54.080318450927734,33756400
2022-11-07,EFA,54.24945831298828,19904600
2022-11-08,EFA,54.863704681396484,19882900
2022-11-09,EFA,54.098121643066406,22418600
2022-11-10,EFA,57.13374328613281,29640900
2022-11-11,EFA,58.27320861816406,24071300
2022-11-14,EFA,57.658958435058594,21599900
2022-11-15,EFA,58.04175567626953,34956600
2022-11-16,EFA,57.908233642578125,22730400
2022-11-17,EFA,57.88151931762695,21271100
2022-11-18,EFA,57.99724578857422,18431100
2022-11-21,EFA,57.5610466003418,21877400
2022-11-22,EFA,58.36223220825195,14698700
2022-11-23,EFA,59.003177642822266,13400800
2022-11-25,EFA,59.30586242675781,10934400
2022-11-28,EFA,58.540283203125,18618500
2022-11-29,EFA,58.70941162109375,17666900
2022-11-30,EFA,59.75096130371094,41966500
2022-12-01,EFA,60.32959747314453,24209700
2022-12-02,EFA,60.285091400146484,36230700
2022-12-05,EFA,59.4927978515625,26304900
2022-12-06,EFA,59.225738525390625,25663000
2022-12-07,EFA,59.225738525390625,23274300
2022-12-08,EFA,59.528411865234375,20080400
2022-12-09,EFA,59.564022064208984,25772900
2022-12-12,EFA,59.742061614990234,18725400
2022-12-13,EFA,60.589359283447266,29377300
2022-12-14,EFA,60.535728454589844,23707700
2022-12-15,EFA,58.989501953125,25617500
2022-12-16,EFA,58.471099853515625,23998700
2022-12-19,EFA,58.328102111816406,21180700
2022-12-20,EFA,58.560482025146484,21440600
2022-12-21,EFA,59.16824722290039,17112200
2022-12-22,EFA,58.68561553955078,21251200
2022-12-23,EFA,58.89118194580078,12536600
2022-12-27,EFA,58.98054885864258,16247400
2022-12-28,EFA,58.35491943359375,14526900
2022-12-29,EFA,59.2755012512207,17455400
2022-12-30,EFA,58.6677360534668,25629000
2023-01-03,EFA,59.18613815307617,25179300
2023-01-04,EFA,59.97265625,26751400
2023-01-05,EFA,59.37382507324219,17376900
2023-01-06,EFA,60.893253326416016,17951400
2023-01-09,EFA,61.152442932128906,23392800
2023-01-10,EFA,61.33120346069336,18811500
2023-01-11,EFA,61.79596710205078,17732700
2023-01-12,EFA,62.70763397216797,19767100
2023-01-13,EFA,63.03831481933594,18092100
2023-01-17,EFA,63.23495101928711,25184100
2023-01-18,EFA,63.01151657104492,35935300
2023-01-19,EFA,62.9131965637207,23519000
2023-01-20,EFA,63.46733474731445,28289500
2023-01-23,EFA,63.726539611816406,24252900
2023-01-24,EFA,63.646087646484375,12996500
2023-01-25,EFA,64.06616973876953,14250500
2023-01-26,EFA,64.11979675292969,13272300
2023-01-27,EFA,63.99466323852539,13986800
2023-01-30,EFA,63.583534240722656,14111500
2023-01-31,EFA,63.94998550415039,23544400
2023-02-01,EFA,64.5219955444336,27861400
2023-02-02,EFA,64.4326171875,15588000
2023-02-03,EFA,63.83378219604492,18589800
2023-02-06,EFA,63.18132781982422,18409500
2023-02-07,EFA,63.71760559082031,19440100
2023-02-08,EFA,63.32433319091797,18281400
2023-02-09,EFA,63.440521240234375,10875300
2023-02-10,EFA,63.16344451904297,16681200
2023-02-13,EFA,63.798030853271484,11806300
2023-02-14,EFA,63.91422653198242,14082900
2023-02-15,EFA,63.62822341918945,14031200
2023-02-16,EFA,63.31538772583008,13151000
2023-02-17,EFA,63.47627639770508,13768200
2023-02-21,EFA,62.77912139892578,14419700
2023-02-22,EFA,62.4305534362793,12991700
2023-02-23,EFA,62.75231170654297,25783700
2023-02-24,EFA,61.70659637451172,25120200
2023-02-27,EFA,62.439483642578125,19736300
2023-02-28,EFA,61.98366165161133,28408000
2023-03-01,EFA,62.31435775756836,20961000
2023-03-02,EFA,62.439483642578125,20540100
2023-03-03,EFA,63.35114669799805,23663300
2023-03-06,EFA,63.19025802612305,22289600
2023-03-07,EFA,62.1356086730957,26319800
2023-03-08,EFA,62.475242614746094,21016200
2023-03-09,EFA,62.0194091796875,25914100
2023-03-10,EFA,61.3580207824707,31703800
2023-03-13,EFA,60.93794250488281,27005100
2023-03-14,EFA,61.75127029418945,18054000
2023-03-15,EFA,59.83858108520508,37928500
2023-03-16,EFA,60.76811981201172,33179100
2023-03-17,EFA,60.044151306152344,23846200
2023-03-20,EFA,60.98263168334961,24003200
2023-03-21,EFA,61.90322494506836,16669400
2023-03-22,EFA,61.6887092590332,16277900
2023-03-23,EFA,61.69765090942383,23067200
2023-03-24,EFA,61.50996398925781,27879000
2023-03-27,EFA,62.090919494628906,23269300
2023-03-28,EFA,62.11772155761719,20324500
2023-03-29,EFA,62.868507385253906,29119300
2023-03-30,EFA,63.601402282714844,21615800
2023-03-31,EFA,63.92316436767578,28532600
2023-04-03,EFA,64.4326171875,20737100
2023-04-04,EFA,64.44156646728516,15364600
2023-04-05,EFA,63.99466323852539,16313900
2023-04-06,EFA,64.29854583740234,13659900
2023-04-10,EFA,64.25386810302734,12854000
2023-04-11,EFA,64.46836853027344,11264100
2023-04-12,EFA,64.87950897216797,13241500
2023-04-13,EFA,65.71072387695312,12233000
2023-04-14,EFA,65.44258880615234,14209900
2023-04-17,EFA,65.3263931274414,17323800
2023-04-18,EFA,65.68390655517578,13753400
2023-04-19,EFA,65.47834777832031,8840800
2023-04-20,EFA,65.47834777832031,12478600
2023-04-21,EFA,65.80904388427734,14053000
2023-04-24,EFA,65.9788589477539,12864900
2023-04-25,EFA,65.05825805664062,12582200
2023-04-26,EFA,65.01358795166016,16928600
2023-04-27,EFA,65.82691955566406,14505700
2023-04-28,EFA,65.80010223388672,16936800
2023-05-01,EFA,65.70178985595703,24499500
2023-05-02,EFA,65.04039001464844,12907200
2023-05-03,EFA,65.21021270751953,13977300
2023-05-04,EFA,65.07614135742188,17411200
2023-05-05,EFA,66.03247833251953,11096900
2023-05-08,EFA,66.05036163330078,7533200
2023-05-09,EFA,65.78221893310547,14835400
2023-05-10,EFA,65.64814758300781,14009800
2023-05-11,EFA,65.48726654052734,14971700
2023-05-12,EFA,65.37109375,15823200
2023-05-15,EFA,65.8716049194336,10580600
2023-05-16,EFA,65.24596405029297,13335700
2023-05-17,EFA,65.54984283447266,21491300
2023-05-18,EFA,65.45153045654297,10657000
2023-05-19,EFA,65.83586120605469,15971200
2023-05-22,EFA,65.85372924804688,12122700
2023-05-23,EFA,64.88844299316406,19215100
2023-05-24,EFA,63.9410400390625,21758100
2023-05-25,EFA,63.85166549682617,17393700
2023-05-26,EFA,64.47730255126953,11189800
2023-05-30,EFA,63.82484436035156,13979800
2023-05-31,EFA,63.16344451904297,32754700
2023-06-01,EFA,64.1019287109375,29681600
2023-06-02,EFA,64.93314361572266,18693500
2023-06-05,EFA,64.5577392578125,18029700
2023-06-06,EFA,65.0940170288086,17811900
2023-06-07,EFA,64.52152252197266,29259200
2023-06-08,EFA,65.20413970947266,15781000
2023-06-09,EFA,65.09493255615234,15419000
2023-06-12,EFA,65.37708282470703,15814700
2023-06-13,EFA,65.99597930908203,17620600
2023-06-14,EFA,66.24172973632812,17305800
2023-06-15,EFA,66.94256591796875,14597200
2023-06-16,EFA,66.79693603515625,20036200
2023-06-20,EFA,65.91407012939453,16873000
2023-06-21,EFA,66.01419830322266,11322700
2023-06-22,EFA,65.6046142578125,11313300
2023-06-23,EFA,64.58523559570312,15929700
2023-06-26,EFA,64.66715240478516,12950900
2023-06-27,EFA,65.2314453125,11034100
2023-06-28,EFA,65.27696228027344,9256500
2023-06-29,EFA,65.18595123291016,6736000
2023-06-30,EFA,65.98689270019531,28381100
2023-07-03,EFA,65.91407012939453,13375500
2023-07-05,EFA,65.17684173583984,15971500
2023-07-06,EFA,64.0482406616211,17415300
2023-07-07,EFA,64.53062438964844,16721300
2023-07-10,EFA,64.71265411376953,9486000
2023-07-11,EFA,65.29517364501953,12811300
2023-07-12,EFA,66.5420913696289,16111100
2023-07-13,EFA,67.60697174072266,12707500
2023-07-14,EFA,67.22471618652344,12549100
2023-07-17,EFA,67.1427993774414,15876600
2023-07-18,EFA,67.57967376708984,11519400
2023-07-19,EFA,67.54326629638672,11138700
2023-07-20,EFA,67.1974105834961,14843900
2023-07-21,EFA,67.33393859863281,10318400
2023-07-24,EFA,67.17011260986328,9421100
2023-07-25,EFA,67.24291229248047,9151000
2023-07-26,EFA,67.4249496459961,12325300
2023-07-27,EFA,67.27022552490234,12775700
2023-07-28,EFA,67.75261688232422,15891100
2023-07-31,EFA,67.77079772949219,13797600
2023-08-01,EFA,66.92435455322266,16707800
2023-08-02,EFA,65.67743682861328,16805400
2023-08-03,EFA,65.49539947509766,12745700
2023-08-04,EFA,65.67743682861328,14079600
2023-08-07,EFA,66.23263549804688,12940600
2023-08-08,EFA,65.83216857910156,14144400
2023-08-09,EFA,65.81394958496094,12188700
2023-08-10,EFA,66.09611511230469,16788900
2023-08-11,EFA,65.65013122558594,14863700
2023-08-14,EFA,65.35887908935547,9959400
2023-08-15,EFA,64.548828125,13863600
2023-08-16,EFA,64.02092742919922,10940100
2023-08-17,EFA,63.565853118896484,14730500
2023-08-18,EFA,63.565853118896484,13617500
2023-08-21,EFA,63.80249786376953,15838400
2023-08-22,EFA,63.68417739868164,10563000
2023-08-23,EFA,64.37590026855469,12670000
2023-08-24,EFA,63.4930419921875,14879000
2023-08-25,EFA,63.92081832885742,11617700
2023-08-28,EFA,64.5943374633789,12320400
2023-08-29,EFA,65.39527893066406,12224400
2023-08-30,EFA,65.35887908935547,12235800
2023-08-31,EFA,65.1040267944336,13375200
2023-09-01,EFA,65.06761169433594,17069800
2023-09-05,EFA,64.5033187866211,12085000
2023-09-06,EFA,64.36679077148438,11294600
2023-09-07,EFA,64.1574478149414,13543000
2023-09-08,EFA,64.06643676757812,11813900
2023-09-11,EFA,64.7308578491211,11650900
2023-09-12,EFA,64.46691131591797,7947100
2023-09-13,EFA,64.26667022705078,10047900
2023-09-14,EFA,65.11312866210938,13519800
2023-09-15,EFA,64.96749877929688,13678500
2023-09-18,EFA,64.7399673461914,9121300
2023-09-19,EFA,64.79458618164062,10339900
2023-09-20,EFA,64.63984680175781,14523400
2023-09-21,EFA,63.565853118896484,17619900
2023-09-22,EFA,63.62046432495117,14714800
2023-09-25,EFA,63.33831024169922,16853100
2023-09-26,EFA,62.51915740966797,17756900
2023-09-27,EFA,62.400848388671875,16390400
2023-09-28,EFA,62.910526275634766,19507400
2023-09-29,EFA,62.7285041809082,20292800
2023-10-02,EFA,61.809234619140625,23671400
2023-10-03,EFA,61.03559112548828,19913200
2023-10-04,EFA,61.14480972290039,19586200
2023-10-05,EFA,61.68181228637695,18327200
2023-10-06,EFA,62.36442565917969,17758900
2023-10-09,EFA,62.27342224121094,11015700
2023-10-10,EFA,63.12897491455078,23682800
2023-10-11,EFA,63.392921447753906,15393600
2023-10-12,EFA,62.86502456665039,16764600
2023-10-13,EFA,62.28251266479492,19900300
2023-10-16,EFA,62.737606048583984,20119600
2023-10-17,EFA,62.774017333984375,12155100
2023-10-18,EFA,61.68181228637695,16945900
2023-10-19,EFA,61.13571548461914,27204100
2023-10-20,EFA,60.5896110534668,28251800
2023-10-23,EFA,60.6351318359375,18574700
2023-10-24,EFA,60.980995178222656,22138700
2023-10-25,EFA,60.54410171508789,17400900
2023-10-26,EFA,60.10722732543945,22914700
2023-10-27,EFA,59.925193786621094,24116300
2023-10-30,EFA,60.68973159790039,23954500
2023-10-31,EFA,60.908164978027344,18291300
2023-11-01,EFA,61.4815788269043,21115000
2023-11-02,EFA,62.737606048583984,19669400
2023-11-03,EFA,63.40203094482422,20752900
2023-11-06,EFA,63.083465576171875,15938000
2023-11-07,EFA,62.70119857788086,15747100
2023-11-08,EFA,62.61928176879883,10916500
2023-11-09,EFA,62.61017608642578,14557600
2023-11-10,EFA,62.892330169677734,12518800
2023-11-13,EFA,63.0561637878418,11354700
2023-11-14,EFA,64.66715240478516,21166800
2023-11-15,EFA,64.56703186035156,12980000
2023-11-16,EFA,64.52152252197266,13769700
2023-11-17,EFA,65.39527893066406,14314300
2023-11-20,EFA,65.64102172851562,10334700
2023-11-21,EFA,65.38618469238281,12300200
2023-11-22,EFA,65.54090881347656,12162900
2023-11-24,EFA,66.04148864746094,8083500
2023-11-27,EFA,65.81394958496094,10365000
2023-11-28,EFA,65.83216857910156,11129900
2023-11-29,EFA,65.96868896484375,10462200
2023-11-30,EFA,65.91407012939453,19444200
2023-12-01,EFA,66.60578918457031,21091900
2023-12-04,EFA,66.08699798583984,14778700
2023-12-05,EFA,65.8503646850586,17529500
2023-12-06,EFA,66.05059051513672,16547400
2023-12-07,EFA,66.36915588378906,14513200
2023-12-08,EFA,66.56939697265625,13323600
2023-12-11,EFA,66.73322296142578,12372000
2023-12-12,EFA,66.85153198242188,13210000
2023-12-13,EFA,67.8254165649414,16760700
2023-12-14,EFA,68.32601165771484,21959600
2023-12-15,EFA,67.66157531738281,22420700
2023-12-18,EFA,67.8254165649414,14409900
2023-12-19,EFA,68.39881896972656,15551800
2023-12-20,EFA,67.70855712890625,23019200
2023-12-21,EFA,68.80524444580078,15837400
2023-12-22,EFA,68.86975860595703,12184500
2023-12-26,EFA,69.18309020996094,8915400
2023-12-27,EFA,69.55172729492188,13103800
2023-12-28,EFA,69.36739349365234,16832000
2023-12-29,EFA,69.44113159179688,21346400
2024-01-02,EFA,68.66699981689453,18177600
2024-01-03,EFA,68.15091705322266,18637700
2024-01-04,EFA,68.30758666992188,11977100
2024-01-05,EFA,68.3536605834961,20636700
2024-01-08,EFA,69.08171844482422,16250100
2024-01-09,EFA,68.4642562866211,10218300
2024-01-10,EFA,68.90660858154297,12191300
2024-01-11,EFA,68.89739227294922,16434300
2024-01-12,EFA,69.18309020996094,11329300
2024-01-16,EFA,68.02189636230469,19802700
2024-01-17,EFA,67.37679290771484,16381400
2024-01-18,EFA,67.9758071899414,16391400
2024-01-19,EFA,68.13247680664062,15792200
2024-01-22,EFA,68.34444427490234,15424800
2024-01-23,EFA,68.15091705322266,13575400
2024-01-24,EFA,68.66699981689453,16314600
2024-01-25,EFA,68.86053466796875,15268800
2024-01-26,EFA,69.16465759277344,16478600
2024-01-29,EFA,69.57014465332031,13341500
2024-01-30,EFA,69.47798919677734,11708400
2024-01-31,EFA,69.12779235839844,23907300
2024-02-01,EFA,69.80976104736328,17189400
2024-02-02,EFA,69.25680541992188,15579800
2024-02-05,EFA,68.88817596435547,15617900
2024-02-06,EFA,69.3121109008789,13886600
2024-02-07,EFA,69.2752456665039,10485100
2024-02-08,EFA,69.15544128417969,9578500
2024-02-09,EFA,69.39505004882812,11001100
2024-02-12,EFA,69.51485443115234,6911500
2024-02-13,EFA,68.44581604003906,14942500
2024-02-14,EFA,69.21073913574219,13248000
2024-02-15,EFA,69.99408721923828,14128600
2024-02-16,EFA,70.10468292236328,13381600
2024-02-20,EFA,70.3903579711914,15285800
2024-02-21,EFA,70.44566345214844,11433700
2024-02-22,EFA,71.23821258544922,15476000
2024-02-23,EFA,71.33037567138672,11400000
2024-02-26,EFA,71.22899627685547,15015200
2024-02-27,EFA,71.42253112792969,11110900
2024-02-28,EFA,71.00782775878906,12196600
2024-02-29,EFA,71.19213104248047,17221700
2024-03-01,EFA,71.88331604003906,18930500
2024-03-04,EFA,71.69901275634766,13961000
2024-03-05,EFA,71.56999206542969,12874400
2024-03-06,EFA,72.41783905029297,24098100
2024-03-07,EFA,73.27491760253906,18279100
2024-03-08,EFA,73.0353012084961,14926900
2024-03-11,EFA,72.6205825805664,10496000
2024-03-12,EFA,73.20117950439453,15296000
2024-03-13,EFA,73.21039581298828,14166600
2024-03-14,EFA,72.6758804321289,25572000
2024-03-15,EFA,72.70352935791016,17529100
2024-03-18,EFA,72.68509674072266,13472200
2024-03-19,EFA,72.81411743164062,13222100
2024-03-20,EFA,73.5882339477539,18834900
2024-03-21,EFA,73.55138397216797,13021000
2024-03-22,EFA,73.39470672607422,12832800
2024-03-25,EFA,73.23804473876953,9418000
2024-03-26,EFA,73.32098388671875,12343100
2024-03-27,EFA,73.76333618164062,12337200
2024-03-28,EFA,73.59746551513672,17180400
2024-04-01,EFA,73.28411865234375,15419500
2024-04-02,EFA,72.76803588867188,17414900
2024-04-03,EFA,73.17353820800781,15898300
2024-04-04,EFA,72.54685974121094,19950400
2024-04-05,EFA,72.7772445678711,21091800
2024-04-08,EFA,73.13667297363281,12350900
2024-04-09,EFA,73.12744903564453,12469100
2024-04-10,EFA,72.15979766845703,21567300
2024-04-11,EFA,72.35332489013672,11967000
2024-04-12,EFA,71.18291473388672,17934600
2024-04-15,EFA,70.97095489501953,21610100
2024-04-16,EFA,70.27054595947266,24161800
2024-04-17,EFA,70.31663513183594,15748000
2024-04-18,EFA,70.12310028076172,12884200
2024-04-19,EFA,70.15074157714844,16925000
2024-04-22,EFA,70.97095489501953,17314200
2024-04-23,EFA,71.74507904052734,13466000
2024-04-24,EFA,71.6068344116211,8530000
2024-04-25,EFA,71.27506256103516,11479600
2024-04-26,EFA,71.84645080566406,12676400
2024-04-29,EFA,72.12293243408203,10560000
2024-04-30,EFA,71.21055603027344,18994300
2024-05-01,EFA,71.05389404296875,17900300
2024-05-02,EFA,72.01234436035156,14993300
2024-05-03,EFA,72.73117065429688,15055600
2024-05-06,EFA,73.22882843017578,9411400
2024-05-07,EFA,73.42234802246094,9065800
2024-05-08,EFA,73.33941650390625,6667500
2024-05-09,EFA,73.90157318115234,13256000
2024-05-10,EFA,74.03981018066406,8022000
2024-05-13,EFA,74.03981018066406,6990500
2024-05-14,EFA,74.59276580810547,15228300
2024-05-15,EFA,75.38533782958984,10823700
2024-05-16,EFA,74.9798355102539,13042100
2024-05-17,EFA,75.23786926269531,10219600
2024-05-20,EFA,75.29315948486328,5836800
2024-05-21,EFA,75.1733627319336,6222000
2024-05-22,EFA,74.46375274658203,10721200
2024-05-23,EFA,74.08589172363281,8805800
2024-05-24,EFA,74.69414520263672,9289500
2024-05-28,EFA,74.66648864746094,13036500
2024-05-29,EFA,73.48686981201172,13662100
2024-05-30,EFA,74.10433197021484,7456100
2024-05-31,EFA,74.8139419555664,19932400
2024-06-03,EFA,75.02590942382812,17127700
2024-06-04,EFA,74.93374633789062,12565500
2024-06-05,EFA,75.45904541015625,8661500
2024-06-06,EFA,75.71709442138672,13195600
2024-06-07,EFA,74.89688110351562,21589700
2024-06-10,EFA,74.84159851074219,8995400
2024-06-11,EFA,73.99114227294922,17004600
2024-06-12,EFA,74.8631591796875,15188900
2024-06-13,EFA,73.79422760009766,12784200
2024-06-14,EFA,72.97846221923828,17500000
2024-06-17,EFA,73.26913452148438,13582700
2024-06-18,EFA,73.55979919433594,16057100
2024-06-20,EFA,73.60669708251953,10942900
2024-06-21,EFA,73.09098052978516,14237600
2024-06-24,EFA,73.67232513427734,12193700
2024-06-25,EFA,73.8504867553711,8751700
2024-06-26,EFA,73.306640625,10509700
2024-06-27,EFA,73.36289978027344,14156000
2024-06-28,EFA,73.44729614257812,17425000
2024-07-01,EFA,73.57856750488281,19845700
2024-07-02,EFA,73.75672149658203,10331700
2024-07-03,EFA,74.60061645507812,8107900
2024-07-05,EFA,75.09757232666016,8408800
2024-07-08,EFA,74.72251892089844,6031700
2024-07-09,EFA,74.42245483398438,8069800
2024-07-10,EFA,75.47264099121094,8189200
2024-07-11,EFA,75.68830871582031,8930000
2024-07-12,EFA,76.49469757080078,9289700
2024-07-15,EFA,75.819580078125,7418700
2024-07-16,EFA,76.18527221679688,10902900
2024-07-17,EFA,75.78207397460938,11634200
2024-07-18,EFA,75.03193664550781,16481500
2024-07-19,EFA,74.5724868774414,15570300
2024-07-22,EFA,75.36012268066406,13762800
2024-07-23,EFA,74.93817901611328,12043000
2024-07-24,EFA,73.99114227294922,10698000
2024-07-25,EFA,73.52230834960938,17719800
2024-07-26,EFA,74.45996856689453,10574700
2024-07-29,EFA,74.13177490234375,9305600
2024-07-30,EFA,74.3005599975586,8551600
2024-07-31,EFA,75.35075378417969,20969400
2024-08-01,EFA,73.35352325439453,18129800
2024-08-02,EFA,72.20018768310547,25136200
2024-08-05,EFA,70.62491607666016,28088800
2024-08-06,EFA,70.7468032836914,22307500
2024-08-07,EFA,71.0843734741211,24592600
2024-08-08,EFA,72.27520751953125,14824700
2024-08-09,EFA,72.55650329589844,11022700
2024-08-12,EFA,72.4908676147461,7988700
2024-08-13,EFA,73.73796081542969,11927500
2024-08-14,EFA,74.0098876953125,7127600
2024-08-15,EFA,74.91004943847656,10364200
2024-08-16,EFA,75.32261657714844,10287800
2024-08-19,EFA,76.24152374267578,6741000
2024-08-20,EFA,76.00711059570312,5177900
2024-08-21,EFA,76.7103500366211,10653500
2024-08-22,EFA,76.2602767944336,7290700
2024-08-23,EFA,77.65740203857422,10779000
2024-08-26,EFA,77.31046295166016,6719900
2024-08-27,EFA,77.66678619384766,9597100
2024-08-28,EFA,77.39485931396484,7883900
2024-08-29,EFA,77.68553161621094,9112100
2024-08-30,EFA,77.80742645263672,15627600
2024-09-03,EFA,76.5790786743164,9886700
2024-09-04,EFA,76.24152374267578,10324400
2024-09-05,EFA,76.2602767944336,12147400
2024-09-06,EFA,74.8256607055664,12344400
2024-09-09,EFA,75.5757827758789,10635000
2024-09-10,EFA,75.20072174072266,9742900
2024-09-11,EFA,75.65080261230469,12999100
2024-09-12,EFA,76.2696533203125,11685600
2024-09-13,EFA,76.44781494140625,7340500
2024-09-16,EFA,77.06666564941406,9869500
2024-09-17,EFA,76.6353530883789,7307300
2024-09-18,EFA,76.39156341552734,8454200
2024-09-19,EFA,77.90119934082031,9974100
2024-09-20,EFA,77.13231658935547,7892400
2024-09-23,EFA,77.42298889160156,6997700
2024-09-24,EFA,77.88243865966797,6855800
2024-09-25,EFA,77.46049499511719,11869000
2024-09-26,EFA,79.16704559326172,12875000
2024-09-27,EFA,78.68882751464844,10690700
2024-09-30,EFA,78.41690826416016,13424400
2024-10-01,EFA,77.83555603027344,18430900
2024-10-02,EFA,77.67615509033203,8335200
2024-10-03,EFA,76.95414733886719,9890500
2024-10-04,EFA,77.40422821044922,8536100
2024-10-07,EFA,76.97290802001953,7365100
2024-10-08,EFA,76.85100555419922,6339100
2024-10-09,EFA,76.86976623535156,5370800
2024-10-10,EFA,76.77599334716797,5794400
2024-10-11,EFA,77.1698226928711,6914900
2024-10-14,EFA,77.39485931396484,6646200
2024-10-15,EFA,76.11026000976562,17667300
2024-10-16,EFA,76.30715942382812,5931800
2024-10-17,EFA,76.31654357910156,8904600
2024-10-18,EFA,76.83226013183594,5863100
2024-10-21,EFA,75.92272186279297,8009100
2024-10-22,EFA,75.49140167236328,5844200
2024-10-23,EFA,74.73188018798828,7556000
2024-10-24,EFA,75.15383911132812,6522400
2024-10-25,EFA,74.90066528320312,9288100
2024-10-28,EFA,75.50076293945312,6985000
2024-10-29,EFA,75.22885131835938,8778400
2024-10-30,EFA,74.74126434326172,8828100
2024-10-31,EFA,74.28180694580078,19247600
2024-11-01,EFA,74.43183135986328,9951300
2024-11-04,EFA,74.48809814453125,10280100
2024-11-05,EFA,75.22885131835938,9596400
2024-11-06,EFA,74.14115905761719,11746200
2024-11-07,EFA,75.266357421875,11634100
2024-11-08,EFA,74.22554779052734,11540300
2024-11-11,EFA,74.24430084228516,5839600
2024-11-12,EFA,72.86593627929688,16613700
2024-11-13,EFA,72.43460845947266,14828900
2024-11-14,EFA,72.58463287353516,19039000
2024-11-15,EFA,72.32208251953125,15433500
2024-11-18,EFA,72.71591186523438,7772600
2024-11-19,EFA,72.62213897705078,13402300
2024-11-20,EFA,72.42523193359375,12442000
2024-11-21,EFA,72.4439926147461,9161200
2024-11-22,EFA,72.72528076171875,16809800
2024-11-25,EFA,73.10034942626953,24934100
2024-11-26,EFA,72.67840576171875,9360800
2024-11-27,EFA,73.07221984863281,7477900
2024-11-29,EFA,74.0473861694336,11643900
2024-12-02,EFA,74.25367736816406,15721100
2024-12-03,EFA,74.67562103271484,13289900
2024-12-04,EFA,74.73188018798828,10434400
2024-12-05,EFA,75.09757232666016,11910800
2024-12-06,EFA,75.08820343017578,7072500
2024-12-09,EFA,75.04132080078125,7801100
2024-12-10,EFA,74.36619567871094,10662800
2024-12-11,EFA,74.83503723144531,11858900
2024-12-12,EFA,74.17866516113281,8623800
2024-12-13,EFA,73.97238159179688,10116600
2024-12-16,EFA,73.72857666015625,25547700
2024-12-17,EFA,73.61167907714844,13934900
2024-12-18,EFA,71.80584716796875,16470400
2024-12-19,EFA,71.5777359008789,17486600
2024-12-20,EFA,71.37814331054688,20878200
2024-12-23,EFA,71.84386444091797,10491200
2024-12-24,EFA,72.10047912597656,5585200
2024-12-26,EFA,72.44264221191406,10784900
2024-12-27,EFA,72.33809661865234,15819700
2024-12-30,EFA,71.86287689208984,16427600
2024-12-31,EFA,71.86287689208984,21393500
2025-01-02,EFA,71.61576080322266,12756600
2025-01-03,EFA,71.92940521240234,12548800
2025-01-06,EFA,72.61372375488281,16201800
2025-01-07,EFA,72.55668640136719,9393200
2025-01-08,EFA,72.44264221191406,7894800
2025-01-10,EFA,71.34012603759766,12021900
2025-01-13,EFA,71.14053344726562,12019700
2025-01-14,EFA,71.39715576171875,9963200
2025-01-15,EFA,72.30957794189453,12144700
2025-01-16,EFA,72.68025207519531,17925700
2025-01-17,EFA,72.97489166259766,10667100
2025-01-21,EFA,74.44807434082031,13169100
2025-01-22,EFA,74.2770004272461,8666700
2025-01-23,EFA,74.8852767944336,10977200
2025-01-24,EFA,75.303466796875,7578400
2025-01-27,EFA,75.303466796875,13559100
2025-01-28,EFA,75.20842742919922,9458300
2025-01-29,EFA,75.19892120361328,7875400
2025-01-30,EFA,76.02580261230469,13792100
2025-01-31,EFA,75.3129653930664,14935000
2025-02-03,EFA,74.42906188964844,14997600
2025-02-04,EFA,75.2939682006836,10608300
2025-02-05,EFA,76.02580261230469,7857000
2025-02-06,EFA,76.38697814941406,7806500
2025-02-07,EFA,75.66463470458984,13110800
2025-02-10,EFA,76.17787170410156,7287300
2025-02-11,EFA,76.5390396118164,7583700
2025-02-12,EFA,76.82417297363281,17271400
2025-02-13,EFA,77.75559997558594,17212300
2025-02-14,EFA,77.86965942382812,8051800
2025-02-18,EFA,78.430419921875,9485900
2025-02-19,EFA,77.62254333496094,11042200
2025-02-20,EFA,77.98371124267578,9177400
2025-02-21,EFA,77.49898529052734,11630000
2025-02-24,EFA,77.45146179199219,11135700
2025-02-25,EFA,78.15480041503906,10091400
2025-02-26,EFA,78.25933074951172,11254600
2025-02-27,EFA,77.37543487548828,19003200
2025-02-28,EFA,77.53700256347656,20717700
2025-03-03,EFA,78.39240264892578,16234700
2025-03-04,EFA,78.3733901977539,18408500
2025-03-05,EFA,80.24576568603516,17092500
2025-03-06,EFA,79.41886901855469,18421000
2025-03-07,EFA,80.24576568603516,13184300
2025-03-10,EFA,78.35438537597656,19368400
2025-03-11,EFA,78.08826446533203,18088800
2025-03-12,EFA,78.64901733398438,15886300
2025-03-13,EFA,78.12628173828125,18561400
2025-03-14,EFA,79.56144714355469,13971300
2025-03-17,EFA,80.45486450195312,12966800
2025-03-18,EFA,80.44535827636719,10513400
2025-03-19,EFA,80.68296813964844,16362400
2025-03-20,EFA,80.00814819335938,11820500
2025-03-21,EFA,79.51393127441406,18771200
2025-03-24,EFA,79.5044174194336,12201700
2025-03-25,EFA,79.94161987304688,10478200
2025-03-26,EFA,78.90563201904297,17010400
2025-03-27,EFA,79.07671356201172,10331900
2025-03-28,EFA,78.3733901977539,14242300
2025-03-31,EFA,77.67957305908203,25560500
2025-04-01,EFA,77.79362487792969,15154000
2025-04-02,EFA,77.97421264648438,14451600
2025-04-03,EFA,76.33944702148438,18718400
2025-04-04,EFA,71.30210876464844,40904300
2025-04-07,EFA,69.58180236816406,63057500
2025-04-08,EFA,69.34420776367188,36425000
2025-04-09,EFA,74.69518280029297,60645100
2025-04-10,EFA,73.22200775146484,36697600
2025-04-11,EFA,75.05635070800781,28909900
2025-04-14,EFA,75.86422729492188,15749900
2025-04-15,EFA,76.54855346679688,13679800
2025-04-16,EFA,76.25391387939453,16542600
2025-04-17,EFA,77.08079528808594,14072500
2025-04-21,EFA,76.66260528564453,15883900
2025-04-22,EFA,78.24983978271484,14923200
2025-04-23,EFA,78.56348419189453,15223500
2025-04-24,EFA,79.60897064208984,11194200
2025-04-25,EFA,79.95112609863281,10485300
2025-04-28,EFA,80.48336791992188,10085400
2025-04-29,EFA,80.64494323730469,8303800
2025-04-30,EFA,80.54989624023438,24147900
2025-05-01,EFA,80.29328918457031,10070900
2025-05-02,EFA,81.83300018310547,14798400
2025-05-05,EFA,81.97557067871094,8119800
2025-05-06,EFA,81.87100982666016,8661700
2025-05-07,EFA,81.59538269042969,8536600
2025-05-08,EFA,81.31025695800781,12228300
2025-05-09,EFA,81.70944213867188,9149000
2025-05-12,EFA,82.12763977050781,12602500
2025-05-13,EFA,82.23218536376953,13242900
2025-05-14,EFA,81.83300018310547,10173300
2025-05-15,EFA,82.7264175415039,11283200
2025-05-16,EFA,82.91649627685547,8372100
2025-05-19,EFA,83.70537567138672,9062900
2025-05-20,EFA,84.10455322265625,23335500
2025-05-21,EFA,83.6103286743164,15278800
2025-05-22,EFA,83.56279754638672,12787300
2025-05-23,EFA,83.6768569946289,16959600
2025-05-27,EFA,84.89341735839844,12435700
2025-05-28,EFA,83.91446685791016,16812400
2025-05-29,EFA,84.28514099121094,11454200
2025-05-30,EFA,84.40869140625,18590200
2025-06-02,EFA,85.3116226196289,25710500
2025-06-03,EFA,84.66531372070312,11787400
2025-06-04,EFA,85.04550170898438,11593300
2025-06-05,EFA,84.98846435546875,14543100
2025-06-06,EFA,85.29261016845703,10301000
2025-06-09,EFA,85.2831039428711,9641600
2025-06-10,EFA,85.39715576171875,10254100
2025-06-11,EFA,85.25458526611328,12329600
2025-06-12,EFA,85.91039276123047,13288000
2025-06-13,EFA,84.8078842163086,22177100
2025-06-16,EFA,85.1259994506836,17843400
2025-06-17,EFA,84.08174133300781,16726300
2025-06-18,EFA,84.22677612304688,18504400
2025-06-20,EFA,83.47259521484375,16900600
2025-06-23,EFA,84.10108184814453,23100600
2025-06-24,EFA,85.1259994506836,14900600
2025-06-25,EFA,84.66188049316406,14422100
2025-06-26,EFA,85.60944366455078,15791500
2025-06-27,EFA,86.3829574584961,15987700
2025-06-30,EFA,86.43130493164062,28062100
2025-07-01,EFA,86.2862777709961,11406100
2025-07-02,EFA,86.53767395019531,13133600
2025-07-03,EFA,86.5570068359375,5311100
2025-07-07,EFA,85.61911010742188,12925000
2025-07-08,EFA,86.24759674072266,9061400
2025-07-09,EFA,86.89542388916016,8699900
2025-07-10,EFA,86.83740997314453,8554400
2025-07-11,EFA,86.00587463378906,8468000
2025-07-14,EFA,86.00587463378906,7969900
2025-07-15,EFA,85.10665893554688,10572000
2025-07-16,EFA,85.45474243164062,16776500
2025-07-17,EFA,85.67713165283203,9542000
2025-07-18,EFA,85.4354019165039,11044700
2025-07-21,EFA,85.88984680175781,9324000
2025-07-22,EFA,86.3636245727539,12134300
2025-07-23,EFA,88.51014709472656,18088200
2025-07-24,EFA,87.8526611328125,12025500
2025-07-25,EFA,87.74629211425781,9583200
2025-07-28,EFA,86.3346176147461,13654000
2025-07-29,EFA,86.16057586669922,11888600
2025-07-30,EFA,85.54176330566406,14623000
2025-07-31,EFA,84.62320709228516,29271500
2025-08-01,EFA,84.40081787109375,18658100
2025-08-04,EFA,85.52242279052734,14718100
2025-08-05,EFA,85.51275634765625,11634100
2025-08-06,EFA,86.07355499267578,11499900
2025-08-07,EFA,86.84707641601562,11525600
2025-08-08,EFA,87.37887573242188,10367200
2025-08-11,EFA,87.01144409179688,8516600
2025-08-12,EFA,88.07503509521484,12302700
2025-08-13,EFA,88.6068344116211,9490500
2025-08-14,EFA,88.61650848388672,11790600
2025-08-15,EFA,89.13863372802734,11864300
2025-08-18,EFA,89.04193878173828,11577800
2025-08-19,EFA,89.0516128540039,10721600
2025-08-20,EFA,89.37068939208984,15871100
2025-08-21,EFA,88.80988311767578,11258900
2025-08-22,EFA,90.14421844482422,15827500
2025-08-25,EFA,88.95492553710938,11700800
2025-08-26,EFA,88.85823059082031,11788900
2025-08-27,EFA,88.6455078125,13054200
2025-08-28,EFA,88.97425842285156,11136400
2025-08-29,EFA,88.45214080810547,18544500
2025-09-02,EFA,87.58192443847656,15496100
2025-09-03,EFA,87.71729278564453,14418600
2025-09-04,EFA,88.35543823242188,10348000
2025-09-05,EFA,88.75187683105469,15510600
2025-09-08,EFA,89.64141845703125,12010700
2025-09-09,EFA,89.34168243408203,10893200
2025-09-10,EFA,89.32234191894531,11838300
2025-09-11,EFA,90.26990509033203,11013000
2025-09-12,EFA,89.91215515136719,10010500
2025-09-15,EFA,90.51163482666016,18108000
2025-09-16,EFA,90.26023864746094,25226900
2025-09-17,EFA,89.92182159423828,17013600
2025-09-18,EFA,90.26990509033203,15791600
2025-09-19,EFA,89.92182159423828,21889300
2025-09-22,EFA,90.21189880371094,13692200
2025-09-23,EFA,90.03785705566406,14688400
2025-09-24,EFA,89.51573181152344,14910700
2025-09-25,EFA,88.8775634765625,22434600
2025-09-26,EFA,89.56407165527344,18138000
2025-09-29,EFA,89.91215515136719,13807100
2025-09-30,EFA,90.27957916259766,24295000
2025-10-01,EFA,91.02409362792969,17167900
2025-10-02,EFA,91.16912841796875,15300500
2025-10-03,EFA,91.93297576904297,13985500
2025-10-06,EFA,92.14569854736328,12812500
2025-10-07,EFA,91.34317016601562,9075000
2025-10-08,EFA,91.61389923095703,11159400
2025-10-09,EFA,90.85972595214844,10567900
2025-10-10,EFA,89.18697357177734,26137200
2025-10-13,EFA,89.9024887084961,11132900
2025-10-14,EFA,90.30859375,15119000
2025-10-15,EFA,90.74369049072266,15005400
2025-10-16,EFA,91.21746826171875,24970300
2025-10-17,EFA,91.38184356689453,16789400
2025-10-20,EFA,92.13602447509766,12951100
2025-10-21,EFA,91.45919799804688,16644300
2025-10-22,EFA,91.3238296508789,15028600
2025-10-23,EFA,91.749267578125,10584400
2025-10-24,EFA,91.89430236816406,8967800
2025-10-27,EFA,92.53245544433594,10612600
2025-10-28,EFA,92.49378204345703,9187600
2025-10-29,EFA,91.97166442871094,17914300
2025-10-30,EFA,91.5655517578125,13967800
2025-10-31,EFA,91.36250305175781,19459200
2025-11-03,EFA,91.40118408203125,10681400
2025-11-04,EFA,90.46328735351562,10349000
2025-11-05,EFA,91.0434341430664,12451300
2025-11-06,EFA,90.84037780761719,16176000
2025-11-07,EFA,91.17880249023438,13976900
2025-11-10,EFA,92.13602447509766,15682400
2025-11-11,EFA,92.81285858154297,12959400
2025-11-12,EFA,93.3639907836914,9532200
2025-11-13,EFA,92.36808013916016,15864800
2025-11-14,EFA,92.10702514648438,17396400
2025-11-17,EFA,90.90806579589844,18850900
2025-11-18,EFA,89.72844696044922,22482300
2025-11-19,EFA,89.45770263671875,15425200
2025-11-20,EFA,88.22007751464844,26720600
2025-11-21,EFA,89.58341217041016,27211400
2025-11-24,EFA,89.6607666015625,18550900
2025-11-25,EFA,90.73401641845703,19903700
2025-11-26,EFA,91.72993469238281,13481200
2025-11-28,EFA,92.03934478759766,8136000
2025-12-01,EFA,91.58489227294922,21791500
2025-12-02,EFA,91.89430236816406,14267600
2025-12-03,EFA,92.3874282836914,14439800
2025-12-04,EFA,92.6388168334961,13862900
2025-12-05,EFA,92.6388168334961,15829800
2025-12-08,EFA,92.34874725341797,13589200
2025-12-09,EFA,92.22305297851562,15966700
2025-12-10,EFA,93.24796295166016,21171700
2025-12-11,EFA,93.7990951538086,19221400
2025-12-12,EFA,93.30597686767578,20514900
2025-12-15,EFA,93.87644958496094,22751500
2025-12-16,EFA,93.44133758544922,29380500
2025-12-17,EFA,92.68333435058594,34926000
2025-12-18,EFA,93.3428955078125,29971400
2025-12-19,EFA,93.9729232788086,31094700
2025-12-22,EFA,94.20918273925781,15861200
2025-12-23,EFA,94.79000091552734,16485700
2025-12-24,EFA,94.90813446044922,5609700
2025-12-26,EFA,95.06563568115234,9304200
2025-12-29,EFA,94.7801513671875,16705400
2025-12-30,EFA,94.93766021728516,15877000
2025-12-31,EFA,94.53404235839844,27618000
2026-01-02,EFA,95.52831268310547,42922400
2026-01-05,EFA,96.62102508544922,25187000
2026-01-06,EFA,96.76869201660156,14557900
2026-01-07,EFA,96.40444946289062,15468900
2026-01-08,EFA,96.41429901123047,14090500
2026-01-09,EFA,97.27073669433594,16001700
2026-01-12,EFA,97.86139678955078,15313500
2026-01-13,EFA,97.3002700805664,17697700
2026-01-14,EFA,97.75311279296875,19947400
2026-01-15,EFA,97.71372985839844,24662400
2026-01-16,EFA,97.97952270507812,18699200
2026-01-20,EFA,96.4930419921875,26893300
2026-01-21,EFA,97.48731231689453,26150500
2026-01-22,EFA,97.8712387084961,16592800
2026-01-23,EFA,98.41267395019531,16753500
2026-01-26,EFA,98.9048843383789,14959300
2026-01-27,EFA,100.49964141845703,19754300
2026-01-28,EFA,99.43647003173828,21938700
2026-01-29,EFA,100.10588073730469,29236200
2026-01-30,EFA,99.17066955566406,27813400
2026-02-02,EFA,99.82039642333984,21725500
2026-02-03,EFA,99.86961364746094,23625500
2026-02-04,EFA,100.19447326660156,25576700
2026-02-05,EFA,98.7670669555664,22760200
2026-02-06,EFA,101.01154327392578,17343700
2026-02-09,EFA,102.37004089355469,20137400
2026-02-10,EFA,102.61614990234375,16861700
2026-02-11,EFA,103.30525207519531,20493500
2026-02-12,EFA,102.52755737304688,29385300
2026-02-13,EFA,102.61614990234375,22651300
2026-02-17,EFA,102.59646606445312,19647200
2026-02-18,EFA,102.71459197998047,16099000
2026-02-19,EFA,102.42911529541016,15994100
2026-02-20,EFA,103.265869140625,25737500
2026-02-23,EFA,102.84256744384766,14151800
2026-02-24,EFA,103.02960968017578,17358000
2026-02-25,EFA,104.0140380859375,14783800
2026-02-26,EFA,103.92543029785156,28482700
2026-02-27,EFA,103.73838806152344,25575500
2026-03-02,EFA,101.6907958984375,38046600
2026-03-03,EFA,98.53079986572266,52567300
2026-03-04,EFA,99.80070495605469,30766400
2026-03-05,EFA,97.61529541015625,34508300
2026-03-06,EFA,96.74899291992188,27734400
2026-03-09,EFA,97.44793701171875,37484700
2026-03-10,EFA,97.67435455322266,44802900
2026-03-11,EFA,97.4676284790039,21345300
2026-03-12,EFA,95.9417724609375,34724600
2026-03-13,EFA,94.79984283447266,27628100
2026-03-16,EFA,96.5718002319336,17384000
2026-03-17,EFA,96.83760070800781,16411500
2026-03-18,EFA,95.18376922607422,26644800
2026-03-19,EFA,95.01641082763672,34858300
2026-03-20,EFA,92.1320571899414,45493400
2026-03-23,EFA,94.34700012207031,40781200
2026-03-24,EFA,93.78588104248047,22695800
2026-03-25,EFA,95.15423583984375,20476300
2026-03-26,EFA,93.18539428710938,19676500
2026-03-27,EFA,92.33879089355469,22341100
2026-03-30,EFA,92.60457611083984,16136400
2026-03-31,EFA,95.61690521240234,39448000
2026-04-01,EFA,97.07386016845703,27123200
2026-04-02,EFA,96.47335815429688,17276100
2026-04-06,EFA,96.95572662353516,11810900
2026-04-07,EFA,96.81790161132812,19809700
2026-04-08,EFA,100.59809112548828,22300800
2026-04-09,EFA,100.36182403564453,14958400
2026-04-10,EFA,100.58824157714844,8670300
2026-04-13,EFA,101.20842742919922,19346900
2026-04-14,EFA,102.02549743652344,16581000
2026-04-15,EFA,101.70063781738281,8786300
2026-04-16,EFA,101.40531158447266,13227600
2026-04-17,EFA,102.69490814208984,17321500
2026-04-20,EFA,102.29129791259766,12896100
2026-04-21,EFA,100.04680633544922,18105400
2026-04-22,EFA,100.38151550292969,9990800
2026-04-23,EFA,99.66288757324219,15773900
2026-04-24,EFA,100.18462371826172,14219400
2026-04-27,EFA,99.80070495605469,10091700
2026-04-28,EFA,99.38724517822266,11008800
2026-04-29,EFA,98.373291015625,10986800
2026-04-30,EFA,100.72605895996094,16585800
2026-05-01,EFA,100.50949096679688,14447200
2026-05-04,EFA,99.13129425048828,21026300
2026-05-05,EFA,100.45042419433594,12347300
2026-05-06,EFA,103.1772689819336,14755500
2026-05-07,EFA,101.28718566894531,19257500
2026-05-08,EFA,102.34051513671875,12280100
2026-05-11,EFA,102.12393951416016,10717500
2026-05-12,EFA,101.53328704833984,15770900
2026-05-13,EFA,102.21253967285156,9578900
2026-05-14,EFA,101.84830474853516,8943600
2026-05-15,EFA,100.13540649414062,17916800
2026-05-18,EFA,101.0607681274414,15944000
2026-05-19,EFA,100.33229064941406,13211800
2026-05-20,EFA,102.00581359863281,16511800
2026-05-21,EFA,102.56693267822266,14357600
2026-05-22,EFA,102.3602066040039,12012200
2026-05-26,EFA,103.4922866821289,12884900
2026-05-27,EFA,103.13789367675781,12599500
2026-05-28,EFA,103.05914306640625,13606000
2026-05-29,EFA,103.16743469238281,16926000
2026-06-01,EFA,102.81304168701172,17412600
2026-06-02,EFA,103.38399505615234,8400600
2026-06-03,EFA,102.4980239868164,11807100
2026-06-04,EFA,103.3150863647461,10158700
2026-06-05,EFA,100.66699981689453,16937500
2026-06-08,EFA,101.27733612060547,13550300
2026-06-09,EFA,101.29702758789062,21878000
2026-06-10,EFA,99.98774719238281,22737700
2026-06-11,EFA,103.09852600097656,20415000
2026-06-12,EFA,103.38399505615234,14219900
2026-06-15,EFA,104.08000183105469,14053600
2026-06-16,EFA,104.30999755859375,12047000
2026-06-17,EFA,103.77999877929688,20717600
2026-06-18,EFA,104.41000366210938,15466300
2026-06-22,EFA,104.58000183105469,9596200
2026-06-23,EFA,102.45999908447266,17425700
2026-06-24,EFA,102.26000213623047,12504200
2026-06-25,EFA,103.1500015258789,13135400
2026-06-26,EFA,102.54000091552734,21219200
2026-06-29,EFA,103.44999694824219,10788600
2026-06-30,EFA,103.87999725341797,16945900
2026-07-01,EFA,103.0199966430664,13487100
2026-07-02,EFA,104.37000274658203,12686000
2026-07-06,EFA,105.45999908447266,9803200
2026-07-07,EFA,104.16000366210938,10714800
2026-07-08,EFA,103.36000061035156,8642800
2026-07-09,EFA,103.91999816894531,7586400
2026-07-10,EFA,104.33000183105469,8286800
2026-07-13,EFA,103.23999786376953,10953700
2026-07-14,EFA,103.95999908447266,9932200
2026-07-15,EFA,104.6500015258789,7415800
2026-07-16,EFA,103.80999755859375,9966800
2026-07-17,EFA,103.33000183105469,10969800
2026-07-20,EFA,102.56999969482422,14834400
2026-07-21,EFA,104.05999755859375,9826900
2026-07-22,EFA,104.25,14694400
2026-07-23,EFA,102.9000015258789,12596100
2026-07-24,EFA,103.41000366210938,9032100
2026-07-27,EFA,103.91000366210938,9299900
2026-07-28,EFA,103.88999938964844,9580400
2026-07-29,EFA,103.37000274658203,11646400
2026-07-30,EFA,106.23999786376953,13263500
2026-07-31,EFA,105.58000183105469,14260700
2026-08-03,EFA,106.0199966430664,9956800
2026-08-04,EFA,107.31999969482422,10410000
2026-08-05,EFA,107.43000030517578,9007600
2026-08-06,EFA,107.36000061035156,8510700
2026-08-07,EFA,108.55000305175781,9430900
2026-08-10,EFA,108.01000213623047,7015400
2026-08-11,EFA,108.08999633789062,6368300
2026-08-12,EFA,108.5,9901400
2026-08-13,EFA,108.69000244140625,7237900
2026-08-14,EFA,108.63999938964844,5660100
2026-08-17,EFA,108.44999694824219,9375500
2026-08-18,EFA,107.2699966430664,14561300
2026-08-19,EFA,107.66000366210938,10829600
2026-08-20,EFA,107.3499984741211,10578400
2026-08-21,EFA,108.23999786376953,9935600
2026-08-24,EFA,108.02999877929688,6095400
2026-08-25,EFA,108.80999755859375,6438700
2026-08-26,EFA,108.2699966430664,5219100
2016-01-04,GLD,102.88999938964844,6440000
2016-01-05,GLD,103.18000030517578,3500300
2016-01-06,GLD,104.66999816894531,9316600
2016-01-07,GLD,106.1500015258789,11730400
2016-01-08,GLD,105.68000030517578,7678200
2016-01-11,GLD,104.73999786376953,6272400
2016-01-12,GLD,104.20999908447266,5540200
2016-01-13,GLD,104.72000122070312,7324200
2016-01-14,GLD,103.0199966430664,9989100
2016-01-15,GLD,104.08000183105469,10052700
2016-01-19,GLD,103.9800033569336,4588400
2016-01-20,GLD,105.37000274658203,10120900
2016-01-21,GLD,105.48999786376953,5425000
2016-01-22,GLD,105.0,4185300
2016-01-25,GLD,106.08000183105469,6819400
2016-01-26,GLD,107.29000091552734,8443400
2016-01-27,GLD,107.69000244140625,8273400
2016-01-28,GLD,106.54000091552734,5914200
2016-01-29,GLD,106.94999694824219,8098700
2016-02-01,GLD,108.05000305175781,10471800
2016-02-02,GLD,108.08999633789062,6656000
2016-02-03,GLD,109.25,15785200
2016-02-04,GLD,110.56999969482422,13213700
2016-02-05,GLD,112.31999969482422,14777300
2016-02-08,GLD,113.83000183105469,28341200
2016-02-09,GLD,113.58000183105469,18156700
2016-02-10,GLD,114.45999908447266,13311100
2016-02-11,GLD,119.05999755859375,49139000
2016-02-12,GLD,118.36000061035156,16981200
2016-02-16,GLD,114.7699966430664,14601700
2016-02-17,GLD,115.4800033569336,10582400
2016-02-18,GLD,118.29000091552734,13586500
2016-02-19,GLD,117.58000183105469,15192000
2016-02-22,GLD,115.48999786376953,10677800
2016-02-23,GLD,117.22000122070312,9033400
2016-02-24,GLD,117.61000061035156,17938800
2016-02-25,GLD,117.91999816894531,12500300
2016-02-26,GLD,117.11000061035156,12505100
2016-02-29,GLD,118.63999938964844,11517500
2016-03-01,GLD,117.7699966430664,14139300
2016-03-02,GLD,118.68000030517578,8903000
2016-03-03,GLD,120.7300033569336,18724100
2016-03-04,GLD,120.54000091552734,16261100
2016-03-07,GLD,121.13999938964844,9358600
2016-03-08,GLD,120.58000183105469,11531000
2016-03-09,GLD,119.58000183105469,8672900
2016-03-10,GLD,121.5,18104900
2016-03-11,GLD,119.41000366210938,10812300
2016-03-14,GLD,117.87000274658203,14236200
2016-03-15,GLD,117.95999908447266,9941800
2016-03-16,GLD,120.58999633789062,17334000
2016-03-17,GLD,120.12999725341797,9914300
2016-03-18,GLD,119.80000305175781,16965900
2016-03-21,GLD,118.95999908447266,7240600
2016-03-22,GLD,119.30999755859375,6786800
2016-03-23,GLD,116.61000061035156,15993700
2016-03-24,GLD,116.33000183105469,6280900
2016-03-28,GLD,116.5999984741211,3879100
2016-03-29,GLD,118.76000213623047,14472400
2016-03-30,GLD,117.0999984741211,10769100
2016-03-31,GLD,117.63999938964844,9348200
2016-04-01,GLD,116.93000030517578,10405400
2016-04-04,GLD,116.1500015258789,7643700
2016-04-05,GLD,117.66000366210938,8865900
2016-04-06,GLD,116.94000244140625,7549400
2016-04-07,GLD,118.61000061035156,11900500
2016-04-08,GLD,118.43000030517578,9078900
2016-04-11,GLD,120.02999877929688,9846000
2016-04-12,GLD,120.05000305175781,9689500
2016-04-13,GLD,118.7699966430664,8841500
2016-04-14,GLD,117.11000061035156,13165800
2016-04-15,GLD,117.91999816894531,7838100
2016-04-18,GLD,117.73999786376953,5809800
2016-04-19,GLD,119.58000183105469,21031500
2016-04-20,GLD,118.97000122070312,10233200
2016-04-21,GLD,119.41999816894531,14612800
2016-04-22,GLD,117.88999938964844,10047000
2016-04-25,GLD,118.2300033569336,4369400
2016-04-26,GLD,118.69999694824219,9906800
2016-04-27,GLD,119.04000091552734,7976400
2016-04-28,GLD,121.29000091552734,15133600
2016-04-29,GLD,123.6500015258789,19043900
2016-05-02,GLD,123.23999786376953,12137500
2016-05-03,GLD,122.95999908447266,9063600
2016-05-04,GLD,122.20999908447266,9398200
2016-05-05,GLD,122.06999969482422,8846900
2016-05-06,GLD,123.18000030517578,11366800
2016-05-09,GLD,120.6500015258789,9236200
2016-05-10,GLD,120.9800033569336,9845000
2016-05-11,GLD,122.12000274658203,7590100
2016-05-12,GLD,121.16000366210938,7447100
2016-05-13,GLD,121.70999908447266,7672800
2016-05-16,GLD,121.80000305175781,7103000
2016-05-17,GLD,122.22000122070312,8619800
2016-05-18,GLD,120.0999984741211,13381700
2016-05-19,GLD,119.87000274658203,14339700
2016-05-20,GLD,119.70999908447266,10379400
2016-05-23,GLD,119.37000274658203,8628200
2016-05-24,GLD,117.30000305175781,12772000
2016-05-25,GLD,116.9800033569336,10487300
2016-05-26,GLD,116.58000183105469,5893500
2016-05-27,GLD,115.62000274658203,8686700
2016-05-31,GLD,116.05999755859375,8187600
2016-06-01,GLD,115.94000244140625,8399600
2016-06-02,GLD,115.66999816894531,4591600
2016-06-03,GLD,118.87999725341797,14605100
2016-06-06,GLD,118.91999816894531,9887900
2016-06-07,GLD,118.81999969482422,4602900
2016-06-08,GLD,120.58000183105469,11661700
2016-06-09,GLD,121.25,12174000
2016-06-10,GLD,121.73999786376953,13940000
2016-06-13,GLD,122.63999938964844,12594200
2016-06-14,GLD,122.7699966430664,11651700
2016-06-15,GLD,123.68000030517578,15053000
2016-06-16,GLD,122.37999725341797,26635000
2016-06-17,GLD,123.94999694824219,15573800
2016-06-20,GLD,123.20999908447266,11866200
2016-06-21,GLD,120.83999633789062,14585600
2016-06-22,GLD,120.9000015258789,7861000
2016-06-23,GLD,120.11000061035156,10704900
2016-06-24,GLD,126.0,35782900
2016-06-27,GLD,126.68000030517578,21228800
2016-06-28,GLD,125.31999969482422,16001500
2016-06-29,GLD,125.83999633789062,12218400
2016-06-30,GLD,126.47000122070312,15981600
2016-07-01,GLD,128.41000366210938,14940700
2016-07-05,GLD,129.47000122070312,19026200
2016-07-06,GLD,130.22999572753906,17376700
2016-07-07,GLD,129.74000549316406,16508500
2016-07-08,GLD,130.52000427246094,17634200
2016-07-11,GLD,129.2899932861328,10855600
2016-07-12,GLD,127.1500015258789,26459600
2016-07-13,GLD,128.32000732421875,7377700
2016-07-14,GLD,127.33000183105469,12132400
2016-07-15,GLD,126.83999633789062,13892100
2016-07-18,GLD,127.04000091552734,8489700
2016-07-19,GLD,127.20999908447266,5170700
2016-07-20,GLD,125.38999938964844,11777700
2016-07-21,GLD,127.30000305175781,9399200
2016-07-22,GLD,126.3499984741211,7716000
2016-07-25,GLD,125.47000122070312,13139400
2016-07-26,GLD,126.0,7613200
2016-07-27,GLD,128.02999877929688,17066400
2016-07-28,GLD,127.66000366210938,9261800
2016-07-29,GLD,128.97999572753906,13708200
2016-08-01,GLD,129.22000122070312,7109900
2016-08-02,GLD,130.27000427246094,7652800
2016-08-03,GLD,129.64999389648438,5010700
2016-08-04,GLD,129.8699951171875,4908100
2016-08-05,GLD,127.55000305175781,16205100
2016-08-08,GLD,127.44000244140625,6773800
2016-08-09,GLD,127.95999908447266,7500400
2016-08-10,GLD,128.55999755859375,6196200
2016-08-11,GLD,127.66999816894531,9763800
2016-08-12,GLD,127.4000015258789,15395800
2016-08-15,GLD,127.83999633789062,4530800
2016-08-16,GLD,128.47000122070312,8678100
2016-08-17,GLD,128.5,12034800
2016-08-18,GLD,129.11000061035156,9500600
2016-08-19,GLD,127.97000122070312,10660100
2016-08-22,GLD,127.77999877929688,8627200
2016-08-23,GLD,127.76000213623047,9038500
2016-08-24,GLD,126.33999633789062,13539700
2016-08-25,GLD,126.2300033569336,5926300
2016-08-26,GLD,126.05000305175781,17967700
2016-08-29,GLD,126.30000305175781,5562400
2016-08-30,GLD,125.02999877929688,9877000
2016-08-31,GLD,124.77999877929688,13324100
2016-09-01,GLD,125.29000091552734,12877700
2016-09-02,GLD,126.56999969482422,11318600
2016-09-06,GLD,128.7100067138672,15115300
2016-09-07,GLD,128.27000427246094,8859800
2016-09-08,GLD,127.58999633789062,10561800
2016-09-09,GLD,126.75,12485600
2016-09-12,GLD,126.58999633789062,11140300
2016-09-13,GLD,125.75,8866400
2016-09-14,GLD,126.18000030517578,5820700
2016-09-15,GLD,125.37000274658203,12790400
2016-09-16,GLD,125.05999755859375,18995100
2016-09-19,GLD,125.31999969482422,4959600
2016-09-20,GLD,125.44000244140625,5672000
2016-09-21,GLD,127.2699966430664,13646400
2016-09-22,GLD,127.56999969482422,15188000
2016-09-23,GLD,127.6500015258789,7702300
2016-09-26,GLD,127.55000305175781,5842700
2016-09-27,GLD,126.62000274658203,6220700
2016-09-28,GLD,126.22000122070312,6757700
2016-09-29,GLD,126.06999969482422,7448400
2016-09-30,GLD,125.63999938964844,11204300
2016-10-03,GLD,125.31999969482422,9044100
2016-10-04,GLD,120.97000122070312,24372700
2016-10-05,GLD,120.77999877929688,14718100
2016-10-06,GLD,119.66000366210938,17917700
2016-10-07,GLD,119.73999786376953,17907300
2016-10-10,GLD,120.16000366210938,4514400
2016-10-11,GLD,119.55000305175781,6065300
2016-10-12,GLD,119.73999786376953,4848600
2016-10-13,GLD,120.02999877929688,7184600
2016-10-14,GLD,119.36000061035156,6577300
2016-10-17,GLD,119.68000030517578,4777900
2016-10-18,GLD,120.41999816894531,4919700
2016-10-19,GLD,121.11000061035156,6019800
2016-10-20,GLD,120.73999786376953,6496700
2016-10-21,GLD,120.83000183105469,6707800
2016-10-24,GLD,120.55999755859375,5481100
2016-10-25,GLD,121.47000122070312,6141100
2016-10-26,GLD,120.79000091552734,3905900
2016-10-27,GLD,121.01000213623047,4336000
2016-10-28,GLD,121.58000183105469,11639900
2016-10-31,GLD,121.94000244140625,7722100
2016-11-01,GLD,122.7300033569336,13384300
2016-11-02,GLD,123.63999938964844,15692400
2016-11-03,GLD,124.30000305175781,10093100
2016-11-04,GLD,124.38999938964844,8594600
2016-11-07,GLD,122.1500015258789,10015000
2016-11-08,GLD,121.63999938964844,9480600
2016-11-09,GLD,121.55999755859375,18236500
2016-11-10,GLD,119.75,22268000
2016-11-11,GLD,117.0999984741211,20381800
2016-11-14,GLD,116.11000061035156,20729400
2016-11-15,GLD,117.12000274658203,9348600
2016-11-16,GLD,116.7699966430664,5486100
2016-11-17,GLD,116.16999816894531,10342300
2016-11-18,GLD,115.1500015258789,10444300
2016-11-21,GLD,115.58000183105469,6654200
2016-11-22,GLD,115.54000091552734,6391900
2016-11-23,GLD,113.25,20982100
2016-11-25,GLD,112.61000061035156,5345900
2016-11-28,GLD,113.80000305175781,5655400
2016-11-29,GLD,113.2699966430664,7438600
2016-11-30,GLD,111.75,10925500
2016-12-01,GLD,111.54000091552734,10237000
2016-12-02,GLD,112.13999938964844,7416500
2016-12-05,GLD,111.54000091552734,10187900
2016-12-06,GLD,111.43000030517578,5533700
2016-12-07,GLD,111.83000183105469,4901800
2016-12-08,GLD,111.56999969482422,5977800
2016-12-09,GLD,110.4000015258789,10507700
2016-12-12,GLD,110.81999969482422,6156700
2016-12-13,GLD,110.44999694824219,7961600
2016-12-14,GLD,108.83000183105469,12933600
2016-12-15,GLD,107.33999633789062,14427500
2016-12-16,GLD,108.05000305175781,10602800
2016-12-19,GLD,108.58999633789062,5339100
2016-12-20,GLD,107.79000091552734,7321100
2016-12-21,GLD,107.8499984741211,5188700
2016-12-22,GLD,107.58999633789062,4942800
2016-12-23,GLD,107.93000030517578,5012200
2016-12-27,GLD,108.55999755859375,3685500
2016-12-28,GLD,108.86000061035156,5091200
2016-12-29,GLD,110.29000091552734,7563900
2016-12-30,GLD,109.61000061035156,8873700
2017-01-03,GLD,110.47000122070312,7527400
2017-01-04,GLD,110.86000061035156,4904100
2017-01-05,GLD,112.58000183105469,9606800
2017-01-06,GLD,111.75,7686100
2017-01-09,GLD,112.66999816894531,5674600
2017-01-10,GLD,113.1500015258789,6093400
2017-01-11,GLD,113.5,9918700
2017-01-12,GLD,113.91000366210938,8457300
2017-01-13,GLD,114.20999908447266,7261500
2017-01-17,GLD,115.8499984741211,9142400
2017-01-18,GLD,114.87000274658203,6498100
2017-01-19,GLD,114.7699966430664,6437000
2017-01-20,GLD,115.05000305175781,12261500
2017-01-23,GLD,115.79000091552734,6373100
2017-01-24,GLD,115.2699966430664,5798800
2017-01-25,GLD,114.31999969482422,6697500
2017-01-26,GLD,113.26000213623047,5390500
2017-01-27,GLD,113.48999786376953,6706600
2017-01-30,GLD,113.97000122070312,7687800
2017-01-31,GLD,115.55000305175781,10421900
2017-02-01,GLD,115.19999694824219,6932900
2017-02-02,GLD,115.83999633789062,7189500
2017-02-03,GLD,116.12999725341797,9455500
2017-02-06,GLD,117.69999694824219,8547800
2017-02-07,GLD,117.45999908447266,8621000
2017-02-08,GLD,118.19000244140625,9633400
2017-02-09,GLD,117.29000091552734,8177200
2017-02-10,GLD,117.5999984741211,9072100
2017-02-13,GLD,116.80000305175781,7354900
2017-02-14,GLD,116.93000030517578,6927800
2017-02-15,GLD,117.44999694824219,7088400
2017-02-16,GLD,118.08000183105469,6378700
2017-02-17,GLD,117.68000030517578,7338100
2017-02-21,GLD,117.75,6166900
2017-02-22,GLD,117.91000366210938,6057200
2017-02-23,GLD,118.94000244140625,7523300
2017-02-24,GLD,119.69999694824219,9809000
2017-02-27,GLD,119.12000274658203,9263500
2017-02-28,GLD,119.2300033569336,8727800
2017-03-01,GLD,119.05999755859375,8679600
2017-03-02,GLD,117.58000183105469,10986300
2017-03-03,GLD,117.51000213623047,10665800
2017-03-06,GLD,116.72000122070312,4883500
2017-03-07,GLD,115.77999877929688,6846300
2017-03-08,GLD,115.05999755859375,7620900
2017-03-09,GLD,114.47000122070312,6410900
2017-03-10,GLD,114.72000122070312,7929500
2017-03-13,GLD,114.73999786376953,5807400
2017-03-14,GLD,114.12000274658203,5301800
2017-03-15,GLD,116.25,13524100
2017-03-16,GLD,116.7300033569336,9322000
2017-03-17,GLD,116.98999786376953,4683000
2017-03-20,GLD,117.51000213623047,4000200
2017-03-21,GLD,118.54000091552734,9567900
2017-03-22,GLD,118.83000183105469,7287400
2017-03-23,GLD,118.66999816894531,6201100
2017-03-24,GLD,118.86000061035156,6879600
2017-03-27,GLD,119.52999877929688,8519600
2017-03-28,GLD,119.04000091552734,7112800
2017-03-29,GLD,119.33000183105469,4911000
2017-03-30,GLD,118.47000122070312,6894600
2017-03-31,GLD,118.72000122070312,8520800
2017-04-03,GLD,119.3499984741211,6105700
2017-04-04,GLD,119.62000274658203,4687300
2017-04-05,GLD,119.62000274658203,8106000
2017-04-06,GLD,119.18000030517578,4633500
2017-04-07,GLD,119.45999908447266,12351100
2017-04-10,GLD,119.45999908447266,4623700
2017-04-11,GLD,121.19000244140625,12455300
2017-04-12,GLD,122.0199966430664,9502500
2017-04-13,GLD,122.5999984741211,9892600
2017-04-17,GLD,122.23999786376953,8469600
2017-04-18,GLD,122.81999969482422,10903700
2017-04-19,GLD,121.7300033569336,8472700
2017-04-20,GLD,121.95999908447266,11787300
2017-04-21,GLD,122.30999755859375,15608000
2017-04-24,GLD,121.4800033569336,11053600
2017-04-25,GLD,120.25,10344800
2017-04-26,GLD,120.83999633789062,9758800
2017-04-27,GLD,120.38999938964844,8267000
2017-04-28,GLD,120.7699966430664,9134200
2017-05-01,GLD,119.66999816894531,9331800
2017-05-02,GLD,119.6500015258789,4900800
2017-05-03,GLD,117.9800033569336,10811100
2017-05-04,GLD,116.79000091552734,12406900
2017-05-05,GLD,117.01000213623047,7127200
2017-05-08,GLD,116.75,5438400
2017-05-09,GLD,116.05000305175781,6801300
2017-05-10,GLD,116.04000091552734,4290500
2017-05-11,GLD,116.5,6274400
2017-05-12,GLD,116.83000183105469,5434500
2017-05-15,GLD,117.13999938964844,5019600
2017-05-16,GLD,117.6500015258789,4942800
2017-05-17,GLD,119.79000091552734,13936900
2017-05-18,GLD,118.80999755859375,10341100
2017-05-19,GLD,119.4000015258789,6787300
2017-05-22,GLD,119.9000015258789,5132500
2017-05-23,GLD,119.13999938964844,8305400
2017-05-24,GLD,119.61000061035156,7025000
2017-05-25,GLD,119.4800033569336,4105100
2017-05-26,GLD,120.54000091552734,6791600
2017-05-30,GLD,120.13999938964844,4507500
2017-05-31,GLD,120.62000274658203,10360700
2017-06-01,GLD,120.72000122070312,8702500
2017-06-02,GLD,121.61000061035156,7268100
2017-06-05,GLD,121.7300033569336,3979200
2017-06-06,GLD,123.0999984741211,10798500
2017-06-07,GLD,122.44999694824219,9039200
2017-06-08,GLD,121.6500015258789,8169800
2017-06-09,GLD,120.54000091552734,7054700
2017-06-12,GLD,120.36000061035156,4927400
2017-06-13,GLD,120.4800033569336,3786600
2017-06-14,GLD,119.81999969482422,21124800
2017-06-15,GLD,119.31999969482422,6796700
2017-06-16,GLD,119.33999633789062,6435700
2017-06-19,GLD,118.43000030517578,6787000
2017-06-20,GLD,118.18000030517578,4617400
2017-06-21,GLD,118.5199966430664,4723700
2017-06-22,GLD,118.91999816894531,5811900
2017-06-23,GLD,119.43000030517578,9258600
2017-06-26,GLD,118.36000061035156,6593400
2017-06-27,GLD,118.80999755859375,5759300
2017-06-28,GLD,118.9000015258789,4220100
2017-06-29,GLD,118.31999969482422,7705200
2017-06-30,GLD,118.0199966430664,7272600
2017-07-03,GLD,116.08999633789062,12145000
2017-07-05,GLD,116.5199966430664,7223300
2017-07-06,GLD,116.47000122070312,4443400
2017-07-07,GLD,115.27999877929688,11153600
2017-07-10,GLD,115.47000122070312,4970900
2017-07-11,GLD,115.62000274658203,6637900
2017-07-12,GLD,116.02999877929688,4654400
2017-07-13,GLD,115.81999969482422,4148900
2017-07-14,GLD,116.7699966430664,5788200
2017-07-17,GLD,117.29000091552734,5170800
2017-07-18,GLD,118.11000061035156,7158600
2017-07-19,GLD,118.08000183105469,3205100
2017-07-20,GLD,118.23999786376953,5571600
2017-07-21,GLD,119.26000213623047,10135900
2017-07-24,GLD,119.30999755859375,3654300
2017-07-25,GLD,118.91999816894531,6203000
2017-07-26,GLD,119.87999725341797,8527900
2017-07-27,GLD,119.79000091552734,6385200
2017-07-28,GLD,120.69000244140625,7393600
2017-07-31,GLD,120.75,3944600
2017-08-01,GLD,120.6500015258789,7365100
2017-08-02,GLD,120.4000015258789,5945300
2017-08-03,GLD,120.58999633789062,4275600
2017-08-04,GLD,119.6500015258789,8644800
2017-08-07,GLD,119.51000213623047,3010100
2017-08-08,GLD,119.86000061035156,7227200
2017-08-09,GLD,121.30999755859375,9186200
2017-08-10,GLD,122.20999908447266,9817900
2017-08-11,GLD,122.79000091552734,8019500
2017-08-14,GLD,121.91999816894531,6035300
2017-08-15,GLD,120.9800033569336,6731300
2017-08-16,GLD,121.87000274658203,8267300
2017-08-17,GLD,122.48999786376953,8183800
2017-08-18,GLD,122.30000305175781,13654200
2017-08-21,GLD,122.76000213623047,5549700
2017-08-22,GLD,122.20999908447266,6493900
2017-08-23,GLD,122.66999816894531,5038400
2017-08-24,GLD,122.29000091552734,4193400
2017-08-25,GLD,122.73999786376953,12398200
2017-08-28,GLD,124.69000244140625,11578300
2017-08-29,GLD,124.41999816894531,9861500
2017-08-30,GLD,124.36000061035156,6328400
2017-08-31,GLD,125.81999969482422,11775500
2017-09-01,GLD,126.05999755859375,11567400
2017-09-05,GLD,127.45999908447266,11813100
2017-09-06,GLD,126.80999755859375,10059300
2017-09-07,GLD,128.1300048828125,10219700
2017-09-08,GLD,127.97000122070312,9020000
2017-09-11,GLD,126.19000244140625,9126600
2017-09-12,GLD,126.55999755859375,8349000
2017-09-13,GLD,125.61000061035156,8491000
2017-09-14,GLD,126.16000366210938,5330700
2017-09-15,GLD,125.52999877929688,8375100
2017-09-18,GLD,124.36000061035156,8859800
2017-09-19,GLD,124.62000274658203,5826500
2017-09-20,GLD,123.62000274658203,11415400
2017-09-21,GLD,122.68000030517578,7757900
2017-09-22,GLD,123.23999786376953,6011900
2017-09-25,GLD,124.52999877929688,10257200
2017-09-26,GLD,123.13999938964844,8673600
2017-09-27,GLD,121.9800033569336,6903900
2017-09-28,GLD,122.20999908447266,5968200
2017-09-29,GLD,121.58000183105469,10208000
2017-10-02,GLD,120.7699966430664,11755400
2017-10-03,GLD,120.83000183105469,3728700
2017-10-04,GLD,121.16999816894531,6475200
2017-10-05,GLD,120.5199966430664,6205400
2017-10-06,GLD,121.08999633789062,10013300
2017-10-09,GLD,122.08000183105469,5264100
2017-10-10,GLD,122.4000015258789,9315500
2017-10-11,GLD,122.79000091552734,5649400
2017-10-12,GLD,122.88999938964844,3037600
2017-10-13,GLD,123.81999969482422,6820300
2017-10-16,GLD,122.97000122070312,8202000
2017-10-17,GLD,122.12999725341797,7041300
2017-10-18,GLD,121.66999816894531,3666400
2017-10-19,GLD,122.38999938964844,5567300
2017-10-20,GLD,121.61000061035156,8481100
2017-10-23,GLD,121.80000305175781,5069700
2017-10-24,GLD,121.33000183105469,5114100
2017-10-25,GLD,121.3499984741211,4282400
2017-10-26,GLD,120.33000183105469,6438800
2017-10-27,GLD,120.9000015258789,6664200
2017-10-30,GLD,121.12999725341797,5119200
2017-10-31,GLD,120.66999816894531,3910500
2017-11-01,GLD,121.11000061035156,4647800
2017-11-02,GLD,121.19000244140625,5369500
2017-11-03,GLD,120.62000274658203,6330600
2017-11-06,GLD,121.6500015258789,6953800
2017-11-07,GLD,121.20999908447266,4165900
2017-11-08,GLD,121.62999725341797,5565200
2017-11-09,GLD,122.12999725341797,6072400
2017-11-10,GLD,121.12999725341797,7116200
2017-11-13,GLD,121.30999755859375,6249300
2017-11-14,GLD,121.55999755859375,6189000
2017-11-15,GLD,121.41000366210938,4984800
2017-11-16,GLD,121.4000015258789,2796500
2017-11-17,GLD,122.86000061035156,10614000
2017-11-20,GLD,121.30999755859375,8356700
2017-11-21,GLD,121.51000213623047,4956500
2017-11-22,GLD,122.62999725341797,5211800
2017-11-24,GLD,122.31999969482422,1779700
2017-11-27,GLD,122.83000183105469,4961200
2017-11-28,GLD,122.80999755859375,5603100
2017-11-29,GLD,122.04000091552734,6138900
2017-11-30,GLD,121.0999984741211,7936300
2017-12-01,GLD,121.58999633789062,13080100
2017-12-04,GLD,121.18000030517578,6943700
2017-12-05,GLD,120.31999969482422,10041200
2017-12-06,GLD,120.06999969482422,6643000
2017-12-07,GLD,118.48999786376953,12900200
2017-12-08,GLD,118.4800033569336,5231300
2017-12-11,GLD,118.01000213623047,4522200
2017-12-12,GLD,118.1500015258789,8020100
2017-12-13,GLD,119.16999816894531,10086700
2017-12-14,GLD,118.93000030517578,6993600
2017-12-15,GLD,119.18000030517578,7532000
2017-12-18,GLD,119.7300033569336,5452200
2017-12-19,GLD,119.81999969482422,4018900
2017-12-20,GLD,120.13999938964844,5734600
2017-12-21,GLD,120.30999755859375,4823700
2017-12-22,GLD,120.94000244140625,5791300
2017-12-26,GLD,121.7699966430664,8224400
2017-12-27,GLD,122.2300033569336,6232700
2017-12-28,GLD,122.8499984741211,5732700
2017-12-29,GLD,123.6500015258789,7852100
2018-01-02,GLD,125.1500015258789,11762500
2018-01-03,GLD,124.81999969482422,7904300
2018-01-04,GLD,125.45999908447266,7329700
2018-01-05,GLD,125.33000183105469,5739900
2018-01-08,GLD,125.30999755859375,3566700
2018-01-09,GLD,124.7300033569336,9153600
2018-01-10,GLD,125.02999877929688,14809300
2018-01-11,GLD,125.44000244140625,5994700
2018-01-12,GLD,126.95999908447266,9258600
2018-01-16,GLD,127.16999816894531,8083900
2018-01-17,GLD,126.13999938964844,10130500
2018-01-18,GLD,125.86000061035156,6289300
2018-01-19,GLD,126.41999816894531,8773800
2018-01-22,GLD,126.6500015258789,4893500
2018-01-23,GLD,127.27999877929688,6190400
2018-01-24,GLD,128.8300018310547,11827600
2018-01-25,GLD,127.97000122070312,15219700
2018-01-26,GLD,128.07000732421875,7828700
2018-01-29,GLD,127.3499984741211,6956400
2018-01-30,GLD,126.80000305175781,9736100
2018-01-31,GLD,127.6500015258789,13418900
2018-02-01,GLD,128.07000732421875,10854600
2018-02-02,GLD,126.38999938964844,16789200
2018-02-05,GLD,126.70999908447266,13596300
2018-02-06,GLD,125.37999725341797,17672500
2018-02-07,GLD,124.79000091552734,8558500
2018-02-08,GLD,124.9800033569336,7343600
2018-02-09,GLD,124.7699966430664,14140700
2018-02-12,GLD,125.37000274658203,6984900
2018-02-13,GLD,126.08000183105469,5321300
2018-02-14,GLD,128.22999572753906,16416400
2018-02-15,GLD,128.3800048828125,7276500
2018-02-16,GLD,127.95999908447266,7956900
2018-02-20,GLD,126.23999786376953,11148700
2018-02-21,GLD,125.66000366210938,7908800
2018-02-22,GLD,126.30000305175781,5346300
2018-02-23,GLD,126.13999938964844,4239700
2018-02-26,GLD,126.44999694824219,3194300
2018-02-27,GLD,125.12999725341797,7082300
2018-02-28,GLD,125.0,4534900
2018-03-01,GLD,124.72000122070312,12910100
2018-03-02,GLD,125.38999938964844,9994300
2018-03-05,GLD,125.18000030517578,5778300
2018-03-06,GLD,126.52999877929688,8676800
2018-03-07,GLD,125.72000122070312,5158700
2018-03-08,GLD,125.41999816894531,3474900
2018-03-09,GLD,125.54000091552734,5066800
2018-03-12,GLD,125.54000091552734,2884300
2018-03-13,GLD,125.77999877929688,4798300
2018-03-14,GLD,125.69999694824219,3777000
2018-03-15,GLD,124.9000015258789,6130100
2018-03-16,GLD,124.5999984741211,7402200
2018-03-19,GLD,124.87000274658203,4335400
2018-03-20,GLD,124.30999755859375,3399400
2018-03-21,GLD,126.4800033569336,12532000
2018-03-22,GLD,125.9800033569336,5298700
2018-03-23,GLD,127.61000061035156,12025900
2018-03-26,GLD,128.27999877929688,6169800
2018-03-27,GLD,127.48999786376953,6180700
2018-03-28,GLD,125.7300033569336,10254900
2018-03-29,GLD,125.79000091552734,7102000
2018-04-02,GLD,127.26000213623047,11421100
2018-04-03,GLD,126.30000305175781,6083700
2018-04-04,GLD,126.44999694824219,7488300
2018-04-05,GLD,125.80000305175781,5333000
2018-04-06,GLD,126.38999938964844,6121200
2018-04-09,GLD,126.81999969482422,4189900
2018-04-10,GLD,127.12000274658203,5268800
2018-04-11,GLD,128.11000061035156,12348600
2018-04-12,GLD,126.62000274658203,8141300
2018-04-13,GLD,127.44999694824219,6821300
2018-04-16,GLD,127.62999725341797,4600000
2018-04-17,GLD,127.75,4184100
2018-04-18,GLD,127.8499984741211,6755600
2018-04-19,GLD,127.5999984741211,8736100
2018-04-20,GLD,126.62999725341797,10403100
2018-04-23,GLD,125.62000274658203,6921500
2018-04-24,GLD,126.2300033569336,4733100
2018-04-25,GLD,125.41000366210938,5985700
2018-04-26,GLD,124.97000122070312,7517100
2018-04-27,GLD,125.5,5654000
2018-04-30,GLD,124.58999633789062,9830600
2018-05-01,GLD,123.70999908447266,7551600
2018-05-02,GLD,123.6500015258789,7614000
2018-05-03,GLD,124.27999877929688,4857400
2018-05-04,GLD,124.54000091552734,5883600
2018-05-07,GLD,124.56999969482422,3397500
2018-05-08,GLD,124.58999633789062,5551100
2018-05-09,GLD,124.33000183105469,4405600
2018-05-10,GLD,125.18000030517578,5218400
2018-05-11,GLD,125.0,4299200
2018-05-14,GLD,124.48999786376953,3753200
2018-05-15,GLD,122.4800033569336,10911900
2018-05-16,GLD,122.29000091552734,4943300
2018-05-17,GLD,122.36000061035156,7781300
2018-05-18,GLD,122.41000366210938,6837100
2018-05-21,GLD,122.4800033569336,4126700
2018-05-22,GLD,122.41000366210938,4579600
2018-05-23,GLD,122.54000091552734,7007300
2018-05-24,GLD,123.58999633789062,8850100
2018-05-25,GLD,123.20999908447266,7920700
2018-05-29,GLD,123.19000244140625,9013200
2018-05-30,GLD,123.37000274658203,4573700
2018-05-31,GLD,123.0999984741211,7862500
2018-06-01,GLD,122.48999786376953,8059100
2018-06-04,GLD,122.37000274658203,4345400
2018-06-05,GLD,122.8499984741211,6864200
2018-06-06,GLD,122.91999816894531,4083700
2018-06-07,GLD,122.86000061035156,3700700
2018-06-08,GLD,123.01000213623047,3865700
2018-06-11,GLD,123.2300033569336,3201200
2018-06-12,GLD,122.81999969482422,7279600
2018-06-13,GLD,123.19000244140625,5867700
2018-06-14,GLD,123.37999725341797,8015400
2018-06-15,GLD,121.33999633789062,14537000
2018-06-18,GLD,121.11000061035156,3846000
2018-06-19,GLD,120.80000305175781,4925800
2018-06-20,GLD,120.26000213623047,4548500
2018-06-21,GLD,120.05000305175781,5681900
2018-06-22,GLD,120.33999633789062,4489400
2018-06-25,GLD,119.88999938964844,9300200
2018-06-26,GLD,119.26000213623047,8674500
2018-06-27,GLD,118.58000183105469,6480100
2018-06-28,GLD,118.22000122070312,7760500
2018-06-29,GLD,118.6500015258789,8002800
2018-07-02,GLD,117.45999908447266,12021900
2018-07-03,GLD,118.6500015258789,8901000
2018-07-05,GLD,119.05000305175781,4951900
2018-07-06,GLD,118.86000061035156,2946900
2018-07-09,GLD,119.1500015258789,4074900
2018-07-10,GLD,118.93000030517578,3754800
2018-07-11,GLD,117.63999938964844,6974500
2018-07-12,GLD,118.12999725341797,4585300
2018-07-13,GLD,117.61000061035156,5444300
2018-07-16,GLD,117.55000305175781,3670700
2018-07-17,GLD,116.27999877929688,7939600
2018-07-18,GLD,116.30999755859375,5391800
2018-07-19,GLD,115.80999755859375,14227600
2018-07-20,GLD,116.55999755859375,7892000
2018-07-23,GLD,116.0,6247100
2018-07-24,GLD,116.04000091552734,4801000
2018-07-25,GLD,116.68000030517578,5479600
2018-07-26,GLD,115.7699966430664,6382700
2018-07-27,GLD,115.83000183105469,5242000
2018-07-30,GLD,115.6500015258789,4157400
2018-07-31,GLD,115.98999786376953,5508500
2018-08-01,GLD,115.13999938964844,7941700
2018-08-02,GLD,114.5199966430664,6204200
2018-08-03,GLD,114.91999816894531,5953200
2018-08-06,GLD,114.33000183105469,5811600
2018-08-07,GLD,114.58999633789062,5188000
2018-08-08,GLD,114.91000366210938,3808000
2018-08-09,GLD,114.73999786376953,4253000
2018-08-10,GLD,114.69000244140625,6757900
2018-08-13,GLD,112.95999908447266,9150900
2018-08-14,GLD,113.06999969482422,7085900
2018-08-15,GLD,111.19000244140625,12398400
2018-08-16,GLD,111.0999984741211,7484600
2018-08-17,GLD,112.12999725341797,8471000
2018-08-20,GLD,112.69000244140625,5313400
2018-08-21,GLD,113.0199966430664,5042400
2018-08-22,GLD,113.2699966430664,6215600
2018-08-23,GLD,112.19999694824219,5500100
2018-08-24,GLD,114.16000366210938,9214700
2018-08-27,GLD,114.58999633789062,4364000
2018-08-28,GLD,113.68000030517578,6101400
2018-08-29,GLD,114.19999694824219,5616300
2018-08-30,GLD,113.63999938964844,5431600
2018-08-31,GLD,113.51000213623047,5048700
2018-09-04,GLD,112.93000030517578,6617500
2018-09-05,GLD,113.31999969482422,4459200
2018-09-06,GLD,113.54000091552734,4784700
2018-09-07,GLD,113.2300033569336,3714000
2018-09-10,GLD,113.1500015258789,2316500
2018-09-11,GLD,113.22000122070312,3791300
2018-09-12,GLD,114.16999816894531,6315900
2018-09-13,GLD,113.76000213623047,5635900
2018-09-14,GLD,113.0199966430664,5375600
2018-09-17,GLD,113.61000061035156,4727300
2018-09-18,GLD,113.44000244140625,4737800
2018-09-19,GLD,113.87999725341797,4223200
2018-09-20,GLD,114.2699966430664,4384200
2018-09-21,GLD,113.48999786376953,6831400
2018-09-24,GLD,113.47000122070312,4435300
2018-09-25,GLD,113.6500015258789,3004800
2018-09-26,GLD,113.05000305175781,8297300
2018-09-27,GLD,112.05000305175781,7683400
2018-09-28,GLD,112.76000213623047,6020600
2018-10-01,GLD,112.56999969482422,3892600
2018-10-02,GLD,113.87000274658203,10776700
2018-10-03,GLD,113.41999816894531,6674500
2018-10-04,GLD,113.4800033569336,6616200
2018-10-05,GLD,113.80000305175781,7994400
2018-10-08,GLD,112.54000091552734,12111600
2018-10-09,GLD,112.5999984741211,8352300
2018-10-10,GLD,112.87999725341797,10571300
2018-10-11,GLD,115.77999877929688,26810900
2018-10-12,GLD,115.2300033569336,12939300
2018-10-15,GLD,116.0,11828400
2018-10-16,GLD,115.80000305175781,9531800
2018-10-17,GLD,115.79000091552734,7078600
2018-10-18,GLD,115.91999816894531,7964100
2018-10-19,GLD,116.01000213623047,7453900
2018-10-22,GLD,115.70999908447266,5200500
2018-10-23,GLD,116.38999938964844,12704200
2018-10-24,GLD,116.66000366210938,8563300
2018-10-25,GLD,116.4000015258789,8303500
2018-10-26,GLD,116.7699966430664,15733100
2018-10-29,GLD,116.30999755859375,8732500
2018-10-30,GLD,115.80000305175781,7233300
2018-10-31,GLD,115.1500015258789,11409300
2018-11-01,GLD,116.62999725341797,13662900
2018-11-02,GLD,116.6500015258789,8796900
2018-11-05,GLD,116.37000274658203,6291500
2018-11-06,GLD,116.04000091552734,7270800
2018-11-07,GLD,116.02999877929688,8392100
2018-11-08,GLD,115.77999877929688,7638800
2018-11-09,GLD,114.4800033569336,14159200
2018-11-12,GLD,113.66000366210938,7498600
2018-11-13,GLD,113.69999694824219,9309000
2018-11-14,GLD,114.63999938964844,13950200
2018-11-15,GLD,114.7699966430664,8910600
2018-11-16,GLD,115.62000274658203,8577000
2018-11-19,GLD,115.66999816894531,8508300
2018-11-20,GLD,115.66999816894531,9075100
2018-11-21,GLD,115.86000061035156,8834200
2018-11-23,GLD,115.7699966430664,3726600
2018-11-26,GLD,115.63999938964844,4018600
2018-11-27,GLD,114.94999694824219,9671100
2018-11-28,GLD,115.37999725341797,13788800
2018-11-29,GLD,115.73999786376953,6479300
2018-11-30,GLD,115.54000091552734,8169600
2018-12-03,GLD,116.41000366210938,8469500
2018-12-04,GLD,117.12000274658203,7186100
2018-12-06,GLD,117.13999938964844,9267600
2018-12-07,GLD,118.08999633789062,10402900
2018-12-10,GLD,117.68000030517578,8117900
2018-12-11,GLD,117.54000091552734,6395400
2018-12-12,GLD,117.79000091552734,4136800
2018-12-13,GLD,117.52999877929688,4131800
2018-12-14,GLD,117.05999755859375,7501700
2018-12-17,GLD,117.87000274658203,8454900
2018-12-18,GLD,118.1500015258789,7542900
2018-12-19,GLD,117.43000030517578,13827500
2018-12-20,GLD,119.23999786376953,18615100
2018-12-21,GLD,118.72000122070312,13629800
2018-12-24,GLD,120.0199966430664,9736400
2018-12-26,GLD,119.66000366210938,14293500
2018-12-27,GLD,120.56999969482422,11874400
2018-12-28,GLD,121.05999755859375,6864700
2018-12-31,GLD,121.25,8449400
2019-01-02,GLD,121.33000183105469,12776200
2019-01-03,GLD,122.43000030517578,15440800
2019-01-04,GLD,121.44000244140625,13334000
2019-01-07,GLD,121.86000061035156,7473600
2019-01-08,GLD,121.52999877929688,7643100
2019-01-09,GLD,122.30999755859375,10555900
2019-01-10,GLD,121.58999633789062,6672000
2019-01-11,GLD,121.80000305175781,8622400
2019-01-14,GLD,122.08999633789062,6477100
2019-01-15,GLD,121.87999725341797,7512500
2019-01-16,GLD,122.2699966430664,6878100
2019-01-17,GLD,122.11000061035156,8558500
2019-01-18,GLD,121.0199966430664,10896000
2019-01-22,GLD,121.44999694824219,7896500
2019-01-23,GLD,121.27999877929688,5224900
2019-01-24,GLD,121.08999633789062,5662500
2019-01-25,GLD,122.86000061035156,11103300
2019-01-28,GLD,123.29000091552734,8522200
2019-01-29,GLD,123.9800033569336,11610200
2019-01-30,GLD,124.69000244140625,12104000
2019-01-31,GLD,124.75,10209500
2019-02-01,GLD,124.5,12485500
2019-02-04,GLD,123.95999908447266,6878900
2019-02-05,GLD,124.27999877929688,6291100
2019-02-06,GLD,123.44000244140625,6595100
2019-02-07,GLD,123.73999786376953,5935500
2019-02-08,GLD,124.20999908447266,4235200
2019-02-11,GLD,123.5999984741211,4821800
2019-02-12,GLD,123.86000061035156,4271900
2019-02-13,GLD,123.37000274658203,7640500
2019-02-14,GLD,124.05999755859375,6276500
2019-02-15,GLD,124.80000305175781,12190100
2019-02-19,GLD,126.69999694824219,15614000
2019-02-20,GLD,126.4800033569336,8889700
2019-02-21,GLD,125.05000305175781,8634600
2019-02-22,GLD,125.5,5439400
2019-02-25,GLD,125.37000274658203,4882600
2019-02-26,GLD,125.58000183105469,5153200
2019-02-27,GLD,124.69000244140625,7935600
2019-02-28,GLD,123.98999786376953,7811700
2019-03-01,GLD,121.87999725341797,16411700
2019-03-04,GLD,121.55999755859375,10272600
2019-03-05,GLD,121.72000122070312,7120100
2019-03-06,GLD,121.61000061035156,4820400
2019-03-07,GLD,121.51000213623047,6088800
2019-03-08,GLD,122.83999633789062,10427700
2019-03-11,GLD,122.23999786376953,6708700
2019-03-12,GLD,122.9800033569336,6289900
2019-03-13,GLD,123.83999633789062,7377300
2019-03-14,GLD,122.41000366210938,6778200
2019-03-15,GLD,122.97000122070312,9412000
2019-03-18,GLD,123.04000091552734,7783200
2019-03-19,GLD,123.37999725341797,6558700
2019-03-20,GLD,124.18000030517578,11304900
2019-03-21,GLD,123.68000030517578,7739800
2019-03-22,GLD,123.97000122070312,5874000
2019-03-25,GLD,124.91999816894531,7288300
2019-03-26,GLD,124.30000305175781,5056100
2019-03-27,GLD,123.6500015258789,6595000
2019-03-28,GLD,121.9000015258789,11878300
2019-03-29,GLD,122.01000213623047,7093900
2019-04-01,GLD,121.52999877929688,13560000
2019-04-02,GLD,121.9800033569336,4475000
2019-04-03,GLD,121.80000305175781,6152200
2019-04-04,GLD,122.11000061035156,7508400
2019-04-05,GLD,121.9800033569336,5114500
2019-04-08,GLD,122.51000213623047,4270800
2019-04-09,GLD,123.1500015258789,4648400
2019-04-10,GLD,123.52999877929688,6344800
2019-04-11,GLD,121.94999694824219,11694500
2019-04-12,GLD,121.83000183105469,5272800
2019-04-15,GLD,121.5999984741211,4252400
2019-04-16,GLD,120.51000213623047,10097800
2019-04-17,GLD,120.27999877929688,4693900
2019-04-18,GLD,120.37000274658203,4090400
2019-04-22,GLD,120.37000274658203,2250900
2019-04-23,GLD,120.12000274658203,5574800
2019-04-24,GLD,120.47000122070312,4173000
2019-04-25,GLD,120.56999969482422,4836900
2019-04-26,GLD,121.37000274658203,6022700
2019-04-29,GLD,120.83000183105469,4469300
2019-04-30,GLD,121.19999694824219,4758600
2019-05-01,GLD,120.4000015258789,12331800
2019-05-02,GLD,119.94000244140625,6759600
2019-05-03,GLD,120.6500015258789,8414400
2019-05-06,GLD,120.80999755859375,3479600
2019-05-07,GLD,121.20999908447266,4010700
2019-05-08,GLD,120.91000366210938,4178800
2019-05-09,GLD,121.19999694824219,5015500
2019-05-10,GLD,121.43000030517578,4586000
2019-05-13,GLD,122.66999816894531,11130900
2019-05-14,GLD,122.45999908447266,5556000
2019-05-15,GLD,122.38999938964844,10299000
2019-05-16,GLD,121.51000213623047,6349400
2019-05-17,GLD,120.6500015258789,6589300
2019-05-20,GLD,120.63999938964844,4345800
2019-05-21,GLD,120.36000061035156,3845600
2019-05-22,GLD,120.23999786376953,3741800
2019-05-23,GLD,121.16999816894531,6054600
2019-05-24,GLD,121.30000305175781,2324700
2019-05-28,GLD,120.83000183105469,4303500
2019-05-29,GLD,120.87000274658203,4133200
2019-05-30,GLD,121.69000244140625,7757000
2019-05-31,GLD,123.33000183105469,15367000
2019-06-03,GLD,125.11000061035156,14173600
2019-06-04,GLD,125.1500015258789,7997100
2019-06-05,GLD,125.47000122070312,7637900
2019-06-06,GLD,125.87999725341797,5551800
2019-06-07,GLD,126.58999633789062,8145900
2019-06-10,GLD,125.33000183105469,5410000
2019-06-11,GLD,125.18000030517578,4757800
2019-06-12,GLD,125.83000183105469,5756200
2019-06-13,GLD,126.5999984741211,5374800
2019-06-14,GLD,126.55999755859375,9226100
2019-06-17,GLD,126.4800033569336,4763300
2019-06-18,GLD,127.12000274658203,10309600
2019-06-19,GLD,127.88999938964844,11660600
2019-06-20,GLD,131.11000061035156,18636300
2019-06-21,GLD,131.97999572753906,15068000
2019-06-24,GLD,133.94000244140625,17851800
2019-06-25,GLD,134.1999969482422,24772200
2019-06-26,GLD,132.97000122070312,12016400
2019-06-27,GLD,132.83999633789062,8412800
2019-06-28,GLD,133.1999969482422,8077000
2019-07-01,GLD,130.6199951171875,13317700
2019-07-02,GLD,133.41000366210938,13282100
2019-07-03,GLD,133.6300048828125,6351500
2019-07-05,GLD,132.13999938964844,11536600
2019-07-08,GLD,131.2899932861328,8028900
2019-07-09,GLD,131.75,6633400
2019-07-10,GLD,133.8300018310547,13920600
2019-07-11,GLD,132.6999969482422,7535100
2019-07-12,GLD,133.52999877929688,6309500
2019-07-15,GLD,133.52999877929688,4026600
2019-07-16,GLD,132.39999389648438,7966000
2019-07-17,GLD,134.5800018310547,11288300
2019-07-18,GLD,136.47999572753906,18448200
2019-07-19,GLD,134.47000122070312,18079200
2019-07-22,GLD,134.4499969482422,7570400
2019-07-23,GLD,133.69000244140625,9981400
2019-07-24,GLD,134.3699951171875,6715200
2019-07-25,GLD,133.4199981689453,11708200
2019-07-26,GLD,133.63999938964844,6249900
2019-07-29,GLD,134.52999877929688,9162400
2019-07-30,GLD,134.97999572753906,9458700
2019-07-31,GLD,133.2100067138672,18797200
2019-08-01,GLD,136.41000366210938,27719800
2019-08-02,GLD,135.88999938964844,13753200
2019-08-05,GLD,137.7899932861328,17519800
2019-08-06,GLD,138.91000366210938,9471200
2019-08-07,GLD,141.02000427246094,26671100
2019-08-08,GLD,141.72999572753906,13108600
2019-08-09,GLD,141.25999450683594,9485900
2019-08-12,GLD,142.6300048828125,15264000
2019-08-13,GLD,141.77999877929688,29842800
2019-08-14,GLD,142.75,20672900
2019-08-15,GLD,143.6999969482422,13467800
2019-08-16,GLD,142.77999877929688,11728800
2019-08-19,GLD,141.11000061035156,10552700
2019-08-20,GLD,142.2100067138672,7478500
2019-08-21,GLD,141.75999450683594,8114700
2019-08-22,GLD,141.39999389648438,6846500
2019-08-23,GLD,144.1699981689453,20282200
2019-08-26,GLD,144.19000244140625,12195800
2019-08-27,GLD,145.57000732421875,12844100
2019-08-28,GLD,145.16000366210938,11452400
2019-08-29,GLD,144.1199951171875,14762500
2019-08-30,GLD,143.75,9642200
2019-09-03,GLD,145.75,15615200
2019-09-04,GLD,146.66000366210938,11285900
2019-09-05,GLD,143.13999938964844,20293200
2019-09-06,GLD,141.9199981689453,14175200
2019-09-09,GLD,141.38999938964844,11323800
2019-09-10,GLD,140.17999267578125,12629200
2019-09-11,GLD,141.02999877929688,7453000
2019-09-12,GLD,141.32000732421875,12673700
2019-09-13,GLD,140.14999389648438,13451700
2019-09-16,GLD,141.32000732421875,8094600
2019-09-17,GLD,141.60000610351562,7010200
2019-09-18,GLD,140.7100067138672,15026300
2019-09-19,GLD,141.27999877929688,8057400
2019-09-20,GLD,142.9499969482422,12110000
2019-09-23,GLD,143.75,9006500
2019-09-24,GLD,144.50999450683594,10576300
2019-09-25,GLD,141.8300018310547,11648400
2019-09-26,GLD,141.7899932861328,7984600
2019-09-27,GLD,141.05999755859375,9804200
2019-09-30,GLD,138.8699951171875,15459100
2019-10-01,GLD,139.6300048828125,12476200
2019-10-02,GLD,141.25999450683594,11914300
2019-10-03,GLD,141.89999389648438,12396100
2019-10-04,GLD,141.89999389648438,9651000
2019-10-07,GLD,140.69000244140625,6127200
2019-10-08,GLD,141.9199981689453,10428900
2019-10-09,GLD,142.0500030517578,6927700
2019-10-10,GLD,140.80999755859375,9301700
2019-10-11,GLD,140.02999877929688,11333400
2019-10-14,GLD,140.58999633789062,4006700
2019-10-15,GLD,139.61000061035156,9128300
2019-10-16,GLD,140.41000366210938,10330300
2019-10-17,GLD,140.61000061035156,6131000
2019-10-18,GLD,140.4600067138672,6416100
2019-10-21,GLD,139.7899932861328,8306200
2019-10-22,GLD,140.1999969482422,3879700
2019-10-23,GLD,140.52999877929688,4155300
2019-10-24,GLD,141.52999877929688,6174800
2019-10-25,GLD,141.86000061035156,6011500
2019-10-28,GLD,140.63999938964844,5442000
2019-10-29,GLD,140.25,3835400
2019-10-30,GLD,141.02000427246094,6992900
2019-10-31,GLD,142.42999267578125,7050900
2019-11-01,GLD,142.55999755859375,8090000
2019-11-04,GLD,142.14999389648438,4740300
2019-11-05,GLD,139.85000610351562,11782300
2019-11-06,GLD,140.4499969482422,6416500
2019-11-07,GLD,138.27000427246094,15214200
2019-11-08,GLD,137.38999938964844,10377400
2019-11-11,GLD,137.05999755859375,7037300
2019-11-12,GLD,137.42999267578125,6448600
2019-11-13,GLD,137.97999572753906,8776000
2019-11-14,GLD,138.55999755859375,5220500
2019-11-15,GLD,138.2100067138672,10106700
2019-11-18,GLD,138.6199951171875,5717900
2019-11-19,GLD,138.69000244140625,4824400
2019-11-20,GLD,138.75999450683594,6892100
2019-11-21,GLD,138.0,4197200
2019-11-22,GLD,137.74000549316406,3620300
2019-11-25,GLD,137.0800018310547,6415800
2019-11-26,GLD,137.74000549316406,4724400
2019-11-27,GLD,137.00999450683594,4111000
2019-11-29,GLD,137.86000061035156,4516400
2019-12-02,GLD,137.7899932861328,8274700
2019-12-03,GLD,139.11000061035156,8481700
2019-12-04,GLD,138.9199981689453,6322300
2019-12-05,GLD,139.0,5671500
2019-12-06,GLD,137.6199951171875,8714500
2019-12-09,GLD,137.5800018310547,2711600
2019-12-10,GLD,137.97000122070312,3240800
2019-12-11,GLD,138.9199981689453,6097500
2019-12-12,GLD,138.42999267578125,8815100
2019-12-13,GLD,139.0500030517578,6964300
2019-12-16,GLD,139.0399932861328,4646100
2019-12-17,GLD,139.00999450683594,4287500
2019-12-18,GLD,139.02000427246094,3607600
2019-12-19,GLD,139.3800048828125,4975000
2019-12-20,GLD,139.52000427246094,4463900
2019-12-23,GLD,139.9499969482422,5180900
2019-12-24,GLD,141.27000427246094,5303700
2019-12-26,GLD,142.3800048828125,8342500
2019-12-27,GLD,142.3300018310547,5119900
2019-12-30,GLD,142.6300048828125,4810600
2019-12-31,GLD,142.89999389648438,5313500
2020-01-02,GLD,143.9499969482422,7733800
2020-01-03,GLD,145.86000061035156,12272800
2020-01-06,GLD,147.38999938964844,14403300
2020-01-07,GLD,147.97000122070312,7978500
2020-01-08,GLD,146.86000061035156,22248500
2020-01-09,GLD,146.02999877929688,10292300
2020-01-10,GLD,146.91000366210938,6183300
2020-01-13,GLD,145.82000732421875,7593800
2020-01-14,GLD,145.69000244140625,6589700
2020-01-15,GLD,146.5399932861328,6510000
2020-01-16,GLD,146.30999755859375,6069100
2020-01-17,GLD,146.5800018310547,11121100
2020-01-21,GLD,146.74000549316406,6086100
2020-01-22,GLD,146.7899932861328,4778200
2020-01-23,GLD,147.1199951171875,8419800
2020-01-24,GLD,147.97999572753906,9919900
2020-01-27,GLD,148.99000549316406,9988100
2020-01-28,GLD,147.66000366210938,7543100
2020-01-29,GLD,148.4600067138672,5013100
2020-01-30,GLD,148.47000122070312,9119500
2020-01-31,GLD,149.3300018310547,14788300
2020-02-03,GLD,148.36000061035156,9105300
2020-02-04,GLD,146.42999267578125,10525600
2020-02-05,GLD,146.61000061035156,6160700
2020-02-06,GLD,147.39999389648438,4819800
2020-02-07,GLD,147.7899932861328,6379300
2020-02-10,GLD,148.1699981689453,5793600
2020-02-11,GLD,147.66000366210938,5179400
2020-02-12,GLD,147.5399932861328,5040600
2020-02-13,GLD,148.3800048828125,7082100
2020-02-14,GLD,149.0,5345400
2020-02-18,GLD,150.91000366210938,11524900
2020-02-19,GLD,151.7899932861328,9269800
2020-02-20,GLD,152.41000366210938,8457300
2020-02-21,GLD,154.6999969482422,16344500
2020-02-24,GLD,156.08999633789062,27171000
2020-02-25,GLD,153.3000030517578,28091500
2020-02-26,GLD,153.97000122070312,17912500
2020-02-27,GLD,154.0,27878500
2020-02-28,GLD,148.3800048828125,42699600
2020-03-02,GLD,149.1999969482422,16295400
2020-03-03,GLD,153.88999938964844,28687700
2020-03-04,GLD,154.16000366210938,12315500
2020-03-05,GLD,157.49000549316406,17973500
2020-03-06,GLD,157.5500030517578,26973400
2020-03-09,GLD,157.80999755859375,24868700
2020-03-10,GLD,154.47999572753906,18811500
2020-03-11,GLD,153.92999267578125,18159900
2020-03-12,GLD,147.7899932861328,32893400
2020-03-13,GLD,143.27999877929688,35177200
2020-03-16,GLD,141.63999938964844,24496000
2020-03-17,GLD,143.55999755859375,24490300
2020-03-18,GLD,140.6999969482422,21953400
2020-03-19,GLD,138.0399932861328,20828900
2020-03-20,GLD,140.11000061035156,20056000
2020-03-23,GLD,146.3000030517578,28275200
2020-03-24,GLD,153.39999389648438,20743500
2020-03-25,GLD,151.3000030517578,16457200
2020-03-26,GLD,153.24000549316406,12778200
2020-03-27,GLD,152.25,9824600
2020-03-30,GLD,152.9199981689453,12080900
2020-03-31,GLD,148.0500030517578,13319500
2020-04-01,GLD,149.4499969482422,11827400
2020-04-02,GLD,151.89999389648438,9188300
2020-04-03,GLD,152.64999389648438,8469100
2020-04-06,GLD,156.8800048828125,14739300
2020-04-07,GLD,156.0399932861328,9195400
2020-04-08,GLD,154.64999389648438,7600800
2020-04-09,GLD,158.69000244140625,18123000
2020-04-13,GLD,161.41000366210938,20549200
2020-04-14,GLD,162.67999267578125,17095100
2020-04-15,GLD,161.85000610351562,12141900
2020-04-16,GLD,161.7100067138672,9233200
2020-04-17,GLD,158.57000732421875,14652700
2020-04-20,GLD,159.6999969482422,10688700
2020-04-21,GLD,158.61000061035156,12478100
2020-04-22,GLD,161.72999572753906,12902100
2020-04-23,GLD,163.33999633789062,14928500
2020-04-24,GLD,162.63999938964844,11199300
2020-04-27,GLD,161.55999755859375,9033500
2020-04-28,GLD,160.83999633789062,10383000
2020-04-29,GLD,161.72999572753906,12232300
2020-04-30,GLD,158.8000030517578,13633500
2020-05-01,GLD,159.77999877929688,10914300
2020-05-04,GLD,160.33999633789062,7986200
2020-05-05,GLD,161.02000427246094,10563100
2020-05-06,GLD,158.9499969482422,13352000
2020-05-07,GLD,161.38999938964844,13691700
2020-05-08,GLD,160.4199981689453,12240900
2020-05-11,GLD,159.4199981689453,11209800
2020-05-12,GLD,160.0399932861328,10406000
2020-05-13,GLD,161.5800018310547,10950400
2020-05-14,GLD,163.00999450683594,17084400
2020-05-15,GLD,163.92999267578125,13918800
2020-05-18,GLD,162.69000244140625,14133800
2020-05-19,GLD,164.25999450683594,8535800
2020-05-20,GLD,164.64999389648438,10666100
2020-05-21,GLD,162.25,11791000
2020-05-22,GLD,163.2100067138672,8540900
2020-05-26,GLD,160.88999938964844,13972000
2020-05-27,GLD,161.17999267578125,13063500
2020-05-28,GLD,161.72000122070312,9758500
2020-05-29,GLD,162.91000366210938,12581800
2020-06-01,GLD,163.66000366210938,8140200
2020-06-02,GLD,162.60000610351562,10388900
2020-06-03,GLD,159.60000610351562,17000500
2020-06-04,GLD,161.27999877929688,10094000
2020-06-05,GLD,158.00999450683594,16021200
2020-06-08,GLD,159.72000122070312,9244400
2020-06-09,GLD,161.25999450683594,9045600
2020-06-10,GLD,163.57000732421875,13009300
2020-06-11,GLD,162.38999938964844,11673900
2020-06-12,GLD,162.6199951171875,6895400
2020-06-15,GLD,162.3300018310547,8532500
2020-06-16,GLD,162.25,7964000
2020-06-17,GLD,162.55999755859375,4758200
2020-06-18,GLD,162.24000549316406,5397600
2020-06-19,GLD,164.02999877929688,12187400
2020-06-22,GLD,165.08999633789062,12385600
2020-06-23,GLD,166.47999572753906,12137300
2020-06-24,GLD,165.89999389648438,10901400
2020-06-25,GLD,165.8000030517578,7093800
2020-06-26,GLD,166.5399932861328,9753500
2020-06-29,GLD,166.6300048828125,6735700
2020-06-30,GLD,167.3699951171875,12762300
2020-07-01,GLD,166.6199951171875,13214800
2020-07-02,GLD,166.97999572753906,8753500
2020-07-06,GLD,167.97999572753906,7265700
2020-07-07,GLD,169.0399932861328,11633100
2020-07-08,GLD,170.08999633789062,11662700
2020-07-09,GLD,169.6300048828125,13327400
2020-07-10,GLD,169.19000244140625,8218000
2020-07-13,GLD,169.39999389648438,11095900
2020-07-14,GLD,170.19000244140625,9812700
2020-07-15,GLD,170.33999633789062,7533800
2020-07-16,GLD,168.72999572753906,10242400
2020-07-17,GLD,170.1199951171875,10296000
2020-07-20,GLD,170.94000244140625,10095500
2020-07-21,GLD,173.0,12826100
2020-07-22,GLD,175.6300048828125,18712500
2020-07-23,GLD,177.17999267578125,23006800
2020-07-24,GLD,178.6999969482422,15601300
2020-07-27,GLD,182.22999572753906,21115600
2020-07-28,GLD,183.75,21164600
2020-07-29,GLD,185.1300048828125,25640100
2020-07-30,GLD,183.75999450683594,18061200
2020-07-31,GLD,185.42999267578125,15876700
2020-08-03,GLD,185.63999938964844,12897000
2020-08-04,GLD,189.58999633789062,20773200
2020-08-05,GLD,191.35000610351562,27078100
2020-08-06,GLD,193.88999938964844,20640100
2020-08-07,GLD,190.80999755859375,24570200
2020-08-10,GLD,190.14999389648438,19047200
2020-08-11,GLD,179.94000244140625,45355000
2020-08-12,GLD,179.10000610351562,28660500
2020-08-13,GLD,183.3300018310547,18596800
2020-08-14,GLD,182.5399932861328,11792000
2020-08-17,GLD,186.5,15709800
2020-08-18,GLD,188.17999267578125,16291600
2020-08-19,GLD,182.24000549316406,24646900
2020-08-20,GLD,183.5,16692200
2020-08-21,GLD,182.02999877929688,12713700
2020-08-24,GLD,181.0,11605800
2020-08-25,GLD,181.22000122070312,10056100
2020-08-26,GLD,183.36000061035156,12715800
2020-08-27,GLD,181.24000549316406,16299200
2020-08-28,GLD,184.38999938964844,13200800
2020-08-31,GLD,184.8300018310547,10251200
2020-09-01,GLD,185.0500030517578,10662100
2020-09-02,GLD,182.6199951171875,11536900
2020-09-03,GLD,181.13999938964844,12148100
2020-09-04,GLD,181.63999938964844,11567900
2020-09-08,GLD,181.2899932861328,13229200
2020-09-09,GLD,183.0500030517578,8424100
2020-09-10,GLD,182.4600067138672,9143600
2020-09-11,GLD,182.4499969482422,7662300
2020-09-14,GLD,183.88999938964844,9709500
2020-09-15,GLD,183.4499969482422,7993700
2020-09-16,GLD,183.97000122070312,12702400
2020-09-17,GLD,182.9600067138672,8836200
2020-09-18,GLD,183.1999969482422,9959700
2020-09-21,GLD,179.52000427246094,17436100
2020-09-22,GLD,178.64999389648438,7977900
2020-09-23,GLD,174.7899932861328,18134000
2020-09-24,GLD,175.44000244140625,11759200
2020-09-25,GLD,174.94000244140625,6779200
2020-09-28,GLD,176.6999969482422,7109700
2020-09-29,GLD,178.19000244140625,8718500
2020-09-30,GLD,177.1199951171875,8371800
2020-10-01,GLD,178.6999969482422,10402800
2020-10-02,GLD,178.5399932861328,7488500
2020-10-05,GLD,179.41000366210938,6969600
2020-10-06,GLD,177.3000030517578,8632800
2020-10-07,GLD,177.22000122070312,6410900
2020-10-08,GLD,177.85000610351562,6530800
2020-10-09,GLD,181.0800018310547,15979800
2020-10-12,GLD,180.55999755859375,4843000
2020-10-13,GLD,177.72000122070312,8384300
2020-10-14,GLD,178.27000427246094,9076600
2020-10-15,GLD,178.9199981689453,6815400
2020-10-16,GLD,178.3000030517578,7260700
2020-10-19,GLD,178.38999938964844,6084400
2020-10-20,GLD,179.25,7121400
2020-10-21,GLD,180.60000610351562,7548100
2020-10-22,GLD,178.8300018310547,8377000
2020-10-23,GLD,178.63999938964844,5919300
2020-10-26,GLD,178.5500030517578,5105100
2020-10-27,GLD,179.02000427246094,5826900
2020-10-28,GLD,176.1300048828125,11734100
2020-10-29,GLD,175.39999389648438,8474500
2020-10-30,GLD,176.1999969482422,7303000
2020-11-02,GLD,177.91000366210938,6498400
2020-11-03,GLD,178.9199981689453,7577200
2020-11-04,GLD,178.82000732421875,11117300
2020-11-05,GLD,182.92999267578125,16102800
2020-11-06,GLD,183.19000244140625,10378300
2020-11-09,GLD,175.0800018310547,29800700
2020-11-10,GLD,175.66000366210938,11728500
2020-11-11,GLD,174.89999389648438,9008500
2020-11-12,GLD,175.9600067138672,7167900
2020-11-13,GLD,177.16000366210938,6469800
2020-11-16,GLD,177.14999389648438,8358500
2020-11-17,GLD,176.5,8229100
2020-11-18,GLD,175.49000549316406,7384700
2020-11-19,GLD,175.16000366210938,6965100
2020-11-20,GLD,175.69000244140625,6379400
2020-11-23,GLD,172.22999572753906,15510600
2020-11-24,GLD,169.58999633789062,19504000
2020-11-25,GLD,169.50999450683594,10286600
2020-11-27,GLD,167.7899932861328,10569100
2020-11-30,GLD,166.6699981689453,13210000
2020-12-01,GLD,170.17999267578125,13533300
2020-12-02,GLD,171.4600067138672,9199700
2020-12-03,GLD,172.80999755859375,10457300
2020-12-04,GLD,172.32000732421875,10098600
2020-12-07,GLD,174.88999938964844,10555100
2020-12-08,GLD,175.5,6348400
2020-12-09,GLD,172.5,10743200
2020-12-10,GLD,172.1699981689453,6564000
2020-12-11,GLD,172.49000549316406,6084800
2020-12-14,GLD,171.5399932861328,7644400
2020-12-15,GLD,173.94000244140625,6840500
2020-12-16,GLD,174.89999389648438,8174700
2020-12-17,GLD,176.74000549316406,9475800
2020-12-18,GLD,176.44000244140625,6789900
2020-12-21,GLD,175.8800048828125,8168900
2020-12-22,GLD,174.49000549316406,9442400
2020-12-23,GLD,175.64999389648438,6542800
2020-12-24,GLD,176.35000610351562,3695400
2020-12-28,GLD,175.7100067138672,7778700
2020-12-29,GLD,176.35000610351562,5983700
2020-12-30,GLD,177.6999969482422,5914000
2020-12-31,GLD,178.36000061035156,7540800
2021-01-04,GLD,182.3300018310547,14331400
2021-01-05,GLD,182.8699951171875,12718800
2021-01-06,GLD,179.89999389648438,18453500
2021-01-07,GLD,179.47999572753906,7110200
2021-01-08,GLD,173.33999633789062,24399900
2021-01-11,GLD,173.0,8571400
2021-01-12,GLD,174.1199951171875,9798500
2021-01-13,GLD,173.3699951171875,14110300
2021-01-14,GLD,173.27999877929688,13522700
2021-01-15,GLD,171.1300048828125,16172500
2021-01-19,GLD,172.5800018310547,7485700
2021-01-20,GLD,175.38999938964844,9456000
2021-01-21,GLD,175.27999877929688,7246800
2021-01-22,GLD,173.89999389648438,7269600
2021-01-25,GLD,174.0500030517578,5936800
2021-01-26,GLD,173.6199951171875,4685600
2021-01-27,GLD,172.52000427246094,9036500
2021-01-28,GLD,172.67999267578125,9392400
2021-01-29,GLD,172.61000061035156,11252800
2021-02-01,GLD,174.22999572753906,9105500
2021-02-02,GLD,172.11000061035156,7221700
2021-02-03,GLD,171.85000610351562,4658100
2021-02-04,GLD,168.14999389648438,13736600
2021-02-05,GLD,169.80999755859375,6538500
2021-02-08,GLD,171.52000427246094,6887500
2021-02-09,GLD,172.0800018310547,5131800
2021-02-10,GLD,172.7100067138672,6112800
2021-02-11,GLD,171.2100067138672,5994500
2021-02-12,GLD,170.69000244140625,6018900
2021-02-16,GLD,168.24000549316406,14761100
2021-02-17,GLD,166.3300018310547,11400700
2021-02-18,GLD,166.32000732421875,7498200
2021-02-19,GLD,167.00999450683594,8273500
2021-02-22,GLD,169.50999450683594,10072000
2021-02-23,GLD,169.1199951171875,8616800
2021-02-24,GLD,169.0,8890600
2021-02-25,GLD,165.82000732421875,16359400
2021-02-26,GLD,161.80999755859375,23730400
2021-03-01,GLD,161.52999877929688,13828300
2021-03-02,GLD,162.41000366210938,11424600
2021-03-03,GLD,160.6199951171875,13059900
2021-03-04,GLD,159.0399932861328,13870100
2021-03-05,GLD,159.13999938964844,12821600
2021-03-08,GLD,157.49000549316406,12134900
2021-03-09,GLD,160.83999633789062,10382600
2021-03-10,GLD,161.66000366210938,7962000
2021-03-11,GLD,161.52000427246094,6749200
2021-03-12,GLD,161.49000549316406,8608500
2021-03-15,GLD,162.1999969482422,8104500
2021-03-16,GLD,162.35000610351562,7547400
2021-03-17,GLD,163.50999450683594,12626700
2021-03-18,GLD,162.55999755859375,8711100
2021-03-19,GLD,163.24000549316406,6868900
2021-03-22,GLD,163.0,5240000
2021-03-23,GLD,161.80999755859375,6048300
2021-03-24,GLD,162.3699951171875,6183700
2021-03-25,GLD,161.77999877929688,8398600
2021-03-26,GLD,162.24000549316406,6153900
2021-03-29,GLD,160.30999755859375,8409300
2021-03-30,GLD,157.57000732421875,8353200
2021-03-31,GLD,159.9600067138672,10623800
2021-04-01,GLD,161.97999572753906,7105200
2021-04-05,GLD,161.9199981689453,6163800
2021-04-06,GLD,163.22000122070312,6761200
2021-04-07,GLD,162.75999450683594,5436000
2021-04-08,GLD,164.50999450683594,6574500
2021-04-09,GLD,163.27000427246094,6657900
2021-04-12,GLD,162.27999877929688,4896700
2021-04-13,GLD,163.42999267578125,6995900
2021-04-14,GLD,162.72000122070312,6312300
2021-04-15,GLD,165.35000610351562,8250600
2021-04-16,GLD,166.35000610351562,10057600
2021-04-19,GLD,165.88999938964844,5721700
2021-04-20,GLD,166.47999572753906,6532000
2021-04-21,GLD,168.1300048828125,8380200
2021-04-22,GLD,167.0399932861328,7680100
2021-04-23,GLD,166.39999389648438,7106400
2021-04-26,GLD,166.83999633789062,4786600
2021-04-27,GLD,166.4199981689453,5363500
2021-04-28,GLD,166.91000366210938,6932200
2021-04-29,GLD,166.22000122070312,9067600
2021-04-30,GLD,165.66000366210938,6248700
2021-05-03,GLD,167.80999755859375,9014700
2021-05-04,GLD,166.5800018310547,10267400
2021-05-05,GLD,167.27000427246094,5950000
2021-05-06,GLD,170.05999755859375,13574100
2021-05-07,GLD,171.58999633789062,14748600
2021-05-10,GLD,172.11000061035156,8276600
2021-05-11,GLD,172.13999938964844,8348200
2021-05-12,GLD,170.42999267578125,12666300
2021-05-13,GLD,171.1300048828125,8078300
2021-05-14,GLD,172.69000244140625,9686800
2021-05-17,GLD,174.6999969482422,11956800
2021-05-18,GLD,175.0399932861328,7294000
2021-05-19,GLD,175.16000366210938,20741100
2021-05-20,GLD,175.9600067138672,9802800
2021-05-21,GLD,176.0399932861328,7677200
2021-05-24,GLD,176.35000610351562,5557300
2021-05-25,GLD,177.9499969482422,8986900
2021-05-26,GLD,177.63999938964844,8495400
2021-05-27,GLD,177.7100067138672,7993000
2021-05-28,GLD,178.3800048828125,9967000
2021-06-01,GLD,177.89999389648438,9143300
2021-06-02,GLD,178.77000427246094,6613100
2021-06-03,GLD,175.27000427246094,10153900
2021-06-04,GLD,177.16000366210938,8375300
2021-06-07,GLD,177.8699951171875,7709100
2021-06-08,GLD,177.32000732421875,5905800
2021-06-09,GLD,176.97999572753906,6346100
2021-06-10,GLD,177.74000549316406,9896600
2021-06-11,GLD,175.74000549316406,7836900
2021-06-14,GLD,174.7100067138672,7733600
2021-06-15,GLD,174.0500030517578,7550200
2021-06-16,GLD,171.11000061035156,16919700
2021-06-17,GLD,165.85000610351562,27232200
2021-06-18,GLD,164.92999267578125,15744300
2021-06-21,GLD,166.9499969482422,8371000
2021-06-22,GLD,166.25,7223900
2021-06-23,GLD,166.13999938964844,8474300
2021-06-24,GLD,166.0399932861328,6903400
2021-06-25,GLD,166.58999633789062,7473700
2021-06-28,GLD,166.5800018310547,6508900
2021-06-29,GLD,164.8300018310547,7451400
2021-06-30,GLD,165.6300048828125,7955800
2021-07-01,GLD,166.1999969482422,7430500
2021-07-02,GLD,167.2899932861328,7873600
2021-07-06,GLD,168.1199951171875,7932100
2021-07-07,GLD,168.75999450683594,7108900
2021-07-08,GLD,168.64999389648438,7244300
2021-07-09,GLD,169.2100067138672,4997400
2021-07-12,GLD,169.0,7315400
2021-07-13,GLD,169.22000122070312,7040300
2021-07-14,GLD,171.0399932861328,8830300
2021-07-15,GLD,171.07000732421875,6520100
2021-07-16,GLD,169.41000366210938,9460300
2021-07-19,GLD,169.61000061035156,6707400
2021-07-20,GLD,169.38999938964844,6540100
2021-07-21,GLD,168.75999450683594,4622600
2021-07-22,GLD,169.08999633789062,4793600
2021-07-23,GLD,168.55999755859375,5831500
2021-07-26,GLD,168.16000366210938,5229800
2021-07-27,GLD,168.44000244140625,6300200
2021-07-28,GLD,169.2899932861328,7905800
2021-07-29,GLD,171.1699981689453,8119600
2021-07-30,GLD,169.82000732421875,7391700
2021-08-02,GLD,169.61000061035156,10783200
2021-08-03,GLD,169.49000549316406,5402300
2021-08-04,GLD,169.52999877929688,9796300
2021-08-05,GLD,168.86000061035156,8015000
2021-08-06,GLD,164.63999938964844,13547600
2021-08-09,GLD,161.72000122070312,11547000
2021-08-10,GLD,161.77000427246094,6870800
2021-08-11,GLD,164.0,7382400
2021-08-12,GLD,164.0399932861328,5211700
2021-08-13,GLD,166.38999938964844,7466900
2021-08-16,GLD,167.22000122070312,7776500
2021-08-17,GLD,166.97000122070312,7107000
2021-08-18,GLD,167.10000610351562,7697900
2021-08-19,GLD,166.61000061035156,6934300
2021-08-20,GLD,166.6999969482422,7154000
2021-08-23,GLD,168.72999572753906,8190500
2021-08-24,GLD,168.64999389648438,4519200
2021-08-25,GLD,167.47999572753906,5588800
2021-08-26,GLD,167.6699981689453,4371900
2021-08-27,GLD,170.19000244140625,10036400
2021-08-30,GLD,169.35000610351562,3768600
2021-08-31,GLD,169.69000244140625,6336000
2021-09-01,GLD,169.6999969482422,4764900
2021-09-02,GLD,169.25,4599800
2021-09-03,GLD,171.05999755859375,8353300
2021-09-07,GLD,167.7100067138672,10004600
2021-09-08,GLD,167.2899932861328,6576000
2021-09-09,GLD,168.02999877929688,6641400
2021-09-10,GLD,167.17999267578125,7426300
2021-09-13,GLD,167.74000549316406,5474300
2021-09-14,GLD,168.82000732421875,7922900
2021-09-15,GLD,167.8300018310547,5624900
2021-09-16,GLD,164.02999877929688,11780400
2021-09-17,GLD,163.77000427246094,8369700
2021-09-20,GLD,164.94000244140625,7566600
2021-09-21,GLD,166.0399932861328,7181500
2021-09-22,GLD,165.4199981689453,9777800
2021-09-23,GLD,163.50999450683594,8451900
2021-09-24,GLD,163.3000030517578,6937500
2021-09-27,GLD,163.63999938964844,4943000
2021-09-28,GLD,162.0500030517578,9282800
2021-09-29,GLD,161.32000732421875,8360700
2021-09-30,GLD,164.22000122070312,10572900
2021-10-01,GLD,164.58999633789062,6654700
2021-10-04,GLD,165.36000061035156,7651700
2021-10-05,GLD,164.58999633789062,5617300
2021-10-06,GLD,165.02999877929688,6067200
2021-10-07,GLD,164.16000366210938,4791500
2021-10-08,GLD,164.22999572753906,8536100
2021-10-11,GLD,163.9199981689453,3820100
2021-10-12,GLD,164.66000366210938,5453000
2021-10-13,GLD,167.58999633789062,11113800
2021-10-14,GLD,168.0,5081400
2021-10-15,GLD,165.3300018310547,8699200
2021-10-18,GLD,164.9199981689453,4029600
2021-10-19,GLD,165.4499969482422,6588500
2021-10-20,GLD,166.89999389648438,5022000
2021-10-21,GLD,166.75,4412400
2021-10-22,GLD,167.77000427246094,10703900
2021-10-25,GLD,168.92999267578125,4881300
2021-10-26,GLD,167.67999267578125,6658900
2021-10-27,GLD,168.1199951171875,5823100
2021-10-28,GLD,168.0800018310547,7000700
2021-10-29,GLD,166.64999389648438,7531900
2021-11-01,GLD,167.52000427246094,4975600
2021-11-02,GLD,167.16000366210938,3760700
2021-11-03,GLD,165.77000427246094,9055200
2021-11-04,GLD,167.64999389648438,6656100
2021-11-05,GLD,169.83999633789062,9368900
2021-11-08,GLD,170.4499969482422,4966100
2021-11-09,GLD,171.2899932861328,5781200
2021-11-10,GLD,173.14999389648438,11461800
2021-11-11,GLD,174.1199951171875,5959600
2021-11-12,GLD,174.4499969482422,7894800
2021-11-15,GLD,174.17999267578125,5630800
2021-11-16,GLD,172.9199981689453,8667300
2021-11-17,GLD,174.5,6523100
2021-11-18,GLD,173.94000244140625,6252000
2021-11-19,GLD,172.61000061035156,8785600
2021-11-22,GLD,168.74000549316406,13091900
2021-11-23,GLD,167.27999877929688,8047800
2021-11-24,GLD,167.1199951171875,5359500
2021-11-26,GLD,166.85000610351562,9605200
2021-11-29,GLD,166.6199951171875,7394900
2021-11-30,GLD,165.5,12925300
2021-12-01,GLD,166.16000366210938,7808600
2021-12-02,GLD,165.24000549316406,9604100
2021-12-03,GLD,166.6300048828125,9507900
2021-12-06,GLD,166.22000122070312,4813600
2021-12-07,GLD,166.80999755859375,4900700
2021-12-08,GLD,166.89999389648438,4288900
2021-12-09,GLD,165.8800048828125,4913800
2021-12-10,GLD,166.5800018310547,6450600
2021-12-13,GLD,167.0,6610700
2021-12-14,GLD,165.44000244140625,8637900
2021-12-15,GLD,166.14999389648438,14231200
2021-12-16,GLD,168.16000366210938,11186200
2021-12-17,GLD,167.8000030517578,9856900
2021-12-20,GLD,167.08999633789062,6973000
2021-12-21,GLD,167.02000427246094,4548500
2021-12-22,GLD,168.58999633789062,4672900
2021-12-23,GLD,168.97000122070312,4551100
2021-12-27,GLD,169.3699951171875,4760300
2021-12-28,GLD,168.63999938964844,4541900
2021-12-29,GLD,168.58999633789062,5889700
2021-12-30,GLD,169.8000030517578,5426300
2021-12-31,GLD,170.9600067138672,7039300
2022-01-03,GLD,168.3300018310547,9014400
2022-01-04,GLD,169.57000732421875,6965600
2022-01-05,GLD,169.05999755859375,8715600
2022-01-06,GLD,166.99000549316406,10902700
2022-01-07,GLD,167.75,8191900
2022-01-10,GLD,168.25999450683594,7026500
2022-01-11,GLD,170.2899932861328,8369000
2022-01-12,GLD,170.74000549316406,6280700
2022-01-13,GLD,170.16000366210938,7034200
2022-01-14,GLD,169.6699981689453,7865900
2022-01-18,GLD,169.38999938964844,9322800
2022-01-19,GLD,172.0800018310547,15784500
2022-01-20,GLD,171.64999389648438,9570500
2022-01-21,GLD,171.08999633789062,10982500
2022-01-24,GLD,172.02999877929688,15727700
2022-01-25,GLD,172.5800018310547,17382100
2022-01-26,GLD,169.7899932861328,17799400
2022-01-27,GLD,167.60000610351562,15867300
2022-01-28,GLD,167.10000610351562,9782500
2022-01-31,GLD,168.08999633789062,8539300
2022-02-01,GLD,168.22999572753906,9763900
2022-02-02,GLD,168.83999633789062,9085300
2022-02-03,GLD,168.60000610351562,10650800
2022-02-04,GLD,168.86000061035156,9619600
2022-02-07,GLD,170.11000061035156,7796900
2022-02-08,GLD,170.6300048828125,5802000
2022-02-09,GLD,171.2100067138672,8002800
2022-02-10,GLD,170.55999755859375,10693500
2022-02-11,GLD,173.80999755859375,25741500
2022-02-14,GLD,174.74000549316406,13650700
2022-02-15,GLD,173.0800018310547,12603600
2022-02-16,GLD,174.86000061035156,12772100
2022-02-17,GLD,177.25,18612500
2022-02-18,GLD,177.1199951171875,12760700
2022-02-22,GLD,177.49000549316406,14960500
2022-02-23,GLD,178.2899932861328,11772200
2022-02-24,GLD,177.13999938964844,32726000
2022-02-25,GLD,176.5500030517578,11530900
2022-02-28,GLD,178.3800048828125,16055800
2022-03-01,GLD,181.6199951171875,21942100
2022-03-02,GLD,179.72999572753906,19727200
2022-03-03,GLD,180.8000030517578,15164400
2022-03-04,GLD,183.67999267578125,22390100
2022-03-07,GLD,186.41000366210938,27951800
2022-03-08,GLD,191.50999450683594,47347700
2022-03-09,GLD,185.82000732421875,26839700
2022-03-10,GLD,186.39999389648438,18455200
2022-03-11,GLD,185.08999633789062,14824700
2022-03-14,GLD,182.3000030517578,13186400
2022-03-15,GLD,178.88999938964844,16962300
2022-03-16,GLD,180.00999450683594,17548100
2022-03-17,GLD,180.88999938964844,10954100
2022-03-18,GLD,179.3000030517578,13996500
2022-03-21,GLD,180.6699981689453,10582200
2022-03-22,GLD,179.36000061035156,9621800
2022-03-23,GLD,181.80999755859375,12557300
2022-03-24,GLD,183.1300048828125,10970100
2022-03-25,GLD,182.3800048828125,7911100
2022-03-28,GLD,179.05999755859375,9489700
2022-03-29,GLD,179.13999938964844,10458900
2022-03-30,GLD,180.5800018310547,8361300
2022-03-31,GLD,180.64999389648438,9844400
2022-04-01,GLD,179.5,13034400
2022-04-04,GLD,180.3699951171875,7063100
2022-04-05,GLD,179.24000549316406,10828500
2022-04-06,GLD,179.66000366210938,8942100
2022-04-07,GLD,180.33999633789062,10140600
2022-04-08,GLD,181.47000122070312,10655700
2022-04-11,GLD,182.3699951171875,10071300
2022-04-12,GLD,183.77000427246094,12024600
2022-04-13,GLD,184.64999389648438,8651600
2022-04-14,GLD,184.0399932861328,11567200
2022-04-18,GLD,184.61000061035156,8886700
2022-04-19,GLD,181.82000732421875,12585600
2022-04-20,GLD,182.7100067138672,7038600
2022-04-21,GLD,182.05999755859375,9639800
2022-04-22,GLD,180.2899932861328,9147000
2022-04-25,GLD,177.0500030517578,13073700
2022-04-26,GLD,177.32000732421875,9042400
2022-04-27,GLD,175.97999572753906,8854700
2022-04-28,GLD,176.92999267578125,6381100
2022-04-29,GLD,176.91000366210938,7719700
2022-05-02,GLD,173.6300048828125,14318600
2022-05-03,GLD,174.08999633789062,7214300
2022-05-04,GLD,175.8000030517578,10491700
2022-05-05,GLD,175.1300048828125,12794200
2022-05-06,GLD,175.4199981689453,7643300
2022-05-09,GLD,172.8800048828125,10742400
2022-05-10,GLD,171.4199981689453,11010400
2022-05-11,GLD,172.82000732421875,9179600
2022-05-12,GLD,170.1699981689453,11626800
2022-05-13,GLD,168.7899932861328,13031100
2022-05-16,GLD,170.39999389648438,7319300
2022-05-17,GLD,169.3300018310547,6441100
2022-05-18,GLD,169.4199981689453,7472900
2022-05-19,GLD,171.91000366210938,10580300
2022-05-20,GLD,172.02999877929688,6578100
2022-05-23,GLD,172.8300018310547,5518500
2022-05-24,GLD,174.1300048828125,6794000
2022-05-25,GLD,173.0800018310547,4595900
2022-05-26,GLD,172.75999450683594,6467000
2022-05-27,GLD,172.85000610351562,3847900
2022-05-31,GLD,171.13999938964844,6244000
2022-06-01,GLD,172.22999572753906,6946500
2022-06-02,GLD,174.35000610351562,5623100
2022-06-03,GLD,172.5800018310547,5519400
2022-06-06,GLD,171.82000732421875,3766000
2022-06-07,GLD,172.94000244140625,3860000
2022-06-08,GLD,172.77999877929688,5140800
2022-06-09,GLD,172.22999572753906,4701100
2022-06-10,GLD,174.5399932861328,16856100
2022-06-13,GLD,169.92999267578125,13265200
2022-06-14,GLD,168.57000732421875,7347900
2022-06-15,GLD,170.77000427246094,9000300
2022-06-16,GLD,172.69000244140625,8823600
2022-06-17,GLD,171.27000427246094,7407200
2022-06-21,GLD,170.6300048828125,5608500
2022-06-22,GLD,171.30999755859375,6558700
2022-06-23,GLD,170.25999450683594,6535300
2022-06-24,GLD,170.08999633789062,6143100
2022-06-27,GLD,169.89999389648438,5719700
2022-06-28,GLD,169.6199951171875,2982700
2022-06-29,GLD,169.49000549316406,4785600
2022-06-30,GLD,168.4600067138672,9144400
2022-07-01,GLD,168.32000732421875,11380300
2022-07-05,GLD,164.75,14035400
2022-07-06,GLD,162.13999938964844,11861100
2022-07-07,GLD,162.22999572753906,4588400
2022-07-08,GLD,162.3000030517578,4584100
2022-07-11,GLD,161.42999267578125,4321700
2022-07-12,GLD,160.8300018310547,5375100
2022-07-13,GLD,161.60000610351562,8456600
2022-07-14,GLD,159.3300018310547,12213600
2022-07-15,GLD,159.00999450683594,6783800
2022-07-18,GLD,159.16000366210938,5791800
2022-07-19,GLD,159.5399932861328,3796200
2022-07-20,GLD,158.0399932861328,4795800
2022-07-21,GLD,160.27000427246094,5863300
2022-07-22,GLD,160.6699981689453,5733800
2022-07-25,GLD,160.22999572753906,3713400
2022-07-26,GLD,160.0399932861328,2672800
2022-07-27,GLD,161.6699981689453,5766100
2022-07-28,GLD,163.63999938964844,5606400
2022-07-29,GLD,164.10000610351562,7537300
2022-08-01,GLD,165.02999877929688,4666900
2022-08-02,GLD,164.0500030517578,5725400
2022-08-03,GLD,164.4499969482422,4417800
2022-08-04,GLD,167.1699981689453,5502000
2022-08-05,GLD,165.2899932861328,6023300
2022-08-08,GLD,166.69000244140625,3456300
2022-08-09,GLD,167.1999969482422,3205500
2022-08-10,GLD,166.77999877929688,4077300
2022-08-11,GLD,166.33999633789062,4446000
2022-08-12,GLD,167.8699951171875,5151700
2022-08-15,GLD,165.7100067138672,5236100
2022-08-16,GLD,165.4199981689453,4291500
2022-08-17,GLD,164.35000610351562,5569100
2022-08-18,GLD,163.9199981689453,3646100
2022-08-19,GLD,162.72000122070312,8173000
2022-08-22,GLD,161.63999938964844,4458100
2022-08-23,GLD,162.77000427246094,4425100
2022-08-24,GLD,163.25,3202400
2022-08-25,GLD,163.75,2857500
2022-08-26,GLD,161.75999450683594,6689300
2022-08-29,GLD,161.86000061035156,4702300
2022-08-30,GLD,160.50999450683594,4856600
2022-08-31,GLD,159.27000427246094,5438600
2022-09-01,GLD,157.8699951171875,7390800
2022-09-02,GLD,159.25999450683594,5196900
2022-09-06,GLD,158.3300018310547,4863800
2022-09-07,GLD,159.94000244140625,3981400
2022-09-08,GLD,158.97999572753906,4607100
2022-09-09,GLD,159.82000732421875,3927800
2022-09-12,GLD,160.6300048828125,4537500
2022-09-13,GLD,158.5399932861328,6526400
2022-09-14,GLD,157.92999267578125,6091100
2022-09-15,GLD,154.97999572753906,13181200
2022-09-16,GLD,155.83999633789062,7141200
2022-09-19,GLD,155.9600067138672,5582800
2022-09-20,GLD,155.07000732421875,5943700
2022-09-21,GLD,155.7899932861328,7816100
2022-09-22,GLD,155.6999969482422,5975200
2022-09-23,GLD,153.00999450683594,9598000
2022-09-26,GLD,151.22999572753906,8240500
2022-09-27,GLD,151.5399932861328,7151300
2022-09-28,GLD,154.69000244140625,8977200
2022-09-29,GLD,154.66000366210938,6317000
2022-09-30,GLD,154.6699981689453,6832400
2022-10-03,GLD,158.42999267578125,10362200
2022-10-04,GLD,160.6999969482422,8024500
2022-10-05,GLD,159.80999755859375,5296300
2022-10-06,GLD,159.6300048828125,5712600
2022-10-07,GLD,157.8800048828125,5030000
2022-10-10,GLD,155.47999572753906,6110800
2022-10-11,GLD,155.16000366210938,5306700
2022-10-12,GLD,155.99000549316406,3998500
2022-10-13,GLD,154.91000366210938,7083800
2022-10-14,GLD,152.97999572753906,5471900
2022-10-17,GLD,153.4199981689453,4348000
2022-10-18,GLD,153.75,4528400
2022-10-19,GLD,151.69000244140625,8257100
2022-10-20,GLD,151.4499969482422,5019800
2022-10-21,GLD,154.14999389648438,6898400
2022-10-24,GLD,153.64999389648438,4673300
2022-10-25,GLD,154.0,3434100
2022-10-26,GLD,154.97999572753906,4448200
2022-10-27,GLD,154.74000549316406,3654900
2022-10-28,GLD,153.16000366210938,4645400
2022-10-31,GLD,151.91000366210938,6097800
2022-11-01,GLD,153.4600067138672,4603600
2022-11-02,GLD,152.38999938964844,7210900
2022-11-03,GLD,151.80999755859375,5378800
2022-11-04,GLD,156.47000122070312,7692000
2022-11-07,GLD,155.85000610351562,4425700
2022-11-08,GLD,159.4499969482422,11299600
2022-11-09,GLD,158.64999389648438,6040600
2022-11-10,GLD,163.47999572753906,9939900
2022-11-11,GLD,164.55999755859375,4622400
2022-11-14,GLD,164.9199981689453,6187600
2022-11-15,GLD,165.5,9903500
2022-11-16,GLD,165.1199951171875,3645800
2022-11-17,GLD,163.9199981689453,4574400
2022-11-18,GLD,162.7899932861328,4321100
2022-11-21,GLD,161.8800048828125,4766500
2022-11-22,GLD,162.07000732421875,3203800
2022-11-23,GLD,163.0800018310547,4167000
2022-11-25,GLD,163.22000122070312,1436500
2022-11-28,GLD,161.92999267578125,4052900
2022-11-29,GLD,162.72999572753906,2620600
2022-11-30,GLD,164.80999755859375,4874700
2022-12-01,GLD,167.83999633789062,8625800
2022-12-02,GLD,167.25999450683594,5185900
2022-12-05,GLD,164.38999938964844,5436200
2022-12-06,GLD,164.83999633789062,3597800
2022-12-07,GLD,166.3300018310547,4610700
2022-12-08,GLD,166.47000122070312,3217900
2022-12-09,GLD,167.05999755859375,5431300
2022-12-12,GLD,165.67999267578125,3504400
2022-12-13,GLD,168.50999450683594,6750200
2022-12-14,GLD,168.10000610351562,5643000
2022-12-15,GLD,165.35000610351562,8363000
2022-12-16,GLD,166.7899932861328,5372000
2022-12-19,GLD,166.32000732421875,3940500
2022-12-20,GLD,169.0800018310547,7803100
2022-12-21,GLD,168.8000030517578,3990100
2022-12-22,GLD,166.75999450683594,5672700
2022-12-23,GLD,167.25999450683594,2912300
2022-12-27,GLD,168.6699981689453,6885700
2022-12-28,GLD,167.91000366210938,3662500
2022-12-29,GLD,168.85000610351562,3345900
2022-12-30,GLD,169.63999938964844,2864500
2023-01-03,GLD,171.05999755859375,7992900
2023-01-04,GLD,172.6699981689453,7574600
2023-01-05,GLD,170.52000427246094,4692600
2023-01-06,GLD,173.7100067138672,7889000
2023-01-09,GLD,174.10000610351562,5134500
2023-01-10,GLD,174.74000549316406,4398400
2023-01-11,GLD,174.6199951171875,3374200
2023-01-12,GLD,176.63999938964844,6936900
2023-01-13,GLD,178.75999450683594,7468800
2023-01-17,GLD,177.58999633789062,6610800
2023-01-18,GLD,177.0800018310547,5384700
2023-01-19,GLD,179.88999938964844,6678700
2023-01-20,GLD,179.2899932861328,5754800
2023-01-23,GLD,179.6300048828125,5265500
2023-01-24,GLD,180.27999877929688,4604600
2023-01-25,GLD,181.11000061035156,6925300
2023-01-26,GLD,179.47000122070312,5860100
2023-01-27,GLD,179.22000122070312,6052700
2023-01-30,GLD,178.75999450683594,4210700
2023-01-31,GLD,179.41000366210938,5976900
2023-02-01,GLD,181.6699981689453,7996000
2023-02-02,GLD,177.89999389648438,8842400
2023-02-03,GLD,173.4600067138672,13674400
2023-02-06,GLD,173.82000732421875,8957000
2023-02-07,GLD,173.97999572753906,6794200
2023-02-08,GLD,174.41000366210938,4075600
2023-02-09,GLD,173.02999877929688,5361300
2023-02-10,GLD,173.36000061035156,2971100
2023-02-13,GLD,172.47999572753906,3970800
2023-02-14,GLD,172.61000061035156,5403100
2023-02-15,GLD,170.88999938964844,5423800
2023-02-16,GLD,170.75,4540400
2023-02-17,GLD,171.25999450683594,4809800
2023-02-21,GLD,170.6199951171875,4035900
2023-02-22,GLD,169.66000366210938,4105700
2023-02-23,GLD,169.57000732421875,5073500
2023-02-24,GLD,168.35000610351562,6496500
2023-02-27,GLD,169.00999450683594,4509200
2023-02-28,GLD,169.77999877929688,6761600
2023-03-01,GLD,170.75999450683594,6590500
2023-03-02,GLD,170.66000366210938,3950700
2023-03-03,GLD,172.49000549316406,6894500
2023-03-06,GLD,171.6199951171875,4264100
2023-03-07,GLD,168.6199951171875,8713300
2023-03-08,GLD,168.5399932861328,5718600
2023-03-09,GLD,170.1999969482422,5583000
2023-03-10,GLD,173.8699951171875,13803400
2023-03-13,GLD,177.86000061035156,20554400
2023-03-14,GLD,176.8300018310547,10019000
2023-03-15,GLD,178.2100067138672,14546100
2023-03-16,GLD,178.57000732421875,10762200
2023-03-17,GLD,183.77000427246094,24156300
2023-03-20,GLD,183.83999633789062,11845700
2023-03-21,GLD,180.3699951171875,10734500
2023-03-22,GLD,183.44000244140625,11969600
2023-03-23,GLD,185.74000549316406,11347100
2023-03-24,GLD,183.64999389648438,9245900
2023-03-27,GLD,181.9499969482422,6925000
2023-03-28,GLD,183.44000244140625,6202600
2023-03-29,GLD,182.52999877929688,4996500
2023-03-30,GLD,184.17999267578125,6360300
2023-03-31,GLD,183.22000122070312,8003300
2023-04-03,GLD,184.5399932861328,9206600
2023-04-04,GLD,187.97999572753906,13765400
2023-04-05,GLD,187.8300018310547,11440800
2023-04-06,GLD,186.49000549316406,6648400
2023-04-10,GLD,185.11000061035156,6408100
2023-04-11,GLD,186.27999877929688,6031500
2023-04-12,GLD,187.19000244140625,10000900
2023-04-13,GLD,189.72000122070312,14060100
2023-04-14,GLD,186.36000061035156,13272500
2023-04-17,GLD,185.52999877929688,7468100
2023-04-18,GLD,186.25,8056900
2023-04-19,GLD,185.36000061035156,7373500
2023-04-20,GLD,186.08999633789062,5789900
2023-04-21,GLD,184.25,10698700
2023-04-24,GLD,184.80999755859375,8303400
2023-04-25,GLD,185.75,8451900
2023-04-26,GLD,184.74000549316406,8203600
2023-04-27,GLD,184.75,9107400
2023-04-28,GLD,184.8000030517578,6700400
2023-05-01,GLD,183.97000122070312,7997700
2023-05-02,GLD,187.52000427246094,14680600
2023-05-03,GLD,189.11000061035156,11133800
2023-05-04,GLD,190.44000244140625,14146800
2023-05-05,GLD,187.4600067138672,12508100
2023-05-08,GLD,187.69000244140625,6075400
2023-05-09,GLD,189.02000427246094,7098800
2023-05-10,GLD,188.75,9392100
2023-05-11,GLD,187.1300048828125,8245500
2023-05-12,GLD,186.80999755859375,7087500
2023-05-15,GLD,187.2100067138672,5518100
2023-05-16,GLD,184.8699951171875,9519500
2023-05-17,GLD,184.22999572753906,7474300
2023-05-18,GLD,181.83999633789062,8812600
2023-05-19,GLD,183.63999938964844,8435000
2023-05-22,GLD,183.2100067138672,4834300
2023-05-23,GLD,183.42999267578125,6345000
2023-05-24,GLD,181.9499969482422,6732900
2023-05-25,GLD,180.1999969482422,6919200
2023-05-26,GLD,180.9199981689453,5823700
2023-05-30,GLD,182.0399932861328,4906100
2023-05-31,GLD,182.32000732421875,8497900
2023-06-01,GLD,183.75999450683594,7300500
2023-06-02,GLD,181.0500030517578,8726100
2023-06-05,GLD,182.13999938964844,5748800
2023-06-06,GLD,182.33999633789062,4967200
2023-06-07,GLD,180.14999389648438,9066500
2023-06-08,GLD,182.52999877929688,6394100
2023-06-09,GLD,182.0399932861328,4379200
2023-06-12,GLD,181.8800048828125,4873600
2023-06-13,GLD,180.5399932861328,5126700
2023-06-14,GLD,180.63999938964844,6807000
2023-06-15,GLD,181.91000366210938,6739000
2023-06-16,GLD,181.6300048828125,8779100
2023-06-20,GLD,179.75,7584200
2023-06-21,GLD,179.49000549316406,6702300
2023-06-22,GLD,177.7100067138672,7945000
2023-06-23,GLD,178.1999969482422,5419800
2023-06-26,GLD,178.50999450683594,3222100
2023-06-27,GLD,177.69000244140625,5036900
2023-06-28,GLD,177.27999877929688,5866700
2023-06-29,GLD,177.08999633789062,6862500
2023-06-30,GLD,178.27000427246094,6420900
2023-07-03,GLD,178.47000122070312,4085700
2023-07-05,GLD,177.83999633789062,5650600
2023-07-06,GLD,177.30999755859375,5133000
2023-07-07,GLD,178.63999938964844,5201100
2023-07-10,GLD,178.77999877929688,3320500
2023-07-11,GLD,179.4499969482422,2818800
2023-07-12,GLD,181.8800048828125,7062000
2023-07-13,GLD,182.00999450683594,4527900
2023-07-14,GLD,181.42999267578125,5390000
2023-07-17,GLD,181.55999755859375,4152400
2023-07-18,GLD,183.63999938964844,8238000
2023-07-19,GLD,183.6699981689453,3911600
2023-07-20,GLD,182.74000549316406,4972900
2023-07-21,GLD,182.17999267578125,3845400
2023-07-24,GLD,181.39999389648438,4370000
2023-07-25,GLD,182.41000366210938,4090100
2023-07-26,GLD,183.3000030517578,6158400
2023-07-27,GLD,180.4199981689453,7592800
2023-07-28,GLD,181.86000061035156,3828800
2023-07-31,GLD,182.35000610351562,5494800
2023-08-01,GLD,180.4600067138672,6239700
2023-08-02,GLD,179.60000610351562,6339700
2023-08-03,GLD,179.5399932861328,4636300
2023-08-04,GLD,180.19000244140625,5326200
2023-08-07,GLD,179.77999877929688,4510400
2023-08-08,GLD,178.63999938964844,6162900
2023-08-09,GLD,177.7899932861328,4644000
2023-08-10,GLD,177.60000610351562,5934600
2023-08-11,GLD,177.60000610351562,5289700
2023-08-14,GLD,177.05999755859375,9554500
2023-08-15,GLD,176.58999633789062,7582700
2023-08-16,GLD,175.57000732421875,6559400
2023-08-17,GLD,175.3000030517578,7937700
2023-08-18,GLD,175.3300018310547,6253000
2023-08-21,GLD,175.80999755859375,4206400
2023-08-22,GLD,176.10000610351562,5892200
2023-08-23,GLD,177.88999938964844,7949100
2023-08-24,GLD,177.85000610351562,5526400
2023-08-25,GLD,177.6199951171875,6132800
2023-08-28,GLD,178.1300048828125,4740700
2023-08-29,GLD,179.8699951171875,7576600
2023-08-30,GLD,180.32000732421875,6593700
2023-08-31,GLD,180.02000427246094,4795600
2023-09-01,GLD,180.11000061035156,4970700
2023-09-05,GLD,178.63999938964844,7056800
2023-09-06,GLD,177.8300018310547,6427200
2023-09-07,GLD,178.02000427246094,3257200
2023-09-08,GLD,178.0800018310547,3292700
2023-09-11,GLD,178.41000366210938,3689100
2023-09-12,GLD,177.49000549316406,4445400
2023-09-13,GLD,177.0800018310547,3874800
2023-09-14,GLD,177.1699981689453,6184400
2023-09-15,GLD,178.33999633789062,5620900
2023-09-18,GLD,179.38999938964844,5049300
2023-09-19,GLD,179.22000122070312,4224700
2023-09-20,GLD,179.35000610351562,9328000
2023-09-21,GLD,178.0500030517578,7571900
2023-09-22,GLD,178.6199951171875,3634800
2023-09-25,GLD,177.6999969482422,5582100
2023-09-26,GLD,176.27999877929688,7181100
2023-09-27,GLD,174.10000610351562,10919600
2023-09-28,GLD,173.22999572753906,10061900
2023-09-29,GLD,171.4499969482422,10427400
2023-10-02,GLD,169.64999389648438,12706000
2023-10-03,GLD,169.16000366210938,11459800
2023-10-04,GLD,169.13999938964844,10034600
2023-10-05,GLD,168.8300018310547,6970200
2023-10-06,GLD,169.6999969482422,9948400
2023-10-09,GLD,172.82000732421875,10201500
2023-10-10,GLD,172.52999877929688,5844000
2023-10-11,GLD,173.7899932861328,7128000
2023-10-12,GLD,173.25999450683594,5912700
2023-10-13,GLD,178.8300018310547,18796500
2023-10-16,GLD,177.9600067138672,8385400
2023-10-17,GLD,178.2899932861328,8231900
2023-10-18,GLD,180.8699951171875,13920800
2023-10-19,GLD,183.08999633789062,13406600
2023-10-20,GLD,183.58999633789062,12785700
2023-10-23,GLD,182.97000122070312,9479800
2023-10-24,GLD,182.9499969482422,6594000
2023-10-25,GLD,183.72000122070312,10087000
2023-10-26,GLD,184.00999450683594,7671400
2023-10-27,GLD,186.14999389648438,14102800
2023-10-30,GLD,185.10000610351562,8756400
2023-10-31,GLD,184.08999633789062,10104600
2023-11-01,GLD,183.50999450683594,9048600
2023-11-02,GLD,184.1199951171875,7343700
2023-11-03,GLD,184.7899932861328,8530400
2023-11-06,GLD,183.35000610351562,8274700
2023-11-07,GLD,182.58999633789062,6795800
2023-11-08,GLD,180.77000427246094,6738300
2023-11-09,GLD,181.49000549316406,6486300
2023-11-10,GLD,179.50999450683594,7606600
2023-11-13,GLD,180.50999450683594,5385900
2023-11-14,GLD,182.1199951171875,6831600
2023-11-15,GLD,181.63999938964844,4909400
2023-11-16,GLD,183.69000244140625,8253300
2023-11-17,GLD,183.6699981689453,4871100
2023-11-20,GLD,183.3699951171875,5389300
2023-11-21,GLD,185.35000610351562,7322400
2023-11-22,GLD,184.55999755859375,4337700
2023-11-24,GLD,185.52000427246094,2445100
2023-11-27,GLD,186.77000427246094,6320400
2023-11-28,GLD,189.25999450683594,10901900
2023-11-29,GLD,189.5399932861328,8407300
2023-11-30,GLD,188.75,7558100
2023-12-01,GLD,192.00999450683594,16727600
2023-12-04,GLD,187.86000061035156,18460500
2023-12-05,GLD,187.14999389648438,7027700
2023-12-06,GLD,187.83999633789062,5778600
2023-12-07,GLD,188.14999389648438,5802000
2023-12-08,GLD,185.63999938964844,7883200
2023-12-11,GLD,183.58999633789062,8519500
2023-12-12,GLD,183.49000549316406,5056900
2023-12-13,GLD,187.6300048828125,10635500
2023-12-14,GLD,188.72999572753906,9107200
2023-12-15,GLD,187.0,8324800
2023-12-18,GLD,187.85000610351562,5358000
2023-12-19,GLD,189.1300048828125,6025600
2023-12-20,GLD,188.10000610351562,6002400
2023-12-21,GLD,189.42999267578125,4620000
2023-12-22,GLD,190.27000427246094,7176300
2023-12-26,GLD,191.72000122070312,4502700
2023-12-27,GLD,192.58999633789062,5813300
2023-12-28,GLD,191.47000122070312,6171500
2023-12-29,GLD,191.1699981689453,4612300
2024-01-02,GLD,190.72000122070312,6025600
2024-01-03,GLD,189.1300048828125,8661600
2024-01-04,GLD,189.32000732421875,4416700
2024-01-05,GLD,189.35000610351562,7481900
2024-01-08,GLD,187.8699951171875,6215000
2024-01-09,GLD,187.92999267578125,4437300
2024-01-10,GLD,187.5,4504700
2024-01-11,GLD,187.8699951171875,6831100
2024-01-12,GLD,189.7100067138672,6833700
2024-01-16,GLD,187.91000366210938,6548100
2024-01-17,GLD,185.83999633789062,8643200
2024-01-18,GLD,187.3699951171875,4685200
2024-01-19,GLD,187.92999267578125,5719700
2024-01-22,GLD,187.22000122070312,4397500
2024-01-23,GLD,187.9499969482422,5040800
2024-01-24,GLD,186.39999389648438,6085400
2024-01-25,GLD,187.13999938964844,4651000
2024-01-26,GLD,187.00999450683594,5064800
2024-01-29,GLD,188.3300018310547,5629700
2024-01-30,GLD,188.58999633789062,4976500
2024-01-31,GLD,188.4499969482422,7886100
2024-02-01,GLD,190.41000366210938,10278100
2024-02-02,GLD,188.61000061035156,7337600
2024-02-05,GLD,187.57000732421875,5436100
2024-02-06,GLD,188.5500030517578,4866100
2024-02-07,GLD,188.5,6276900
2024-02-08,GLD,188.3300018310547,3873300
2024-02-09,GLD,187.60000610351562,4412600
2024-02-12,GLD,187.11000061035156,4706300
2024-02-13,GLD,184.52999877929688,9525800
2024-02-14,GLD,184.4199981689453,7031600
2024-02-15,GLD,185.66000366210938,6228900
2024-02-16,GLD,186.33999633789062,6518500
2024-02-20,GLD,187.47000122070312,5531200
2024-02-21,GLD,187.47999572753906,5789200
2024-02-22,GLD,187.55999755859375,4550800
2024-02-23,GLD,188.6199951171875,6827300
2024-02-26,GLD,188.1999969482422,4491900
2024-02-27,GLD,188.0,5165400
2024-02-28,GLD,188.33999633789062,2824100
2024-02-29,GLD,189.30999755859375,6848600
2024-03-01,GLD,192.88999938964844,13411000
2024-03-04,GLD,196.00999450683594,12216300
2024-03-05,GLD,197.19000244140625,9672200
2024-03-06,GLD,198.80999755859375,10459300
2024-03-07,GLD,199.94000244140625,8403700
2024-03-08,GLD,201.6300048828125,13540100
2024-03-11,GLD,202.0,7329600
2024-03-12,GLD,199.7899932861328,9436600
2024-03-13,GLD,201.19000244140625,5930000
2024-03-14,GLD,200.35000610351562,6865000
2024-03-15,GLD,199.7100067138672,4556700
2024-03-18,GLD,200.02999877929688,7206800
2024-03-19,GLD,199.8000030517578,4657500
2024-03-20,GLD,202.17999267578125,9593800
2024-03-21,GLD,201.97000122070312,7396500
2024-03-22,GLD,200.35000610351562,6918500
2024-03-25,GLD,200.99000549316406,4034800
2024-03-26,GLD,201.63999938964844,5752700
2024-03-27,GLD,203.10000610351562,6041000
2024-03-28,GLD,205.72000122070312,9194500
2024-04-01,GLD,207.82000732421875,13677100
2024-04-02,GLD,210.88999938964844,13421100
2024-04-03,GLD,212.74000549316406,11416200
2024-04-04,GLD,211.52000427246094,12307300
2024-04-05,GLD,215.13999938964844,13382700
2024-04-08,GLD,216.47999572753906,10331400
2024-04-09,GLD,217.6699981689453,13069900
2024-04-10,GLD,215.61000061035156,13317500
2024-04-11,GLD,219.8000030517578,11415200
2024-04-12,GLD,216.88999938964844,30898800
2024-04-15,GLD,220.9499969482422,13239000
2024-04-16,GLD,221.22000122070312,10746100
2024-04-17,GLD,219.58999633789062,11521100
2024-04-18,GLD,220.33999633789062,6496900
2024-04-19,GLD,221.02999877929688,8689000
2024-04-22,GLD,215.57000732421875,13404300
2024-04-23,GLD,215.0399932861328,10730300
2024-04-24,GLD,214.63999938964844,5741100
2024-04-25,GLD,215.9199981689453,6606500
2024-04-26,GLD,216.6199951171875,6268500
2024-04-29,GLD,216.17999267578125,6409900
2024-04-30,GLD,211.8699951171875,11248600
2024-05-01,GLD,213.7899932861328,10373900
2024-05-02,GLD,213.1300048828125,6287000
2024-05-03,GLD,212.9600067138672,8679900
2024-05-06,GLD,215.1999969482422,6840500
2024-05-07,GLD,214.2100067138672,5660700
2024-05-08,GLD,213.5800018310547,4462700
2024-05-09,GLD,216.9499969482422,7732500
2024-05-10,GLD,218.7100067138672,8700900
2024-05-13,GLD,216.25999450683594,4896300
2024-05-14,GLD,218.08999633789062,4662700
2024-05-15,GLD,220.88999938964844,9297700
2024-05-16,GLD,220.02999877929688,4301700
2024-05-17,GLD,223.66000366210938,10481900
2024-05-20,GLD,224.55999755859375,5990900
2024-05-21,GLD,224.22999572753906,4002600
2024-05-22,GLD,220.11000061035156,8903100
2024-05-23,GLD,215.72000122070312,9537900
2024-05-24,GLD,215.9199981689453,4212400
2024-05-28,GLD,218.19000244140625,3809700
2024-05-29,GLD,216.16000366210938,4185000
2024-05-30,GLD,216.57000732421875,3068800
2024-05-31,GLD,215.3000030517578,5617200
2024-06-03,GLD,217.22000122070312,6172600
2024-06-04,GLD,215.27000427246094,5509400
2024-06-05,GLD,217.82000732421875,5479200
2024-06-06,GLD,219.42999267578125,5283900
2024-06-07,GLD,211.60000610351562,12195100
2024-06-10,GLD,213.5399932861328,4215300
2024-06-11,GLD,214.14999389648438,4004100
2024-06-12,GLD,214.72000122070312,5911900
2024-06-13,GLD,212.97000122070312,5861100
2024-06-14,GLD,215.72999572753906,7076500
2024-06-17,GLD,214.61000061035156,3877700
2024-06-18,GLD,215.47000122070312,4921400
2024-06-20,GLD,218.16000366210938,7290500
2024-06-21,GLD,214.77999877929688,8865600
2024-06-24,GLD,215.6300048828125,4626900
2024-06-25,GLD,214.55999755859375,3820900
2024-06-26,GLD,212.5800018310547,4690300
2024-06-27,GLD,214.99000549316406,4977800
2024-06-28,GLD,215.00999450683594,3955100
2024-07-01,GLD,215.57000732421875,3797900
2024-07-02,GLD,215.55999755859375,4921700
2024-07-03,GLD,217.99000549316406,5055300
2024-07-05,GLD,220.92999267578125,5950600
2024-07-08,GLD,218.19000244140625,5790800
2024-07-09,GLD,218.55999755859375,3901500
2024-07-10,GLD,219.36000061035156,5556200
2024-07-11,GLD,223.25,9322000
2024-07-12,GLD,223.11000061035156,5179300
2024-07-15,GLD,223.8300018310547,5719300
2024-07-16,GLD,228.2899932861328,11070700
2024-07-17,GLD,227.22999572753906,8620500
2024-07-18,GLD,225.77999877929688,5485500
2024-07-19,GLD,221.72999572753906,8666000
2024-07-22,GLD,221.8000030517578,5334100
2024-07-23,GLD,222.5800018310547,4435700
2024-07-24,GLD,221.8000030517578,6838800
2024-07-25,GLD,218.3300018310547,9777100
2024-07-26,GLD,220.6300048828125,6328800
2024-07-29,GLD,220.32000732421875,4665100
2024-07-30,GLD,222.52000427246094,4939500
2024-07-31,GLD,226.5500030517578,7316600
2024-08-01,GLD,225.77000427246094,7217200
2024-08-02,GLD,225.33999633789062,11109400
2024-08-05,GLD,222.47999572753906,8939000
2024-08-06,GLD,220.6999969482422,14362300
2024-08-07,GLD,220.5500030517578,5287800
2024-08-08,GLD,224.00999450683594,6327100
2024-08-09,GLD,224.55999755859375,4441000
2024-08-12,GLD,228.41000366210938,5561300
2024-08-13,GLD,228.05999755859375,6740200
2024-08-14,GLD,226.1999969482422,5462500
2024-08-15,GLD,226.91000366210938,5273300
2024-08-16,GLD,231.99000549316406,11924500
2024-08-19,GLD,231.61000061035156,5164800
2024-08-20,GLD,232.4600067138672,9073600
2024-08-21,GLD,232.14999389648438,5337400
2024-08-22,GLD,229.3699951171875,5765400
2024-08-23,GLD,232.02000427246094,5418200
2024-08-26,GLD,232.75999450683594,3151400
2024-08-27,GLD,233.38999938964844,4435600
2024-08-28,GLD,231.75,4961500
2024-08-29,GLD,232.9499969482422,5524200
2024-08-30,GLD,231.2899932861328,5743000
2024-09-03,GLD,230.2899932861328,6417900
2024-09-04,GLD,230.42999267578125,4696000
2024-09-05,GLD,232.35000610351562,4838100
2024-09-06,GLD,230.6300048828125,6315800
2024-09-09,GLD,231.60000610351562,3548800
2024-09-10,GLD,232.6199951171875,4378300
2024-09-11,GLD,232.25,4637300
2024-09-12,GLD,236.3300018310547,9930200
2024-09-13,GLD,238.67999267578125,7455100
2024-09-16,GLD,238.66000366210938,4713500
2024-09-17,GLD,237.33999633789062,5257100
2024-09-18,GLD,235.50999450683594,11081100
2024-09-19,GLD,239.1699981689453,6108200
2024-09-20,GLD,242.2100067138672,7737400
2024-09-23,GLD,242.67999267578125,5426200
2024-09-24,GLD,246.07000732421875,8386300
2024-09-25,GLD,245.72999572753906,7393400
2024-09-26,GLD,246.97999572753906,7041100
2024-09-27,GLD,245.02000427246094,8329600
2024-09-30,GLD,243.05999755859375,6916700
2024-10-01,GLD,245.61000061035156,10605500
2024-10-02,GLD,245.66000366210938,6798800
2024-10-03,GLD,245.49000549316406,5674500
2024-10-04,GLD,245.0,5947800
2024-10-07,GLD,244.1699981689453,3849000
2024-10-08,GLD,242.3699951171875,7669800
2024-10-09,GLD,241.0500030517578,4120500
2024-10-10,GLD,242.82000732421875,4792700
2024-10-11,GLD,245.47000122070312,5789500
2024-10-14,GLD,245.07000732421875,3922900
2024-10-15,GLD,245.9199981689453,5640800
2024-10-16,GLD,247.14999389648438,5431900
2024-10-17,GLD,248.6300048828125,5176200
2024-10-18,GLD,251.27000427246094,7833600
2024-10-21,GLD,251.22000122070312,9258600
2024-10-22,GLD,253.92999267578125,5756300
2024-10-23,GLD,250.8699951171875,8081000
2024-10-24,GLD,252.8000030517578,5962200
2024-10-25,GLD,253.32000732421875,4424500
2024-10-28,GLD,253.3300018310547,4029100
2024-10-29,GLD,256.0899963378906,8875500
2024-10-30,GLD,257.5,6386200
2024-10-31,GLD,253.50999450683594,9930800
2024-11-01,GLD,252.47000122070312,6473000
2024-11-04,GLD,252.8300018310547,4581400
2024-11-05,GLD,253.39999389648438,6029900
2024-11-06,GLD,245.6999969482422,14600200
2024-11-07,GLD,249.64999389648438,8821400
2024-11-08,GLD,247.9600067138672,6267900
2024-11-11,GLD,242.13999938964844,11653800
2024-11-12,GLD,240.0500030517578,10145500
2024-11-13,GLD,237.6300048828125,8431700
2024-11-14,GLD,237.00999450683594,8262400
2024-11-15,GLD,236.58999633789062,7299500
2024-11-18,GLD,241.08999633789062,6323400
2024-11-19,GLD,243.25,6579100
2024-11-20,GLD,244.6199951171875,6630700
2024-11-21,GLD,246.66000366210938,7646400
2024-11-22,GLD,249.83999633789062,7503000
2024-11-25,GLD,242.47999572753906,10733100
2024-11-26,GLD,242.9499969482422,4945900
2024-11-27,GLD,243.49000549316406,6930600
2024-11-29,GLD,245.58999633789062,2708500
2024-12-02,GLD,243.44000244140625,4765000
2024-12-03,GLD,243.92999267578125,3557800
2024-12-04,GLD,244.6699981689453,4608600
2024-12-05,GLD,242.86000061035156,4806200
2024-12-06,GLD,242.9499969482422,3540700
2024-12-09,GLD,245.36000061035156,4711500
2024-12-10,GLD,248.58999633789062,4642000
2024-12-11,GLD,250.9600067138672,11033800
2024-12-12,GLD,247.27999877929688,10149600
2024-12-13,GLD,244.2899932861328,6602600
2024-12-16,GLD,244.8800048828125,3310000
2024-12-17,GLD,243.94000244140625,4421300
2024-12-18,GLD,239.25999450683594,8015800
2024-12-19,GLD,239.60000610351562,8111400
2024-12-20,GLD,242.10000610351562,9527800
2024-12-23,GLD,240.9600067138672,5835500
2024-12-24,GLD,241.44000244140625,2421000
2024-12-26,GLD,243.07000732421875,4645100
2024-12-27,GLD,241.39999389648438,4728100
2024-12-30,GLD,240.6300048828125,3522500
2024-12-31,GLD,242.1300048828125,2522100
2025-01-02,GLD,245.4199981689453,6241900
2025-01-03,GLD,243.49000549316406,4872100
2025-01-06,GLD,243.19000244140625,3758900
2025-01-07,GLD,244.55999755859375,5090300
2025-01-08,GLD,245.86000061035156,6303300
2025-01-10,GLD,248.2100067138672,12380100
2025-01-13,GLD,245.74000549316406,8448600
2025-01-14,GLD,247.02999877929688,4914800
2025-01-15,GLD,248.8800048828125,6345000
2025-01-16,GLD,250.60000610351562,9236000
2025-01-17,GLD,249.27000427246094,8312900
2025-01-21,GLD,253.1300048828125,7668100
2025-01-22,GLD,254.42999267578125,5213800
2025-01-23,GLD,254.07000732421875,6511500
2025-01-24,GLD,255.64999389648438,7341300
2025-01-27,GLD,252.99000549316406,5799800
2025-01-28,GLD,255.17999267578125,5332000
2025-01-29,GLD,254.1999969482422,5671800
2025-01-30,GLD,258.04998779296875,12981200
2025-01-31,GLD,258.55999755859375,8961100
2025-02-03,GLD,259.94000244140625,11521100
2025-02-04,GLD,262.5,9850400
2025-02-05,GLD,264.1300048828125,12681100
2025-02-06,GLD,263.42999267578125,8731400
2025-02-07,GLD,263.8999938964844,9154000
2025-02-10,GLD,268.3699951171875,13250300
2025-02-11,GLD,267.3900146484375,7169500
2025-02-12,GLD,267.6700134277344,9328600
2025-02-13,GLD,270.30999755859375,8347500
2025-02-14,GLD,266.2900085449219,11546700
2025-02-18,GLD,270.70001220703125,8185900
2025-02-19,GLD,270.8500061035156,9342500
2025-02-20,GLD,270.989990234375,7356900
2025-02-21,GLD,270.739990234375,8917400
2025-02-24,GLD,272.2099914550781,5374400
2025-02-25,GLD,268.6199951171875,10079800
2025-02-26,GLD,269.0299987792969,7276000
2025-02-27,GLD,264.92999267578125,9374600
2025-02-28,GLD,263.2699890136719,11504500
2025-03-03,GLD,266.739990234375,7725600
2025-03-04,GLD,269.05999755859375,8481300
2025-03-05,GLD,269.6199951171875,6990400
2025-03-06,GLD,268.25,6136400
2025-03-07,GLD,268.3900146484375,10431200
2025-03-10,GLD,266.0400085449219,7593900
2025-03-11,GLD,269.1600036621094,8436600
2025-03-12,GLD,270.3299865722656,7236200
2025-03-13,GLD,275.1300048828125,13741500
2025-03-14,GLD,275.239990234375,13365000
2025-03-17,GLD,276.7300109863281,8583400
2025-03-18,GLD,279.9599914550781,9596500
2025-03-19,GLD,281.1099853515625,8822200
2025-03-20,GLD,280.75,5863300
2025-03-21,GLD,278.489990234375,9359300
2025-03-24,GLD,277.25,7870100
2025-03-25,GLD,278.4700012207031,5090200
2025-03-26,GLD,278.239990234375,3717500
2025-03-27,GLD,281.9700012207031,8476300
2025-03-28,GLD,284.05999755859375,9563700
2025-03-31,GLD,288.1400146484375,13925100
2025-04-01,GLD,287.57000732421875,15923600
2025-04-02,GLD,288.1600036621094,11074800
2025-04-03,GLD,286.4200134277344,20524400
2025-04-04,GLD,279.7200012207031,21517200
2025-04-07,GLD,273.7099914550781,19807000
2025-04-08,GLD,275.20001220703125,12639500
2025-04-09,GLD,285.3800048828125,25342200
2025-04-10,GLD,292.3500061035156,19837800
2025-04-11,GLD,297.92999267578125,21080100
2025-04-14,GLD,296.2300109863281,12427600
2025-04-15,GLD,297.7799987792969,7924100
2025-04-16,GLD,307.4700012207031,20778100
2025-04-17,GLD,306.1199951171875,18287800
2025-04-21,GLD,315.5899963378906,20372300
2025-04-22,GLD,311.1099853515625,35242300
2025-04-23,GLD,303.6499938964844,25421500
2025-04-24,GLD,308.07000732421875,10845000
2025-04-25,GLD,304.7300109863281,10691600
2025-04-28,GLD,309.07000732421875,9375500
2025-04-29,GLD,306.05999755859375,6852100
2025-04-30,GLD,303.7699890136719,8331900
2025-05-01,GLD,297.4599914550781,14969100
2025-05-02,GLD,297.9800109863281,8678400
2025-05-05,GLD,306.8800048828125,8924000
2025-05-06,GLD,315.4800109863281,11445300
2025-05-07,GLD,310.75,7888300
2025-05-08,GLD,304.6300048828125,11927600
2025-05-09,GLD,306.8399963378906,6913100
2025-05-12,GLD,298.19000244140625,14375900
2025-05-13,GLD,299.4599914550781,10233600
2025-05-14,GLD,293.1600036621094,14800600
2025-05-15,GLD,297.8399963378906,13497700
2025-05-16,GLD,294.239990234375,14173000
2025-05-19,GLD,298.0299987792969,11656300
2025-05-20,GLD,303.5799865722656,12851000
2025-05-21,GLD,305.82000732421875,12414500
2025-05-22,GLD,303.1099853515625,9704200
2025-05-23,GLD,309.75,13339500
2025-05-27,GLD,304.5,9578500
2025-05-28,GLD,303.80999755859375,8803300
2025-05-29,GLD,305.6099853515625,9487900
2025-05-30,GLD,303.6000061035156,9553300
2025-06-02,GLD,311.6700134277344,13593200
2025-06-03,GLD,308.9100036621094,9315100
2025-06-04,GLD,310.8999938964844,7462500
2025-06-05,GLD,309.3299865722656,10817800
2025-06-06,GLD,305.17999267578125,7787500
2025-06-09,GLD,306.6199951171875,7159000
2025-06-10,GLD,306.7099914550781,7071700
2025-06-11,GLD,308.3699951171875,9248800
2025-06-12,GLD,312.20001220703125,11531400
2025-06-13,GLD,316.2900085449219,16592900
2025-06-16,GLD,311.7799987792969,12848400
2025-06-17,GLD,311.94000244140625,8234100
2025-06-18,GLD,310.260009765625,9370800
2025-06-20,GLD,310.1300048828125,8794700
2025-06-23,GLD,311.0799865722656,12687900
2025-06-24,GLD,306.19000244140625,12035200
2025-06-25,GLD,307.1199951171875,6733200
2025-06-26,GLD,306.7799987792969,6787500
2025-06-27,GLD,301.2200012207031,13301300
2025-06-30,GLD,304.8299865722656,8192100
2025-07-01,GLD,307.54998779296875,9335600
2025-07-02,GLD,309.25,8316400
2025-07-03,GLD,307.1400146484375,5275800
2025-07-07,GLD,307.3699951171875,7351600
2025-07-08,GLD,304.1600036621094,11840500
2025-07-09,GLD,305.5199890136719,10644100
2025-07-10,GLD,306.20001220703125,7053700
2025-07-11,GLD,309.1400146484375,9187300
2025-07-14,GLD,308.010009765625,5772900
2025-07-15,GLD,306.7300109863281,8149000
2025-07-16,GLD,308.260009765625,17693100
2025-07-17,GLD,307.5899963378906,6642300
2025-07-18,GLD,308.3900146484375,5574300
2025-07-21,GLD,313.1300048828125,10995800
2025-07-22,GLD,316.1000061035156,13691800
2025-07-23,GLD,312.17999267578125,10547500
2025-07-24,GLD,310.2699890136719,7698800
2025-07-25,GLD,307.3999938964844,9376400
2025-07-28,GLD,305.4100036621094,9275400
2025-07-29,GLD,306.25,5741100
2025-07-30,GLD,300.9599914550781,13459600
2025-07-31,GLD,302.9599914550781,8981000
2025-08-01,GLD,309.1099853515625,12843400
2025-08-04,GLD,310.9100036621094,7639000
2025-08-05,GLD,311.1600036621094,6997700
2025-08-06,GLD,310.5,7418200
2025-08-07,GLD,313.1199951171875,10891500
2025-08-08,GLD,313.04998779296875,19886800
2025-08-11,GLD,308.54998779296875,10326700
2025-08-12,GLD,308.2699890136719,9697400
2025-08-13,GLD,309.2099914550781,4718600
2025-08-14,GLD,307.25,5817700
2025-08-15,GLD,307.42999267578125,5990100
2025-08-18,GLD,306.95001220703125,6150100
2025-08-19,GLD,305.2699890136719,5029900
2025-08-20,GLD,308.3599853515625,6515400
2025-08-21,GLD,307.2900085449219,4809000
2025-08-22,GLD,310.5799865722656,8526500
2025-08-25,GLD,309.8299865722656,4044400
2025-08-26,GLD,312.0799865722656,11698500
2025-08-27,GLD,312.7099914550781,4320100
2025-08-28,GLD,315.0299987792969,9610200
2025-08-29,GLD,318.07000732421875,15642600
2025-09-02,GLD,325.5899963378906,21247500
2025-09-03,GLD,328.1400146484375,16062200
2025-09-04,GLD,326.69000244140625,11703100
2025-09-05,GLD,331.04998779296875,16065200
2025-09-08,GLD,334.82000732421875,18617300
2025-09-09,GLD,334.05999755859375,21641900
2025-09-10,GLD,335.260009765625,11945700
2025-09-11,GLD,334.760009765625,9082600
2025-09-12,GLD,335.4200134277344,9619700
2025-09-15,GLD,338.9100036621094,10569900
2025-09-16,GLD,339.5899963378906,12161500
2025-09-17,GLD,336.9700012207031,16535300
2025-09-18,GLD,335.6199951171875,14913300
2025-09-19,GLD,339.17999267578125,14982600
2025-09-22,GLD,345.04998779296875,12386400
2025-09-23,GLD,346.4599914550781,18384000
2025-09-24,GLD,343.32000732421875,12709100
2025-09-25,GLD,344.75,12639600
2025-09-26,GLD,346.739990234375,11698200
2025-09-29,GLD,352.4599914550781,15719600
2025-09-30,GLD,355.4700012207031,13312400
2025-10-01,GLD,356.0299987792969,15573600
2025-10-02,GLD,354.7900085449219,16162100
2025-10-03,GLD,357.6400146484375,14464000
2025-10-06,GLD,364.3800048828125,17093700
2025-10-07,GLD,366.260009765625,16836800
2025-10-08,GLD,372.29998779296875,28052300
2025-10-09,GLD,365.42999267578125,33674800
2025-10-10,GLD,369.1199951171875,24192800
2025-10-13,GLD,378.0899963378906,18514400
2025-10-14,GLD,380.7900085449219,18409600
2025-10-15,GLD,387.3900146484375,20598300
2025-10-16,GLD,396.45001220703125,33621400
2025-10-17,GLD,388.989990234375,62025000
2025-10-20,GLD,403.1499938964844,34523000
2025-10-21,GLD,377.239990234375,54101400
2025-10-22,GLD,377.2799987792969,30524100
2025-10-23,GLD,378.7900085449219,13695500
2025-10-24,GLD,377.5199890136719,13263800
2025-10-27,GLD,367.010009765625,23657600
2025-10-28,GLD,364.3800048828125,19257600
2025-10-29,GLD,363.0,18891800
2025-10-30,GLD,370.1300048828125,14812800
2025-10-31,GLD,368.1199951171875,11077900
2025-11-03,GLD,368.7799987792969,7254300
2025-11-04,GLD,362.32000732421875,11540100
2025-11-05,GLD,366.510009765625,8357300
2025-11-06,GLD,366.07000732421875,6891100
2025-11-07,GLD,368.30999755859375,11060400
2025-11-10,GLD,378.3800048828125,13456200
2025-11-11,GLD,379.8699951171875,10753200
2025-11-12,GLD,385.989990234375,16203700
2025-11-13,GLD,382.8699951171875,15867900
2025-11-14,GLD,375.9599914550781,15198000
2025-11-17,GLD,371.6499938964844,13295200
2025-11-18,GLD,374.3500061035156,7818800
2025-11-19,GLD,374.9599914550781,10980400
2025-11-20,GLD,374.8500061035156,10506500
2025-11-21,GLD,374.2699890136719,13194600
2025-11-24,GLD,380.20001220703125,10085300
2025-11-25,GLD,380.0799865722656,10462800
2025-11-26,GLD,383.1199951171875,9184100
2025-11-28,GLD,387.8800048828125,7175400
2025-12-01,GLD,389.75,11177100
2025-12-02,GLD,387.239990234375,8103900
2025-12-03,GLD,386.8800048828125,7886800
2025-12-04,GLD,387.1300048828125,6754400
2025-12-05,GLD,386.44000244140625,9449800
2025-12-08,GLD,385.4200134277344,6822100
2025-12-09,GLD,387.3999938964844,6358700
2025-12-10,GLD,389.04998779296875,9120500
2025-12-11,GLD,393.239990234375,11240600
2025-12-12,GLD,395.44000244140625,16792100
2025-12-15,GLD,395.79998779296875,11345000
2025-12-16,GLD,395.8900146484375,9201600
2025-12-17,GLD,399.2900085449219,10456900
2025-12-18,GLD,398.57000732421875,11837600
2025-12-19,GLD,399.0199890136719,9894800
2025-12-22,GLD,408.2300109863281,14202100
2025-12-23,GLD,413.6400146484375,13193300
2025-12-24,GLD,411.92999267578125,6718400
2025-12-26,GLD,416.739990234375,10476200
2025-12-29,GLD,398.6000061035156,20679200
2025-12-30,GLD,398.8900146484375,10179000
2025-12-31,GLD,396.30999755859375,10194700
2026-01-02,GLD,398.2799987792969,10372600
2026-01-05,GLD,408.760009765625,13410600
2026-01-06,GLD,413.17999267578125,11640900
2026-01-07,GLD,409.2300109863281,10589500
2026-01-08,GLD,411.489990234375,8705900
2026-01-09,GLD,414.4700012207031,14011200
2026-01-12,GLD,422.2300109863281,20904100
2026-01-13,GLD,421.6300048828125,16681200
2026-01-14,GLD,425.94000244140625,18305500
2026-01-15,GLD,423.3299865722656,14253200
2026-01-16,GLD,421.2900085449219,20951600
2026-01-20,GLD,437.2300109863281,21308100
2026-01-21,GLD,443.6000061035156,38830200
2026-01-22,GLD,451.7900085449219,19251200
2026-01-23,GLD,458.0,21531900
2026-01-26,GLD,464.70001220703125,34156000
2026-01-27,GLD,476.1000061035156,28386200
2026-01-28,GLD,494.55999755859375,44154600
2026-01-29,GLD,495.8999938964844,69970900
2026-01-30,GLD,444.95001220703125,86593500
2026-02-02,GLD,427.1300048828125,41626200
2026-02-03,GLD,454.2900085449219,28703500
2026-02-04,GLD,453.9700012207031,24427900
2026-02-05,GLD,441.8800048828125,17718100
2026-02-06,GLD,455.4599914550781,12663900
2026-02-09,GLD,467.0299987792969,12330900
2026-02-10,GLD,462.3999938964844,7861600
2026-02-11,GLD,467.6300048828125,11209600
2026-02-12,GLD,451.3900146484375,20488800
2026-02-13,GLD,462.6199951171875,12359300
2026-02-17,GLD,448.20001220703125,10976100
2026-02-18,GLD,458.2799987792969,10226300
2026-02-19,GLD,459.55999755859375,8411400
2026-02-20,GLD,468.6199951171875,14316300
2026-02-23,GLD,481.2799987792969,17441600
2026-02-24,GLD,474.6099853515625,14147100
2026-02-25,GLD,473.4200134277344,12954300
2026-02-26,GLD,477.4800109863281,12375000
2026-02-27,GLD,483.75,16795100
2026-03-02,GLD,490.0,19916600
2026-03-03,GLD,468.1400146484375,22591500
2026-03-04,GLD,471.79998779296875,9985900
2026-03-05,GLD,466.1300048828125,11674800
2026-03-06,GLD,473.510009765625,10489800
2026-03-09,GLD,472.5299987792969,8829800
2026-03-10,GLD,477.8599853515625,9616800
2026-03-11,GLD,476.239990234375,7522900
2026-03-12,GLD,466.8800048828125,11900600
2026-03-13,GLD,460.8399963378906,11741600
2026-03-16,GLD,460.42999267578125,8964100
2026-03-17,GLD,459.2699890136719,7610100
2026-03-18,GLD,444.739990234375,18375600
2026-03-19,GLD,426.4100036621094,30206000
2026-03-20,GLD,413.3800048828125,27204900
2026-03-23,GLD,404.0400085449219,36796800
2026-03-24,GLD,404.1300048828125,17478500
2026-03-25,GLD,416.2900085449219,15713200
2026-03-26,GLD,400.6400146484375,15756300
2026-03-27,GLD,414.70001220703125,16580700
2026-03-30,GLD,414.5799865722656,13172100
2026-03-31,GLD,430.2900085449219,14534300
2026-04-01,GLD,437.82000732421875,14133100
2026-04-02,GLD,429.4100036621094,10838600
2026-04-06,GLD,427.6499938964844,5417300
2026-04-07,GLD,431.80999755859375,7263500
2026-04-08,GLD,434.5299987792969,9689700
2026-04-09,GLD,437.9100036621094,6748500
2026-04-10,GLD,437.1300048828125,6193300
2026-04-13,GLD,435.3599853515625,5549400
2026-04-14,GLD,445.0899963378906,8731700
2026-04-15,GLD,440.4599914550781,6455900
2026-04-16,GLD,440.0799865722656,5350100
2026-04-17,GLD,445.92999267578125,9712000
2026-04-20,GLD,442.0899963378906,8473000
2026-04-21,GLD,429.57000732421875,9480000
2026-04-22,GLD,435.260009765625,5178100
2026-04-23,GLD,431.0400085449219,4976400
2026-04-24,GLD,433.25,5924100
2026-04-27,GLD,429.8900146484375,6105200
2026-04-28,GLD,421.9100036621094,7723400
2026-04-29,GLD,417.4100036621094,6452600
2026-04-30,GLD,423.6600036621094,6732800
2026-05-01,GLD,423.17999267578125,5911500
2026-05-04,GLD,414.7099914550781,7285700
2026-05-05,GLD,418.2699890136719,4279900
2026-05-06,GLD,430.9599914550781,7013900
2026-05-07,GLD,431.67999267578125,6816200
2026-05-08,GLD,433.7699890136719,5380800
2026-05-11,GLD,434.6499938964844,5569100
2026-05-12,GLD,432.92999267578125,6660900
2026-05-13,GLD,430.5,4180300
2026-05-14,GLD,427.2099914550781,4021400
2026-05-15,GLD,417.2900085449219,9360400
2026-05-18,GLD,418.42999267578125,5628300
2026-05-19,GLD,411.5,5419400
2026-05-20,GLD,417.3999938964844,6005000
2026-05-21,GLD,416.989990234375,4679900
2026-05-22,GLD,413.82000732421875,5528400
2026-05-26,GLD,414.0,5098400
2026-05-27,GLD,408.489990234375,6624600
2026-05-28,GLD,412.7699890136719,7184100
2026-05-29,GLD,417.1199951171875,7705700
2026-06-01,GLD,411.260009765625,6158900
2026-06-02,GLD,411.95001220703125,3823900
2026-06-03,GLD,407.8699951171875,5038000
2026-06-04,GLD,411.2699890136719,4646500
2026-06-05,GLD,396.239990234375,11473900
2026-06-08,GLD,397.2699890136719,8057300
2026-06-09,GLD,390.7799987792969,9567300
2026-06-10,GLD,374.5799865722656,13956200
2026-06-11,GLD,386.32000732421875,12622500
2026-06-12,GLD,386.5400085449219,7532600
2026-06-15,GLD,396.54998779296875,10477100
2026-06-16,GLD,397.6300048828125,6004000
2026-06-17,GLD,388.6000061035156,13343000
2026-06-18,GLD,387.1199951171875,7627300
2026-06-22,GLD,384.5899963378906,7835100
2026-06-23,GLD,377.32000732421875,7389600
2026-06-24,GLD,365.9200134277344,12741700
2026-06-25,GLD,369.4599914550781,9137100
2026-06-26,GLD,373.6300048828125,5603300
2026-06-29,GLD,368.5799865722656,5006300
2026-06-30,GLD,368.3800048828125,5302100
2026-07-01,GLD,370.6000061035156,9058300
2026-07-02,GLD,378.1300048828125,7592900
2026-07-06,GLD,382.1300048828125,3906500
2026-07-07,GLD,377.489990234375,4815400
2026-07-08,GLD,374.45001220703125,7728500
2026-07-09,GLD,378.17999267578125,4754600
2026-07-10,GLD,377.010009765625,5455400
2026-07-13,GLD,367.1300048828125,7161700
2026-07-14,GLD,372.1499938964844,6303400
2026-07-15,GLD,372.3500061035156,7683700
2026-07-16,GLD,364.9599914550781,9048000
2026-07-17,GLD,368.4100036621094,6456600
2026-07-20,GLD,367.6000061035156,3922500
2026-07-21,GLD,374.80999755859375,6070600
2026-07-22,GLD,379.1199951171875,7115100
2026-07-23,GLD,371.5199890136719,9820600
2026-07-24,GLD,371.8999938964844,3852400
2026-07-27,GLD,374.6300048828125,3700000
2026-07-28,GLD,369.3699951171875,4819300
2026-07-29,GLD,371.0799865722656,11839900
2026-07-30,GLD,377.1600036621094,5968400
2026-07-31,GLD,371.5400085449219,6825900
2026-08-03,GLD,371.7099914550781,4968900
2026-08-04,GLD,374.1600036621094,5723100
2026-08-05,GLD,389.6400146484375,14758700
2026-08-06,GLD,389.6700134277344,10954300
2026-08-07,GLD,398.4700012207031,13324500
2026-08-10,GLD,402.5400085449219,11057000
2026-08-11,GLD,400.9599914550781,7439100
2026-08-12,GLD,404.9200134277344,10383100
2026-08-13,GLD,398.9599914550781,8695200
2026-08-14,GLD,401.4800109863281,6749800
2026-08-17,GLD,405.489990234375,9604100
2026-08-18,GLD,398.54998779296875,10660900
2026-08-19,GLD,413.8399963378906,17480700
2026-08-20,GLD,415.260009765625,13900900
2026-08-21,GLD,423.3599853515625,14529000
2026-08-24,GLD,426.69000244140625,18943000
2026-08-25,GLD,428.07000732421875,12450600
2026-08-26,GLD,421.32000732421875,9566500
2016-01-04,IEF,83.20561981201172,6183700
2016-01-05,IEF,83.18209838867188,2122800
2016-01-06,IEF,83.68426513671875,1906100
2016-01-07,IEF,83.86474609375,3106000
2016-01-08,IEF,84.07657623291016,1783200
2016-01-11,IEF,83.80977630615234,4816100
2016-01-12,IEF,84.18647766113281,8962500
2016-01-13,IEF,84.51595306396484,2664100
2016-01-14,IEF,84.34333038330078,2597300
2016-01-15,IEF,84.7356948852539,4334300
2016-01-19,IEF,84.62586212158203,4896500
2016-01-20,IEF,85.0417251586914,4949100
2016-01-21,IEF,84.8298568725586,2385700
2016-01-22,IEF,84.64159393310547,1735600
2016-01-25,IEF,84.92400360107422,1190900
2016-01-26,IEF,84.9867935180664,1288000
2016-01-27,IEF,85.04955291748047,1802300
2016-01-28,IEF,85.1594467163086,2222900
2016-01-29,IEF,85.61455535888672,3805500
2016-02-01,IEF,85.41728973388672,6813000
2016-02-02,IEF,86.02238464355469,4141600
2016-02-03,IEF,85.92808532714844,12145000
2016-02-04,IEF,86.13235473632812,2431100
2016-02-05,IEF,86.24239349365234,1440200
2016-02-08,IEF,86.88677978515625,2824800
2016-02-09,IEF,86.90245056152344,2679600
2016-02-10,IEF,87.16182708740234,2027200
2016-02-11,IEF,87.56253051757812,3743000
2016-02-12,IEF,86.89464569091797,3258700
2016-02-16,IEF,86.63530731201172,2816800
2016-02-17,IEF,86.42308044433594,4856500
2016-02-18,IEF,86.8238754272461,3125700
2016-02-19,IEF,86.8238754272461,1340000
2016-02-22,IEF,86.7374267578125,1012200
2016-02-23,IEF,86.91033935546875,2257800
2016-02-24,IEF,86.91033935546875,2947700
2016-02-25,IEF,87.16963195800781,1983600
2016-02-26,IEF,86.74530029296875,2957900
2016-02-29,IEF,86.88677978515625,3861600
2016-03-01,IEF,86.20763397216797,5901200
2016-03-02,IEF,86.05809783935547,3011200
2016-03-03,IEF,86.1604232788086,2093000
2016-03-04,IEF,85.86925506591797,1781200
2016-03-07,IEF,85.69615173339844,2349400
2016-03-08,IEF,86.19189453125,1747600
2016-03-09,IEF,85.853515625,1537800
2016-03-10,IEF,85.54668426513672,2798700
2016-03-11,IEF,85.30265808105469,1785000
2016-03-14,IEF,85.36561584472656,2661800
2016-03-15,IEF,85.3498764038086,2960800
2016-03-16,IEF,85.79841613769531,2052300
2016-03-17,IEF,85.89286804199219,2745500
2016-03-18,IEF,86.04239654541016,2434600
2016-03-21,IEF,85.79841613769531,1725000
2016-03-22,IEF,85.61746215820312,1437700
2016-03-23,IEF,86.01091003417969,1405400
2016-03-24,IEF,85.9243392944336,1548200
2016-03-28,IEF,86.05026245117188,1291400
2016-03-29,IEF,86.63258361816406,2981000
2016-03-30,IEF,86.5145263671875,2808800
2016-03-31,IEF,86.82929229736328,3759100
2016-04-01,IEF,86.80411529541016,5489100
2016-04-04,IEF,86.90652465820312,3035600
2016-04-05,IEF,87.25331115722656,1951500
2016-04-06,IEF,87.06415557861328,1646000
2016-04-07,IEF,87.51341247558594,2069600
2016-04-08,IEF,87.37940216064453,1309500
2016-04-11,IEF,87.36366271972656,879600
2016-04-12,IEF,87.01689147949219,1363200
2016-04-13,IEF,87.0799331665039,1466400
2016-04-14,IEF,86.87503814697266,1403900
2016-04-15,IEF,87.13510131835938,1657800
2016-04-18,IEF,87.04840087890625,1297800
2016-04-19,IEF,86.90652465820312,1219600
2016-04-20,IEF,86.46516418457031,1939800
2016-04-21,IEF,86.3233413696289,1636600
2016-04-22,IEF,86.2287826538086,952100
2016-04-25,IEF,86.13417053222656,1416300
2016-04-26,IEF,85.952880859375,1127100
2016-04-27,IEF,86.42578125,1734000
2016-04-28,IEF,86.72525787353516,2807300
2016-04-29,IEF,86.69371032714844,2858500
2016-05-02,IEF,86.44197082519531,2226800
2016-05-03,IEF,86.95499420166016,2330900
2016-05-04,IEF,87.11284637451172,1176900
2016-05-05,IEF,87.3496322631836,1257500
2016-05-06,IEF,87.1443862915039,1675600
2016-05-09,IEF,87.31015014648438,1459900
2016-05-10,IEF,87.29434967041016,1506900
2016-05-11,IEF,87.4285888671875,1606800
2016-05-12,IEF,87.1917724609375,1261500
2016-05-13,IEF,87.52326965332031,5007300
2016-05-16,IEF,87.20758056640625,1708100
2016-05-17,IEF,87.08917999267578,1158700
2016-05-18,IEF,86.38671875,2946500
2016-05-19,IEF,86.47354888916016,1345000
2016-05-20,IEF,86.52882385253906,1059400
2016-05-23,IEF,86.583984375,892300
2016-05-24,IEF,86.44197082519531,965200
2016-05-25,IEF,86.40252685546875,890300
2016-05-26,IEF,86.67084503173828,998200
2016-05-27,IEF,86.505126953125,1995300
2016-05-31,IEF,86.60769653320312,1734700
2016-06-01,IEF,86.5784683227539,2786400
2016-06-02,IEF,86.84721374511719,5038500
2016-06-03,IEF,87.65348052978516,1971300
2016-06-06,IEF,87.42422485351562,1715700
2016-06-07,IEF,87.55072784423828,2672900
2016-06-08,IEF,87.65348052978516,1284200
2016-06-09,IEF,87.78790283203125,1328400
2016-06-10,IEF,88.09613037109375,1878900
2016-06-13,IEF,88.2700424194336,1026200
2016-06-14,IEF,88.24634552001953,1390600
2016-06-15,IEF,88.51510620117188,2377600
2016-06-16,IEF,88.60997009277344,3088700
2016-06-17,IEF,88.30960083007812,3140900
2016-06-20,IEF,87.93016052246094,1956500
2016-06-21,IEF,87.73250579833984,1494500
2016-06-22,IEF,87.90641021728516,1378700
2016-06-23,IEF,87.48748016357422,1715000
2016-06-24,IEF,88.6968765258789,4390000
2016-06-27,IEF,89.46361541748047,4493700
2016-06-28,IEF,89.44780731201172,1799700
2016-06-29,IEF,89.08419799804688,2670900
2016-06-30,IEF,89.28180694580078,5690800
2016-07-01,IEF,89.51768493652344,5292300
2016-07-05,IEF,90.00849151611328,2926300
2016-07-06,IEF,90.02429962158203,1921600
2016-07-07,IEF,89.90559387207031,1323000
2016-07-08,IEF,90.0797348022461,2097900
2016-07-11,IEF,89.60477447509766,2728800
2016-07-12,IEF,89.074462890625,4116200
2016-07-13,IEF,89.30403137207031,3077200
2016-07-14,IEF,88.93194580078125,2761900
2016-07-15,IEF,88.59160614013672,2811600
2016-07-18,IEF,88.56786346435547,4173500
2016-07-19,IEF,88.80528259277344,4171900
2016-07-20,IEF,88.62323760986328,2213700
2016-07-21,IEF,88.82117462158203,1944700
2016-07-22,IEF,88.74988555908203,1140000
2016-07-25,IEF,88.67864227294922,889100
2016-07-26,IEF,88.73407745361328,1694100
2016-07-27,IEF,89.114013671875,1962700
2016-07-28,IEF,89.1614990234375,1220200
2016-07-29,IEF,89.50188446044922,2386800
2016-08-01,IEF,89.19115447998047,2479100
2016-08-02,IEF,88.97713470458984,2920500
2016-08-03,IEF,89.02470397949219,1148600
2016-08-04,IEF,89.23871612548828,1065000
2016-08-05,IEF,88.68383026123047,2368100
2016-08-08,IEF,88.63626098632812,1304000
2016-08-09,IEF,88.9533920288086,1817000
2016-08-10,IEF,89.19115447998047,1262500
2016-08-11,IEF,88.76309204101562,1823600
2016-08-12,IEF,89.08016967773438,1377100
2016-08-15,IEF,88.818603515625,1031800
2016-08-16,IEF,88.66798400878906,1433500
2016-08-17,IEF,88.81065368652344,1733900
2016-08-18,IEF,88.96919250488281,1245600
2016-08-19,IEF,88.66798400878906,1396700
2016-08-22,IEF,88.86618041992188,1084600
2016-08-23,IEF,88.85824584960938,939900
2016-08-24,IEF,88.82653045654297,1345600
2016-08-25,IEF,88.68383026123047,1037700
2016-08-26,IEF,88.3429946899414,1988300
2016-08-29,IEF,88.7076187133789,1497400
2016-08-30,IEF,88.69973754882812,2498400
2016-08-31,IEF,88.59664154052734,2008100
2016-09-01,IEF,88.735595703125,1775900
2016-09-02,IEF,88.50531768798828,1550100
2016-09-06,IEF,88.91813659667969,1284000
2016-09-07,IEF,88.96578216552734,836800
2016-09-08,IEF,88.52916717529297,1287300
2016-09-09,IEF,88.10845947265625,1700700
2016-09-12,IEF,88.18787384033203,1446600
2016-09-13,IEF,87.86238861083984,1993700
2016-09-14,IEF,88.06082916259766,1062100
2016-09-15,IEF,88.08467864990234,994100
2016-09-16,IEF,88.17993927001953,833600
2016-09-19,IEF,88.02910614013672,490400
2016-09-20,IEF,88.16404724121094,1177800
2016-09-21,IEF,88.30691528320312,1108300
2016-09-22,IEF,88.56890106201172,1012300
2016-09-23,IEF,88.6085205078125,952500
2016-09-26,IEF,88.862548828125,764000
2016-09-27,IEF,89.01336669921875,1583700
2016-09-28,IEF,88.97368621826172,594800
2016-09-29,IEF,89.02925872802734,1123900
2016-09-30,IEF,88.80699920654297,1774600
2016-10-03,IEF,88.60032653808594,3112000
2016-10-04,IEF,88.1949691772461,3949600
2016-10-05,IEF,87.99627685546875,1490600
2016-10-06,IEF,87.81346893310547,1577400
2016-10-07,IEF,87.94061279296875,1601100
2016-10-10,IEF,87.71012878417969,1067000
2016-10-11,IEF,87.6863021850586,1942600
2016-10-12,IEF,87.6863021850586,1037800
2016-10-13,IEF,87.86911010742188,1188400
2016-10-14,IEF,87.59883117675781,2105300
2016-10-17,IEF,87.78960418701172,1490800
2016-10-18,IEF,87.96446228027344,1484400
2016-10-19,IEF,88.00419616699219,1264200
2016-10-20,IEF,87.9247055053711,979900
2016-10-21,IEF,88.02010345458984,571100
2016-10-24,IEF,87.9009017944336,900800
2016-10-25,IEF,87.88497161865234,735100
2016-10-26,IEF,87.69424438476562,1136600
2016-10-27,IEF,87.3921890258789,3668500
2016-10-28,IEF,87.40809631347656,1313200
2016-10-31,IEF,87.47960662841797,4413900
2016-11-01,IEF,87.48275756835938,2004000
2016-11-02,IEF,87.74543762207031,1455900
2016-11-03,IEF,87.68975830078125,686600
2016-11-04,IEF,87.96036529541016,1699800
2016-11-07,IEF,87.59422302246094,2617900
2016-11-08,IEF,87.2838363647461,1182200
2016-11-09,IEF,85.95458221435547,6381300
2016-11-10,IEF,85.43724060058594,5445300
2016-11-11,IEF,85.26209259033203,2482900
2016-11-14,IEF,84.76862335205078,3753800
2016-11-15,IEF,84.76862335205078,1391700
2016-11-16,IEF,84.84819793701172,2765700
2016-11-17,IEF,84.47411346435547,2499200
2016-11-18,IEF,84.10000610351562,4093700
2016-11-21,IEF,84.17163848876953,1364300
2016-11-22,IEF,84.25120544433594,1744700
2016-11-23,IEF,83.94880676269531,4607100
2016-11-25,IEF,83.87714385986328,948200
2016-11-28,IEF,84.2591781616211,2474800
2016-11-29,IEF,84.34678649902344,1745000
2016-11-30,IEF,83.78162384033203,3362500
2016-12-01,IEF,83.46199035644531,3467600
2016-12-02,IEF,83.83658599853516,1660400
2016-12-05,IEF,83.80474853515625,2281600
2016-12-06,IEF,83.83658599853516,989400
2016-12-07,IEF,84.11560821533203,1237600
2016-12-08,IEF,83.7967758178711,1357500
2016-12-09,IEF,83.3663558959961,3261000
2016-12-12,IEF,83.38229370117188,1538200
2016-12-13,IEF,83.43013000488281,1993500
2016-12-14,IEF,82.7367172241211,3941000
2016-12-15,IEF,82.50552368164062,1999200
2016-12-16,IEF,82.60914611816406,1811800
2016-12-19,IEF,82.99176025390625,1691800
2016-12-20,IEF,82.81633758544922,969400
2016-12-21,IEF,82.951904296875,1870500
2016-12-22,IEF,82.9159927368164,1872100
2016-12-23,IEF,82.99580383300781,830400
2016-12-27,IEF,82.87602233886719,1148800
2016-12-28,IEF,83.17942810058594,1369800
2016-12-29,IEF,83.4349136352539,1328600
2016-12-30,IEF,83.682373046875,2439500
2017-01-03,IEF,83.64244079589844,3230500
2017-01-04,IEF,83.73825073242188,1523000
2017-01-05,IEF,84.2811279296875,3344400
2017-01-06,IEF,83.89793395996094,1601400
2017-01-09,IEF,84.21725463867188,1275000
2017-01-10,IEF,84.17735290527344,1352700
2017-01-11,IEF,84.27313995361328,1833700
2017-01-12,IEF,84.32107543945312,1544700
2017-01-13,IEF,84.13740539550781,1833200
2017-01-17,IEF,84.56050109863281,1656800
2017-01-18,IEF,83.9617919921875,3640400
2017-01-19,IEF,83.64244079589844,1840000
2017-01-20,IEF,83.682373046875,1306400
2017-01-23,IEF,84.1214370727539,1720200
2017-01-24,IEF,83.80210876464844,1344000
2017-01-25,IEF,83.38694763183594,1816000
2017-01-26,IEF,83.49877166748047,2212900
2017-01-27,IEF,83.60258483886719,2285200
2017-01-30,IEF,83.5785903930664,1909300
2017-01-31,IEF,83.86600494384766,1411700
2017-02-01,IEF,83.70528411865234,2055100
2017-02-02,IEF,83.73724365234375,1423500
2017-02-03,IEF,83.80122375488281,1711100
2017-02-06,IEF,84.20099639892578,1500500
2017-02-07,IEF,84.35293579101562,1540600
2017-02-08,IEF,84.69671630859375,3182200
2017-02-09,IEF,84.19300079345703,1530200
2017-02-10,IEF,84.13701629638672,1646400
2017-02-13,IEF,84.00910949707031,1045200
2017-02-14,IEF,83.70528411865234,2318100
2017-02-15,IEF,83.54539489746094,2750900
2017-02-16,IEF,83.88121032714844,2459800
2017-02-17,IEF,84.10508728027344,2237700
2017-02-21,IEF,84.06511688232422,2832700
2017-02-22,IEF,84.20099639892578,2812800
2017-02-23,IEF,84.42486572265625,1842700
2017-02-24,IEF,84.81666564941406,2677000
2017-02-27,IEF,84.51283264160156,3292600
2017-02-28,IEF,84.47279357910156,2482500
2017-03-01,IEF,83.88435363769531,2249000
2017-03-02,IEF,83.64417266845703,2023300
2017-03-03,IEF,83.7242202758789,2509000
2017-03-06,IEF,83.70819091796875,1401700
2017-03-07,IEF,83.5881576538086,1596300
2017-03-08,IEF,83.30792236328125,2392800
2017-03-09,IEF,83.07569885253906,2322900
2017-03-10,IEF,83.25186157226562,1333000
2017-03-13,IEF,83.04368591308594,1342600
2017-03-14,IEF,83.13177490234375,864600
2017-03-15,IEF,83.8603515625,3701900
2017-03-16,IEF,83.62812042236328,2749900
2017-03-17,IEF,83.85235595703125,1186700
2017-03-20,IEF,84.05252838134766,1362700
2017-03-21,IEF,84.33272552490234,1407000
2017-03-22,IEF,84.49283599853516,2231300
2017-03-23,IEF,84.4048080444336,2584700
2017-03-24,IEF,84.45287322998047,2540000
2017-03-27,IEF,84.66096496582031,2614000
2017-03-28,IEF,84.37274932861328,1356800
2017-03-29,IEF,84.61297607421875,1860400
2017-03-30,IEF,84.37274932861328,1487800
2017-03-31,IEF,84.54092407226562,1698500
2017-04-03,IEF,84.95706939697266,4175500
2017-04-04,IEF,84.8368148803711,1319600
2017-04-05,IEF,84.99716186523438,2551100
2017-04-06,IEF,84.9410171508789,1496300
2017-04-07,IEF,84.6844253540039,1185400
2017-04-10,IEF,84.8368148803711,1752500
2017-04-11,IEF,85.22969055175781,2219200
2017-04-12,IEF,85.4942626953125,2273600
2017-04-13,IEF,85.75093078613281,1868200
2017-04-17,IEF,85.6146011352539,1110500
2017-04-18,IEF,86.10369873046875,1678400
2017-04-19,IEF,85.87920379638672,1750000
2017-04-20,IEF,85.68675231933594,1694700
2017-04-21,IEF,85.72686004638672,2792500
2017-04-24,IEF,85.55040740966797,3558000
2017-04-25,IEF,85.10941314697266,1985700
2017-04-26,IEF,85.33390045166016,1314400
2017-04-27,IEF,85.39007568359375,1988200
2017-04-28,IEF,85.4782485961914,5489800
2017-05-01,IEF,85.2935562133789,2044400
2017-05-02,IEF,85.47023010253906,1585300
2017-05-03,IEF,85.2935562133789,1861300
2017-05-04,IEF,85.100830078125,1237100
2017-05-05,IEF,85.11689758300781,980000
2017-05-08,IEF,84.90813446044922,4887400
2017-05-09,IEF,84.81173706054688,1457900
2017-05-10,IEF,84.77964782714844,995500
2017-05-11,IEF,84.8438720703125,1088800
2017-05-12,IEF,85.27750396728516,2005600
2017-05-15,IEF,85.22132873535156,672200
2017-05-16,IEF,85.3337631225586,1314500
2017-05-17,IEF,86.01634216308594,5644700
2017-05-18,IEF,85.99224853515625,1715200
2017-05-19,IEF,85.96818542480469,3503100
2017-05-22,IEF,85.8718032836914,1425800
2017-05-23,IEF,85.64696502685547,2984700
2017-05-24,IEF,85.8236083984375,1776300
2017-05-25,IEF,85.8718032836914,1361000
2017-05-26,IEF,85.9280014038086,1016600
2017-05-30,IEF,86.1447982788086,2335200
2017-05-31,IEF,86.18498992919922,1752300
2017-06-01,IEF,86.13998413085938,1769300
2017-06-02,IEF,86.51791381835938,1803200
2017-06-05,IEF,86.37318420410156,1414900
2017-06-06,IEF,86.64663696289062,2078900
2017-06-07,IEF,86.48577880859375,1795800
2017-06-08,IEF,86.34907531738281,3863000
2017-06-09,IEF,86.26861572265625,1203400
2017-06-12,IEF,86.25254821777344,766700
2017-06-13,IEF,86.28473663330078,682300
2017-06-14,IEF,86.73511505126953,3712100
2017-06-15,IEF,86.58232879638672,2000400
2017-06-16,IEF,86.63054656982422,3460300
2017-06-19,IEF,86.3892593383789,1105900
2017-06-20,IEF,86.6064224243164,1252000
2017-06-21,IEF,86.59838104248047,1159800
2017-06-22,IEF,86.6788101196289,1160100
2017-06-23,IEF,86.70295715332031,1581000
2017-06-26,IEF,86.77534484863281,3625000
2017-06-27,IEF,86.34907531738281,1755200
2017-06-28,IEF,86.26861572265625,1530900
2017-06-29,IEF,85.94689178466797,1997200
2017-06-30,IEF,85.7458267211914,1909600
2017-07-03,IEF,85.43087005615234,1255300
2017-07-05,IEF,85.4953384399414,10477800
2017-07-06,IEF,85.33419036865234,1794300
2017-07-07,IEF,85.19729614257812,1799900
2017-07-10,IEF,85.31008911132812,1247700
2017-07-11,IEF,85.42284393310547,1112600
2017-07-12,IEF,85.67253112792969,2451700
2017-07-13,IEF,85.58393859863281,2095900
2017-07-14,IEF,85.70475769042969,1260400
2017-07-17,IEF,85.80946350097656,1289200
2017-07-18,IEF,86.12361145019531,1776100
2017-07-19,IEF,86.12361145019531,2466000
2017-07-20,IEF,86.14776611328125,2317200
2017-07-21,IEF,86.30081939697266,1664200
2017-07-24,IEF,86.24444580078125,2342700
2017-07-25,IEF,85.76111602783203,2513600
2017-07-26,IEF,86.03498840332031,3010400
2017-07-27,IEF,85.8980712890625,1853000
2017-07-28,IEF,86.04306030273438,1001600
2017-07-31,IEF,86.06722259521484,921800
2017-08-01,IEF,86.281005859375,1958300
2017-08-02,IEF,86.20035552978516,516100
2017-08-03,IEF,86.49886322021484,1576200
2017-08-04,IEF,86.2648696899414,1266100
2017-08-07,IEF,86.31329345703125,554100
2017-08-08,IEF,86.24066162109375,1277800
2017-08-09,IEF,86.34552764892578,1268000
2017-08-10,IEF,86.66826629638672,1412000
2017-08-11,IEF,86.76504516601562,911000
2017-08-14,IEF,86.55531311035156,1386100
2017-08-15,IEF,86.29717254638672,1146300
2017-08-16,IEF,86.45850372314453,2160100
2017-08-17,IEF,86.76504516601562,1637300
2017-08-18,IEF,86.78118133544922,1235700
2017-08-21,IEF,86.83765411376953,718800
2017-08-22,IEF,86.66826629638672,984500
2017-08-23,IEF,86.96673583984375,1246100
2017-08-24,IEF,86.82958221435547,2520900
2017-08-25,IEF,86.97483825683594,1007500
2017-08-28,IEF,87.05548858642578,921700
2017-08-29,IEF,87.2572021484375,1590200
2017-08-30,IEF,87.1845932006836,1299900
2017-08-31,IEF,87.32172393798828,1023600
2017-09-01,IEF,87.06478118896484,3460000
2017-09-05,IEF,87.6707763671875,3054800
2017-09-06,IEF,87.46066284179688,1601500
2017-09-07,IEF,87.8404312133789,4292500
2017-09-08,IEF,87.77581787109375,1249100
2017-09-11,IEF,87.27485656738281,2206200
2017-09-12,IEF,87.06478118896484,3167800
2017-09-13,IEF,86.88705444335938,1590900
2017-09-14,IEF,86.9031982421875,1377700
2017-09-15,IEF,87.00823974609375,1477000
2017-09-18,IEF,86.6689224243164,3032500
2017-09-19,IEF,86.57194519042969,673300
2017-09-20,IEF,86.40227508544922,2397500
2017-09-21,IEF,86.28916931152344,2390000
2017-09-22,IEF,86.44265747070312,826600
2017-09-25,IEF,86.70123291015625,1927000
2017-09-26,IEF,86.62849426269531,1061000
2017-09-27,IEF,86.18407440185547,4039100
2017-09-28,IEF,86.1679916381836,1873300
2017-09-29,IEF,86.0628890991211,2037800
2017-10-02,IEF,85.96501922607422,3221600
2017-10-03,IEF,86.08638000488281,2521700
2017-10-04,IEF,86.06209564208984,2198300
2017-10-05,IEF,85.97309875488281,1779900
2017-10-06,IEF,85.86795043945312,2350600
2017-10-09,IEF,85.96501922607422,893100
2017-10-10,IEF,85.99738311767578,1123100
2017-10-11,IEF,86.09446716308594,2841200
2017-10-12,IEF,86.1753921508789,1349300
2017-10-13,IEF,86.46672821044922,1521700
2017-10-16,IEF,86.32101440429688,1666100
2017-10-17,IEF,86.28868103027344,673800
2017-10-18,IEF,86.07023620605469,1788500
2017-10-19,IEF,86.15921020507812,1518700
2017-10-20,IEF,85.8031997680664,2651400
2017-10-23,IEF,85.88410186767578,709800
2017-10-24,IEF,85.62513732910156,1605600
2017-10-25,IEF,85.48761749267578,1838800
2017-10-26,IEF,85.37430572509766,2062400
2017-10-27,IEF,85.64944458007812,1315000
2017-10-30,IEF,85.95692443847656,1692700
2017-10-31,IEF,85.9002914428711,1178000
2017-11-01,IEF,85.9521484375,1321500
2017-11-02,IEF,86.06563568115234,1997900
2017-11-03,IEF,86.20337677001953,2532400
2017-11-06,IEF,86.3087387084961,858400
2017-11-07,IEF,86.34115600585938,734800
2017-11-08,IEF,86.23577880859375,947800
2017-11-09,IEF,86.20337677001953,925900
2017-11-10,IEF,85.76575469970703,1862000
2017-11-13,IEF,85.72526550292969,868300
2017-11-14,IEF,85.8468246459961,1629200
2017-11-15,IEF,86.15475463867188,1933100
2017-11-16,IEF,85.93592071533203,1749200
2017-11-17,IEF,86.04940032958984,941200
2017-11-20,IEF,85.91162872314453,1153400
2017-11-21,IEF,85.92786407470703,835600
2017-11-22,IEF,86.20337677001953,1657900
2017-11-24,IEF,86.13042449951172,614400
2017-11-27,IEF,86.18714141845703,1927500
2017-11-28,IEF,86.20337677001953,1388000
2017-11-29,IEF,85.92786407470703,3193600
2017-11-30,IEF,85.660400390625,3306400
2017-12-01,IEF,85.9769515991211,4341500
2017-12-04,IEF,85.93634033203125,2356200
2017-12-05,IEF,86.00127410888672,1586000
2017-12-06,IEF,86.17985534667969,1459000
2017-12-07,IEF,86.02562713623047,1953400
2017-12-08,IEF,85.96072387695312,2519500
2017-12-11,IEF,85.9039077758789,702200
2017-12-12,IEF,85.8308334350586,2557500
2017-12-13,IEF,86.17985534667969,1477800
2017-12-14,IEF,86.14735412597656,982100
2017-12-15,IEF,86.13114929199219,1845200
2017-12-18,IEF,85.93634033203125,1610300
2017-12-19,IEF,85.54679107666016,4535100
2017-12-20,IEF,85.29513549804688,3027000
2017-12-21,IEF,85.35533905029297,2098800
2017-12-22,IEF,85.3878402709961,696900
2017-12-26,IEF,85.4203872680664,2584800
2017-12-27,IEF,85.78614807128906,2291500
2017-12-28,IEF,85.68050384521484,1540500
2017-12-29,IEF,85.81866455078125,1849600
2018-01-02,IEF,85.5341567993164,3902000
2018-01-03,IEF,85.62358856201172,2135900
2018-01-04,IEF,85.5829849243164,2430000
2018-01-05,IEF,85.47725677490234,2163600
2018-01-08,IEF,85.43659210205078,2450600
2018-01-09,IEF,85.0301284790039,5924200
2018-01-10,IEF,85.00576782226562,2142500
2018-01-11,IEF,85.06269836425781,1798700
2018-01-12,IEF,85.00576782226562,1430700
2018-01-16,IEF,85.0464096069336,5927500
2018-01-17,IEF,84.85945129394531,2186100
2018-01-18,IEF,84.5912094116211,3326100
2018-01-19,IEF,84.37169647216797,2921600
2018-01-22,IEF,84.33922576904297,8047400
2018-01-23,IEF,84.58304595947266,1780100
2018-01-24,IEF,84.42047882080078,1952200
2018-01-25,IEF,84.60742950439453,3342000
2018-01-26,IEF,84.3554458618164,3324500
2018-01-29,IEF,84.14405059814453,2328200
2018-01-30,IEF,83.948974609375,2346900
2018-01-31,IEF,83.9733657836914,2966400
2018-02-01,IEF,83.54020690917969,8958300
2018-02-02,IEF,83.23078918457031,5753500
2018-02-05,IEF,83.91473388671875,6902000
2018-02-06,IEF,83.5483627319336,5382900
2018-02-07,IEF,83.30406188964844,4773700
2018-02-08,IEF,83.37738037109375,5685300
2018-02-09,IEF,83.23078918457031,4376900
2018-02-12,IEF,83.20636749267578,2836300
2018-02-13,IEF,83.3448257446289,2698100
2018-02-14,IEF,82.8399429321289,4141900
2018-02-15,IEF,82.86441040039062,3057300
2018-02-16,IEF,83.05980682373047,2277800
2018-02-20,IEF,82.97027587890625,2138300
2018-02-21,IEF,82.72595977783203,2253900
2018-02-22,IEF,82.8399429321289,4411800
2018-02-23,IEF,83.15750122070312,4484700
2018-02-26,IEF,83.25519561767578,2725600
2018-02-27,IEF,82.99464416503906,3308900
2018-02-28,IEF,83.19004821777344,2521400
2018-03-01,IEF,83.54811096191406,5352600
2018-03-02,IEF,83.23821258544922,2140800
2018-03-05,IEF,83.13218688964844,2059300
2018-03-06,IEF,83.1240005493164,2331300
2018-03-07,IEF,83.1240005493164,1258100
2018-03-08,IEF,83.2952880859375,1636700
2018-03-09,IEF,83.11588287353516,1604500
2018-03-12,IEF,83.31160736083984,1885700
2018-03-13,IEF,83.4501953125,1742100
2018-03-14,IEF,83.61332702636719,2598900
2018-03-15,IEF,83.58073425292969,2758000
2018-03-16,IEF,83.48285675048828,3595300
2018-03-19,IEF,83.40127563476562,2825000
2018-03-20,IEF,83.23821258544922,2600600
2018-03-21,IEF,83.2952880859375,3365600
2018-03-22,IEF,83.63780975341797,5026500
2018-03-23,IEF,83.75196838378906,2519000
2018-03-26,IEF,83.52363586425781,4184900
2018-03-27,IEF,83.99662780761719,3495900
2018-03-28,IEF,83.98031616210938,2762500
2018-03-29,IEF,84.15160369873047,2572100
2018-04-02,IEF,84.23735809326172,2748800
2018-04-03,IEF,83.9677963256836,4229600
2018-04-04,IEF,83.91874694824219,2216900
2018-04-05,IEF,83.70634460449219,1789300
2018-04-06,IEF,84.07395935058594,2651200
2018-04-09,IEF,84.09033203125,2071100
2018-04-10,IEF,83.9432601928711,1622400
2018-04-11,IEF,84.02493286132812,2520600
2018-04-12,IEF,83.72270965576172,2188600
2018-04-13,IEF,83.79618835449219,2937700
2018-04-16,IEF,83.75535583496094,1637400
2018-04-17,IEF,83.80436706542969,1301800
2018-04-18,IEF,83.47763061523438,2127600
2018-04-19,IEF,83.24888610839844,3181500
2018-04-20,IEF,82.97119140625,2309400
2018-04-23,IEF,82.88944244384766,5022800
2018-04-24,IEF,82.79146575927734,3178800
2018-04-25,IEF,82.61170959472656,3295800
2018-04-26,IEF,82.8486328125,1989500
2018-04-27,IEF,82.98745727539062,2409300
2018-04-30,IEF,83.07738494873047,3504400
2018-05-01,IEF,82.94721221923828,1894000
2018-05-02,IEF,82.96359252929688,3852600
2018-05-03,IEF,83.17637634277344,6026900
2018-05-04,IEF,83.18457794189453,2370500
2018-05-07,IEF,83.14363861083984,1854900
2018-05-08,IEF,83.0045166015625,1654600
2018-05-09,IEF,82.8162612915039,2838400
2018-05-10,IEF,82.98814392089844,4183700
2018-05-11,IEF,82.99634552001953,2816300
2018-05-14,IEF,82.8162612915039,4762000
2018-05-15,IEF,82.35795593261719,6812500
2018-05-16,IEF,82.18606567382812,4784200
2018-05-17,IEF,82.1369857788086,1702300
2018-05-18,IEF,82.45619201660156,2642300
2018-05-21,IEF,82.5134506225586,2845100
2018-05-22,IEF,82.48074340820312,1977000
2018-05-23,IEF,82.8572006225586,5102500
2018-05-24,IEF,83.06998443603516,2994100
2018-05-25,IEF,83.39734649658203,2838400
2018-05-29,IEF,84.29761505126953,11256200
2018-05-30,IEF,83.93750762939453,4512200
2018-05-31,IEF,83.8965835571289,5321700
2018-06-01,IEF,83.58665466308594,7891000
2018-06-04,IEF,83.29142761230469,3131800
2018-06-05,IEF,83.50462341308594,4305500
2018-06-06,IEF,83.16841125488281,3910500
2018-06-07,IEF,83.5210189819336,4400400
2018-06-08,IEF,83.40620422363281,7342800
2018-06-11,IEF,83.32422637939453,1875800
2018-06-12,IEF,83.27498626708984,1664800
2018-06-13,IEF,83.1766128540039,3294700
2018-06-14,IEF,83.43901824951172,3626400
2018-06-15,IEF,83.50462341308594,5826500
2018-06-18,IEF,83.5456314086914,4600500
2018-06-19,IEF,83.76702880859375,4172800
2018-06-20,IEF,83.49642181396484,3059000
2018-06-21,IEF,83.71780395507812,2680500
2018-06-22,IEF,83.73423767089844,2309500
2018-06-25,IEF,83.84906005859375,8110800
2018-06-26,IEF,83.89008331298828,3873200
2018-06-27,IEF,84.2098388671875,3044200
2018-06-28,IEF,84.12783813476562,3705600
2018-06-29,IEF,84.06224060058594,2721200
2018-07-02,IEF,84.00475311279297,3911500
2018-07-03,IEF,84.21833801269531,1463800
2018-07-05,IEF,84.2265396118164,1682300
2018-07-06,IEF,84.30045318603516,3206500
2018-07-09,IEF,84.08686065673828,2258800
2018-07-10,IEF,84.02116394042969,4461100
2018-07-11,IEF,84.19369506835938,2198700
2018-07-12,IEF,84.16081237792969,1385900
2018-07-13,IEF,84.30045318603516,2891800
2018-07-16,IEF,84.16081237792969,1782600
2018-07-17,IEF,84.11155700683594,1034700
2018-07-18,IEF,84.04585266113281,1355300
2018-07-19,IEF,84.27584838867188,4201700
2018-07-20,IEF,83.9801254272461,3362700
2018-07-23,IEF,83.56932067871094,5285700
2018-07-24,IEF,83.62682342529297,3293800
2018-07-25,IEF,83.56932067871094,2403800
2018-07-26,IEF,83.47895050048828,2598200
2018-07-27,IEF,83.6103744506836,1435100
2018-07-30,IEF,83.50354766845703,3832700
2018-07-31,IEF,83.61861419677734,3053600
2018-08-01,IEF,83.42102813720703,5366800
2018-08-02,IEF,83.51986694335938,3370800
2018-08-03,IEF,83.73385620117188,2174800
2018-08-06,IEF,83.77498626708984,3867200
2018-08-07,IEF,83.60215759277344,2181400
2018-08-08,IEF,83.67623138427734,2777900
2018-08-09,IEF,83.90668487548828,4318000
2018-08-10,IEF,84.26892852783203,4327800
2018-08-13,IEF,84.2442398071289,1764700
2018-08-14,IEF,84.16193389892578,2487600
2018-08-15,IEF,84.36769104003906,4810700
2018-08-16,IEF,84.34300231933594,2594400
2018-08-17,IEF,84.37589263916016,3043400
2018-08-20,IEF,84.63935089111328,2901100
2018-08-21,IEF,84.52409362792969,2516700
2018-08-22,IEF,84.6805191040039,2396500
2018-08-23,IEF,84.6722412109375,871000
2018-08-24,IEF,84.69699096679688,1296600
2018-08-27,IEF,84.50762176513672,1851900
2018-08-28,IEF,84.31828308105469,1506300
2018-08-29,IEF,84.29360961914062,1420400
2018-08-30,IEF,84.45001983642578,2780900
2018-08-31,IEF,84.46644592285156,2132200
2018-09-04,IEF,84.27342987060547,3419500
2018-09-05,IEF,84.26520538330078,1332300
2018-09-06,IEF,84.43846893310547,1656700
2018-09-07,IEF,84.05900573730469,4405000
2018-09-10,IEF,84.10851287841797,3110800
2018-09-11,IEF,83.80327606201172,3360500
2018-09-12,IEF,83.90228271484375,1398800
2018-09-13,IEF,83.89402770996094,1281600
2018-09-14,IEF,83.7373046875,3749900
2018-09-17,IEF,83.7538070678711,3808400
2018-09-18,IEF,83.4073715209961,4972900
2018-09-19,IEF,83.26715850830078,5515900
2018-09-20,IEF,83.27542114257812,2973500
2018-09-21,IEF,83.30844116210938,1024100
2018-09-24,IEF,83.21768188476562,2389800
2018-09-25,IEF,83.13518524169922,2878300
2018-09-26,IEF,83.4073715209961,2502900
2018-09-27,IEF,83.4073715209961,6342800
2018-09-28,IEF,83.44862365722656,3931000
2018-10-01,IEF,83.23702239990234,6408000
2018-10-02,IEF,83.45193481445312,2915000
2018-10-03,IEF,82.83208465576172,6612700
2018-10-04,IEF,82.61715698242188,6427500
2018-10-05,IEF,82.41879272460938,5676600
2018-10-08,IEF,82.4518814086914,1947800
2018-10-09,IEF,82.6089096069336,3066300
2018-10-10,IEF,82.65026092529297,3001900
2018-10-11,IEF,82.98909759521484,5821500
2018-10-12,IEF,82.88988494873047,2647900
2018-10-15,IEF,82.93951416015625,1860000
2018-10-16,IEF,82.93122863769531,2703900
2018-10-17,IEF,82.69158172607422,3336200
2018-10-18,IEF,82.84032440185547,2587700
2018-10-19,IEF,82.7411880493164,5531900
2018-10-22,IEF,82.7576675415039,1690100
2018-10-23,IEF,82.97257232666016,4420100
2018-10-24,IEF,83.4188232421875,4881200
2018-10-25,IEF,83.22053527832031,3559900
2018-10-26,IEF,83.59244537353516,4220800
2018-10-29,IEF,83.58418273925781,3766900
2018-10-30,IEF,83.40233612060547,5746600
2018-10-31,IEF,83.19573211669922,3956700
2018-11-01,IEF,83.26692962646484,4834300
2018-11-02,IEF,82.8031234741211,5250900
2018-11-05,IEF,82.85282135009766,2446700
2018-11-06,IEF,82.76171112060547,2456700
2018-11-07,IEF,82.76171112060547,3297600
2018-11-08,IEF,82.64572143554688,2188900
2018-11-09,IEF,82.9687728881836,2772700
2018-11-12,IEF,83.21720886230469,3704900
2018-11-13,IEF,83.28353118896484,3265000
2018-11-14,IEF,83.45743560791016,4626400
2018-11-15,IEF,83.51542663574219,2621300
2018-11-16,IEF,83.77218627929688,7226700
2018-11-19,IEF,83.89645385742188,3447800
2018-11-20,IEF,83.87987518310547,3658600
2018-11-21,IEF,83.86331176757812,1897000
2018-11-23,IEF,83.91300964355469,531200
2018-11-26,IEF,83.84674835205078,2345600
2018-11-27,IEF,83.92959594726562,2334400
2018-11-28,IEF,83.92125701904297,3582500
2018-11-29,IEF,84.13662719726562,4313000
2018-11-30,IEF,84.30229949951172,3069700
2018-12-03,IEF,84.4865493774414,6008500
2018-12-04,IEF,84.87664794921875,7748800
2018-12-06,IEF,85.09248352050781,9429900
2018-12-07,IEF,85.34149932861328,7319100
2018-12-10,IEF,85.39124298095703,9045700
2018-12-11,IEF,85.17548370361328,5290100
2018-12-12,IEF,84.94304656982422,3727200
2018-12-13,IEF,84.99287414550781,4116000
2018-12-14,IEF,85.1256332397461,3530000
2018-12-17,IEF,85.37466430664062,7627000
2018-12-18,IEF,85.5851058959961,4461400
2018-12-19,IEF,85.88451385498047,7710900
2018-12-20,IEF,85.77640533447266,9245200
2018-12-21,IEF,85.85124969482422,4918800
2018-12-24,IEF,86.06749725341797,6373000
2018-12-26,IEF,85.65992736816406,5477700
2018-12-27,IEF,85.87619018554688,4602100
2018-12-28,IEF,86.3419418334961,4543100
2018-12-31,IEF,86.66635131835938,7227500
2019-01-02,IEF,86.84932708740234,18668600
2019-01-03,IEF,87.5396957397461,10616700
2019-01-04,IEF,86.83267974853516,6616700
2019-01-07,IEF,86.5915298461914,5459200
2019-01-08,IEF,86.37525177001953,6879500
2019-01-09,IEF,86.4251708984375,3248700
2019-01-10,IEF,86.38357543945312,14413000
2019-01-11,IEF,86.64141082763672,3825700
2019-01-14,IEF,86.5915298461914,3090100
2019-01-15,IEF,86.5083236694336,4148000
2019-01-16,IEF,86.45842742919922,4820800
2019-01-17,IEF,86.30042266845703,5328100
2019-01-18,IEF,86.02594757080078,6617500
2019-01-22,IEF,86.32530212402344,5814400
2019-01-23,IEF,86.28372192382812,3507300
2019-01-24,IEF,86.55819702148438,6030700
2019-01-25,IEF,86.35860443115234,2763300
2019-01-28,IEF,86.38357543945312,3116100
2019-01-29,IEF,86.63308715820312,2836700
2019-01-30,IEF,86.83267974853516,5788300
2019-01-31,IEF,87.2319107055664,10206500
2019-02-01,IEF,86.76519012451172,9191900
2019-02-04,IEF,86.57350158691406,7283500
2019-02-05,IEF,86.72350311279297,3331100
2019-02-06,IEF,86.79020690917969,3489800
2019-02-07,IEF,87.07357788085938,6937400
2019-02-08,IEF,87.19026184082031,2602700
2019-02-11,IEF,87.05689239501953,2637200
2019-02-12,IEF,86.940185546875,3305300
2019-02-13,IEF,86.72350311279297,3772100
2019-02-14,IEF,87.13191986083984,10568700
2019-02-15,IEF,87.04856872558594,6879000
2019-02-19,IEF,87.19860076904297,8557400
2019-02-20,IEF,87.181884765625,4751100
2019-02-21,IEF,86.92353057861328,4140200
2019-02-22,IEF,87.181884765625,3351000
2019-02-25,IEF,87.04856872558594,2849600
2019-02-26,IEF,87.30694580078125,2647700
2019-02-27,IEF,86.99853515625,2530600
2019-02-28,IEF,86.77351379394531,4949900
2019-03-01,IEF,86.48868560791016,9003000
2019-03-04,IEF,86.7559814453125,3506600
2019-03-05,IEF,86.80607604980469,2112200
2019-03-06,IEF,87.04826354980469,2401600
2019-03-07,IEF,87.34053039550781,4822900
2019-03-08,IEF,87.46578979492188,5212000
2019-03-11,IEF,87.39899444580078,4654100
2019-03-12,IEF,87.64115142822266,4942800
2019-03-13,IEF,87.6077651977539,1715000
2019-03-14,IEF,87.48249816894531,2514700
2019-03-15,IEF,87.7580795288086,7846600
2019-03-18,IEF,87.64115142822266,4166200
2019-03-19,IEF,87.58271789550781,2138000
2019-03-20,IEF,88.19231414794922,8061700
2019-03-21,IEF,88.1505355834961,4633500
2019-03-22,IEF,88.8019027709961,4721900
2019-03-25,IEF,89.0273666381836,7828800
2019-03-26,IEF,88.95218658447266,7483700
2019-03-27,IEF,89.21112060546875,3555900
2019-03-28,IEF,89.21941375732422,3769600
2019-03-29,IEF,89.07748413085938,2748900
2019-04-01,IEF,88.4649658203125,9430400
2019-04-02,IEF,88.61556243896484,7318600
2019-04-03,IEF,88.33940887451172,5207300
2019-04-04,IEF,88.43148803710938,2293700
2019-04-05,IEF,88.47333526611328,1749900
2019-04-08,IEF,88.3310546875,3591500
2019-04-09,IEF,88.4900894165039,3210600
2019-04-10,IEF,88.69923400878906,2059800
2019-04-11,IEF,88.49842071533203,1547500
2019-04-12,IEF,88.08842468261719,6032100
2019-04-15,IEF,88.20556640625,2410700
2019-04-16,IEF,87.90431213378906,5003600
2019-04-17,IEF,87.92106628417969,2348800
2019-04-18,IEF,88.13026428222656,4893200
2019-04-22,IEF,88.00472259521484,3630000
2019-04-23,IEF,88.16371154785156,2462100
2019-04-24,IEF,88.49842071533203,3266700
2019-04-25,IEF,88.3896255493164,1457600
2019-04-26,IEF,88.62397766113281,2156100
2019-04-29,IEF,88.43986511230469,2715000
2019-04-30,IEF,88.61556243896484,3621900
2019-05-01,IEF,88.5753402709961,6870700
2019-05-02,IEF,88.3238296508789,3126200
2019-05-03,IEF,88.44120788574219,2625200
2019-05-06,IEF,88.66754150390625,3370100
2019-05-07,IEF,88.96936798095703,3965800
2019-05-08,IEF,88.80175018310547,4226600
2019-05-09,IEF,89.0364990234375,4224100
2019-05-10,IEF,88.97779083251953,2855400
2019-05-13,IEF,89.42215728759766,5653400
2019-05-14,IEF,89.33832550048828,2573200
2019-05-15,IEF,89.6234130859375,5512300
2019-05-16,IEF,89.44733428955078,3898400
2019-05-17,IEF,89.48927307128906,2128400
2019-05-20,IEF,89.33832550048828,2439600
2019-05-21,IEF,89.23770904541016,2675300
2019-05-22,IEF,89.50603485107422,3561900
2019-05-23,IEF,90.05104064941406,6184500
2019-05-24,IEF,90.02587890625,2422800
2019-05-28,IEF,90.41993713378906,7039000
2019-05-29,IEF,90.38641357421875,5251800
2019-05-30,IEF,90.7134017944336,3461100
2019-05-31,IEF,91.31709289550781,6020600
2019-06-03,IEF,91.75648498535156,23830900
2019-06-04,IEF,91.42045593261719,5503200
2019-06-05,IEF,91.42045593261719,7712300
2019-06-06,IEF,91.40365600585938,2392400
2019-06-07,IEF,91.76487731933594,2805900
2019-06-10,IEF,91.31124877929688,6071200
2019-06-11,IEF,91.31124877929688,2735800
2019-06-12,IEF,91.54642486572266,2062800
2019-06-13,IEF,91.77326965332031,1684700
2019-06-14,IEF,91.84053039550781,3880700
2019-06-17,IEF,91.82367706298828,3038800
2019-06-18,IEF,92.00006866455078,4564900
2019-06-19,IEF,92.25215911865234,4541500
2019-06-20,IEF,92.40335845947266,4575000
2019-06-21,IEF,92.02535247802734,4305200
2019-06-24,IEF,92.34456634521484,3046300
2019-06-25,IEF,92.48734283447266,5251000
2019-06-26,IEF,92.10930633544922,6675000
2019-06-27,IEF,92.3865966796875,2538400
2019-06-28,IEF,92.42855834960938,4341500
2019-07-01,IEF,92.31246185302734,8183600
2019-07-02,IEF,92.64065551757812,3117100
2019-07-03,IEF,92.8173599243164,2607000
2019-07-05,IEF,92.22827911376953,3664100
2019-07-08,IEF,92.13570404052734,3254100
2019-07-09,IEF,92.0767593383789,2061800
2019-07-10,IEF,92.12723541259766,4343700
2019-07-11,IEF,91.67282104492188,4769800
2019-07-12,IEF,91.77379608154297,4141900
2019-07-15,IEF,91.96736907958984,1753200
2019-07-16,IEF,91.7654037475586,2766100
2019-07-17,IEF,92.19459533691406,2624400
2019-07-18,IEF,92.42183685302734,2386700
2019-07-19,IEF,92.25353240966797,1728100
2019-07-22,IEF,92.2956314086914,1629800
2019-07-23,IEF,92.14412689208984,2329800
2019-07-24,IEF,92.27875518798828,2268500
2019-07-25,IEF,92.11885070800781,3172000
2019-07-26,IEF,92.10206604003906,3004100
2019-07-29,IEF,92.18620300292969,2505600
2019-07-30,IEF,92.22827911376953,2514800
2019-07-31,IEF,92.46395874023438,6669300
2019-08-01,IEF,93.51268005371094,16938700
2019-08-02,IEF,93.70660400390625,8503000
2019-08-05,IEF,94.51593780517578,7626200
2019-08-06,IEF,94.66767120361328,6462400
2019-08-07,IEF,94.66767120361328,9665300
2019-08-08,IEF,94.67613983154297,5178800
2019-08-09,IEF,94.53279876708984,2869000
2019-08-12,IEF,95.13137817382812,4739900
2019-08-13,IEF,94.79415130615234,5888000
2019-08-14,IEF,95.42643737792969,8124300
2019-08-15,IEF,96.03350067138672,5240200
2019-08-16,IEF,95.78057861328125,4957800
2019-08-19,IEF,95.32530975341797,3691400
2019-08-20,IEF,95.74681091308594,3161800
2019-08-21,IEF,95.49388885498047,4921700
2019-08-22,IEF,95.28311157226562,5860400
2019-08-23,IEF,95.92388153076172,8192600
2019-08-26,IEF,95.83109283447266,7581600
2019-08-27,IEF,96.2442626953125,3266900
2019-08-28,IEF,96.2779769897461,2505400
2019-08-29,IEF,96.09249114990234,4232400
2019-08-30,IEF,96.11775970458984,3651100
2019-09-03,IEF,96.32888793945312,11754000
2019-09-04,IEF,96.48088836669922,3447000
2019-09-05,IEF,95.70396423339844,4597800
2019-09-06,IEF,95.76309967041016,3111000
2019-09-09,IEF,95.17193603515625,4818700
2019-09-10,IEF,94.47946166992188,4797200
2019-09-11,IEF,94.3865737915039,4737000
2019-09-12,IEF,94.17547607421875,8612500
2019-09-13,IEF,93.31414031982422,24187700
2019-09-16,IEF,93.7194595336914,5388300
2019-09-17,IEF,93.96437072753906,8211700
2019-09-18,IEF,93.99812316894531,5170400
2019-09-19,IEF,94.04033660888672,7131900
2019-09-20,IEF,94.5808334350586,9915000
2019-09-23,IEF,94.7159423828125,13163900
2019-09-24,IEF,95.1888198852539,10459100
2019-09-25,IEF,94.56394958496094,8430900
2019-09-26,IEF,94.76661682128906,4233000
2019-09-27,IEF,94.90172576904297,4545500
2019-09-30,IEF,94.9776840209961,2797900
2019-10-01,IEF,95.24076080322266,8555100
2019-10-02,IEF,95.57054901123047,3908600
2019-10-03,IEF,96.06957244873047,6128300
2019-10-04,IEF,96.25567626953125,4707600
2019-10-07,IEF,95.93428039550781,3193100
2019-10-08,IEF,96.13723754882812,4304900
2019-10-09,IEF,95.89198303222656,3336800
2019-10-10,IEF,95.29149627685547,3924400
2019-10-11,IEF,94.64024353027344,8685300
2019-10-14,IEF,94.9024887084961,1932200
2019-10-15,IEF,94.44576263427734,6638500
2019-10-16,IEF,94.63179016113281,2755500
2019-10-17,IEF,94.59797668457031,3188700
2019-10-18,IEF,94.68255615234375,2406400
2019-10-21,IEF,94.3357925415039,1735300
2019-10-22,IEF,94.55570983886719,3334400
2019-10-23,IEF,94.58950805664062,3305600
2019-10-24,IEF,94.5726089477539,2645400
2019-10-25,IEF,94.36963653564453,2381000
2019-10-28,IEF,94.01441192626953,5837600
2019-10-29,IEF,94.09900665283203,2199500
2019-10-30,IEF,94.55570983886719,5276700
2019-10-31,IEF,95.15617370605469,5540700
2019-11-01,IEF,94.97660064697266,8149400
2019-11-04,IEF,94.49382781982422,4145200
2019-11-05,IEF,93.9855728149414,6853500
2019-11-06,IEF,94.25664520263672,4129800
2019-11-07,IEF,93.50279235839844,5890100
2019-11-08,IEF,93.37574005126953,3037300
2019-11-11,IEF,93.47737121582031,1563000
2019-11-12,IEF,93.51969146728516,4446200
2019-11-13,IEF,93.77383422851562,2475200
2019-11-14,IEF,94.2481918334961,3189600
2019-11-15,IEF,94.17194366455078,2104500
2019-11-18,IEF,94.33287048339844,1893600
2019-11-19,IEF,94.5107650756836,8306500
2019-11-20,IEF,94.8580093383789,3838000
2019-11-21,IEF,94.620849609375,3034700
2019-11-22,IEF,94.60391235351562,1879700
2019-11-25,IEF,94.64627838134766,3573100
2019-11-26,IEF,94.82415008544922,3579300
2019-11-27,IEF,94.5784912109375,2351800
2019-11-29,IEF,94.5022964477539,2882300
2019-12-02,IEF,94.16297149658203,6826400
2019-12-03,IEF,95.00274658203125,6561900
2019-12-04,IEF,94.63802337646484,2072200
2019-12-05,IEF,94.41742706298828,3062000
2019-12-06,IEF,94.12907409667969,2717400
2019-12-09,IEF,94.20540618896484,1928500
2019-12-10,IEF,94.09513854980469,1707000
2019-12-11,IEF,94.4853286743164,2462600
2019-12-12,IEF,93.73889923095703,5490400
2019-12-13,IEF,94.29022979736328,4162000
2019-12-16,IEF,93.84915161132812,3028500
2019-12-17,IEF,93.85761260986328,3471400
2019-12-18,IEF,93.60316467285156,2249500
2019-12-19,IEF,93.67620086669922,1962500
2019-12-20,IEF,93.67620086669922,4660500
2019-12-23,IEF,93.59126281738281,1809400
2019-12-24,IEF,93.75263214111328,857600
2019-12-26,IEF,93.8885726928711,1285100
2019-12-27,IEF,94.02449035644531,1771100
2019-12-30,IEF,93.96500396728516,2035400
2019-12-31,IEF,93.625244140625,2801600
2020-01-02,IEF,94.0584487915039,4022300
2020-01-03,IEF,94.6870346069336,3839600
2020-01-06,IEF,94.5851058959961,2714300
2020-01-07,IEF,94.44922637939453,2038800
2020-01-08,IEF,94.22836303710938,5081100
2020-01-09,IEF,94.29629516601562,3680600
2020-01-10,IEF,94.50019073486328,2600000
2020-01-13,IEF,94.38973999023438,2672600
2020-01-14,IEF,94.57662200927734,2376300
2020-01-15,IEF,94.81446075439453,2734800
2020-01-16,IEF,94.61907196044922,2200500
2020-01-17,IEF,94.5426254272461,2627000
2020-01-21,IEF,94.9164047241211,2355600
2020-01-22,IEF,94.933349609375,1787600
2020-01-23,IEF,95.17121887207031,1891300
2020-01-24,IEF,95.51097869873047,7932600
2020-01-27,IEF,96.15656280517578,3824600
2020-01-28,IEF,95.83380126953125,1923600
2020-01-29,IEF,96.29248809814453,2429500
2020-01-30,IEF,96.38593292236328,4405500
2020-01-31,IEF,96.87008666992188,9764500
2020-02-03,IEF,96.78758239746094,5722100
2020-02-04,IEF,96.22618103027344,2569600
2020-02-05,IEF,95.80944061279297,9027500
2020-02-06,IEF,95.8774642944336,1697100
2020-02-07,IEF,96.33679962158203,6177900
2020-02-10,IEF,96.52391052246094,1909100
2020-02-11,IEF,96.29425811767578,1657100
2020-02-12,IEF,96.04759979248047,1473800
2020-02-13,IEF,96.13262176513672,1868000
2020-02-14,IEF,96.37078857421875,2043600
2020-02-18,IEF,96.52391052246094,8356600
2020-02-19,IEF,96.50690460205078,1681800
2020-02-20,IEF,96.78758239746094,3452900
2020-02-21,IEF,97.1788558959961,5381000
2020-02-24,IEF,97.93585205078125,6803600
2020-02-25,IEF,98.20803833007812,10014300
2020-02-26,IEF,98.15701293945312,19649400
2020-02-27,IEF,98.63335418701172,8629700
2020-02-28,IEF,99.73910522460938,13437000
2020-03-02,IEF,99.67095947265625,19402100
2020-03-03,IEF,100.82915496826172,11462300
2020-03-04,IEF,100.60773468017578,7627100
2020-03-05,IEF,101.50187683105469,5284200
2020-03-06,IEF,102.53236389160156,11614800
2020-03-09,IEF,103.45207977294922,24791700
2020-03-10,IEF,101.55301666259766,15072900
2020-03-11,IEF,100.53959655761719,13316100
2020-03-12,IEF,100.59072875976562,10671600
2020-03-13,IEF,99.93494415283203,8697200
2020-03-16,IEF,102.5749282836914,6971700
2020-03-17,IEF,100.00312042236328,5680300
2020-03-18,IEF,98.61499786376953,13256300
2020-03-19,IEF,98.9385986328125,6702900
2020-03-20,IEF,101.45934295654297,9641600
2020-03-23,IEF,102.66011047363281,12234700
2020-03-24,IEF,101.96177673339844,5235500
2020-03-25,IEF,102.0213851928711,5527600
2020-03-26,IEF,102.2683334350586,3384400
2020-03-27,IEF,103.0262680053711,5282300
2020-03-30,IEF,103.26469421386719,4649400
2020-03-31,IEF,103.45207977294922,6356500
2020-04-01,IEF,103.87326049804688,9256400
2020-04-02,IEF,103.89031219482422,4789400
2020-04-03,IEF,103.96705627441406,3441100
2020-04-06,IEF,103.49810791015625,4697500
2020-04-07,IEF,103.03772735595703,9340600
2020-04-08,IEF,102.90979766845703,3341000
2020-04-09,IEF,103.13151550292969,4543600
2020-04-13,IEF,102.90979766845703,2103100
2020-04-14,IEF,103.04621887207031,2180100
2020-04-15,IEF,103.96705627441406,3137400
2020-04-16,IEF,104.0779037475586,1901600
2020-04-17,IEF,103.80506134033203,2375000
2020-04-20,IEF,104.0779037475586,4230700
2020-04-21,IEF,104.3677749633789,3287700
2020-04-22,IEF,104.04377746582031,3168700
2020-04-23,IEF,104.11198425292969,2345900
2020-04-24,IEF,104.1375732421875,2373500
2020-04-27,IEF,103.58336639404297,2508100
2020-04-28,IEF,104.0352783203125,2847600
2020-04-29,IEF,103.98408508300781,2600100
2020-04-30,IEF,103.73685455322266,5371500
2020-05-01,IEF,103.88019561767578,8357700
2020-05-04,IEF,103.8973159790039,3580500
2020-05-05,IEF,103.82046508789062,3487600
2020-05-06,IEF,103.43640899658203,3279500
2020-05-07,IEF,104.06800079345703,3252800
2020-05-08,IEF,103.7265853881836,3486800
2020-05-11,IEF,103.43640899658203,4569400
2020-05-12,IEF,103.77781677246094,4267700
2020-05-13,IEF,103.9911880493164,2615800
2020-05-14,IEF,104.1533432006836,2257600
2020-05-15,IEF,104.0850601196289,1828900
2020-05-18,IEF,103.44493103027344,3091200
2020-05-19,IEF,103.7351303100586,1941700
2020-05-20,IEF,103.7607192993164,2366700
2020-05-21,IEF,103.8290023803711,2063800
2020-05-22,IEF,104.02533721923828,1352400
2020-05-26,IEF,103.752197265625,3484800
2020-05-27,IEF,103.8375244140625,2542900
2020-05-28,IEF,103.74365997314453,3873900
2020-05-29,IEF,104.07654571533203,2993800
2020-06-01,IEF,104.0355453491211,8531700
2020-06-02,IEF,103.86463928222656,4711800
2020-06-03,IEF,103.24954223632812,4226600
2020-06-04,IEF,102.83943939208984,4744100
2020-06-05,IEF,102.32679748535156,10611700
2020-06-08,IEF,102.43788146972656,3314700
2020-06-09,IEF,102.80522918701172,3238600
2020-06-10,IEF,103.57415771484375,4944600
2020-06-11,IEF,103.94149780273438,6365800
2020-06-12,IEF,103.71085357666016,3051000
2020-06-15,IEF,103.62544250488281,2658000
2020-06-16,IEF,103.4118423461914,5252000
2020-06-17,IEF,103.57415771484375,2308300
2020-06-18,IEF,103.80484771728516,1694600
2020-06-19,IEF,103.83902740478516,2033200
2020-06-22,IEF,103.74502563476562,2284900
2020-06-23,IEF,103.71085357666016,2010600
2020-06-24,IEF,103.9073715209961,2310700
2020-06-25,IEF,103.9244613647461,1650900
2020-06-26,IEF,104.20638275146484,3413900
2020-06-29,IEF,104.30889129638672,28632400
2020-06-30,IEF,104.12097930908203,4126700
2020-07-01,IEF,103.9584732055664,8416500
2020-07-02,IEF,104.08674621582031,3054100
2020-07-06,IEF,103.93285369873047,2821900
2020-07-07,IEF,104.26634979248047,2920400
2020-07-08,IEF,104.10384368896484,2096700
2020-07-09,IEF,104.43733215332031,2769400
2020-07-10,IEF,104.23210906982422,1939000
2020-07-13,IEF,104.34329223632812,2051100
2020-07-14,IEF,104.33473205566406,1721500
2020-07-15,IEF,104.30054473876953,2085400
2020-07-16,IEF,104.3774642944336,1907100
2020-07-17,IEF,104.35184478759766,2405200
2020-07-20,IEF,104.42023468017578,2695900
2020-07-21,IEF,104.53142547607422,3228400
2020-07-22,IEF,104.56559753417969,2431500
2020-07-23,IEF,104.66825103759766,2006500
2020-07-24,IEF,104.61695861816406,3395600
2020-07-27,IEF,104.45446014404297,1976500
2020-07-28,IEF,104.70246124267578,1870300
2020-07-29,IEF,104.83930206298828,1874200
2020-07-30,IEF,104.98465728759766,28331800
2020-07-31,IEF,105.0102767944336,4039200
2020-08-03,IEF,104.95891571044922,6595900
2020-08-04,IEF,105.31841278076172,3842000
2020-08-05,IEF,104.96749877929688,2423700
2020-08-06,IEF,105.08732604980469,2286500
2020-08-07,IEF,104.86477661132812,2363400
2020-08-10,IEF,104.75352478027344,1994900
2020-08-11,IEF,104.39411163330078,7166500
2020-08-12,IEF,104.08601379394531,5538100
2020-08-13,IEF,103.87203979492188,5748400
2020-08-14,IEF,103.92338562011719,2722800
2020-08-17,IEF,104.09455871582031,3357700
2020-08-18,IEF,104.27426147460938,1853600
2020-08-19,IEF,104.13733673095703,4493800
2020-08-20,IEF,104.43690490722656,2880300
2020-08-21,IEF,104.51390838623047,2103700
2020-08-24,IEF,104.368408203125,1974900
2020-08-25,IEF,104.12023162841797,3562800
2020-08-26,IEF,104.07748413085938,3337400
2020-08-27,IEF,103.70945739746094,4672900
2020-08-28,IEF,103.88059997558594,2277200
2020-08-31,IEF,103.99187469482422,3273300
2020-09-01,IEF,104.33272552490234,4622900
2020-09-02,IEF,104.47832489013672,3013400
2020-09-03,IEF,104.61536407470703,5750500
2020-09-04,IEF,104.03296661376953,7512800
2020-09-08,IEF,104.25562286376953,3442700
2020-09-09,IEF,104.20425415039062,3964300
2020-09-10,IEF,104.33272552490234,3164200
2020-09-11,IEF,104.49542999267578,4905000
2020-09-14,IEF,104.40121459960938,1797100
2020-09-15,IEF,104.3498306274414,2897600
2020-09-16,IEF,104.28993225097656,4015700
2020-09-17,IEF,104.3241195678711,3426800
2020-09-18,IEF,104.22993469238281,5606900
2020-09-21,IEF,104.41838073730469,5838100
2020-09-22,IEF,104.41838073730469,3387900
2020-09-23,IEF,104.41838073730469,3172000
2020-09-24,IEF,104.46977996826172,2866900
2020-09-25,IEF,104.55542755126953,2187400
2020-09-28,IEF,104.53827667236328,4167200
2020-09-29,IEF,104.61536407470703,2577100
2020-09-30,IEF,104.33272552490234,4276400
2020-10-01,IEF,104.39183807373047,8733800
2020-10-02,IEF,104.28902435302734,7509700
2020-10-05,IEF,103.62913513183594,6132200
2020-10-06,IEF,103.86906433105469,8516400
2020-10-07,IEF,103.56916046142578,7116700
2020-10-08,IEF,103.75767517089844,3499000
2020-10-09,IEF,103.70626068115234,4358500
2020-10-12,IEF,103.81763458251953,3287900
2020-10-13,IEF,104.04906463623047,6583300
2020-10-14,IEF,104.08331298828125,5200600
2020-10-15,IEF,103.97193145751953,3839200
2020-10-16,IEF,103.91195678710938,2726200
2020-10-19,IEF,103.74052429199219,3635800
2020-10-20,IEF,103.51773071289062,6129700
2020-10-21,IEF,103.38063049316406,6425300
2020-10-22,IEF,103.0206527709961,6749000
2020-10-23,IEF,103.16636657714844,5049900
2020-10-26,IEF,103.44056701660156,4817800
2020-10-27,IEF,103.67196655273438,3620100
2020-10-28,IEF,103.66337585449219,5586600
2020-10-29,IEF,103.22631072998047,7504800
2020-10-30,IEF,102.89209747314453,7246800
2020-11-02,IEF,103.06875610351562,7674300
2020-11-03,IEF,102.83721160888672,9203500
2020-11-04,IEF,103.70333862304688,14922300
2020-11-05,IEF,103.68617248535156,6250700
2020-11-06,IEF,103.3345947265625,10402200
2020-11-09,IEF,102.57137298583984,11195800
2020-11-10,IEF,102.27981567382812,4810500
2020-11-11,IEF,102.44271087646484,1699900
2020-11-12,IEF,103.02588653564453,6324000
2020-11-13,IEF,102.8886489868164,6766000
2020-11-16,IEF,102.81148529052734,3911400
2020-11-17,IEF,103.07730102539062,4707900
2020-11-18,IEF,103.04301452636719,7931200
2020-11-19,IEF,103.1545181274414,9323000
2020-11-20,IEF,103.3345947265625,16772200
2020-11-23,IEF,103.1287612915039,2511900
2020-11-24,IEF,102.96585083007812,4349300
2020-11-25,IEF,103.00012969970703,2125500
2020-11-27,IEF,103.30883026123047,2988100
2020-11-30,IEF,103.24027252197266,2390900
2020-12-01,IEF,102.69107818603516,13902200
2020-12-02,IEF,102.51943969726562,5578500
2020-12-03,IEF,102.7940673828125,4484900
2020-12-04,IEF,102.3907241821289,4709100
2020-12-07,IEF,102.70825958251953,4441600
2020-12-08,IEF,102.81119537353516,4735700
2020-12-09,IEF,102.66529846191406,3444100
2020-12-10,IEF,102.89701080322266,3557600
2020-12-11,IEF,103.10296630859375,4336600
2020-12-14,IEF,103.04288482666016,2870600
2020-12-15,IEF,102.93992614746094,2889200
2020-12-16,IEF,102.8541030883789,5058400
2020-12-17,IEF,102.77941131591797,3233200
2020-12-18,IEF,102.69354248046875,3189500
2020-12-21,IEF,102.76222229003906,2850500
2020-12-22,IEF,102.9339599609375,3688500
2020-12-23,IEF,102.71928405761719,3047100
2020-12-24,IEF,102.86531066894531,1529300
2020-12-28,IEF,102.8738784790039,3677500
2020-12-29,IEF,102.85670471191406,2157300
2020-12-30,IEF,102.92533874511719,2549100
2020-12-31,IEF,102.99406433105469,2626200
2021-01-04,IEF,103.01986694335938,5499000
2021-01-05,IEF,102.77941131591797,5004400
2021-01-06,IEF,102.17835998535156,10039300
2021-01-07,IEF,101.8177490234375,7751700
2021-01-08,IEF,101.52580261230469,8378700
2021-01-11,IEF,101.32832336425781,6061000
2021-01-12,IEF,101.31114196777344,6516600
2021-01-13,IEF,101.66316223144531,7562900
2021-01-14,IEF,101.43135070800781,8113000
2021-01-15,IEF,101.70610046386719,5978400
2021-01-19,IEF,101.76619720458984,4035700
2021-01-20,IEF,101.80916595458984,4277700
2021-01-21,IEF,101.66316223144531,4254500
2021-01-22,IEF,101.8177490234375,4706200
2021-01-25,IEF,102.22988891601562,5689200
2021-01-26,IEF,102.1955337524414,4257100
2021-01-27,IEF,102.31571960449219,5764700
2021-01-28,IEF,102.04954528808594,5394200
2021-01-29,IEF,101.8692398071289,7952100
2021-02-01,IEF,101.99639129638672,3640700
2021-02-02,IEF,101.73863983154297,3609800
2021-02-03,IEF,101.48946380615234,3844200
2021-02-04,IEF,101.4551010131836,2146000
2021-02-05,IEF,101.24029541015625,5498000
2021-02-08,IEF,101.28324890136719,2861300
2021-02-09,IEF,101.3606185913086,4458500
2021-02-10,IEF,101.61834716796875,6726800
2021-02-11,IEF,101.54103088378906,5949900
2021-02-12,IEF,101.2059097290039,8802400
2021-02-16,IEF,100.47562408447266,8909000
2021-02-17,IEF,100.54434967041016,4789700
2021-02-18,IEF,100.5357666015625,4469900
2021-02-19,IEF,100.13191986083984,5851800
2021-02-22,IEF,99.96869659423828,3828000
2021-02-23,IEF,100.04601287841797,7344900
2021-02-24,IEF,99.90853881835938,7133700
2021-02-25,IEF,98.5767593383789,35760600
2021-02-26,IEF,99.46174621582031,28188400
2021-03-01,IEF,99.34999084472656,9616500
2021-03-02,IEF,99.53052520751953,6271000
2021-03-03,IEF,98.99749755859375,8377300
2021-03-04,IEF,98.5074462890625,12327900
2021-03-05,IEF,98.369873046875,8634600
2021-03-08,IEF,97.9830322265625,7416400
2021-03-09,IEF,98.44725036621094,7035000
2021-03-10,IEF,98.65361785888672,5683100
2021-03-11,IEF,98.61922454833984,7576500
2021-03-12,IEF,97.9056396484375,7332600
2021-03-15,IEF,98.02600860595703,4465500
2021-03-16,IEF,98.00882720947266,5479400
2021-03-17,IEF,97.84546661376953,8975900
2021-03-18,IEF,97.23505401611328,8281400
2021-03-19,IEF,97.17486572265625,8748100
2021-03-22,IEF,97.49295806884766,4679800
2021-03-23,IEF,97.97442626953125,7544000
2021-03-24,IEF,98.10338592529297,14634800
2021-03-25,IEF,97.97442626953125,10573800
2021-03-26,IEF,97.64773559570312,6409700
2021-03-29,IEF,97.31243896484375,6298000
2021-03-30,IEF,97.2264404296875,5784900
2021-03-31,IEF,97.08889770507812,8620000
2021-04-01,IEF,97.51902770996094,8535300
2021-04-05,IEF,97.24372100830078,9944500
2021-04-06,IEF,97.71685791015625,8765200
2021-04-07,IEF,97.65666198730469,6316800
2021-04-08,IEF,97.9921875,6334700
2021-04-09,IEF,97.73411560058594,5887400
2021-04-12,IEF,97.67387390136719,5466000
2021-04-13,IEF,98.07819366455078,7663800
2021-04-14,IEF,97.957763671875,4876900
2021-04-15,IEF,98.58575439453125,9958500
2021-04-16,IEF,98.31903839111328,7334900
2021-04-19,IEF,98.21582794189453,5738600
2021-04-20,IEF,98.50833892822266,6468300
2021-04-21,IEF,98.55994415283203,7976500
2021-04-22,IEF,98.63739013671875,7681300
2021-04-23,IEF,98.50833892822266,5509900
2021-04-26,IEF,98.4051284790039,7145300
2021-04-27,IEF,98.01799011230469,7720500
2021-04-28,IEF,98.14700317382812,8692900
2021-04-29,IEF,97.9749526977539,5547800
2021-04-30,IEF,98.06102752685547,5160000
2021-05-03,IEF,98.22798919677734,8593300
2021-05-04,IEF,98.35709381103516,11171000
2021-05-05,IEF,98.47762298583984,6810000
2021-05-06,IEF,98.52066802978516,6546200
2021-05-07,IEF,98.55510711669922,10657600
2021-05-10,IEF,98.35709381103516,5906800
2021-05-11,IEF,98.19355773925781,6591300
2021-05-12,IEF,97.7200927734375,14509800
2021-05-13,IEF,98.04721069335938,8242700
2021-05-14,IEF,98.26241302490234,7943100
2021-05-17,IEF,98.16773986816406,6711100
2021-05-18,IEF,98.16773986816406,4319600
2021-05-19,IEF,97.87503814697266,13156500
2021-05-20,IEF,98.27963256835938,8412700
2021-05-21,IEF,98.31409454345703,6648700
2021-05-24,IEF,98.40876007080078,4826000
2021-05-25,IEF,98.7702865600586,5748200
2021-05-26,IEF,98.65839385986328,4501600
2021-05-27,IEF,98.48625183105469,5998100
2021-05-28,IEF,98.47762298583984,5575700
2021-06-01,IEF,98.45954132080078,9498100
2021-06-02,IEF,98.57150268554688,4269900
2021-06-03,IEF,98.32173156738281,3591200
2021-06-04,IEF,98.86441040039062,6326000
2021-06-07,IEF,98.78684997558594,3068500
2021-06-08,IEF,99.07115173339844,4760500
2021-06-09,IEF,99.38123321533203,5679300
2021-06-10,IEF,99.73445129394531,6494800
2021-06-11,IEF,99.58799743652344,3914200
2021-06-14,IEF,99.27788543701172,3730900
2021-06-15,IEF,99.29510498046875,4212700
2021-06-16,IEF,98.61458587646484,13529000
2021-06-17,IEF,98.96774291992188,8838100
2021-06-18,IEF,99.52769470214844,13435000
2021-06-21,IEF,99.20895385742188,6460000
2021-06-22,IEF,99.38985443115234,5459700
2021-06-23,IEF,99.19171905517578,5429800
2021-06-24,IEF,99.17449188232422,3631700
2021-06-25,IEF,98.96774291992188,6716800
2021-06-28,IEF,99.27788543701172,4968900
2021-06-29,IEF,99.3295669555664,3373200
2021-06-30,IEF,99.48460388183594,6572800
2021-07-01,IEF,99.4130630493164,11966200
2021-07-02,IEF,99.7751235961914,5071900
2021-07-06,IEF,100.30091857910156,9095300
2021-07-07,IEF,100.59400939941406,7456400
2021-07-08,IEF,100.85260772705078,7368000
2021-07-09,IEF,100.34402465820312,5531200
2021-07-12,IEF,100.29231262207031,3867700
2021-07-13,IEF,99.98197174072266,6926500
2021-07-14,IEF,100.4129638671875,6029200
2021-07-15,IEF,100.83536529541016,5704500
2021-07-16,IEF,100.8180923461914,3577900
2021-07-19,IEF,101.68011474609375,20557500
2021-07-20,IEF,101.55078887939453,8729000
2021-07-21,IEF,100.96465301513672,7438300
2021-07-22,IEF,101.19738006591797,6363500
2021-07-23,IEF,101.0422134399414,6804600
2021-07-26,IEF,100.97327423095703,6179600
2021-07-27,IEF,101.4042739868164,8621200
2021-07-28,IEF,101.49046325683594,11533500
2021-07-29,IEF,101.18016052246094,6203800
2021-07-30,IEF,101.46461486816406,5656400
2021-08-02,IEF,101.90968322753906,19495800
2021-08-03,IEF,101.93556213378906,6627300
2021-08-04,IEF,101.90968322753906,7545000
2021-08-05,IEF,101.53878021240234,5164600
2021-08-06,IEF,100.94361877441406,7807600
2021-08-09,IEF,100.72798156738281,10842500
2021-08-10,IEF,100.5382080078125,7192400
2021-08-11,IEF,100.6503677368164,7254300
2021-08-12,IEF,100.5468521118164,6932200
2021-08-13,IEF,101.12476348876953,6896500
2021-08-16,IEF,101.34904479980469,6928100
2021-08-17,IEF,101.2972640991211,7785500
2021-08-18,IEF,101.24551391601562,7025800
2021-08-19,IEF,101.46979522705078,6242600
2021-08-20,IEF,101.37490844726562,6510200
2021-08-23,IEF,101.40080261230469,3958500
2021-08-24,IEF,101.12476348876953,3649700
2021-08-25,IEF,100.72798156738281,5874700
2021-08-26,IEF,100.72798156738281,6850600
2021-08-27,IEF,101.05574035644531,6360700
2021-08-30,IEF,101.25414276123047,6546200
2021-08-31,IEF,101.06437683105469,7418400
2021-09-01,IEF,101.1075210571289,11908600
2021-09-02,IEF,101.22837829589844,2976200
2021-09-03,IEF,100.9866943359375,4988900
2021-09-07,IEF,100.58966827392578,7098600
2021-09-08,IEF,100.86589050292969,6046200
2021-09-09,IEF,101.15068817138672,7009500
2021-09-10,IEF,100.8313217163086,8147100
2021-09-13,IEF,100.9521713256836,4269300
2021-09-14,IEF,101.33193969726562,6991000
2021-09-15,IEF,101.1593017578125,5108900
2021-09-16,IEF,100.83998107910156,5682700
2021-09-17,IEF,100.5464859008789,7611700
2021-09-20,IEF,101.05575561523438,8781600
2021-09-21,IEF,100.99532318115234,4867900
2021-09-22,IEF,101.09028625488281,10966400
2021-09-23,IEF,100.17535400390625,10650100
2021-09-24,IEF,99.8732681274414,10528000
2021-09-27,IEF,99.605712890625,6742100
2021-09-28,IEF,99.22590637207031,10295500
2021-09-29,IEF,99.3294906616211,8364000
2021-09-30,IEF,99.45032501220703,7307900
2021-10-01,IEF,99.85626983642578,19830100
2021-10-04,IEF,99.73533630371094,7691800
2021-10-05,IEF,99.4244384765625,6861900
2021-10-06,IEF,99.4503402709961,7473500
2021-10-07,IEF,99.05301666259766,8160200
2021-10-08,IEF,98.83708190917969,9455100
2021-10-11,IEF,98.5951919555664,2261300
2021-10-12,IEF,99.04436492919922,7938400
2021-10-13,IEF,99.23435974121094,11662400
2021-10-14,IEF,99.46758270263672,9518200
2021-10-15,IEF,98.97525024414062,8689700
2021-10-18,IEF,98.83708190917969,8703300
2021-10-19,IEF,98.48294830322266,7445200
2021-10-20,IEF,98.43974304199219,6230000
2021-10-21,IEF,98.18061828613281,7103900
2021-10-22,IEF,98.4311294555664,10204600
2021-10-25,IEF,98.5520248413086,4835000
2021-10-26,IEF,98.67298126220703,5603100
2021-10-27,IEF,99.22574615478516,16140300
2021-10-28,IEF,98.96663665771484,9940400
2021-10-29,IEF,99.00982666015625,11254300
2021-11-01,IEF,99.00206756591797,14479000
2021-11-02,IEF,99.24404907226562,12191100
2021-11-03,IEF,98.9328842163086,17031100
2021-11-04,IEF,99.46880340576172,12665400
2021-11-05,IEF,100.01332092285156,12955100
2021-11-08,IEF,99.5811767578125,7404300
2021-11-09,IEF,100.03923797607422,12345400
2021-11-10,IEF,99.18354797363281,19425100
2021-11-11,IEF,98.8637466430664,3746100
2021-11-12,IEF,99.0711898803711,10613400
2021-11-15,IEF,98.68223571777344,8021400
2021-11-16,IEF,98.5958023071289,6573700
2021-11-17,IEF,98.95021057128906,10006200
2021-11-18,IEF,99.01068878173828,10183400
2021-11-19,IEF,99.27863311767578,10731600
2021-11-22,IEF,98.55259704589844,10876200
2021-11-23,IEF,98.14633178710938,11543700
2021-11-24,IEF,98.44886779785156,8322900
2021-11-26,IEF,99.71944427490234,13878500
2021-11-29,IEF,99.4947280883789,13908200
2021-11-30,IEF,100.09111785888672,19416800
2021-12-01,IEF,100.27969360351562,24991000
2021-12-02,IEF,100.06343078613281,11448900
2021-12-03,IEF,100.6516342163086,19790900
2021-12-06,IEF,100.14996337890625,9863200
2021-12-07,IEF,99.76937103271484,7678400
2021-12-08,IEF,99.44929504394531,11126500
2021-12-09,IEF,99.70014953613281,9198400
2021-12-10,IEF,99.76937103271484,5051500
2021-12-13,IEF,100.24507904052734,5706900
2021-12-14,IEF,100.07208251953125,4749500
2021-12-15,IEF,99.925048828125,8428000
2021-12-16,IEF,100.2159423828125,9085400
2021-12-17,IEF,100.4410629272461,7933100
2021-12-20,IEF,100.3544692993164,13772100
2021-12-21,IEF,99.9561996459961,7672800
2021-12-22,IEF,100.05144500732422,5538200
2021-12-23,IEF,99.84366607666016,7209700
2021-12-27,IEF,99.87826538085938,3471800
2021-12-28,IEF,99.86099243164062,8314500
2021-12-29,IEF,99.35014343261719,11879900
2021-12-30,IEF,99.67914581298828,10296000
2021-12-31,IEF,99.56661224365234,7584500
2022-01-03,IEF,98.64017486572266,27744600
2022-01-04,IEF,98.58824157714844,15911800
2022-01-05,IEF,98.17266082763672,13715700
2022-01-06,IEF,97.9302749633789,10957400
2022-01-07,IEF,97.60991668701172,13318200
2022-01-10,IEF,97.58394622802734,8430700
2022-01-11,IEF,97.81770324707031,8086500
2022-01-12,IEF,97.83501434326172,7996500
2022-01-13,IEF,98.14667510986328,8431100
2022-01-14,IEF,97.47135162353516,10595700
2022-01-18,IEF,96.73543548583984,11594100
2022-01-19,IEF,96.9692153930664,10349700
2022-01-20,IEF,97.177001953125,8297300
2022-01-21,IEF,97.7397689819336,13250000
2022-01-24,IEF,97.6531982421875,22377400
2022-01-25,IEF,97.5233154296875,13534000
2022-01-26,IEF,96.83069610595703,12694700
2022-01-27,IEF,97.23764038085938,11609400
2022-01-28,IEF,97.46273040771484,6713500
2022-01-31,IEF,97.46273040771484,8258600
2022-02-01,IEF,97.33098602294922,16338700
2022-02-02,IEF,97.5302963256836,5997100
2022-02-03,IEF,97.11433410644531,8032600
2022-02-04,IEF,96.36903381347656,8616400
2022-02-07,IEF,96.39503479003906,10294700
2022-02-08,IEF,96.08305358886719,8111500
2022-02-09,IEF,96.21302795410156,10113400
2022-02-10,IEF,95.32906341552734,16633900
2022-02-11,IEF,96.3170394897461,18315600
2022-02-14,IEF,95.64973449707031,11090000
2022-02-15,IEF,95.36373901367188,8490500
2022-02-16,IEF,95.56307983398438,9007700
2022-02-17,IEF,96.0743637084961,8749500
2022-02-18,IEF,96.38636016845703,8486800
2022-02-22,IEF,96.37769317626953,8392500
2022-02-23,IEF,95.87503814697266,7941800
2022-02-24,IEF,96.10037994384766,19162100
2022-02-25,IEF,96.0743637084961,8101900
2022-02-28,IEF,97.16634368896484,12291800
2022-03-01,IEF,98.1126937866211,28285600
2022-03-02,IEF,96.63806915283203,12303800
2022-03-03,IEF,97.0544204711914,12247400
2022-03-04,IEF,98.01724243164062,20102300
2022-03-07,IEF,97.60087585449219,13633200
2022-03-08,IEF,96.96768951416016,10819400
2022-03-09,IEF,96.36918640136719,7932300
2022-03-10,IEF,95.92680358886719,11100100
2022-03-11,IEF,95.90074920654297,5567600
2022-03-14,IEF,94.68639373779297,8622500
2022-03-15,IEF,94.64302825927734,9294400
2022-03-16,IEF,94.51293182373047,12847300
2022-03-17,IEF,94.33075714111328,7215900
2022-03-18,IEF,94.60832977294922,7509200
2022-03-21,IEF,93.37660217285156,11003600
2022-03-22,IEF,92.86482238769531,7710300
2022-03-23,IEF,93.48937225341797,11222700
2022-03-24,IEF,92.96894073486328,11112300
2022-03-25,IEF,92.01475524902344,9055600
2022-03-28,IEF,92.22297668457031,12858500
2022-03-29,IEF,92.68268585205078,7539900
2022-03-30,IEF,93.04698181152344,6430100
2022-03-31,IEF,93.22049713134766,9147200
2022-04-01,IEF,92.61348724365234,10237000
2022-04-04,IEF,92.55268096923828,7372100
2022-04-05,IEF,91.44984436035156,9675600
2022-04-06,IEF,91.12852478027344,9054400
2022-04-07,IEF,90.90276336669922,5518900
2022-04-08,IEF,90.4425277709961,8091800
2022-04-11,IEF,90.00831604003906,7356400
2022-04-12,IEF,90.4425277709961,12211000
2022-04-13,IEF,90.64221954345703,6346100
2022-04-14,IEF,89.82595825195312,6158700
2022-04-18,IEF,89.56544494628906,4591500
2022-04-19,IEF,88.97492218017578,7004900
2022-04-20,IEF,89.66964721679688,7479300
2022-04-21,IEF,89.17462921142578,9137500
2022-04-22,IEF,89.21809387207031,5451600
2022-04-25,IEF,89.79121398925781,8617400
2022-04-26,IEF,90.39042663574219,9575400
2022-04-27,IEF,89.88674926757812,7908900
2022-04-28,IEF,89.75650024414062,6943500
2022-04-29,IEF,89.27886199951172,10012500
2022-05-02,IEF,88.61370849609375,11327000
2022-05-03,IEF,88.71808624267578,8129100
2022-05-04,IEF,89.29190826416016,11934700
2022-05-05,IEF,88.39635467529297,11675700
2022-05-06,IEF,87.89208984375,12538400
2022-05-09,IEF,88.54417419433594,7301200
2022-05-10,IEF,88.83979797363281,8054600
2022-05-11,IEF,89.38753509521484,7167900
2022-05-12,IEF,89.68316650390625,8132400
2022-05-13,IEF,89.21369171142578,6016900
2022-05-16,IEF,89.5875244140625,3315600
2022-05-17,IEF,88.90936279296875,4286800
2022-05-18,IEF,89.54405212402344,4465500
2022-05-19,IEF,89.8657455444336,5137600
2022-05-20,IEF,90.2830581665039,5908800
2022-05-23,IEF,89.73529052734375,5720600
2022-05-24,IEF,90.50911712646484,6786600
2022-05-25,IEF,90.69171142578125,4274500
2022-05-26,IEF,90.64824676513672,3478900
2022-05-27,IEF,90.77867889404297,2508200
2022-05-31,IEF,89.83096313476562,6773200
2022-06-01,IEF,89.3252182006836,5555900
2022-06-02,IEF,89.45574951171875,3014300
2022-06-03,IEF,89.28166198730469,2687800
2022-06-06,IEF,88.61136627197266,4800600
2022-06-07,IEF,88.96824645996094,3230000
2022-06-08,IEF,88.63746643066406,2917900
2022-06-09,IEF,88.55914306640625,4178600
2022-06-10,IEF,87.68859100341797,4443400
2022-06-13,IEF,86.13035583496094,9200800
2022-06-14,IEF,85.44261932373047,7829800
2022-06-15,IEF,86.63520812988281,10256200
2022-06-16,IEF,87.20108795166016,9168800
2022-06-17,IEF,87.22718811035156,7029700
2022-06-21,IEF,86.77456665039062,10342000
2022-06-22,IEF,87.87139892578125,9501900
2022-06-23,IEF,88.36759948730469,9247200
2022-06-24,IEF,88.0542221069336,5127000
2022-06-27,IEF,87.55802154541016,5439400
2022-06-28,IEF,87.67118835449219,3763300
2022-06-29,IEF,88.37631225585938,3559600
2022-06-30,IEF,89.0553207397461,5409500
2022-07-01,IEF,90.0099868774414,63222900
2022-07-05,IEF,90.34127807617188,6651400
2022-07-06,IEF,89.57405090332031,4754700
2022-07-07,IEF,89.0247802734375,4058100
2022-07-08,IEF,88.4842529296875,3664900
2022-07-11,IEF,89.1817398071289,2765700
2022-07-12,IEF,89.39099884033203,3669200
2022-07-13,IEF,89.7745590209961,6809400
2022-07-14,IEF,89.27761840820312,5370400
2022-07-15,IEF,89.582763671875,3834000
2022-07-18,IEF,89.32123565673828,3150700
2022-07-19,IEF,88.9114761352539,2996100
2022-07-20,IEF,88.82427978515625,53057500
2022-07-21,IEF,89.8355941772461,5344300
2022-07-22,IEF,90.8644027709961,7747100
2022-07-25,IEF,90.54183197021484,2994500
2022-07-26,IEF,90.57669830322266,4736300
2022-07-27,IEF,90.75981140136719,7475300
2022-07-28,IEF,91.65778350830078,5768100
2022-07-29,IEF,91.69266510009766,5961100
2022-08-01,IEF,92.22893524169922,9672400
2022-08-02,IEF,90.95379638671875,9269700
2022-08-03,IEF,91.32936096191406,7829500
2022-08-04,IEF,91.79225158691406,9873200
2022-08-05,IEF,90.4647216796875,10047200
2022-08-08,IEF,90.99748229980469,6681300
2022-08-09,IEF,90.72673034667969,3814700
2022-08-10,IEF,90.77911376953125,7260300
2022-08-11,IEF,90.176513671875,8309300
2022-08-12,IEF,90.53457641601562,4128600
2022-08-15,IEF,90.82279205322266,3441100
2022-08-16,IEF,90.71796417236328,3241800
2022-08-17,IEF,90.10662841796875,6366700
2022-08-18,IEF,90.28130340576172,3709200
2022-08-19,IEF,89.50399780273438,6678000
2022-08-22,IEF,89.1109619140625,4125800
2022-08-23,IEF,88.89261627197266,7755000
2022-08-24,IEF,88.59568786621094,3504600
2022-08-25,IEF,89.16337585449219,6645300
2022-08-26,IEF,89.05856323242188,5535900
2022-08-29,IEF,88.55200958251953,4416900
2022-08-30,IEF,88.5257797241211,4474200
2022-08-31,IEF,88.15898132324219,5797600
2022-09-01,IEF,87.45816802978516,10324200
2022-09-02,IEF,87.94811248779297,5741900
2022-09-06,IEF,86.96820068359375,6769400
2022-09-07,IEF,87.53689575195312,7169700
2022-09-08,IEF,87.21317291259766,5773600
2022-09-09,IEF,87.22193145751953,5780600
2022-09-12,IEF,87.01195526123047,4034200
2022-09-13,IEF,86.52198791503906,5100500
2022-09-14,IEF,86.56573486328125,3866600
2022-09-15,IEF,86.26828002929688,4622600
2022-09-16,IEF,86.3382339477539,4718200
2022-09-19,IEF,86.09327697753906,3879000
2022-09-20,IEF,85.5595703125,4869100
2022-09-21,IEF,85.9007797241211,5414900
2022-09-22,IEF,84.6058578491211,6662400
2022-09-23,IEF,84.71089172363281,7630600
2022-09-26,IEF,83.3022232055664,8015500
2022-09-27,IEF,82.7335433959961,8668400
2022-09-28,IEF,84.59716033935547,8471700
2022-09-29,IEF,84.20341491699219,6056500
2022-09-30,IEF,83.98468780517578,8847200
2022-10-03,IEF,84.98143005371094,10579900
2022-10-04,IEF,85.1567611694336,7361400
2022-10-05,IEF,84.35022735595703,8603700
2022-10-06,IEF,83.88561248779297,11298400
2022-10-07,IEF,83.4736099243164,5085300
2022-10-10,IEF,82.98268127441406,3829100
2022-10-11,IEF,83.19308471679688,5498500
2022-10-12,IEF,83.46483612060547,5847400
2022-10-13,IEF,83.11418914794922,6220100
2022-10-14,IEF,82.64956665039062,5886200
2022-10-17,IEF,82.73719787597656,3215200
2022-10-18,IEF,82.94762420654297,4006600
2022-10-19,IEF,82.07977294921875,5762600
2022-10-20,IEF,81.46611022949219,5738400
2022-10-21,IEF,81.65019226074219,7528500
2022-10-24,IEF,81.54499816894531,6210800
2022-10-25,IEF,82.56190490722656,6301500
2022-10-26,IEF,82.98268127441406,6692700
2022-10-27,IEF,83.57005310058594,7238100
2022-10-28,IEF,83.14046478271484,5659800
2022-10-31,IEF,82.76354217529297,4586900
2022-11-01,IEF,82.74857330322266,6066400
2022-11-02,IEF,82.60801696777344,7581400
2022-11-03,IEF,82.24781799316406,8403900
2022-11-04,IEF,82.0721206665039,5287000
2022-11-07,IEF,81.78218841552734,4289300
2022-11-08,IEF,82.32688903808594,4679200
2022-11-09,IEF,82.60801696777344,3658100
2022-11-10,IEF,84.46170806884766,9608300
2022-11-11,IEF,84.28601837158203,2840200
2022-11-14,IEF,84.08395385742188,4130800
2022-11-15,IEF,84.70773315429688,6841600
2022-11-16,IEF,85.33146667480469,6140100
2022-11-17,IEF,84.75161743164062,5986800
2022-11-18,IEF,84.45294952392578,3102100
2022-11-21,IEF,84.40022277832031,4477700
2022-11-22,IEF,84.88343811035156,5532800
2022-11-23,IEF,85.34025573730469,5236500
2022-11-25,IEF,85.31388092041016,1345400
2022-11-28,IEF,85.34903717041016,4218400
2022-11-29,IEF,84.98884582519531,3356600
2022-11-30,IEF,85.75316619873047,7127100
2022-12-01,IEF,86.68976593017578,17629100
2022-12-02,IEF,86.86581420898438,5783700
2022-12-05,IEF,85.98554992675781,6295800
2022-12-06,IEF,86.51372528076172,5745500
2022-12-07,IEF,87.2707290649414,5386200
2022-12-08,IEF,86.7778091430664,5325800
2022-12-09,IEF,86.13520812988281,4343100
2022-12-12,IEF,86.011962890625,5192200
2022-12-13,IEF,86.78662872314453,7856600
2022-12-14,IEF,87.02426147460938,6533200
2022-12-15,IEF,87.193603515625,4344200
2022-12-16,IEF,86.97310638427734,4432800
2022-12-19,IEF,86.26753997802734,3951100
2022-12-20,IEF,85.64132690429688,4199800
2022-12-21,IEF,85.7471694946289,4406600
2022-12-22,IEF,85.720703125,2143100
2022-12-23,IEF,85.3326416015625,3164900
2022-12-27,IEF,84.61821746826172,4780800
2022-12-28,IEF,84.41535949707031,3161200
2022-12-29,IEF,84.82989501953125,4021800
2022-12-30,IEF,84.47710418701172,5043800
2023-01-03,IEF,85.1385726928711,6808300
2023-01-04,IEF,85.79125213623047,7800100
2023-01-05,IEF,85.66775512695312,3177900
2023-01-06,IEF,86.77027130126953,6807700
2023-01-09,IEF,86.99075317382812,4988000
2023-01-10,IEF,86.44393157958984,4026900
2023-01-11,IEF,86.99959564208984,7118700
2023-01-12,IEF,87.7757339477539,5768000
2023-01-13,IEF,87.30826568603516,5573500
2023-01-17,IEF,87.03485107421875,3709000
2023-01-18,IEF,88.21674346923828,7926400
2023-01-19,IEF,88.04914855957031,4234100
2023-01-20,IEF,87.4670181274414,8822700
2023-01-23,IEF,87.184814453125,4334900
2023-01-24,IEF,87.68751525878906,3540300
2023-01-25,IEF,87.78453063964844,2924700
2023-01-26,IEF,87.4670181274414,2875400
2023-01-27,IEF,87.33477020263672,5524100
2023-01-30,IEF,87.06131744384766,2584600
2023-01-31,IEF,87.50228881835938,4856400
2023-02-01,IEF,88.13162994384766,20159100
2023-02-02,IEF,88.09626770019531,5823000
2023-02-03,IEF,87.1505355834961,5267000
2023-02-06,IEF,86.39924621582031,5500400
2023-02-07,IEF,86.18710327148438,5678900
2023-02-08,IEF,86.50530242919922,6137600
2023-02-09,IEF,86.11641693115234,7358300
2023-02-10,IEF,85.70098876953125,5290000
2023-02-13,IEF,85.90428924560547,17262300
2023-02-14,IEF,85.5153579711914,7133600
2023-02-15,IEF,85.25904083251953,4964700
2023-02-16,IEF,84.97618865966797,27126400
2023-02-17,IEF,85.21485137939453,4540500
2023-02-21,IEF,84.28677368164062,11382100
2023-02-22,IEF,84.43701934814453,30136400
2023-02-23,IEF,84.7640609741211,7059800
2023-02-24,IEF,84.25139617919922,10757200
2023-02-27,IEF,84.50773620605469,3693200
2023-02-28,IEF,84.64032745361328,4690000
2023-03-01,IEF,83.96366119384766,8328600
2023-03-02,IEF,83.61825561523438,12952800
2023-03-03,IEF,84.29133605957031,5696900
2023-03-06,IEF,84.14079284667969,3766400
2023-03-07,IEF,84.14965057373047,5053300
2023-03-08,IEF,84.12307739257812,5163500
2023-03-09,IEF,84.64566802978516,12498800
2023-03-10,IEF,86.20447540283203,11041300
2023-03-13,IEF,87.24960327148438,23930600
2023-03-14,IEF,86.42584991455078,47886700
2023-03-15,IEF,87.67471313476562,25157400
2023-03-16,IEF,86.88642883300781,13961000
2023-03-17,IEF,87.9138412475586,12293700
2023-03-20,IEF,87.55955505371094,7982400
2023-03-21,IEF,86.7978515625,9851600
2023-03-22,IEF,87.94041442871094,10705200
2023-03-23,IEF,88.44525146484375,7118800
2023-03-24,IEF,88.47178649902344,9135800
2023-03-27,IEF,87.38243865966797,8284400
2023-03-28,IEF,87.32927703857422,13324800
2023-03-29,IEF,87.1787109375,13404700
2023-03-30,IEF,87.31156158447266,4157500
2023-03-31,IEF,87.78984832763672,6330100
2023-04-03,IEF,88.20337677001953,7226600
2023-04-04,IEF,88.7713623046875,6763200
2023-04-05,IEF,89.14408111572266,6257100
2023-04-06,IEF,89.17073059082031,4264700
2023-04-10,IEF,88.2921371459961,6025100
2023-04-11,IEF,88.25662231445312,5459000
2023-04-12,IEF,88.51399993896484,5857200
2023-04-13,IEF,88.22116088867188,39858200
2023-04-14,IEF,87.78628540039062,4968500
2023-04-17,IEF,87.2271957397461,5681000
2023-04-18,IEF,87.36917114257812,5061300
2023-04-19,IEF,87.18281555175781,4648100
2023-04-20,IEF,87.68864440917969,4608000
2023-04-21,IEF,87.4756851196289,5948100
2023-04-24,IEF,87.90167236328125,5143700
2023-04-25,IEF,88.7713623046875,13076800
2023-04-26,IEF,88.42523956298828,5903000
2023-04-27,IEF,87.84841918945312,5065800
2023-04-28,IEF,88.50511169433594,8525900
2023-05-01,IEF,87.46343231201172,17442000
2023-05-02,IEF,88.60205841064453,8540700
2023-05-03,IEF,89.1803207397461,9534800
2023-05-04,IEF,89.16252136230469,12014100
2023-05-05,IEF,88.68213653564453,11254400
2023-05-08,IEF,88.1395034790039,7022400
2023-05-09,IEF,88.03276062011719,7317200
2023-05-10,IEF,88.69103240966797,9930800
2023-05-11,IEF,89.02020263671875,5979600
2023-05-12,IEF,88.4864501953125,5107300
2023-05-15,IEF,88.29071807861328,4459100
2023-05-16,IEF,88.0060806274414,7194000
2023-05-17,IEF,87.72140502929688,5542600
2023-05-18,IEF,87.17875671386719,9448900
2023-05-19,IEF,86.849609375,12923500
2023-05-22,IEF,86.68948364257812,7034700
2023-05-23,IEF,86.83181762695312,8264200
2023-05-24,IEF,86.60942840576172,7415400
2023-05-25,IEF,86.06678009033203,11647700
2023-05-26,IEF,86.22688293457031,7408900
2023-05-30,IEF,86.9029769897461,7883000
2023-05-31,IEF,87.23213958740234,10817900
2023-06-01,IEF,87.47467041015625,18161600
2023-06-02,IEF,86.77915954589844,7585400
2023-06-05,IEF,86.75240325927734,6243100
2023-06-06,IEF,86.805908203125,3986200
2023-06-07,IEF,86.17279815673828,8226600
2023-06-08,IEF,86.75240325927734,5841900
2023-06-09,IEF,86.4403076171875,6421900
2023-06-12,IEF,86.5829849243164,5261700
2023-06-13,IEF,85.96774291992188,9173500
2023-06-14,IEF,86.08362579345703,7704400
2023-06-15,IEF,86.75240325927734,5959100
2023-06-16,IEF,86.37789916992188,6538100
2023-06-20,IEF,86.63648223876953,5477300
2023-06-21,IEF,86.71671295166016,5119600
2023-06-22,IEF,86.2262954711914,4102100
2023-06-23,IEF,86.5829849243164,4112100
2023-06-26,IEF,86.79700469970703,2976600
2023-06-27,IEF,86.49382781982422,4752500
2023-06-28,IEF,86.84156036376953,5257300
2023-06-29,IEF,85.94989776611328,8268700
2023-06-30,IEF,86.13713836669922,7450600
2023-07-03,IEF,85.76350402832031,4687100
2023-07-05,IEF,85.35234069824219,10181200
2023-07-06,IEF,84.6551513671875,9285100
2023-07-07,IEF,84.54790496826172,6577600
2023-07-10,IEF,84.98587036132812,6622700
2023-07-11,IEF,85.16464233398438,6327100
2023-07-12,IEF,85.9958724975586,8255100
2023-07-13,IEF,86.7109603881836,9742600
2023-07-14,IEF,86.28189086914062,7491100
2023-07-17,IEF,86.42494201660156,3182400
2023-07-18,IEF,86.52327728271484,3626500
2023-07-19,IEF,86.81820678710938,5059300
2023-07-20,IEF,86.12999725341797,9486600
2023-07-21,IEF,86.20146942138672,4560100
2023-07-24,IEF,85.9958724975586,7451100
2023-07-25,IEF,85.83500671386719,4079300
2023-07-26,IEF,86.12999725341797,4880100
2023-07-27,IEF,85.19146728515625,8522800
2023-07-28,IEF,85.46855926513672,5794100
2023-07-31,IEF,85.57581329345703,6347000
2023-08-01,IEF,85.0757827758789,7714000
2023-08-02,IEF,84.90550994873047,8009200
2023-08-03,IEF,84.27825927734375,11057900
2023-08-04,IEF,85.17435455322266,10189900
2023-08-07,IEF,84.96826171875,4007400
2023-08-08,IEF,85.39839172363281,5401400
2023-08-09,IEF,85.45213317871094,5317200
2023-08-10,IEF,84.7979507446289,8462100
2023-08-11,IEF,84.34993743896484,5915000
2023-08-14,IEF,84.21553039550781,6218400
2023-08-15,IEF,84.05421447753906,9602600
2023-08-16,IEF,83.73162078857422,7199600
2023-08-17,IEF,83.62411499023438,9858300
2023-08-18,IEF,83.87501525878906,7510500
2023-08-21,IEF,83.35526275634766,10864000
2023-08-22,IEF,83.39111328125,6330500
2023-08-23,IEF,84.29617309570312,8550500
2023-08-24,IEF,83.98255920410156,5735800
2023-08-25,IEF,83.9556655883789,7895700
2023-08-28,IEF,84.18863677978516,3301700
2023-08-29,IEF,84.78900909423828,7064200
2023-08-30,IEF,84.78008270263672,6346700
2023-08-31,IEF,84.9503402709961,6167300
2023-09-01,IEF,84.43104553222656,7746600
2023-09-05,IEF,83.91896057128906,4993400
2023-09-06,IEF,83.70336151123047,7344100
2023-09-07,IEF,83.99082946777344,7137500
2023-09-08,IEF,84.00881958007812,4648500
2023-09-11,IEF,83.86506652832031,4321700
2023-09-12,IEF,83.98184204101562,4998400
2023-09-13,IEF,84.08068084716797,6675400
2023-09-14,IEF,83.89202117919922,6421000
2023-09-15,IEF,83.6314697265625,9367700
2023-09-18,IEF,83.71237182617188,4622200
2023-09-19,IEF,83.40687561035156,7536800
2023-09-20,IEF,83.34402465820312,10751800
2023-09-21,IEF,82.72411346435547,8702500
2023-09-22,IEF,83.04753875732422,8637800
2023-09-25,IEF,82.43661499023438,11712000
2023-09-26,IEF,82.40967559814453,8281800
2023-09-27,IEF,82.04132843017578,10586100
2023-09-28,IEF,82.26593017578125,11654600
2023-09-29,IEF,82.28389739990234,13488300
2023-10-02,IEF,81.61643981933594,21010000
2023-10-03,IEF,80.94087982177734,21364700
2023-10-04,IEF,81.45431518554688,14054000
2023-10-05,IEF,81.607421875,11315900
2023-10-06,IEF,81.1300277709961,12257100
2023-10-09,IEF,82.1658935546875,5816700
2023-10-10,IEF,82.0037612915039,11508300
2023-10-11,IEF,82.45414733886719,14815800
2023-10-12,IEF,81.66146850585938,12855900
2023-10-13,IEF,82.18391418457031,9872500
2023-10-16,IEF,81.69750213623047,7248000
2023-10-17,IEF,80.89585876464844,11191600
2023-10-18,IEF,80.51753234863281,13794200
2023-10-19,IEF,80.12120819091797,27116700
2023-10-20,IEF,80.589599609375,12587100
2023-10-23,IEF,80.96790313720703,12365000
2023-10-24,IEF,81.11205291748047,10906000
2023-10-25,IEF,80.40045166015625,15170200
2023-10-26,IEF,81.01293182373047,15901300
2023-10-27,IEF,81.13903045654297,11628200
2023-10-30,IEF,80.86882781982422,11022500
2023-10-31,IEF,80.69767761230469,11574700
2023-11-01,IEF,81.62712860107422,22448900
2023-11-02,IEF,82.13296508789062,14046200
2023-11-03,IEF,82.76519775390625,23133700
2023-11-06,IEF,82.2864990234375,11246700
2023-11-07,IEF,82.75618743896484,13189400
2023-11-08,IEF,83.09039306640625,11117600
2023-11-09,IEF,82.26844024658203,17067900
2023-11-10,IEF,82.3587646484375,10674700
2023-11-13,IEF,82.3135986328125,8930200
2023-11-14,IEF,83.55106353759766,14313600
2023-11-15,IEF,82.90069580078125,12969400
2023-11-16,IEF,83.52397918701172,10375600
2023-11-17,IEF,83.57816314697266,8462000
2023-11-20,IEF,83.6955795288086,7481200
2023-11-21,IEF,83.80398559570312,9153300
2023-11-22,IEF,83.7768783569336,7255100
2023-11-24,IEF,83.34331512451172,4125800
2023-11-27,IEF,83.97559356689453,9539800
2023-11-28,IEF,84.34593200683594,13563300
2023-11-29,IEF,84.78853607177734,19075400
2023-11-30,IEF,84.37303161621094,18446700
2023-12-01,IEF,85.16910552978516,21393200
2023-12-04,IEF,84.8158950805664,16402000
2023-12-05,IEF,85.41363525390625,25452100
2023-12-06,IEF,85.76683807373047,14023400
2023-12-07,IEF,85.6400375366211,13730100
2023-12-08,IEF,85.08760070800781,13825300
2023-12-11,IEF,85.0966567993164,10484600
2023-12-12,IEF,85.2778091430664,7248000
2023-12-13,IEF,86.54571533203125,16155200
2023-12-14,IEF,87.26512145996094,32373200
2023-12-15,IEF,87.19245147705078,9407100
2023-12-18,IEF,87.001708984375,8634100
2023-12-19,IEF,87.16521453857422,9047100
2023-12-20,IEF,87.59214782714844,12659100
2023-12-21,IEF,87.45588684082031,8939700
2023-12-22,IEF,87.3741226196289,4956400
2023-12-26,IEF,87.42862701416016,3342500
2023-12-27,IEF,88.10990142822266,7362400
2023-12-28,IEF,87.77381134033203,4858500
2023-12-29,IEF,87.55579376220703,7820500
2024-01-02,IEF,87.2287826538086,9444000
2024-01-03,IEF,87.43769836425781,11040500
2024-01-04,IEF,86.9108657836914,7354800
2024-01-05,IEF,86.59293365478516,10001000
2024-01-08,IEF,86.88362884521484,7044700
2024-01-09,IEF,86.84729766845703,7360800
2024-01-10,IEF,86.71102905273438,9212700
2024-01-11,IEF,87.17430877685547,10305400
2024-01-12,IEF,87.41047668457031,8469600
2024-01-16,IEF,86.70194244384766,9847100
2024-01-17,IEF,86.42036437988281,9170700
2024-01-18,IEF,86.22959899902344,8910100
2024-01-19,IEF,86.23870849609375,17711100
2024-01-22,IEF,86.50213623046875,9831500
2024-01-23,IEF,86.28411865234375,6428600
2024-01-24,IEF,86.03885650634766,9718000
2024-01-25,IEF,86.41127014160156,11588100
2024-01-26,IEF,86.25687408447266,9134600
2024-01-29,IEF,86.77465057373047,6947500
2024-01-30,IEF,86.89268493652344,7265800
2024-01-31,IEF,87.619384765625,15778300
2024-02-01,IEF,88.16206359863281,33372900
2024-02-02,IEF,87.01477813720703,13809200
2024-02-05,IEF,86.16792297363281,12147700
2024-02-06,IEF,86.63233184814453,9327000
2024-02-07,IEF,86.4775161743164,8619800
2024-02-08,IEF,86.19528198242188,7808000
2024-02-09,IEF,86.04044342041016,8492500
2024-02-12,IEF,86.12240600585938,7023600
2024-02-13,IEF,85.17539978027344,11978400
2024-02-14,IEF,85.49409484863281,8979600
2024-02-15,IEF,85.7308578491211,6788300
2024-02-16,IEF,85.35750579833984,7147400
2024-02-20,IEF,85.50320434570312,8286300
2024-02-21,IEF,85.23004913330078,6433900
2024-02-22,IEF,85.2391586303711,8688500
2024-02-23,IEF,85.63067626953125,6426700
2024-02-26,IEF,85.50320434570312,6417200
2024-02-27,IEF,85.31198120117188,7540600
2024-02-28,IEF,85.6215591430664,5293600
2024-02-29,IEF,85.7945785522461,11919200
2024-03-01,IEF,86.186279296875,11857200
2024-03-04,IEF,85.9945297241211,6641600
2024-03-05,IEF,86.52406311035156,7673100
2024-03-06,IEF,86.73404693603516,9499200
2024-03-07,IEF,86.88013458251953,8420900
2024-03-08,IEF,86.94404602050781,8103600
2024-03-11,IEF,86.83447265625,5568200
2024-03-12,IEF,86.47843933105469,6556500
2024-03-13,IEF,86.28670501708984,9708400
2024-03-14,IEF,85.64759063720703,10055900
2024-03-15,IEF,85.50151062011719,6591400
2024-03-18,IEF,85.40108489990234,5319700
2024-03-19,IEF,85.64759063720703,5470300
2024-03-20,IEF,85.84844207763672,10190800
2024-03-21,IEF,85.8575668334961,8271200
2024-03-22,IEF,86.2775650024414,6119800
2024-03-25,IEF,86.04932403564453,4488900
2024-03-26,IEF,86.1771469116211,5477600
2024-03-27,IEF,86.50582122802734,4838500
2024-03-28,IEF,86.42367553710938,7561400
2024-04-01,IEF,85.64167785644531,10854000
2024-04-02,IEF,85.45853424072266,7214900
2024-04-03,IEF,85.55924224853516,12908000
2024-04-04,IEF,85.8522720336914,6960500
2024-04-05,IEF,85.28455352783203,6334600
2024-04-08,IEF,85.09228515625,7115100
2024-04-09,IEF,85.43107604980469,5151100
2024-04-10,IEF,84.29563903808594,14993700
2024-04-11,IEF,84.1766128540039,9371400
2024-04-12,IEF,84.52456665039062,11675600
2024-04-15,IEF,83.98432159423828,12315300
2024-04-16,IEF,83.65467834472656,12027200
2024-04-17,IEF,84.18574523925781,10515400
2024-04-18,IEF,83.89276885986328,6964500
2024-04-19,IEF,84.00264739990234,6125800
2024-04-22,IEF,84.01178741455078,4002900
2024-04-23,IEF,84.12168884277344,8319800
2024-04-24,IEF,83.86529541015625,7567400
2024-04-25,IEF,83.54479217529297,5784300
2024-04-26,IEF,83.77369689941406,5432600
2024-04-29,IEF,84.11251068115234,4846500
2024-04-30,IEF,83.71878051757812,7516700
2024-05-01,IEF,84.05029296875,12392500
2024-05-02,IEF,84.4452133178711,8661500
2024-05-03,IEF,84.9135971069336,8501100
2024-05-06,IEF,84.98706817626953,4043400
2024-05-07,IEF,85.20748138427734,7776200
2024-05-08,IEF,84.96868133544922,9024000
2024-05-09,IEF,85.22586822509766,9625200
2024-05-10,IEF,84.95035552978516,3205000
2024-05-13,IEF,85.05134582519531,3228700
2024-05-14,IEF,85.29933166503906,4688800
2024-05-15,IEF,85.94217681884766,11384500
2024-05-16,IEF,85.77686309814453,4278400
2024-05-17,IEF,85.51055145263672,3883900
2024-05-20,IEF,85.38197326660156,4575900
2024-05-21,IEF,85.60237884521484,2669700
2024-05-22,IEF,85.4921646118164,3616300
2024-05-23,IEF,85.18910217285156,6005500
2024-05-24,IEF,85.29933166503906,3926400
2024-05-28,IEF,84.8217544555664,8761400
2024-05-29,IEF,84.40847778320312,10126800
2024-05-30,IEF,84.8309326171875,5069500
2024-05-31,IEF,85.22586822509766,4807400
2024-06-03,IEF,85.78404235839844,7675900
2024-06-04,IEF,86.25382232666016,8752000
2024-06-05,IEF,86.56700897216797,6466800
2024-06-06,IEF,86.53016662597656,5849400
2024-06-07,IEF,85.61825561523438,7125100
2024-06-10,IEF,85.43402862548828,3938900
2024-06-11,IEF,85.88536834716797,3954700
2024-06-12,IEF,86.36437225341797,9243200
2024-06-13,IEF,86.93544006347656,6529900
2024-06-14,IEF,87.13809967041016,5424600
2024-06-17,IEF,86.73280334472656,4957200
2024-06-18,IEF,87.1104507446289,5232600
2024-06-20,IEF,86.889404296875,3573100
2024-06-21,IEF,86.90780639648438,6908700
2024-06-24,IEF,86.98150634765625,5276000
2024-06-25,IEF,87.05519104003906,3790100
2024-06-26,IEF,86.53016662597656,4196400
2024-06-27,IEF,86.72359466552734,4946600
2024-06-28,IEF,86.26303100585938,6032400
2024-07-01,IEF,85.62089538574219,13662800
2024-07-02,IEF,85.94426727294922,8195700
2024-07-03,IEF,86.51710510253906,3861000
2024-07-05,IEF,86.99755859375,5111500
2024-07-08,IEF,87.0252685546875,5294600
2024-07-09,IEF,86.90515899658203,3006900
2024-07-10,IEF,86.98832702636719,4076600
2024-07-11,IEF,87.54267120361328,9658400
2024-07-12,IEF,87.72749328613281,4304500
2024-07-15,IEF,87.4502944946289,3754500
2024-07-16,IEF,87.83832550048828,4705800
2024-07-17,IEF,87.91226196289062,5113500
2024-07-18,IEF,87.66278839111328,8640600
2024-07-19,IEF,87.3855972290039,5274400
2024-07-22,IEF,87.30244445800781,3869800
2024-07-23,IEF,87.36714172363281,5095600
2024-07-24,IEF,87.173095703125,4733500
2024-07-25,IEF,87.36714172363281,4335600
2024-07-26,IEF,87.78289794921875,5217500
2024-07-29,IEF,87.93073272705078,6165600
2024-07-30,IEF,88.1155014038086,4419200
2024-07-31,IEF,88.76224517822266,10982900
2024-08-01,IEF,89.14131927490234,10492600
2024-08-02,IEF,90.5221176147461,18286500
2024-08-05,IEF,90.61478424072266,19098200
2024-08-06,IEF,89.80855560302734,9507000
2024-08-07,IEF,89.48419952392578,8419700
2024-08-08,IEF,89.2154312133789,4856100
2024-08-09,IEF,89.57685089111328,5174900
2024-08-12,IEF,89.82707214355469,4166400
2024-08-13,IEF,90.22555541992188,6458700
2024-08-14,IEF,90.34602355957031,4275700
2024-08-15,IEF,89.78074645996094,5507000
2024-08-16,IEF,89.9568099975586,4437000
2024-08-19,IEF,90.07728576660156,4437600
2024-08-20,IEF,90.438720703125,4886000
2024-08-21,IEF,90.62406158447266,5386000
2024-08-22,IEF,90.20702362060547,4819500
2024-08-23,IEF,90.62406158447266,5475400
2024-08-26,IEF,90.5128402709961,3062400
2024-08-27,IEF,90.47576904296875,4433700
2024-08-28,IEF,90.42945861816406,8147000
2024-08-29,IEF,90.27190399169922,6199800
2024-08-30,IEF,89.9568099975586,4802600
2024-09-03,IEF,90.5498275756836,8232700
2024-09-04,IEF,91.0796127319336,9914900
2024-09-05,IEF,91.29340362548828,33635000
2024-09-06,IEF,91.42352294921875,17777600
2024-09-09,IEF,91.55364990234375,8532500
2024-09-10,IEF,91.94403839111328,7921400
2024-09-11,IEF,91.87896728515625,7286200
2024-09-12,IEF,91.730224609375,5929800
2024-09-13,IEF,91.9068832397461,5305500
2024-09-16,IEF,92.14852905273438,6666900
2024-09-17,IEF,91.9812240600586,7807000
2024-09-18,IEF,91.58153533935547,8584500
2024-09-19,IEF,91.50715637207031,16770800
2024-09-20,IEF,91.47930145263672,6580600
2024-09-23,IEF,91.42352294921875,7491700
2024-09-24,IEF,91.52574920654297,6580800
2024-09-25,IEF,91.15396118164062,10455100
2024-09-26,IEF,91.08890533447266,8026500
2024-09-27,IEF,91.451416015625,6207700
2024-09-30,IEF,91.2004623413086,8902400
2024-10-01,IEF,91.53229522705078,11665600
2024-10-02,IEF,91.27130126953125,7742100
2024-10-03,IEF,90.80521392822266,11556100
2024-10-04,IEF,89.9289321899414,8878300
2024-10-07,IEF,89.60267639160156,10152600
2024-10-08,IEF,89.67724609375,5975200
2024-10-09,IEF,89.34165954589844,6769200
2024-10-10,IEF,89.33233642578125,5959000
2024-10-11,IEF,89.36029052734375,5394100
2024-10-14,IEF,89.20182037353516,3850900
2024-10-15,IEF,89.65860748291016,7736900
2024-10-16,IEF,89.79844665527344,5041100
2024-10-17,IEF,89.33233642578125,5460200
2024-10-18,IEF,89.43486785888672,5174700
2024-10-21,IEF,88.74504089355469,6633600
2024-10-22,IEF,88.6611557006836,5433900
2024-10-23,IEF,88.4560546875,6914300
2024-10-24,IEF,88.65181732177734,5486300
2024-10-25,IEF,88.4560546875,6455300
2024-10-28,IEF,88.25098419189453,5447300
2024-10-29,IEF,88.28826904296875,8475400
2024-10-30,IEF,88.15776062011719,6341100
2024-10-31,IEF,88.11114501953125,8662900
2024-11-01,IEF,87.5893783569336,15659500
2024-11-04,IEF,88.05693817138672,8179300
2024-11-05,IEF,88.10369873046875,8118500
2024-11-06,IEF,87.1966323852539,15261400
2024-11-07,IEF,87.89794921875,15674000
2024-11-08,IEF,88.08499908447266,12335300
2024-11-11,IEF,87.84187316894531,3980000
2024-11-12,IEF,87.29015350341797,8037600
2024-11-13,IEF,87.23404693603516,6661800
2024-11-14,IEF,87.2247085571289,7510000
2024-11-15,IEF,87.26210021972656,16761500
2024-11-18,IEF,87.45846557617188,4788200
2024-11-19,IEF,87.64549255371094,4951500
2024-11-20,IEF,87.51458740234375,5752900
2024-11-21,IEF,87.46781921386719,5098200
2024-11-22,IEF,87.52394104003906,5373900
2024-11-25,IEF,88.46837615966797,7716000
2024-11-26,IEF,88.28134155273438,5093100
2024-11-27,IEF,88.63668060302734,5587600
2024-11-29,IEF,89.0107192993164,5136200
2024-12-02,IEF,89.00318908691406,5950600
2024-12-03,IEF,88.74995422363281,5364800
2024-12-04,IEF,89.08763122558594,5908800
2024-12-05,IEF,89.07823181152344,5210300
2024-12-06,IEF,89.35962677001953,6880200
2024-12-09,IEF,89.05011749267578,4303100
2024-12-10,IEF,88.89065551757812,3543400
2024-12-11,IEF,88.6280288696289,6452800
2024-12-12,IEF,88.29033660888672,4518000
2024-12-13,IEF,87.87763977050781,5230100
2024-12-16,IEF,87.9057846069336,4607600
2024-12-17,IEF,87.9057846069336,4881100
2024-12-18,IEF,87.22633361816406,11553900
2024-12-19,IEF,86.83110046386719,9273800
2024-12-20,IEF,87.15106201171875,6070900
2024-12-23,IEF,86.76522064208984,5954500
2024-12-24,IEF,86.8122787475586,3076100
2024-12-26,IEF,86.87815856933594,3703300
2024-12-27,IEF,86.65231323242188,3752500
2024-12-30,IEF,87.16046905517578,4797700
2024-12-31,IEF,87.00049591064453,5856000
2025-01-02,IEF,87.04755401611328,5034800
2025-01-03,IEF,86.90640258789062,2863700
2025-01-06,IEF,86.82170104980469,3894600
2025-01-07,IEF,86.42645263671875,5524400
2025-01-08,IEF,86.5770263671875,6402900
2025-01-10,IEF,85.94652557373047,8210900
2025-01-13,IEF,85.79595184326172,5094300
2025-01-14,IEF,85.82418060302734,4365500
2025-01-15,IEF,86.72756958007812,7846600
2025-01-16,IEF,86.93461608886719,7550900
2025-01-17,IEF,87.00049591064453,3912800
2025-01-21,IEF,87.29222106933594,4431300
2025-01-22,IEF,87.06637573242188,3656400
2025-01-23,IEF,86.84049224853516,4860900
2025-01-24,IEF,87.0193099975586,4468700
2025-01-27,IEF,87.58395385742188,4297100
2025-01-28,IEF,87.59337615966797,3906600
2025-01-29,IEF,87.48983001708984,4918400
2025-01-30,IEF,87.67806243896484,4365600
2025-01-31,IEF,87.5368881225586,6277400
2025-02-03,IEF,87.59919738769531,8294000
2025-02-04,IEF,87.81632995605469,6742300
2025-02-05,IEF,88.32612609863281,6576300
2025-02-06,IEF,88.22229766845703,5268500
2025-02-07,IEF,87.92962646484375,4565300
2025-02-10,IEF,87.91075134277344,3229100
2025-02-11,IEF,87.68415069580078,3379500
2025-02-12,IEF,87.07997131347656,7280200
2025-02-13,IEF,87.73136138916016,6121900
2025-02-14,IEF,88.09956359863281,5157900
2025-02-18,IEF,87.6275405883789,4484100
2025-02-19,IEF,87.76911163330078,4607000
2025-02-20,IEF,87.94852447509766,7545400
2025-02-21,IEF,88.46774291992188,6156500
2025-02-24,IEF,88.65655517578125,4109500
2025-02-25,IEF,89.35514831542969,7697100
2025-02-26,IEF,89.60062408447266,7379800
2025-02-27,IEF,89.49677276611328,5907900
2025-02-28,IEF,89.98767852783203,11831500
2025-03-03,IEF,90.3143081665039,9637400
2025-03-04,IEF,90.0302734375,12745500
2025-03-05,IEF,89.52847290039062,15590000
2025-03-06,IEF,89.48115539550781,9318900
2025-03-07,IEF,89.3675308227539,9210200
2025-03-10,IEF,89.99241638183594,7698500
2025-03-11,IEF,89.67050170898438,10408600
2025-03-12,IEF,89.4053955078125,7610300
2025-03-13,IEF,89.76518249511719,6902300
2025-03-14,IEF,89.45274353027344,4390900
2025-03-17,IEF,89.52847290039062,6734000
2025-03-18,IEF,89.63264465332031,8993300
2025-03-19,IEF,89.90721130371094,5854500
2025-03-20,IEF,90.03974914550781,4409100
2025-03-21,IEF,89.96400451660156,4919600
2025-03-24,IEF,89.44326782226562,4823500
2025-03-25,IEF,89.59475708007812,6825800
2025-03-26,IEF,89.38648986816406,8281700
2025-03-27,IEF,89.31069946289062,5085100
2025-03-28,IEF,90.0302734375,6224500
2025-03-31,IEF,90.29539489746094,13255800
2025-04-01,IEF,90.61262512207031,18128800
2025-04-02,IEF,90.52713775634766,7635900
2025-04-03,IEF,91.45797729492188,18188000
2025-04-04,IEF,91.71440124511719,27006500
2025-04-07,IEF,90.62213134765625,68670600
2025-04-08,IEF,90.16620635986328,19508000
2025-04-09,IEF,89.88126373291016,24170800
2025-04-10,IEF,89.32087707519531,12093800
2025-04-11,IEF,88.81745910644531,55446600
2025-04-14,IEF,89.52983856201172,12630900
2025-04-15,IEF,89.79578399658203,7708100
2025-04-16,IEF,90.18521118164062,8708400
2025-04-17,IEF,89.92874145507812,6987000
2025-04-21,IEF,89.44435119628906,4901300
2025-04-22,IEF,89.51084899902344,5233000
2025-04-23,IEF,89.60581970214844,8041300
2025-04-24,IEF,90.09021759033203,7308900
2025-04-25,IEF,90.43215942382812,5341300
2025-04-28,IEF,90.79307556152344,4950500
2025-04-29,IEF,91.10652923583984,5350200
2025-04-30,IEF,91.2490005493164,13923200
2025-05-01,IEF,90.85163116455078,13703300
2025-05-02,IEF,90.24175262451172,9331600
2025-05-05,IEF,90.07976531982422,10089400
2025-05-06,IEF,90.3084487915039,6081200
2025-05-07,IEF,90.54668426513672,9471100
2025-05-08,IEF,89.84153747558594,6409000
2025-05-09,IEF,89.90823364257812,3698700
2025-05-12,IEF,89.33649444580078,9483700
2025-05-13,IEF,89.26978302001953,13166800
2025-05-14,IEF,88.93626403808594,6994700
2025-05-15,IEF,89.5175552368164,9024900
2025-05-16,IEF,89.54613494873047,6819200
2025-05-19,IEF,89.49848175048828,11704900
2025-05-20,IEF,89.38414764404297,8929600
2025-05-21,IEF,88.76473236083984,11383500
2025-05-22,IEF,89.09825134277344,10981200
2025-05-23,IEF,89.35553741455078,9860700
2025-05-27,IEF,89.72718048095703,10834400
2025-05-28,IEF,89.47942352294922,8591500
2025-05-29,IEF,89.85108184814453,9679100
2025-05-30,IEF,90.11788940429688,10268600
2025-06-02,IEF,89.81195831298828,13341900
2025-06-03,IEF,89.72589874267578,8508900
2025-06-04,IEF,90.38558197021484,10115900
2025-06-05,IEF,90.11788940429688,8762800
2025-06-06,IEF,89.40084838867188,7624200
2025-06-09,IEF,89.56336975097656,6061200
2025-06-10,IEF,89.71633911132812,5579900
2025-06-11,IEF,90.0892105102539,6594900
2025-06-12,IEF,90.481201171875,7795400
2025-06-13,IEF,90.1465835571289,9195200
2025-06-16,IEF,89.88842010498047,7508400
2025-06-17,IEF,90.3282241821289,5285000
2025-06-18,IEF,90.38558197021484,6732400
2025-06-20,IEF,90.44293212890625,6261700
2025-06-23,IEF,90.75843811035156,9310300
2025-06-24,IEF,91.07393646240234,7694500
2025-06-25,IEF,91.1121826171875,6393300
2025-06-26,IEF,91.43724822998047,7131900
2025-06-27,IEF,91.19822692871094,8402400
2025-06-30,IEF,91.56151580810547,10542300
2025-07-01,IEF,91.39176177978516,10659800
2025-07-02,IEF,91.199951171875,6026200
2025-07-03,IEF,90.88345336914062,7398900
2025-07-07,IEF,90.59571838378906,8518600
2025-07-08,IEF,90.4614486694336,5282800
2025-07-09,IEF,90.93140411376953,6900800
2025-07-10,IEF,90.88345336914062,4451900
2025-07-11,IEF,90.4614486694336,6004300
2025-07-14,IEF,90.423095703125,5101600
2025-07-15,IEF,90.0682144165039,5628100
2025-07-16,IEF,90.31758117675781,12786300
2025-07-17,IEF,90.288818359375,4747200
2025-07-18,IEF,90.5381851196289,4035000
2025-07-21,IEF,90.85466766357422,5232300
2025-07-22,IEF,91.11363220214844,6098000
2025-07-23,IEF,90.78753662109375,5074000
2025-07-24,IEF,90.65325164794922,5867400
2025-07-25,IEF,90.8642578125,3614000
2025-07-28,IEF,90.66285705566406,5073200
2025-07-29,IEF,91.25749206542969,7864000
2025-07-30,IEF,90.94098663330078,7425600
2025-07-31,IEF,91.01773834228516,10411800
2025-08-01,IEF,92.06558990478516,11870100
2025-08-04,IEF,92.19066619873047,8449500
2025-08-05,IEF,92.12332153320312,8218700
2025-08-06,IEF,92.05596160888672,10107500
2025-08-07,IEF,91.98860931396484,5725900
2025-08-08,IEF,91.77692413330078,5623800
2025-08-11,IEF,91.80580139160156,4920200
2025-08-12,IEF,91.78653717041016,6724600
2025-08-13,IEF,92.11371612548828,5925200
2025-08-14,IEF,91.81541442871094,5527500
2025-08-15,IEF,91.63258361816406,7428500
2025-08-18,IEF,91.54598236083984,9669600
2025-08-19,IEF,91.77692413330078,6499300
2025-08-20,IEF,91.91162872314453,6270700
2025-08-21,IEF,91.6422119140625,5351300
2025-08-22,IEF,92.15217590332031,10867700
2025-08-25,IEF,91.96937561035156,9936400
2025-08-26,IEF,92.20993041992188,5871200
2025-08-27,IEF,92.38312530517578,5222800
2025-08-28,IEF,92.59481811523438,6544700
2025-08-29,IEF,92.51782989501953,6818900
2025-09-02,IEF,92.24175262451172,8623200
2025-09-03,IEF,92.56031036376953,7586100
2025-09-04,IEF,92.97542572021484,6395300
2025-09-05,IEF,93.42915344238281,9566300
2025-09-08,IEF,93.71875762939453,7599600
2025-09-09,IEF,93.49671936035156,8223100
2025-09-10,IEF,93.74771881103516,8864500
2025-09-11,IEF,93.89253997802734,8554300
2025-09-12,IEF,93.62223052978516,36502700
2025-09-15,IEF,93.77667999267578,4990100
2025-09-16,IEF,93.8346176147461,5847700
2025-09-17,IEF,93.63187408447266,10701700
2025-09-18,IEF,93.32295989990234,7589200
2025-09-19,IEF,93.28434753417969,5528800
2025-09-22,IEF,93.12987518310547,5282700
2025-09-23,IEF,93.3905258178711,7077500
2025-09-24,IEF,93.13953399658203,5419700
2025-09-25,IEF,92.93679809570312,6517500
2025-09-26,IEF,92.88853454589844,7295300
2025-09-29,IEF,93.15884399414062,6357500
2025-09-30,IEF,93.12023162841797,9257800
2025-10-01,IEF,93.43396759033203,8347000
2025-10-02,IEF,93.53079223632812,9420600
2025-10-03,IEF,93.34681701660156,5154300
2025-10-06,IEF,93.07569122314453,6319600
2025-10-07,IEF,93.30809020996094,5119900
2025-10-08,IEF,93.32744598388672,5141900
2025-10-09,IEF,93.25967407226562,7130600
2025-10-10,IEF,93.84066009521484,10417700
2025-10-13,IEF,93.88907623291016,5607600
2025-10-14,IEF,94.13115692138672,7650600
2025-10-15,IEF,94.02464294433594,7769300
2025-10-16,IEF,94.46040344238281,11627200
2025-10-17,IEF,94.30545806884766,12491000
2025-10-20,IEF,94.43135070800781,10437800
2025-10-21,IEF,94.60562896728516,7642000
2025-10-22,IEF,94.62501525878906,6523500
2025-10-23,IEF,94.31513977050781,6138300
2025-10-24,IEF,94.40229797363281,7555200
2025-10-27,IEF,94.40229797363281,7272300
2025-10-28,IEF,94.48944091796875,5539600
2025-10-29,IEF,93.87939453125,11223300
2025-10-30,IEF,93.74382781982422,8958800
2025-10-31,IEF,93.78255462646484,9739900
2025-11-03,IEF,93.73788452148438,8012500
2025-11-04,IEF,93.85445404052734,6119000
2025-11-05,IEF,93.40762329101562,11749200
2025-11-06,IEF,93.88360595703125,7665000
2025-11-07,IEF,93.92243957519531,11460300
2025-11-10,IEF,93.7961654663086,9097300
2025-11-11,IEF,94.08758544921875,4937700
2025-11-12,IEF,94.10700988769531,7188200
2025-11-13,IEF,93.83502197265625,46965300
2025-11-14,IEF,93.67960357666016,11288500
2025-11-17,IEF,93.78645324707031,6648500
2025-11-18,IEF,93.94186401367188,8769000
2025-11-19,IEF,93.87387084960938,13075900
2025-11-20,IEF,94.0972900390625,9076400
2025-11-21,IEF,94.40813446044922,12551100
2025-11-24,IEF,94.5538330078125,6903900
2025-11-25,IEF,94.79667663574219,9193400
2025-11-26,IEF,94.87439727783203,7747100
2025-11-28,IEF,94.7092514038086,7798000
2025-12-01,IEF,94.20069885253906,9898100
2025-12-02,IEF,94.27862548828125,7317200
2025-12-03,IEF,94.4734878540039,6855100
2025-12-04,IEF,94.18120574951172,8928900
2025-12-05,IEF,93.98635864257812,9118700
2025-12-08,IEF,93.79151153564453,14728300
2025-12-09,IEF,93.65510559082031,8509200
2025-12-10,IEF,93.9571304321289,13356900
2025-12-11,IEF,93.96686553955078,8672800
2025-12-12,IEF,93.71356964111328,8348700
2025-12-15,IEF,93.79151153564453,6117000
2025-12-16,IEF,94.0545654296875,7456400
2025-12-17,IEF,94.03507232666016,5673200
2025-12-18,IEF,94.27862548828125,7357600
2025-12-19,IEF,94.0665283203125,5806600
2025-12-22,IEF,93.96878814697266,4672800
2025-12-23,IEF,93.9296875,5093900
2025-12-24,IEF,94.17405700683594,3967700
2025-12-26,IEF,94.26202392578125,3491500
2025-12-29,IEF,94.39884948730469,5034600
2025-12-30,IEF,94.30111694335938,4108600
2025-12-31,IEF,93.98834991455078,6802100
2026-01-02,IEF,93.91016387939453,6611800
2026-01-05,IEF,94.19359588623047,8693200
2026-01-06,IEF,94.12519073486328,12834100
2026-01-07,IEF,94.30111694335938,7990900
2026-01-08,IEF,94.01766204833984,6931700
2026-01-09,IEF,94.12519073486328,10277300
2026-01-12,IEF,94.00788116455078,6360600
2026-01-13,IEF,94.12519073486328,7622500
2026-01-14,IEF,94.3206558227539,7331200
2026-01-15,IEF,94.12519073486328,6172500
2026-01-16,IEF,93.76354217529297,11979300
2026-01-20,IEF,93.39212799072266,13607700
2026-01-21,IEF,93.636474609375,11969000
2026-01-22,IEF,93.626708984375,10209500
2026-01-23,IEF,93.78307342529297,8147500
2026-01-26,IEF,93.91990661621094,6803800
2026-01-27,IEF,93.81242370605469,9857200
2026-01-28,IEF,93.73421478271484,17032400
2026-01-29,IEF,93.83194732666016,11049100
2026-01-30,IEF,93.7733154296875,8238500
2026-02-02,IEF,93.58895874023438,8987100
2026-02-03,IEF,93.67720794677734,7313800
2026-02-04,IEF,93.65760803222656,7268600
2026-02-05,IEF,94.20674133300781,12086800
2026-02-06,IEF,94.20674133300781,7759900
2026-02-09,IEF,94.2263412475586,8165100
2026-02-10,IEF,94.63819885253906,9752300
2026-02-11,IEF,94.3734359741211,9106600
2026-02-12,IEF,94.95198822021484,13099900
2026-02-13,IEF,95.32463073730469,11681500
2026-02-17,IEF,95.31482696533203,8623800
2026-02-18,IEF,95.11869812011719,7778800
2026-02-19,IEF,95.20694732666016,4993000
2026-02-20,IEF,95.20694732666016,11200200
2026-02-23,IEF,95.55016326904297,9862900
2026-02-24,IEF,95.53056335449219,9493300
2026-02-25,IEF,95.45210266113281,8762700
2026-02-26,IEF,95.70706939697266,8177300
2026-02-27,IEF,96.0895004272461,9970300
2026-03-02,IEF,95.51222229003906,17709600
2026-03-03,IEF,95.4040298461914,13708500
2026-03-04,IEF,95.20734405517578,12535500
2026-03-05,IEF,94.91232299804688,12599700
2026-03-06,IEF,94.85330963134766,12758200
2026-03-09,IEF,95.14834594726562,12134400
2026-03-10,IEF,94.84346771240234,10571300
2026-03-11,IEF,94.41075897216797,12197600
2026-03-12,IEF,94.10588836669922,11401400
2026-03-13,IEF,94.00753784179688,11839700
2026-03-16,IEF,94.43042755126953,9092100
2026-03-17,IEF,94.59761047363281,7209700
2026-03-18,IEF,94.1648941040039,13048700
2026-03-19,IEF,94.15506744384766,18464600
2026-03-20,IEF,93.30929565429688,20761500
2026-03-23,IEF,93.60433197021484,28336300
2026-03-24,IEF,93.28963470458984,19785600
2026-03-25,IEF,93.7813491821289,15939200
2026-03-26,IEF,93.02409362792969,12897300
2026-03-27,IEF,93.03392791748047,11401900
2026-03-30,IEF,93.69283294677734,15430000
2026-03-31,IEF,93.86001586914062,18649700
2026-04-01,IEF,93.77812957763672,13557600
2026-04-02,IEF,93.99520874023438,13171300
2026-04-06,IEF,93.74852752685547,6104900
2026-04-07,IEF,93.98534393310547,6737500
2026-04-08,IEF,94.19255828857422,12107400
2026-04-09,IEF,94.16295623779297,11065900
2026-04-10,IEF,94.00507354736328,4404800
2026-04-13,IEF,94.21228790283203,4300200
2026-04-14,IEF,94.51817321777344,5239800
2026-04-15,IEF,94.31095886230469,5592900
2026-04-16,IEF,94.14321899414062,6618900
2026-04-17,IEF,94.65631103515625,6912900
2026-04-20,IEF,94.56751251220703,3868800
2026-04-21,IEF,94.15308380126953,4872900
2026-04-22,IEF,94.25175476074219,4121400
2026-04-23,IEF,94.10374450683594,6795600
2026-04-24,IEF,94.29122924804688,5490000
2026-04-27,IEF,94.07414245605469,4055500
2026-04-28,IEF,93.98534393310547,4867700
2026-04-29,IEF,93.54131317138672,7200300
2026-04-30,IEF,93.71892547607422,10382400
2026-05-01,IEF,93.79020690917969,5359200
2026-05-04,IEF,93.44371032714844,6593900
2026-05-05,IEF,93.58231353759766,11281600
2026-05-06,IEF,94.04759216308594,9031100
2026-05-07,IEF,93.76050567626953,5610100
2026-05-08,IEF,94.00800323486328,3215100
2026-05-11,IEF,93.69121551513672,4025400
2026-05-12,IEF,93.37442016601562,5686700
2026-05-13,IEF,93.37442016601562,3459200
2026-05-14,IEF,93.31501770019531,5167300
2026-05-15,IEF,92.57254791259766,12498700
2026-05-18,IEF,92.53294372558594,8422900
2026-05-19,IEF,92.17654418945312,10069800
2026-05-20,IEF,92.80023193359375,14892500
2026-05-21,IEF,92.85963439941406,7762000
2026-05-22,IEF,92.93882751464844,6321900
2026-05-26,IEF,93.33482360839844,5494400
2026-05-27,IEF,93.37442016601562,5958800
2026-05-28,IEF,93.59220886230469,5938300
2026-05-29,IEF,93.70111083984375,9639700
2026-06-01,IEF,93.53919982910156,8054100
2026-06-02,IEF,93.60873413085938,15426600
2026-06-03,IEF,93.3703384399414,7056500
2026-06-04,IEF,93.48954010009766,4417900
2026-06-05,IEF,92.99288940429688,9880800
2026-06-08,IEF,92.89354705810547,5352200
2026-06-09,IEF,93.15180969238281,8007300
2026-06-10,IEF,93.06242370605469,5804900
2026-06-11,IEF,93.70806121826172,11281600
2026-06-12,IEF,93.54914093017578,8861800
2026-06-15,IEF,93.64846801757812,3787600
2026-06-16,IEF,93.88685607910156,4675000
2026-06-17,IEF,93.39020538330078,11508300
2026-06-18,IEF,93.7279281616211,6836500
2026-06-22,IEF,93.3703384399414,4572200
2026-06-23,IEF,93.48954010009766,6504600
2026-06-24,IEF,94.095458984375,5179800
2026-06-25,IEF,94.1550521850586,5630500
2026-06-26,IEF,94.39344024658203,5584100
2026-06-29,IEF,94.42323303222656,5901500
2026-06-30,IEF,93.9365234375,8034000
2026-07-01,IEF,93.70830535888672,7890500
2026-07-02,IEF,93.79800415039062,7605500
2026-07-06,IEF,93.85779571533203,4600500
2026-07-07,IEF,93.37943267822266,5813600
2026-07-08,IEF,93.1900863647461,5509600
2026-07-09,IEF,93.38939666748047,3223100
2026-07-10,IEF,93.3096694946289,6507600
2026-07-13,IEF,92.97084045410156,5769700
2026-07-14,IEF,93.22994995117188,5315900
2026-07-15,IEF,93.45915985107422,6735500
2026-07-16,IEF,93.39936828613281,4841200
2026-07-17,IEF,93.51895141601562,7561300
2026-07-20,IEF,93.21998596191406,3784800
2026-07-21,IEF,92.99076843261719,2786200
2026-07-22,IEF,92.78148651123047,3428200
2026-07-23,IEF,92.53234100341797,5002200
2026-07-24,IEF,92.71172332763672,5092700
2026-07-27,IEF,92.96086883544922,4046300
2026-07-28,IEF,93.23991394042969,3320700
2026-07-29,IEF,92.85124969482422,5391000
2026-07-30,IEF,92.89111328125,3973000
2026-07-31,IEF,92.63199615478516,8490100
2026-08-03,IEF,92.81999969482422,5758500
2026-08-04,IEF,93.25,5461600
2026-08-05,IEF,93.30999755859375,5609200
2026-08-06,IEF,92.94999694824219,4831900
2026-08-07,IEF,93.16999816894531,55016600
2026-08-10,IEF,92.76000213623047,8610100
2026-08-11,IEF,92.87000274658203,5052200
2026-08-12,IEF,92.95999908447266,4810300
2026-08-13,IEF,93.30000305175781,7637900
2026-08-14,IEF,93.04000091552734,4659900
2026-08-17,IEF,92.83999633789062,4755400
2026-08-18,IEF,92.93000030517578,6312600
2026-08-19,IEF,93.37999725341797,7762300
2026-08-20,IEF,93.0,4956800
2026-08-21,IEF,92.81999969482422,4508700
2026-08-24,IEF,93.01000213623047,5809600
2026-08-25,IEF,93.51000213623047,7753500
2026-08-26,IEF,93.31999969482422,5671200
2016-01-04,SPY,169.4715576171875,222353500
2016-01-05,SPY,169.75820922851562,110845800
2016-01-06,SPY,167.61680603027344,152112600
2016-01-07,SPY,163.59544372558594,213436100
2016-01-08,SPY,161.7996826171875,209817200
2016-01-11,SPY,161.95986938476562,187941300
2016-01-12,SPY,163.2666778564453,172330500
2016-01-13,SPY,159.1946563720703,221168900
2016-01-14,SPY,161.80812072753906,240795600
2016-01-15,SPY,158.334716796875,324846400
2016-01-19,SPY,158.54547119140625,195244400
2016-01-20,SPY,156.5137481689453,286547800
2016-01-21,SPY,157.39047241210938,195772900
2016-01-22,SPY,160.61941528320312,168319600
2016-01-25,SPY,158.1914520263672,130371700
2016-01-26,SPY,160.34974670410156,141036800
2016-01-27,SPY,158.6044921875,185681700
2016-01-28,SPY,159.4307403564453,143798800
2016-01-29,SPY,163.31723022460938,210529300
2016-02-01,SPY,163.2582244873047,136061600
2016-02-02,SPY,160.31593322753906,182564900
2016-02-03,SPY,161.27703857421875,205054900
2016-02-04,SPY,161.5299530029297,139531800
2016-02-05,SPY,158.45277404785156,180788300
2016-02-08,SPY,156.31983947753906,191526700
2016-02-09,SPY,156.3282470703125,184513100
2016-02-10,SPY,156.19338989257812,148214100
2016-02-11,SPY,154.16160583496094,219058900
2016-02-12,SPY,157.33995056152344,127632400
2016-02-16,SPY,159.99559020996094,120250700
2016-02-17,SPY,162.6090545654297,136009500
2016-02-18,SPY,161.9430389404297,102343000
2016-02-19,SPY,161.86720275878906,114793000
2016-02-22,SPY,164.2108612060547,103640300
2016-02-23,SPY,162.13694763183594,111455300
2016-02-24,SPY,162.87884521484375,150812200
2016-02-25,SPY,164.85159301757812,110728300
2016-02-26,SPY,164.47222900390625,129833700
2016-02-29,SPY,163.18231201171875,125918100
2016-03-01,SPY,167.01821899414062,141799700
2016-03-02,SPY,167.7685546875,102415000
2016-03-03,SPY,168.42611694335938,95172200
2016-03-04,SPY,168.97415161132812,129293600
2016-03-07,SPY,169.1090545654297,100219000
2016-03-08,SPY,167.2626953125,123974900
2016-03-09,SPY,168.08895874023438,94801200
2016-03-10,SPY,168.22381591796875,156838700
2016-03-11,SPY,170.93846130371094,137964500
2016-03-14,SPY,170.7192840576172,73612000
2016-03-15,SPY,170.44105529785156,93169100
2016-03-16,SPY,171.427490234375,129303200
2016-03-17,SPY,172.51498413085938,134278500
2016-03-18,SPY,173.19293212890625,138372400
2016-03-21,SPY,173.43865966796875,72926700
2016-03-22,SPY,173.34542846679688,97471900
2016-03-23,SPY,172.20150756835938,81052500
2016-03-24,SPY,172.1251678466797,84360900
2016-03-28,SPY,172.2268524169922,62408200
2016-03-29,SPY,173.8199920654297,92922900
2016-03-30,SPY,174.5826873779297,86365300
2016-03-31,SPY,174.15890502929688,94584100
2016-04-01,SPY,175.34536743164062,114423500
2016-04-04,SPY,174.7775421142578,63497000
2016-04-05,SPY,173.03192138671875,99662200
2016-04-06,SPY,174.9216766357422,91839800
2016-04-07,SPY,172.82855224609375,113859000
2016-04-08,SPY,173.29458618164062,95040600
2016-04-11,SPY,172.8878631591797,83757500
2016-04-12,SPY,174.49794006347656,115350600
2016-04-13,SPY,176.26051330566406,96336400
2016-04-14,SPY,176.2689666748047,65212900
2016-04-15,SPY,176.07411193847656,75761600
2016-04-18,SPY,177.3113555908203,82531000
2016-04-19,SPY,177.87060546875,88316100
2016-04-20,SPY,178.04013061523438,81100300
2016-04-21,SPY,177.08253479003906,85695000
2016-04-22,SPY,177.08253479003906,99251700
2016-04-25,SPY,176.77745056152344,66166500
2016-04-26,SPY,177.0401153564453,75864200
2016-04-27,SPY,177.40452575683594,77329400
2016-04-28,SPY,175.79449462890625,97216200
2016-04-29,SPY,174.84535217285156,142424100
2016-05-02,SPY,176.23509216308594,62188000
2016-05-03,SPY,174.70130920410156,106422100
2016-05-04,SPY,173.72679138183594,92243800
2016-05-05,SPY,173.6929168701172,67619200
2016-05-06,SPY,174.3284454345703,89315000
2016-05-09,SPY,174.4724578857422,74374900
2016-05-10,SPY,176.64186096191406,77472200
2016-05-11,SPY,174.98941040039062,81727000
2016-05-12,SPY,175.04025268554688,89586300
2016-05-13,SPY,173.5149688720703,96474600
2016-05-16,SPY,175.22666931152344,77486800
2016-05-17,SPY,173.59117126464844,114924900
2016-05-18,SPY,173.64208984375,120062100
2016-05-19,SPY,173.0404052734375,115430500
2016-05-20,SPY,174.1334991455078,104990400
2016-05-23,SPY,173.89625549316406,58682600
2016-05-24,SPY,176.1503448486328,93537800
2016-05-25,SPY,177.34519958496094,76621400
2016-05-26,SPY,177.39601135253906,55280700
2016-05-27,SPY,178.15869140625,64211200
2016-05-31,SPY,177.8197784423828,109879400
2016-06-01,SPY,178.18411254882812,69936200
2016-06-02,SPY,178.7265167236328,63044700
2016-06-03,SPY,178.192626953125,101757100
2016-06-06,SPY,179.09934997558594,64887000
2016-06-07,SPY,179.37896728515625,60974800
2016-06-08,SPY,179.9636688232422,66170900
2016-06-09,SPY,179.7179412841797,73786900
2016-06-10,SPY,178.01466369628906,113829200
2016-06-13,SPY,176.64186096191406,117751200
2016-06-14,SPY,176.29437255859375,125059300
2016-06-15,SPY,176.04867553710938,109124500
2016-06-16,SPY,176.5740966796875,149533100
2016-06-17,SPY,175.9164276123047,117055700
2016-06-20,SPY,177.04942321777344,82789600
2016-06-21,SPY,177.5519256591797,72461700
2016-06-22,SPY,177.26231384277344,95560500
2016-06-23,SPY,179.5707550048828,102731400
2016-06-24,SPY,173.1225128173828,333444400
2016-06-27,SPY,170.02191162109375,230775800
2016-06-28,SPY,173.0884246826172,159382400
2016-06-29,SPY,176.03578186035156,137328600
2016-06-30,SPY,178.43785095214844,165021900
2016-07-01,SPY,178.81260681152344,106055300
2016-07-05,SPY,177.52638244628906,109803700
2016-07-06,SPY,178.59112548828125,96021500
2016-07-07,SPY,178.48037719726562,85593800
2016-07-08,SPY,181.1380615234375,133971000
2016-07-11,SPY,181.7769012451172,73633900
2016-07-12,SPY,183.09725952148438,101275600
2016-07-13,SPY,183.07168579101562,87324100
2016-07-14,SPY,184.09381103515625,91230900
2016-07-15,SPY,183.84683227539062,107155400
2016-07-18,SPY,184.34095764160156,58725900
2016-07-19,SPY,184.15350341796875,54345700
2016-07-20,SPY,184.9201202392578,58159500
2016-07-21,SPY,184.22166442871094,67777300
2016-07-22,SPY,185.04791259765625,62787500
2016-07-25,SPY,184.54534912109375,55873100
2016-07-26,SPY,184.63047790527344,70080500
2016-07-27,SPY,184.43458557128906,84083900
2016-07-28,SPY,184.6475830078125,65035700
2016-07-29,SPY,184.9456787109375,79519400
2016-08-01,SPY,184.79237365722656,73311400
2016-08-02,SPY,183.60836791992188,92295500
2016-08-03,SPY,184.14500427246094,53993600
2016-08-04,SPY,184.34095764160156,46585500
2016-08-05,SPY,185.84861755371094,71892200
2016-08-08,SPY,185.7378692626953,39906500
2016-08-09,SPY,185.84861755371094,51251700
2016-08-10,SPY,185.38861083984375,57941100
2016-08-11,SPY,186.24891662597656,72504300
2016-08-12,SPY,186.0871124267578,61313500
2016-08-15,SPY,186.62374877929688,49813500
2016-08-16,SPY,185.6612091064453,53213600
2016-08-17,SPY,186.01048278808594,75134300
2016-08-18,SPY,186.4278106689453,52989300
2016-08-19,SPY,186.1552734375,75443000
2016-08-22,SPY,186.14678955078125,61368800
2016-08-23,SPY,186.52159118652344,53399200
2016-08-24,SPY,185.56748962402344,71728900
2016-08-25,SPY,185.43971252441406,69224800
2016-08-26,SPY,185.09048461914062,122506300
2016-08-29,SPY,186.00196838378906,70502200
2016-08-30,SPY,185.69528198242188,58114500
2016-08-31,SPY,185.1671600341797,85269500
2016-09-01,SPY,185.1756591796875,97844200
2016-09-02,SPY,186.01048278808594,79293900
2016-09-06,SPY,186.57266235351562,56702100
2016-09-07,SPY,186.5556182861328,76554900
2016-09-08,SPY,186.12969970703125,74102900
2016-09-09,SPY,181.67469787597656,221589100
2016-09-12,SPY,184.28128051757812,168110900
2016-09-13,SPY,181.6321258544922,182828800
2016-09-14,SPY,181.5640106201172,134185500
2016-09-15,SPY,183.3782958984375,134427900
2016-09-16,SPY,182.66946411132812,155236400
2016-09-19,SPY,182.70375061035156,80250500
2016-09-20,SPY,182.71226501464844,69665300
2016-09-21,SPY,184.7669677734375,110284400
2016-09-22,SPY,185.93128967285156,76678700
2016-09-23,SPY,184.91253662109375,73630900
2016-09-26,SPY,183.414306640625,89827300
2016-09-27,SPY,184.5529327392578,78494800
2016-09-28,SPY,185.46900939941406,87411000
2016-09-29,SPY,183.791015625,128070600
2016-09-30,SPY,185.17788696289062,117202900
2016-10-03,SPY,184.73272705078125,83512100
2016-10-04,SPY,183.791015625,119948100
2016-10-05,SPY,184.60427856445312,72816000
2016-10-06,SPY,184.73272705078125,62927400
2016-10-07,SPY,184.0991668701172,89788300
2016-10-10,SPY,185.05810546875,51855000
2016-10-11,SPY,182.72080993652344,130367400
2016-10-12,SPY,182.9605712890625,73866100
2016-10-13,SPY,182.36129760742188,101357000
2016-10-14,SPY,182.4554443359375,93346200
2016-10-17,SPY,181.82196044921875,58275700
2016-10-18,SPY,182.9605712890625,76869700
2016-10-19,SPY,183.4485321044922,66519200
2016-10-20,SPY,183.10614013671875,73639800
2016-10-21,SPY,183.19171142578125,89089100
2016-10-24,SPY,183.97079467773438,60146600
2016-10-25,SPY,183.3543701171875,66542300
2016-10-26,SPY,182.9862518310547,75705500
2016-10-27,SPY,182.49830627441406,77220200
2016-10-28,SPY,181.95892333984375,140623200
2016-10-31,SPY,181.9674530029297,61272500
2016-11-01,SPY,180.64903259277344,122781800
2016-11-02,SPY,179.56178283691406,103330800
2016-11-03,SPY,178.7399139404297,88939300
2016-11-04,SPY,178.54298400878906,109122100
2016-11-07,SPY,182.48117065429688,109794900
2016-11-08,SPY,183.30300903320312,106772100
2016-11-09,SPY,185.24639892578125,258429000
2016-11-10,SPY,185.70864868164062,172113300
2016-11-11,SPY,185.28060913085938,100552700
2016-11-14,SPY,185.42616271972656,94580000
2016-11-15,SPY,186.873046875,91652600
2016-11-16,SPY,186.5220184326172,65617700
2016-11-17,SPY,187.48081970214844,69797200
2016-11-18,SPY,187.06134033203125,86265800
2016-11-21,SPY,188.4739227294922,72402600
2016-11-22,SPY,188.8420867919922,67429000
2016-11-23,SPY,188.94480895996094,56620200
2016-11-25,SPY,189.6468048095703,37872300
2016-11-28,SPY,188.7564697265625,76572500
2016-11-29,SPY,189.1245880126953,69886700
2016-11-30,SPY,188.6708526611328,113291800
2016-12-01,SPY,187.97743225097656,79040500
2016-12-02,SPY,188.07156372070312,74840300
2016-12-05,SPY,189.20164489746094,67837800
2016-12-06,SPY,189.80093383789062,59877400
2016-12-07,SPY,192.2836151123047,110738100
2016-12-08,SPY,192.75453186035156,99714400
2016-12-09,SPY,193.91888427734375,88005800
2016-12-12,SPY,193.6962432861328,102016100
2016-12-13,SPY,194.989013671875,110477500
2016-12-14,SPY,193.37948608398438,142501800
2016-12-15,SPY,194.1757354736328,124972600
2016-12-16,SPY,193.7958984375,156420200
2016-12-19,SPY,194.21786499023438,90341100
2016-12-20,SPY,194.96710205078125,89838800
2016-12-21,SPY,194.4246063232422,67909000
2016-12-22,SPY,194.08872985839844,56219100
2016-12-23,SPY,194.3728485107422,36697800
2016-12-27,SPY,194.85511779785156,42672500
2016-12-28,SPY,193.24478149414062,64095000
2016-12-29,SPY,193.2017822265625,48696100
2016-12-30,SPY,192.49554443359375,108998300
2017-01-03,SPY,193.96817016601562,91366500
2017-01-04,SPY,195.12208557128906,78744400
2017-01-05,SPY,194.96710205078125,78379000
2017-01-06,SPY,195.66461181640625,71559900
2017-01-09,SPY,195.01878356933594,46939700
2017-01-10,SPY,195.01878356933594,63771900
2017-01-11,SPY,195.56996154785156,74650000
2017-01-12,SPY,195.07904052734375,72113200
2017-01-13,SPY,195.52685546875,62717900
2017-01-17,SPY,194.83790588378906,61240800
2017-01-18,SPY,195.2685089111328,54793300
2017-01-19,SPY,194.545166015625,66608800
2017-01-20,SPY,195.2598876953125,129168600
2017-01-23,SPY,194.75177001953125,75061600
2017-01-24,SPY,196.00051879882812,95555300
2017-01-25,SPY,197.69696044921875,84437700
2017-01-26,SPY,197.49029541015625,59970700
2017-01-27,SPY,197.18023681640625,59711100
2017-01-30,SPY,195.95742797851562,79737300
2017-01-31,SPY,195.940185546875,75880800
2017-02-01,SPY,196.01773071289062,79117700
2017-02-02,SPY,196.1468963623047,69657600
2017-02-03,SPY,197.4989013671875,80563200
2017-02-06,SPY,197.14584350585938,57790100
2017-02-07,SPY,197.15444946289062,57931200
2017-02-08,SPY,197.41281127929688,51566200
2017-02-09,SPY,198.5839385986328,65955200
2017-02-10,SPY,199.36761474609375,66015900
2017-02-13,SPY,200.4526824951172,55182100
2017-02-14,SPY,201.25357055664062,71109000
2017-02-15,SPY,202.30421447753906,86785800
2017-02-16,SPY,202.13201904296875,84722400
2017-02-17,SPY,202.4505615234375,77204100
2017-02-21,SPY,203.65623474121094,88946100
2017-02-22,SPY,203.4753875732422,62115200
2017-02-23,SPY,203.61318969726562,74615900
2017-02-24,SPY,203.87149047851562,82381600
2017-02-27,SPY,204.1901397705078,56515400
2017-02-28,SPY,203.63900756835938,96961900
2017-03-01,SPY,206.48944091796875,149158200
2017-03-02,SPY,205.18911743164062,70246000
2017-03-03,SPY,205.31820678710938,81974300
2017-03-06,SPY,204.70687866210938,55391500
2017-03-07,SPY,204.09544372558594,65103700
2017-03-08,SPY,203.71652221679688,78168800
2017-03-09,SPY,203.97479248046875,90683900
2017-03-10,SPY,204.68960571289062,81991700
2017-03-13,SPY,204.7930145263672,57256800
2017-03-14,SPY,204.00929260253906,59880800
2017-03-15,SPY,205.774658203125,96081800
2017-03-16,SPY,205.36993408203125,78344000
2017-03-17,SPY,205.00927734375,89002100
2017-03-20,SPY,204.78436279296875,52537000
2017-03-21,SPY,202.1550750732422,131809300
2017-03-22,SPY,202.6307373046875,97569200
2017-03-23,SPY,202.41458129882812,100410300
2017-03-24,SPY,202.26748657226562,112504900
2017-03-27,SPY,202.05990600585938,87454500
2017-03-28,SPY,203.5302734375,93483900
2017-03-29,SPY,203.72059631347656,61950400
2017-03-30,SPY,204.3692169189453,56737900
2017-03-31,SPY,203.89352416992188,73733100
2017-04-03,SPY,203.5389404296875,85546500
2017-04-04,SPY,203.6686248779297,56466200
2017-04-05,SPY,203.06317138671875,108800600
2017-04-06,SPY,203.634033203125,69135800
2017-04-07,SPY,203.42648315429688,74412300
2017-04-10,SPY,203.54759216308594,67615300
2017-04-11,SPY,203.305419921875,88045300
2017-04-12,SPY,202.41458129882812,81864400
2017-04-13,SPY,201.09986877441406,92880400
2017-04-17,SPY,202.881591796875,68405400
2017-04-18,SPY,202.2761993408203,83225800
2017-04-19,SPY,201.9042205810547,68699900
2017-04-20,SPY,203.54759216308594,92572200
2017-04-21,SPY,202.89894104003906,110389800
2017-04-24,SPY,205.13034057617188,119209900
2017-04-25,SPY,206.3239288330078,76698300
2017-04-26,SPY,206.1941680908203,84702500
2017-04-27,SPY,206.36721801757812,57410300
2017-04-28,SPY,205.91741943359375,63532800
2017-05-01,SPY,206.4363555908203,66882500
2017-05-02,SPY,206.5142364501953,57375700
2017-05-03,SPY,206.2633819580078,73137700
2017-05-04,SPY,206.5055389404297,61462700
2017-05-05,SPY,207.3185577392578,62001300
2017-05-08,SPY,207.28396606445312,48385700
2017-05-09,SPY,207.0937042236328,51363200
2017-05-10,SPY,207.46559143066406,54293800
2017-05-11,SPY,207.0418243408203,62358300
2017-05-12,SPY,206.69581604003906,53912700
2017-05-15,SPY,207.8375244140625,61918900
2017-05-16,SPY,207.647216796875,51241800
2017-05-17,SPY,203.96266174316406,172174100
2017-05-18,SPY,204.78436279296875,107047700
2017-05-19,SPY,206.11634826660156,115011400
2017-05-22,SPY,207.1629180908203,61010600
2017-05-23,SPY,207.62130737304688,48341700
2017-05-24,SPY,208.1056365966797,46927700
2017-05-25,SPY,209.10031127929688,64071700
2017-05-26,SPY,209.05706787109375,46629900
2017-05-30,SPY,208.8754119873047,35201900
2017-05-31,SPY,208.82351684570312,91796000
2017-06-01,SPY,210.484130859375,68962000
2017-06-02,SPY,211.18470764160156,88666100
2017-06-05,SPY,211.02902221679688,44698800
2017-06-06,SPY,210.35440063476562,50375400
2017-06-07,SPY,210.7435760498047,54144300
2017-06-08,SPY,210.847412109375,65950700
2017-06-09,SPY,210.5273895263672,132256400
2017-06-12,SPY,210.484130859375,86108100
2017-06-13,SPY,211.51333618164062,60067000
2017-06-14,SPY,211.24522399902344,78602300
2017-06-15,SPY,210.83877563476562,66464900
2017-06-16,SPY,210.8848419189453,84553100
2017-06-19,SPY,212.64044189453125,65123800
2017-06-20,SPY,211.20640563964844,56906400
2017-06-21,SPY,211.15420532226562,55977600
2017-06-22,SPY,211.0586395263672,44148100
2017-06-23,SPY,211.3106689453125,66986800
2017-06-26,SPY,211.44970703125,56700500
2017-06-27,SPY,209.74624633789062,82247700
2017-06-28,SPY,211.6235809326172,70042600
2017-06-29,SPY,209.7636260986328,106949700
2017-06-30,SPY,210.15475463867188,86820700
2017-07-03,SPY,210.5111083984375,39153800
2017-07-05,SPY,210.9978485107422,54427600
2017-07-06,SPY,209.0683135986328,65400800
2017-07-07,SPY,210.4241485595703,57972300
2017-07-10,SPY,210.650146484375,36663300
2017-07-11,SPY,210.4936981201172,50354600
2017-07-12,SPY,212.07550048828125,59610400
2017-07-13,SPY,212.43185424804688,39471600
2017-07-14,SPY,213.4226531982422,60262700
2017-07-17,SPY,213.39657592773438,33531900
2017-07-18,SPY,213.50953674316406,42742500
2017-07-19,SPY,214.66552734375,51034300
2017-07-20,SPY,214.76112365722656,47135200
2017-07-21,SPY,214.56988525390625,82340800
2017-07-24,SPY,214.5177764892578,46622300
2017-07-25,SPY,215.03924560546875,54915600
2017-07-26,SPY,215.04791259765625,47575400
2017-07-27,SPY,214.8480224609375,70766600
2017-07-28,SPY,214.595947265625,50088400
2017-07-31,SPY,214.47433471679688,65838700
2017-08-01,SPY,214.9523162841797,55050400
2017-08-02,SPY,215.05661010742188,47211200
2017-08-03,SPY,214.63943481445312,40856000
2017-08-04,SPY,215.0305938720703,60191800
2017-08-07,SPY,215.43032836914062,31995000
2017-08-08,SPY,214.900146484375,61719400
2017-08-09,SPY,214.89146423339844,62632600
2017-08-10,SPY,211.8582305908203,120479500
2017-08-11,SPY,212.17112731933594,74869900
2017-08-14,SPY,214.2744140625,73291900
2017-08-15,SPY,214.2483367919922,55242700
2017-08-16,SPY,214.62208557128906,56715500
2017-08-17,SPY,211.2759552001953,128490400
2017-08-18,SPY,210.94566345214844,136748000
2017-08-21,SPY,211.11077880859375,65469700
2017-08-22,SPY,213.31838989257812,63140100
2017-08-23,SPY,212.55349731445312,50203800
2017-08-24,SPY,212.05816650390625,50741700
2017-08-25,SPY,212.55349731445312,64445900
2017-08-28,SPY,212.5622100830078,40565600
2017-08-29,SPY,212.80557250976562,51135700
2017-08-30,SPY,213.8137664794922,62030800
2017-08-31,SPY,215.10011291503906,103803900
2017-09-01,SPY,215.40431213378906,62007000
2017-09-05,SPY,213.85714721679688,91398800
2017-09-06,SPY,214.5872802734375,57916900
2017-09-07,SPY,214.56117248535156,58034700
2017-09-08,SPY,214.3091583251953,63832800
2017-09-11,SPY,216.594970703125,71364800
2017-09-12,SPY,217.3250274658203,56896000
2017-09-13,SPY,217.42935180664062,59228000
2017-09-14,SPY,217.3598175048828,95446300
2017-09-15,SPY,217.6524200439453,95432400
2017-09-18,SPY,218.1152801513672,46235200
2017-09-19,SPY,218.33370971679688,47108100
2017-09-20,SPY,218.41229248046875,59574100
2017-09-21,SPY,217.8271026611328,48211400
2017-09-22,SPY,217.8707733154297,51214000
2017-09-25,SPY,217.4253692626953,57064400
2017-09-26,SPY,217.55633544921875,54082000
2017-09-27,SPY,218.40353393554688,81001400
2017-09-28,SPY,218.66555786132812,44778800
2017-09-29,SPY,219.43423461914062,85578000
2017-10-02,SPY,220.3862762451172,59023000
2017-10-03,SPY,220.85794067382812,66810200
2017-10-04,SPY,221.1199493408203,55953600
2017-10-05,SPY,222.43016052246094,63522800
2017-10-06,SPY,222.17684936523438,80646000
2017-10-09,SPY,221.8099822998047,35803100
2017-10-10,SPY,222.39515686035156,43057400
2017-10-11,SPY,222.74459838867188,47674300
2017-10-12,SPY,222.41268920898438,47065100
2017-10-13,SPY,222.6833953857422,54800400
2017-10-16,SPY,222.98037719726562,38221700
2017-10-17,SPY,223.13766479492188,31561000
2017-10-18,SPY,223.3560028076172,40888300
2017-10-19,SPY,223.41714477539062,61903800
2017-10-20,SPY,224.57003784179688,89176400
2017-10-23,SPY,223.6965789794922,63915300
2017-10-24,SPY,224.0896453857422,66935900
2017-10-25,SPY,222.98037719726562,103715300
2017-10-26,SPY,223.26861572265625,69798000
2017-10-27,SPY,225.0941162109375,85562500
2017-10-30,SPY,224.25563049316406,54285700
2017-10-31,SPY,224.60494995117188,60304800
2017-11-01,SPY,224.9019775390625,54202700
2017-11-02,SPY,224.9893035888672,56449500
2017-11-03,SPY,225.74041748046875,59589700
2017-11-06,SPY,226.08984375,49652600
2017-11-07,SPY,225.93264770507812,57502200
2017-11-08,SPY,226.31692504882812,50469600
2017-11-09,SPY,225.4958953857422,95085500
2017-11-10,SPY,225.4260711669922,59984700
2017-11-13,SPY,225.63565063476562,50228600
2017-11-14,SPY,225.11158752441406,61315200
2017-11-15,SPY,223.98484802246094,80811500
2017-11-16,SPY,225.8889617919922,67777000
2017-11-17,SPY,225.22509765625,75756800
2017-11-20,SPY,225.6094512939453,48075500
2017-11-21,SPY,227.08551025390625,69176800
2017-11-22,SPY,226.8847198486328,45033400
2017-11-24,SPY,227.40872192382812,27856500
2017-11-27,SPY,227.29519653320312,52274900
2017-11-28,SPY,229.60108947753906,98971700
2017-11-29,SPY,229.4613037109375,77512100
2017-11-30,SPY,231.47023010253906,127894400
2017-12-01,SPY,230.98977661132812,164390900
2017-12-04,SPY,230.71031188964844,94040600
2017-12-05,SPY,229.8805389404297,77994500
2017-12-06,SPY,229.92420959472656,75898600
2017-12-07,SPY,230.6492156982422,77218600
2017-12-08,SPY,231.90695190429688,76563900
2017-12-11,SPY,232.60568237304688,83077500
2017-12-12,SPY,233.0161895751953,85195800
2017-12-13,SPY,232.99002075195312,102905400
2017-12-14,SPY,232.0379638671875,100666700
2017-12-15,SPY,233.97019958496094,144610300
2017-12-18,SPY,235.4539337158203,83653600
2017-12-19,SPY,234.54962158203125,82382900
2017-12-20,SPY,234.4267578125,76751500
2017-12-21,SPY,234.9095458984375,67032300
2017-12-22,SPY,234.84814453125,78720900
2017-12-26,SPY,234.56719970703125,45244400
2017-12-27,SPY,234.68130493164062,57751000
2017-12-28,SPY,235.16419982910156,45116100
2017-12-29,SPY,234.27752685546875,96007400
2018-01-02,SPY,235.95428466796875,86655700
2018-01-03,SPY,237.44671630859375,90070400
2018-01-04,SPY,238.4474639892578,80636400
2018-01-05,SPY,240.03662109375,83524000
2018-01-08,SPY,240.47552490234375,57319200
2018-01-09,SPY,241.01980590820312,57254000
2018-01-10,SPY,240.6511688232422,69574300
2018-01-11,SPY,242.4068603515625,62361500
2018-01-12,SPY,243.98709106445312,90816100
2018-01-16,SPY,243.15309143066406,106555100
2018-01-17,SPY,245.47085571289062,113258800
2018-01-18,SPY,245.0581512451172,100728000
2018-01-19,SPY,246.17308044433594,140920100
2018-01-22,SPY,248.1747283935547,91322400
2018-01-23,SPY,248.70143127441406,97084700
2018-01-24,SPY,248.60494995117188,134816100
2018-01-25,SPY,248.7101593017578,84587300
2018-01-26,SPY,251.58969116210938,107743100
2018-01-29,SPY,249.92181396484375,90118300
2018-01-30,SPY,247.35826110839844,131796400
2018-01-31,SPY,247.4810791015625,108364800
2018-02-01,SPY,247.20018005371094,90102500
2018-02-02,SPY,241.81871032714844,173174800
2018-02-05,SPY,231.70523071289062,294681800
2018-02-06,SPY,236.2703857421875,355026800
2018-02-07,SPY,234.98861694335938,167376100
2018-02-08,SPY,226.1744384765625,246449500
2018-02-09,SPY,229.57186889648438,283565300
2018-02-12,SPY,232.94314575195312,143736000
2018-02-13,SPY,233.5225067138672,81223600
2018-02-14,SPY,236.67416381835938,120735700
2018-02-15,SPY,239.69415283203125,111200300
2018-02-16,SPY,239.76438903808594,160420100
2018-02-20,SPY,238.2631378173828,86369700
2018-02-21,SPY,237.07803344726562,98883700
2018-02-22,SPY,237.3852996826172,110511300
2018-02-23,SPY,241.16903686523438,92766400
2018-02-26,SPY,243.9695587158203,86491400
2018-02-27,SPY,240.92323303222656,99099200
2018-02-28,SPY,238.48265075683594,121907800
2018-03-01,SPY,235.01495361328125,176855100
2018-03-02,SPY,236.2263946533203,139083200
2018-03-05,SPY,238.95675659179688,97307400
2018-03-06,SPY,239.56248474121094,79213200
2018-03-07,SPY,239.4747314453125,87063500
2018-03-08,SPY,240.633544921875,66901200
2018-03-09,SPY,244.82107543945312,113625300
2018-03-12,SPY,244.51377868652344,71924800
2018-03-13,SPY,242.93370056152344,91968900
2018-03-14,SPY,241.68699645996094,105895100
2018-03-15,SPY,241.42359924316406,83433000
2018-03-16,SPY,241.68540954589844,100343700
2018-03-19,SPY,238.41539001464844,109208400
2018-03-20,SPY,238.8208770751953,59757300
2018-03-21,SPY,238.36248779296875,78709600
2018-03-22,SPY,232.40411376953125,148785900
2018-03-23,SPY,227.45053100585938,183534800
2018-03-26,SPY,233.6732635498047,141956100
2018-03-27,SPY,229.69813537597656,129941400
2018-03-28,SPY,229.01943969726562,146452300
2018-03-29,SPY,231.9457244873047,111601600
2018-04-02,SPY,226.9392547607422,186286300
2018-04-03,SPY,229.84796142578125,119956900
2018-04-04,SPY,232.3070831298828,123715300
2018-04-05,SPY,234.14048767089844,82652600
2018-04-06,SPY,228.92245483398438,179521200
2018-04-09,SPY,230.0506134033203,105442900
2018-04-10,SPY,233.70852661132812,103529000
2018-04-11,SPY,232.48342895507812,91140200
2018-04-12,SPY,234.39608764648438,68890500
2018-04-13,SPY,233.70852661132812,85079200
2018-04-16,SPY,235.6300506591797,63405300
2018-04-17,SPY,238.15093994140625,64682000
2018-04-18,SPY,238.3271484375,57303900
2018-04-19,SPY,237.00515747070312,77655900
2018-04-20,SPY,234.9954376220703,99953100
2018-04-23,SPY,234.9601593017578,65558000
2018-04-24,SPY,231.79592895507812,112885500
2018-04-25,SPY,232.36880493164062,103840900
2018-04-26,SPY,234.7310333251953,67731900
2018-04-27,SPY,234.95138549804688,57053600
2018-04-30,SPY,233.14450073242188,82182300
2018-05-01,SPY,233.55873107910156,74203400
2018-05-02,SPY,231.98977661132812,86368900
2018-05-03,SPY,231.478515625,136311500
2018-05-04,SPY,234.47535705566406,91222100
2018-05-07,SPY,235.26870727539062,55304900
2018-05-08,SPY,235.26870727539062,67499200
2018-05-09,SPY,237.5427703857422,59666100
2018-05-10,SPY,239.7638702392578,72063900
2018-05-11,SPY,240.49542236328125,59871500
2018-05-14,SPY,240.610107421875,54790600
2018-05-15,SPY,238.9530029296875,87036100
2018-05-16,SPY,239.9578399658203,53942600
2018-05-17,SPY,239.7552032470703,56536400
2018-05-18,SPY,239.15573120117188,64368000
2018-05-21,SPY,240.9538116455078,58025900
2018-05-22,SPY,240.2839813232422,52966400
2018-05-23,SPY,240.94497680664062,64694200
2018-05-24,SPY,240.45143127441406,76043800
2018-05-25,SPY,239.87852478027344,56374800
2018-05-29,SPY,237.1196746826172,115908600
2018-05-30,SPY,240.2839813232422,69678400
2018-05-31,SPY,238.81195068359375,93519900
2018-06-01,SPY,241.1565704345703,71258400
2018-06-04,SPY,242.30247497558594,45385200
2018-06-05,SPY,242.4786834716797,51135000
2018-06-06,SPY,244.5059356689453,62732200
2018-06-07,SPY,244.4794921875,72969400
2018-06-08,SPY,245.2023468017578,72139700
2018-06-11,SPY,245.5283660888672,58892500
2018-06-12,SPY,245.8456573486328,72329000
2018-06-13,SPY,245.06126403808594,79070600
2018-06-14,SPY,245.67822265625,77097600
2018-06-15,SPY,245.36485290527344,120041600
2018-06-18,SPY,244.86016845703125,52917600
2018-06-19,SPY,243.921630859375,97531500
2018-06-20,SPY,244.3377227783203,53785500
2018-06-21,SPY,242.8060302734375,71061400
2018-06-22,SPY,243.24879455566406,54898500
2018-06-25,SPY,239.93753051757812,137854200
2018-06-26,SPY,240.46868896484375,68547400
2018-06-27,SPY,238.47662353515625,105110700
2018-06-28,SPY,239.840087890625,76650500
2018-06-29,SPY,240.18531799316406,97592500
2018-07-02,SPY,240.69883728027344,63554800
2018-07-03,SPY,239.84893798828125,42187100
2018-07-05,SPY,241.80560302734375,56925900
2018-07-06,SPY,243.85084533691406,66493700
2018-07-09,SPY,246.0465545654297,50550400
2018-07-10,SPY,246.931884765625,51966800
2018-07-11,SPY,245.1257781982422,77054700
2018-07-12,SPY,247.34811401367188,60124700
2018-07-13,SPY,247.5428924560547,48216000
2018-07-16,SPY,247.32151794433594,48201000
2018-07-17,SPY,248.32196044921875,52315500
2018-07-18,SPY,248.8443603515625,44593500
2018-07-19,SPY,247.9058380126953,61412100
2018-07-20,SPY,247.62252807617188,82337700
2018-07-23,SPY,248.08297729492188,47047600
2018-07-24,SPY,249.33132934570312,68026900
2018-07-25,SPY,251.45623779296875,78882900
2018-07-26,SPY,250.86306762695312,57919500
2018-07-27,SPY,249.1631317138672,76768700
2018-07-30,SPY,247.8616485595703,63742500
2018-07-31,SPY,249.0834197998047,68570500
2018-08-01,SPY,248.66726684570312,53853300
2018-08-02,SPY,250.0219268798828,63426400
2018-08-03,SPY,251.09323120117188,53935400
2018-08-06,SPY,252.0140380859375,39400900
2018-08-07,SPY,252.84625244140625,43196600
2018-08-08,SPY,252.74000549316406,42114600
2018-08-09,SPY,252.3947296142578,35717000
2018-08-10,SPY,250.70362854003906,77076000
2018-08-13,SPY,249.7650909423828,65732900
2018-08-14,SPY,251.35887145996094,43842000
2018-08-15,SPY,249.48187255859375,102925400
2018-08-16,SPY,251.50051879882812,69967900
2018-08-17,SPY,252.38583374023438,65618500
2018-08-20,SPY,252.9259796142578,39807500
2018-08-21,SPY,253.51918029785156,67272000
2018-08-22,SPY,253.36874389648438,44993300
2018-08-23,SPY,253.0321044921875,49204900
2018-08-24,SPY,254.55503845214844,57487400
2018-08-27,SPY,256.5648498535156,57072400
2018-08-28,SPY,256.6888732910156,46943500
2018-08-29,SPY,258.070068359375,61485500
2018-08-30,SPY,257.0252380371094,61229500
2018-08-31,SPY,257.0340576171875,66140800
2018-09-04,SPY,256.5914611816406,57594400
2018-09-05,SPY,255.90081787109375,72452400
2018-09-06,SPY,255.13050842285156,65909900
2018-09-07,SPY,254.63475036621094,73524800
2018-09-10,SPY,255.07742309570312,50210900
2018-09-11,SPY,255.9185028076172,50530500
2018-09-12,SPY,255.98057556152344,59810800
2018-09-13,SPY,257.49456787109375,51034200
2018-09-14,SPY,257.5387878417969,55079900
2018-09-17,SPY,256.1753234863281,68244000
2018-09-18,SPY,257.5653991699219,61930400
2018-09-19,SPY,257.8398742675781,49080600
2018-09-20,SPY,259.9292907714844,100360600
2018-09-21,SPY,259.6917724609375,105479700
2018-09-24,SPY,258.82904052734375,53409600
2018-09-25,SPY,258.5889892578125,44370000
2018-09-26,SPY,257.81524658203125,79739700
2018-09-27,SPY,258.5356140136719,59249500
2018-09-28,SPY,258.5622863769531,70091400
2018-10-01,SPY,259.4606018066406,62078900
2018-10-02,SPY,259.3094177246094,47258200
2018-10-03,SPY,259.4516296386719,64694600
2018-10-04,SPY,257.4238586425781,111545900
2018-10-05,SPY,255.98306274414062,105951700
2018-10-08,SPY,255.98306274414062,87742200
2018-10-09,SPY,255.60955810546875,74339000
2018-10-10,SPY,247.5161895751953,214731000
2018-10-11,SPY,242.06423950195312,274840500
2018-10-12,SPY,245.42608642578125,183186500
2018-10-15,SPY,244.0474395751953,102263700
2018-10-16,SPY,249.3838348388672,118255800
2018-10-17,SPY,249.42828369140625,110626000
2018-10-18,SPY,245.82632446289062,134557500
2018-10-19,SPY,245.69290161132812,139901600
2018-10-22,SPY,244.59007263183594,82415800
2018-10-23,SPY,243.3449249267578,146352700
2018-10-24,SPY,235.971923828125,177806700
2018-10-25,SPY,240.20538330078125,138061500
2018-10-26,SPY,235.98077392578125,201574600
2018-10-29,SPY,234.67340087890625,160749100
2018-10-30,SPY,238.15089416503906,157116000
2018-10-31,SPY,240.69454956054688,128296300
2018-11-01,SPY,243.2559814453125,99495000
2018-11-02,SPY,241.81521606445312,122634100
2018-11-05,SPY,243.1492462158203,65622500
2018-11-06,SPY,244.68789672851562,60085900
2018-11-07,SPY,249.92637634277344,102752100
2018-11-08,SPY,249.47276306152344,65584900
2018-11-09,SPY,247.03587341308594,98812600
2018-11-12,SPY,242.4200439453125,99673600
2018-11-13,SPY,241.96632385253906,98176600
2018-11-14,SPY,240.31214904785156,125335900
2018-11-15,SPY,242.82017517089844,135101400
2018-11-16,SPY,243.45169067382812,126668000
2018-11-19,SPY,239.33377075195312,103061700
2018-11-20,SPY,234.90463256835938,136021300
2018-11-21,SPY,235.70506286621094,75563700
2018-11-23,SPY,234.13087463378906,42807900
2018-11-26,SPY,237.91070556640625,79981400
2018-11-27,SPY,238.7113037109375,75502400
2018-11-28,SPY,244.20758056640625,127629600
2018-11-29,SPY,243.67391967773438,82346400
2018-11-30,SPY,245.15919494628906,98204200
2018-12-03,SPY,248.40557861328125,103176300
2018-12-04,SPY,240.35662841796875,177986000
2018-12-06,SPY,239.99191284179688,204185400
2018-12-07,SPY,234.41551208496094,161018900
2018-12-10,SPY,234.8601531982422,151445900
2018-12-11,SPY,234.9136199951172,121504400
2018-12-12,SPY,236.0963897705078,97976700
2018-12-13,SPY,236.01641845703125,96662700
2018-12-14,SPY,231.65835571289062,116961100
2018-12-17,SPY,227.1136474609375,165492300
2018-12-18,SPY,226.86460876464844,134515100
2018-12-19,SPY,223.46717834472656,214992800
2018-12-20,SPY,219.8295440673828,252053400
2018-12-21,SPY,215.3253631591797,255345600
2018-12-24,SPY,209.6357879638672,147311600
2018-12-26,SPY,220.2276153564453,218485400
2018-12-27,SPY,221.9184112548828,186267300
2018-12-28,SPY,221.63211059570312,153100200
2018-12-31,SPY,223.57337951660156,144299400
2019-01-02,SPY,223.80592346191406,126925200
2019-01-03,SPY,218.46530151367188,144140700
2019-01-04,SPY,225.7830047607422,142628800
2019-01-07,SPY,227.56321716308594,103139100
2019-01-08,SPY,229.7012481689453,102512600
2019-01-09,SPY,230.77474975585938,95006600
2019-01-10,SPY,231.58883666992188,96823900
2019-01-11,SPY,231.67828369140625,73858100
2019-01-14,SPY,230.2648468017578,70908200
2019-01-15,SPY,232.90382385253906,85208300
2019-01-16,SPY,233.4674072265625,77636700
2019-01-17,SPY,235.2386474609375,96118400
2019-01-18,SPY,238.3697509765625,127900300
2019-01-22,SPY,235.14918518066406,115531200
2019-01-23,SPY,235.6412811279297,86030300
2019-01-24,SPY,235.7664337158203,59204100
2019-01-25,SPY,237.76141357421875,96883400
2019-01-28,SPY,235.95437622070312,85613700
2019-01-29,SPY,235.6412811279297,66136300
2019-01-30,SPY,239.37161254882812,92473700
2019-01-31,SPY,241.4738311767578,104012100
2019-02-01,SPY,241.59019470214844,85782500
2019-02-04,SPY,243.2899169921875,60744800
2019-02-05,SPY,244.30972290039062,79552800
2019-02-06,SPY,243.98770141601562,58347800
2019-02-07,SPY,241.6617889404297,95482000
2019-02-08,SPY,241.95700073242188,75788900
2019-02-11,SPY,242.0911102294922,68021400
2019-02-12,SPY,245.20436096191406,72270200
2019-02-13,SPY,246.00051879882812,65277200
2019-02-14,SPY,245.45477294921875,83234400
2019-02-15,SPY,248.12954711914062,97088700
2019-02-19,SPY,248.55894470214844,59120800
2019-02-20,SPY,249.0599365234375,76610800
2019-02-21,SPY,248.1743621826172,64214700
2019-02-22,SPY,249.71298217773438,78114600
2019-02-25,SPY,250.0529022216797,69030700
2019-02-26,SPY,249.8740234375,56844100
2019-02-27,SPY,249.76670837402344,56921600
2019-02-28,SPY,249.30148315429688,69268300
2019-03-01,SPY,250.85797119140625,78880500
2019-03-04,SPY,249.945556640625,106494600
2019-03-05,SPY,249.60562133789062,59114600
2019-03-06,SPY,248.0938262939453,75039800
2019-03-07,SPY,246.01841735839844,94885100
2019-03-08,SPY,245.52630615234375,85795800
2019-03-11,SPY,249.08677673339844,65098900
2019-03-12,SPY,250.0260772705078,79667500
2019-03-13,SPY,251.6810760498047,80639200
2019-03-14,SPY,251.5200653076172,67518400
2019-03-15,SPY,252.76272583007812,81309000
2019-03-18,SPY,253.67926025390625,62199800
2019-03-19,SPY,253.74208068847656,90268100
2019-03-20,SPY,252.97830200195312,84609200
2019-03-21,SPY,255.83567810058594,79550400
2019-03-22,SPY,250.91175842285156,122659300
2019-03-25,SPY,250.72311401367188,85575200
2019-03-26,SPY,252.59190368652344,68125900
2019-03-27,SPY,251.27117919921875,72224700
2019-03-28,SPY,252.22360229492188,56238500
2019-03-29,SPY,253.81393432617188,82186800
2019-04-01,SPY,256.82403564453125,77617900
2019-04-02,SPY,256.94976806640625,40070400
2019-04-03,SPY,257.3541259765625,68243200
2019-04-04,SPY,258.0369567871094,48997500
2019-04-05,SPY,259.28594970703125,58621700
2019-04-08,SPY,259.4836120605469,53566300
2019-04-09,SPY,258.1538391113281,66142300
2019-04-10,SPY,259.0343322753906,52601500
2019-04-11,SPY,258.9625549316406,55093100
2019-04-12,SPY,260.7146301269531,69727800
2019-04-15,SPY,260.5438537597656,49596700
2019-04-16,SPY,260.7146301269531,52153200
2019-04-17,SPY,260.0766296386719,58268300
2019-04-18,SPY,260.58880615234375,68708500
2019-04-22,SPY,260.8134460449219,40160100
2019-04-23,SPY,263.1585693359375,52246600
2019-04-24,SPY,262.5746154785156,50392900
2019-04-25,SPY,262.4128723144531,57770900
2019-04-26,SPY,263.6348571777344,50916400
2019-04-29,SPY,264.04815673828125,57197700
2019-04-30,SPY,264.1828308105469,81111700
2019-05-01,SPY,262.1971435546875,71671900
2019-05-02,SPY,261.6310119628906,65030200
2019-05-03,SPY,264.19183349609375,56543700
2019-05-06,SPY,263.10455322265625,107198100
2019-05-07,SPY,258.7109069824219,144729900
2019-05-08,SPY,258.35150146484375,91568300
2019-05-09,SPY,257.56976318359375,103471100
2019-05-10,SPY,258.8636779785156,112429300
2019-05-13,SPY,252.3583221435547,127290500
2019-05-14,SPY,254.64059448242188,77003200
2019-05-15,SPY,256.132080078125,73956400
2019-05-16,SPY,258.50433349609375,76749600
2019-05-17,SPY,256.8330078125,100353000
2019-05-20,SPY,255.1347198486328,62877600
2019-05-21,SPY,257.43499755859375,46847100
2019-05-22,SPY,256.644287109375,49482500
2019-05-23,SPY,253.5084991455078,98733800
2019-05-24,SPY,254.08358764648438,55268100
2019-05-28,SPY,251.72044372558594,70029400
2019-05-29,SPY,250.03126525878906,104972900
2019-05-30,SPY,250.714111328125,62523800
2019-05-31,SPY,247.33566284179688,86862800
2019-06-03,SPY,246.70672607421875,96428000
2019-06-04,SPY,252.0618133544922,77231900
2019-06-05,SPY,254.24526977539062,71169700
2019-06-06,SPY,255.89845275878906,69430400
2019-06-07,SPY,258.4593505859375,74272200
2019-06-10,SPY,259.6453857421875,60799100
2019-06-11,SPY,259.5823974609375,58641300
2019-06-12,SPY,259.124267578125,47096300
2019-06-13,SPY,260.1934509277344,48945200
2019-06-14,SPY,259.9059753417969,52324700
2019-06-17,SPY,260.0047912597656,39205700
2019-06-18,SPY,262.72735595703125,85434800
2019-06-19,SPY,263.3202819824219,78674400
2019-06-20,SPY,265.836181640625,116570000
2019-06-21,SPY,265.4497375488281,83309500
2019-06-24,SPY,265.1246643066406,47582700
2019-06-25,SPY,262.5243835449219,82028700
2019-06-26,SPY,262.262451171875,51584900
2019-06-27,SPY,263.1924743652344,40355200
2019-06-28,SPY,264.54681396484375,59350900
2019-07-01,SPY,266.9485778808594,78705600
2019-07-02,SPY,267.6437683105469,61504500
2019-07-03,SPY,269.78363037109375,40898900
2019-07-05,SPY,269.47662353515625,51677300
2019-07-08,SPY,267.99591064453125,45841800
2019-07-09,SPY,268.3299560546875,41101300
2019-07-10,SPY,269.61199951171875,58448500
2019-07-11,SPY,270.24407958984375,50826100
2019-07-12,SPY,271.4539794921875,40326000
2019-07-15,SPY,271.54425048828125,33900000
2019-07-16,SPY,270.6684265136719,36650100
2019-07-17,SPY,268.8265686035156,36036300
2019-07-18,SPY,269.8106689453125,51392600
2019-07-19,SPY,268.3119812011719,58678600
2019-07-22,SPY,268.9709777832031,43638100
2019-07-23,SPY,270.8941955566406,44564500
2019-07-24,SPY,272.1673583984375,47213200
2019-07-25,SPY,270.8670959472656,55394100
2019-07-26,SPY,272.6819152832031,45084100
2019-07-29,SPY,272.18536376953125,38126500
2019-07-30,SPY,271.5171813964844,45849000
2019-07-31,SPY,268.5466613769531,104245200
2019-08-01,SPY,266.2081604003906,142646600
2019-08-02,SPY,264.2037658691406,116749700
2019-08-05,SPY,256.2583923339844,178745400
2019-08-06,SPY,259.85186767578125,120711700
2019-08-07,SPY,260.0052795410156,140572300
2019-08-08,SPY,265.10662841796875,87713900
2019-08-09,SPY,263.30078125,93730000
2019-08-12,SPY,260.0955810546875,65527600
2019-08-13,SPY,264.1405029296875,94299800
2019-08-14,SPY,256.3305358886719,135622100
2019-08-15,SPY,257.0076904296875,99556600
2019-08-16,SPY,260.7997741699219,83018300
2019-08-19,SPY,263.94189453125,53571800
2019-08-20,SPY,261.91943359375,51596400
2019-08-21,SPY,264.0502624511719,49524700
2019-08-22,SPY,263.9690246582031,51666400
2019-08-23,SPY,257.18829345703125,149161500
2019-08-26,SPY,260.0323791503906,72423800
2019-08-27,SPY,259.01214599609375,66668900
2019-08-28,SPY,260.8359069824219,59696700
2019-08-29,SPY,264.1676025390625,57899400
2019-08-30,SPY,264.0502624511719,62901200
2019-09-03,SPY,262.50634765625,69101400
2019-09-04,SPY,265.4858703613281,46887300
2019-09-05,SPY,268.8987731933594,83258100
2019-09-06,SPY,269.1064147949219,49584300
2019-09-09,SPY,269.2418212890625,51260300
2019-09-10,SPY,269.1787109375,57947100
2019-09-11,SPY,271.09283447265625,68821100
2019-09-12,SPY,272.0317077636719,72908700
2019-09-13,SPY,271.8512878417969,62104800
2019-09-16,SPY,271.0115661621094,58191200
2019-09-17,SPY,271.6977844238281,41475500
2019-09-18,SPY,271.8602294921875,73375800
2019-09-19,SPY,271.84222412109375,76560500
2019-09-20,SPY,270.5577392578125,89565000
2019-09-23,SPY,270.4942626953125,43476800
2019-09-24,SPY,268.3717956542969,94869400
2019-09-25,SPY,269.9591064453125,71854000
2019-09-26,SPY,269.396728515625,56179700
2019-09-27,SPY,267.94549560546875,84746600
2019-09-30,SPY,269.1881103515625,51662400
2019-10-01,SPY,265.98614501953125,88242400
2019-10-02,SPY,261.28753662109375,122539500
2019-10-03,SPY,263.42828369140625,85278800
2019-10-04,SPY,266.9930725097656,65091200
2019-10-07,SPY,265.841064453125,59610500
2019-10-08,SPY,261.7140197753906,95708100
2019-10-09,SPY,264.1993103027344,62359400
2019-10-10,SPY,265.98614501953125,55296300
2019-10-11,SPY,268.7436828613281,98720400
2019-10-14,SPY,268.44439697265625,40394800
2019-10-15,SPY,271.10205078125,46754500
2019-10-16,SPY,270.6665344238281,48928200
2019-10-17,SPY,271.4648742675781,45736600
2019-10-18,SPY,270.276611328125,64304000
2019-10-21,SPY,272.1088562011719,39048600
2019-10-22,SPY,271.2199401855469,48594700
2019-10-23,SPY,272.00909423828125,34352200
2019-10-24,SPY,272.4534912109375,35453100
2019-10-25,SPY,273.5692443847656,45205400
2019-10-28,SPY,275.1112365722656,42147000
2019-10-29,SPY,275.0296325683594,44284900
2019-10-30,SPY,275.87322998046875,49643900
2019-10-31,SPY,275.138427734375,69053800
2019-11-01,SPY,277.68731689453125,71141500
2019-11-04,SPY,278.802978515625,60606900
2019-11-05,SPY,278.4945373535156,42933200
2019-11-06,SPY,278.5580139160156,46487100
2019-11-07,SPY,279.53765869140625,54272300
2019-11-08,SPY,280.2269592285156,49032100
2019-11-11,SPY,279.6919250488281,35797300
2019-11-12,SPY,280.281494140625,46484600
2019-11-13,SPY,280.3722229003906,53917700
2019-11-14,SPY,280.7803955078125,51219900
2019-11-15,SPY,282.81219482421875,62023600
2019-11-18,SPY,283.020751953125,49228000
2019-11-19,SPY,282.93914794921875,67804700
2019-11-20,SPY,281.8869934082031,79406200
2019-11-21,SPY,281.4334716796875,54664700
2019-11-22,SPY,282.05926513671875,44850200
2019-11-25,SPY,284.245361328125,48647200
2019-11-26,SPY,284.8893737792969,37569000
2019-11-27,SPY,286.1592102050781,44444600
2019-11-29,SPY,285.0979309082031,36592700
2019-12-02,SPY,282.6761474609375,75767800
2019-12-03,SPY,280.7803955078125,73941700
2019-12-04,SPY,282.5127868652344,49080000
2019-12-05,SPY,283.020751953125,40709000
2019-12-06,SPY,285.60589599609375,48927000
2019-12-09,SPY,284.7079772949219,34838500
2019-12-10,SPY,284.3904113769531,52649800
2019-12-11,SPY,285.1977844238281,53429100
2019-12-12,SPY,287.6558837890625,96389600
2019-12-13,SPY,287.82818603515625,81503900
2019-12-16,SPY,289.80560302734375,82749700
2019-12-17,SPY,289.8690185546875,61097700
2019-12-18,SPY,289.88726806640625,48133000
2019-12-19,SPY,291.075439453125,85310500
2019-12-20,SPY,292.3515625,147142100
2019-12-23,SPY,292.79833984375,52990000
2019-12-24,SPY,292.807373046875,20270000
2019-12-26,SPY,294.365966796875,30911200
2019-12-27,SPY,294.2930908203125,42528800
2019-12-30,SPY,292.670654296875,49729100
2019-12-31,SPY,293.381591796875,57077300
2020-01-02,SPY,296.12530517578125,59151200
2020-01-03,SPY,293.8829040527344,77709700
2020-01-06,SPY,295.00421142578125,55653900
2020-01-07,SPY,294.1746520996094,40496400
2020-01-08,SPY,295.7424621582031,68296000
2020-01-09,SPY,297.7477722167969,48473300
2020-01-10,SPY,296.8908996582031,53029300
2020-01-13,SPY,298.9327392578125,47086800
2020-01-14,SPY,298.4770202636719,62832800
2020-01-15,SPY,299.1514892578125,72056600
2020-01-16,SPY,301.6399841308594,54050300
2020-01-17,SPY,302.578857421875,95846000
2020-01-21,SPY,301.986328125,77742400
2020-01-22,SPY,302.0227966308594,48914900
2020-01-23,SPY,302.36920166015625,51963000
2020-01-24,SPY,299.68023681640625,87578400
2020-01-27,SPY,294.87646484375,84062500
2020-01-28,SPY,297.9665832519531,63834000
2020-01-29,SPY,297.7204895019531,53888900
2020-01-30,SPY,298.6866455078125,75491800
2020-01-31,SPY,293.2630615234375,113845600
2020-02-03,SPY,295.4415283203125,69083000
2020-02-04,SPY,299.9445495605469,62573200
2020-02-05,SPY,303.4084167480469,65951100
2020-02-06,SPY,304.42926025390625,50359700
2020-02-07,SPY,302.8067321777344,64139400
2020-02-10,SPY,305.0673522949219,42070000
2020-02-11,SPY,305.595947265625,54864500
2020-02-12,SPY,307.5649108886719,43992700
2020-02-13,SPY,307.2366943359375,54501900
2020-02-14,SPY,307.7289123535156,64582200
2020-02-18,SPY,306.93597412109375,57226200
2020-02-19,SPY,308.40350341796875,48814700
2020-02-20,SPY,307.1364440917969,74163400
2020-02-21,SPY,303.9734802246094,113788200
2020-02-24,SPY,293.89208984375,161088400
2020-02-25,SPY,284.9864807128906,218913200
2020-02-26,SPY,283.9382629394531,194773800
2020-02-27,SPY,271.18609619140625,284353500
2020-02-28,SPY,270.04669189453125,384975800
2020-03-02,SPY,281.7415466308594,238703600
2020-03-03,SPY,273.674560546875,300139100
2020-03-04,SPY,285.177978515625,176613400
2020-03-05,SPY,275.6980285644531,186366800
2020-03-06,SPY,271.14056396484375,228667200
2020-03-09,SPY,249.96591186523438,309417300
2020-03-10,SPY,262.900390625,276444100
2020-03-11,SPY,250.0844268798828,255316300
2020-03-12,SPY,226.1570587158203,392220700
2020-03-13,SPY,245.49038696289062,329566100
2020-03-16,SPY,218.62789916992188,297240000
2020-03-17,SPY,230.43209838867188,262070500
2020-03-18,SPY,218.76466369628906,327597100
2020-03-19,SPY,219.2294921875,289322000
2020-03-20,SPY,209.78196716308594,347158800
2020-03-23,SPY,204.4182586669922,326025200
2020-03-24,SPY,222.93922424316406,235494500
2020-03-25,SPY,226.2766571044922,299430300
2020-03-26,SPY,239.4888916015625,257632800
2020-03-27,SPY,232.35557556152344,224341200
2020-03-30,SPY,239.90151977539062,171369500
2020-03-31,SPY,236.32565307617188,194881100
2020-04-01,SPY,225.6898193359375,189554600
2020-04-02,SPY,230.897705078125,177660400
2020-04-03,SPY,227.56028747558594,135561200
2020-04-06,SPY,242.84466552734375,188061200
2020-04-07,SPY,243.0922393798828,201427200
2020-04-08,SPY,251.25245666503906,153774500
2020-04-09,SPY,255.0758819580078,189999200
2020-04-13,SPY,252.74705505371094,114839100
2020-04-14,SPY,260.201171875,134143400
2020-04-15,SPY,254.67242431640625,121775000
2020-04-16,SPY,255.90109252929688,131798300
2020-04-17,SPY,262.814208984375,146684800
2020-04-20,SPY,258.18408203125,100109300
2020-04-21,SPY,250.3447265625,126385700
2020-04-22,SPY,255.90109252929688,92951600
2020-04-23,SPY,255.88275146484375,104709700
2020-04-24,SPY,259.44927978515625,85063200
2020-04-27,SPY,263.190185546875,77896600
2020-04-28,SPY,261.97991943359375,105270000
2020-04-29,SPY,268.8381042480469,118745600
2020-04-30,SPY,266.3352355957031,122901700
2020-05-01,SPY,259.28436279296875,125180000
2020-05-04,SPY,259.99945068359375,80873200
2020-05-05,SPY,262.4016418457031,79569900
2020-05-06,SPY,260.6230163574219,73632600
2020-05-07,SPY,263.7678527832031,75250400
2020-05-08,SPY,268.1321716308594,76452400
2020-05-11,SPY,268.187255859375,79514200
2020-05-12,SPY,262.8417663574219,95870800
2020-05-13,SPY,258.1932373046875,144721100
2020-05-14,SPY,261.2830505371094,121977900
2020-05-15,SPY,262.484130859375,111146300
2020-05-18,SPY,270.4794006347656,119703800
2020-05-19,SPY,267.70123291015625,95189300
2020-05-20,SPY,272.2489929199219,85861700
2020-05-21,SPY,270.369384765625,78293900
2020-05-22,SPY,270.8827819824219,63958200
2020-05-26,SPY,274.22027587890625,88951400
2020-05-27,SPY,278.30035400390625,104817400
2020-05-28,SPY,277.78692626953125,90405200
2020-05-29,SPY,279.02471923828125,119090800
2020-06-01,SPY,280.1524963378906,55758300
2020-06-02,SPY,282.47210693359375,74267200
2020-06-03,SPY,286.23138427734375,92567600
2020-06-04,SPY,285.4795837402344,75794400
2020-06-05,SPY,292.7962951660156,150524700
2020-06-08,SPY,296.33538818359375,73641200
2020-06-09,SPY,294.125732421875,77479200
2020-06-10,SPY,292.4845275878906,95000800
2020-06-11,SPY,275.6230163574219,209243600
2020-06-12,SPY,278.923828125,194678900
2020-06-15,SPY,281.5277099609375,135782700
2020-06-16,SPY,286.94659423828125,137627500
2020-06-17,SPY,285.75457763671875,83398900
2020-06-18,SPY,285.86456298828125,80828700
2020-06-19,SPY,284.2309265136719,135549600
2020-06-22,SPY,286.0542907714844,74649400
2020-06-23,SPY,287.3713073730469,68471200
2020-06-24,SPY,280.04083251953125,132813500
2020-06-25,SPY,283.04296875,89468000
2020-06-26,SPY,276.32012939453125,127961000
2020-06-29,SPY,280.3815002441406,79773300
2020-06-30,SPY,283.97308349609375,113394800
2020-07-01,SPY,285.9622802734375,72396500
2020-07-02,SPY,287.5370788574219,69344200
2020-07-06,SPY,291.97576904296875,61713800
2020-07-07,SPY,288.9644470214844,82910000
2020-07-08,SPY,291.17462158203125,54638600
2020-07-09,SPY,289.5169372558594,83354200
2020-07-10,SPY,292.4731750488281,57550400
2020-07-13,SPY,289.9405822753906,102997500
2020-07-14,SPY,293.6979064941406,93657000
2020-07-15,SPY,296.39617919921875,87196500
2020-07-16,SPY,295.4200744628906,54622500
2020-07-17,SPY,296.2763977050781,62774900
2020-07-20,SPY,298.67083740234375,56308800
2020-07-21,SPY,299.30621337890625,57292200
2020-07-22,SPY,301.0100402832031,57792900
2020-07-23,SPY,297.4184265136719,75738000
2020-07-24,SPY,295.5029296875,73766600
2020-07-27,SPY,297.6578369140625,48293000
2020-07-28,SPY,295.7699890136719,57495000
2020-07-29,SPY,299.4075622558594,48454200
2020-07-30,SPY,298.33935546875,61861700
2020-07-31,SPY,300.69683837890625,84986800
2020-08-03,SPY,302.7873229980469,53077900
2020-08-04,SPY,303.9570007324219,41917900
2020-08-05,SPY,305.8448486328125,42697700
2020-08-06,SPY,307.8892517089844,43679400
2020-08-07,SPY,308.1102600097656,57308300
2020-08-10,SPY,309.0311584472656,44282100
2020-08-11,SPY,306.480224609375,69601100
2020-08-12,SPY,310.7532958984375,53774400
2020-08-13,SPY,310.1915283203125,41816100
2020-08-14,SPY,310.20074462890625,47260400
2020-08-17,SPY,311.1860656738281,35481000
2020-08-18,SPY,311.85845947265625,38733900
2020-08-19,SPY,310.55987548828125,68054200
2020-08-20,SPY,311.52685546875,42207800
2020-08-21,SPY,312.63201904296875,55106600
2020-08-24,SPY,315.79986572265625,48588700
2020-08-25,SPY,316.9049377441406,38463400
2020-08-26,SPY,320.0821838378906,50790200
2020-08-27,SPY,320.78204345703125,58034100
2020-08-28,SPY,322.8540954589844,48588900
2020-08-31,SPY,321.6845397949219,66099200
2020-09-01,SPY,324.71435546875,54908700
2020-09-02,SPY,329.4110107421875,69540000
2020-09-03,SPY,318.0745544433594,148011100
2020-09-04,SPY,315.4775085449219,139156300
2020-09-08,SPY,306.8578186035156,114465300
2020-09-09,SPY,312.91741943359375,91462300
2020-09-10,SPY,307.48406982421875,90569500
2020-09-11,SPY,307.640625,84680200
2020-09-14,SPY,311.6925964355469,65605700
2020-09-15,SPY,313.2673645019531,52920900
2020-09-16,SPY,312.02410888671875,82096000
2020-09-17,SPY,309.2797546386719,91523300
2020-09-18,SPY,305.71917724609375,105877900
2020-09-21,SPY,302.3165588378906,99450800
2020-09-22,SPY,305.3955993652344,63612100
2020-09-23,SPY,298.3130798339844,93112200
2020-09-24,SPY,299.10821533203125,76681300
2020-09-25,SPY,303.94390869140625,71069400
2020-09-28,SPY,308.9922790527344,64584600
2020-09-29,SPY,307.30950927734375,51304000
2020-09-30,SPY,309.6394958496094,104081100
2020-10-01,SPY,311.62738037109375,88698700
2020-10-02,SPY,308.6686706542969,89431100
2020-10-05,SPY,314.1423645019531,45713100
2020-10-06,SPY,309.67645263671875,90128900
2020-10-07,SPY,315.06689453125,56999600
2020-10-08,SPY,317.85919189453125,45242500
2020-10-09,SPY,320.6977233886719,59528600
2020-10-12,SPY,325.85699462890625,80388500
2020-10-13,SPY,323.73040771484375,73255500
2020-10-14,SPY,321.6962585449219,57727900
2020-10-15,SPY,321.2986755371094,60357700
2020-10-16,SPY,321.1045227050781,89501900
2020-10-19,SPY,316.22259521484375,68425600
2020-10-20,SPY,317.4893798828125,60051900
2020-10-21,SPY,316.88836669921875,63575000
2020-10-22,SPY,318.6265563964844,55399300
2020-10-23,SPY,319.7084045410156,49143900
2020-10-26,SPY,313.8001403808594,91473000
2020-10-27,SPY,312.7183837890625,65994100
2020-10-28,SPY,302.0300598144531,127094300
2020-10-29,SPY,305.09967041015625,90597700
2020-10-30,SPY,301.9190368652344,120287300
2020-11-02,SPY,305.3031005859375,86068300
2020-11-03,SPY,310.69354248046875,93294200
2020-11-04,SPY,317.6372985839844,126959700
2020-11-05,SPY,323.8321533203125,82039700
2020-11-06,SPY,323.75811767578125,74973000
2020-11-09,SPY,327.82635498046875,172304200
2020-11-10,SPY,327.3456115722656,85552000
2020-11-11,SPY,329.77728271484375,58649000
2020-11-12,SPY,326.57818603515625,67546200
2020-11-13,SPY,331.0994873046875,62892200
2020-11-16,SPY,335.2325134277344,74541100
2020-11-17,SPY,333.4294738769531,66111000
2020-11-18,SPY,329.41668701171875,70591300
2020-11-19,SPY,330.80364990234375,59940900
2020-11-20,SPY,328.53826904296875,70417300
2020-11-23,SPY,330.5076904296875,63230600
2020-11-24,SPY,335.8333740234375,62415900
2020-11-25,SPY,335.31561279296875,45330900
2020-11-27,SPY,336.24957275390625,28514100
2020-11-30,SPY,334.76092529296875,83872700
2020-12-01,SPY,338.42230224609375,74231400
2020-12-02,SPY,339.13421630859375,45927000
2020-12-03,SPY,339.0418395996094,62882000
2020-12-04,SPY,341.9635009765625,50749900
2020-12-07,SPY,341.26080322265625,48944300
2020-12-08,SPY,342.25927734375,42458900
2020-12-09,SPY,339.18975830078125,74098300
2020-12-10,SPY,339.07879638671875,57735400
2020-12-11,SPY,338.68115234375,57698600
2020-12-14,SPY,337.1648864746094,69216200
2020-12-15,SPY,341.7230529785156,63865300
2020-12-16,SPY,342.25927734375,58420500
2020-12-17,SPY,344.17327880859375,64119500
2020-12-18,SPY,342.7991027832031,136542300
2020-12-21,SPY,341.5733642578125,96386700
2020-12-22,SPY,340.9976501464844,47949000
2020-12-23,SPY,341.3041076660156,46201400
2020-12-24,SPY,342.6319274902344,26457900
2020-12-28,SPY,345.575439453125,39000400
2020-12-29,SPY,344.9161376953125,53680500
2020-12-30,SPY,345.40826416015625,49455300
2020-12-31,SPY,347.16314697265625,78520700
2021-01-04,SPY,342.4369201660156,110210800
2021-01-05,SPY,344.7954406738281,66426200
2021-01-06,SPY,346.8567810058594,107997700
2021-01-07,SPY,352.01019287109375,68766800
2021-01-08,SPY,354.0158996582031,71677200
2021-01-11,SPY,351.6294860839844,51034700
2021-01-12,SPY,351.7038269042969,52547700
2021-01-13,SPY,352.65087890625,45303600
2021-01-14,SPY,351.41595458984375,49989100
2021-01-15,SPY,348.8531494140625,107160000
2021-01-19,SPY,351.59234619140625,51233300
2021-01-20,SPY,356.45794677734375,61836100
2021-01-21,SPY,356.7829284667969,47840100
2021-01-22,SPY,355.52008056640625,52860500
2021-01-25,SPY,356.9222412109375,70402000
2021-01-26,SPY,356.3650817871094,42665300
2021-01-27,SPY,347.65533447265625,123351100
2021-01-28,SPY,350.645263671875,94198100
2021-01-29,SPY,343.62548828125,126765100
2021-02-01,SPY,349.3453063964844,75817600
2021-02-02,SPY,354.28515625,64450700
2021-02-03,SPY,354.5636901855469,52427100
2021-02-04,SPY,358.5935363769531,47142600
2021-02-05,SPY,360.00494384765625,48669800
2021-02-08,SPY,362.60479736328125,38365200
2021-02-09,SPY,362.3634338378906,35551100
2021-02-10,SPY,362.20556640625,59154400
2021-02-11,SPY,362.79058837890625,42913300
2021-02-12,SPY,364.58270263671875,50593300
2021-02-16,SPY,364.2669372558594,50972400
2021-02-17,SPY,364.3505554199219,52290600
2021-02-18,SPY,362.7999267578125,59712800
2021-02-19,SPY,362.1591796875,83241000
2021-02-22,SPY,359.37353515625,67414200
2021-02-23,SPY,359.8099365234375,107284100
2021-02-24,SPY,363.7747497558594,72433900
2021-02-25,SPY,355.0093078613281,146670500
2021-02-26,SPY,353.18011474609375,152701600
2021-03-01,SPY,361.7412414550781,105348800
2021-03-02,SPY,358.9185485839844,79595300
2021-03-03,SPY,354.1644592285156,119940200
2021-03-04,SPY,349.7817077636719,183433000
2021-03-05,SPY,356.216552734375,152039600
2021-03-08,SPY,354.4429626464844,123149200
2021-03-09,SPY,359.5035400390625,113633600
2021-03-10,SPY,361.7412414550781,109899400
2021-03-11,SPY,365.4091491699219,86245000
2021-03-12,SPY,365.9012451171875,64653600
2021-03-15,SPY,368.083251953125,73427200
2021-03-16,SPY,367.6190490722656,73722500
2021-03-17,SPY,368.8725280761719,97959300
2021-03-18,SPY,363.5054931640625,115349100
2021-03-19,SPY,362.83294677734375,113624500
2021-03-22,SPY,365.7301330566406,73778600
2021-03-23,SPY,362.8515930175781,90686600
2021-03-24,SPY,361.0070495605469,97588600
2021-03-25,SPY,363.037841796875,116128600
2021-03-26,SPY,368.88824462890625,114409100
2021-03-29,SPY,368.7020263671875,108107600
2021-03-30,SPY,367.7237548828125,76262200
2021-03-31,SPY,369.21429443359375,112734200
2021-04-01,SPY,373.2014465332031,99682900
2021-04-05,SPY,378.55804443359375,91684800
2021-04-06,SPY,378.3344421386719,62021000
2021-04-07,SPY,378.7722473144531,55836300
2021-04-08,SPY,380.5703125,57863100
2021-04-09,SPY,383.3370666503906,61104600
2021-04-12,SPY,383.4768981933594,56704900
2021-04-13,SPY,384.6134033203125,56551000
2021-04-14,SPY,383.29986572265625,61659900
2021-04-15,SPY,387.4174499511719,60229800
2021-04-16,SPY,388.7122802734375,82037300
2021-04-19,SPY,386.8026428222656,78498500
2021-04-20,SPY,383.97064208984375,81851800
2021-04-21,SPY,387.603759765625,66793000
2021-04-22,SPY,384.0636901855469,97582800
2021-04-23,SPY,388.2278137207031,73209200
2021-04-26,SPY,389.0384216308594,52182400
2021-04-27,SPY,388.9544982910156,51303100
2021-04-28,SPY,388.8427734375,51238900
2021-04-29,SPY,391.32080078125,78544300
2021-04-30,SPY,388.7495422363281,85527000
2021-05-03,SPY,389.58807373046875,68128300
2021-05-04,SPY,387.1845703125,101591200
2021-05-05,SPY,387.3055725097656,60162200
2021-05-06,SPY,390.39849853515625,74321400
2021-05-07,SPY,393.2397766113281,67733800
2021-05-10,SPY,389.3457946777344,81852400
2021-05-11,SPY,385.8709411621094,116888000
2021-05-12,SPY,377.6730651855469,134811000
2021-05-13,SPY,382.2098388671875,106394000
2021-05-14,SPY,388.07891845703125,82201600
2021-05-17,SPY,387.09136962890625,65129200
2021-05-18,SPY,383.75628662109375,59810200
2021-05-19,SPY,382.7501525878906,106467100
2021-05-20,SPY,386.8677978515625,78022200
2021-05-21,SPY,386.5510559082031,76578700
2021-05-24,SPY,390.4916076660156,51376700
2021-05-25,SPY,389.6252136230469,57451400
2021-05-26,SPY,390.39849853515625,43088600
2021-05-27,SPY,390.60345458984375,56707700
2021-05-28,SPY,391.3021240234375,58520200
2021-06-01,SPY,390.9574279785156,54216600
2021-06-02,SPY,391.5723571777344,49097100
2021-06-03,SPY,390.1190490722656,58138800
2021-06-04,SPY,393.6869812011719,55938800
2021-06-07,SPY,393.30499267578125,51555000
2021-06-08,SPY,393.38885498046875,47134300
2021-06-09,SPY,392.80194091796875,48436300
2021-06-10,SPY,394.62786865234375,51020100
2021-06-11,SPY,395.2799377441406,45570800
2021-06-14,SPY,396.1650085449219,42358500
2021-06-15,SPY,395.43841552734375,51508500
2021-06-16,SPY,393.23046875,80386100
2021-06-17,SPY,393.1000671386719,90949700
2021-06-18,SPY,387.7969665527344,118676300
2021-06-21,SPY,393.34857177734375,72822000
2021-06-22,SPY,395.45159912109375,57700300
2021-06-23,SPY,394.9749755859375,49445400
2021-06-24,SPY,397.3116149902344,45110300
2021-06-25,SPY,398.72283935546875,58129500
2021-06-28,SPY,399.52655029296875,53159600
2021-06-29,SPY,399.7416687011719,35970500
2021-06-30,SPY,400.0779724121094,64827900
2021-07-01,SPY,402.2930908203125,53441000
2021-07-02,SPY,405.3680114746094,57697700
2021-07-06,SPY,404.6296691894531,68710400
2021-07-07,SPY,406.05963134765625,63549500
2021-07-08,SPY,402.7511291503906,97595200
2021-07-09,SPY,407.0504150390625,76238600
2021-07-12,SPY,408.5083923339844,52889600
2021-07-13,SPY,407.11578369140625,52911300
2021-07-14,SPY,407.7233581542969,64130400
2021-07-15,SPY,406.3307189941406,55126400
2021-07-16,SPY,403.1436462402344,75874700
2021-07-19,SPY,397.1900939941406,147987000
2021-07-20,SPY,402.8819580078125,99608200
2021-07-21,SPY,406.1437683105469,64724400
2021-07-22,SPY,406.99432373046875,47878500
2021-07-23,SPY,411.1814880371094,63766600
2021-07-26,SPY,412.19085693359375,43719200
2021-07-27,SPY,410.31231689453125,67397100
2021-07-28,SPY,410.1440124511719,52472400
2021-07-29,SPY,411.8450012207031,47435300
2021-07-30,SPY,409.84490966796875,68951200
2021-08-02,SPY,408.985107421875,58783300
2021-08-03,SPY,412.3122863769531,58053900
2021-08-04,SPY,410.2842102050781,46732200
2021-08-05,SPY,412.8824768066406,38969700
2021-08-06,SPY,413.56475830078125,46930000
2021-08-09,SPY,413.22833251953125,41222600
2021-08-10,SPY,413.7423400878906,43339300
2021-08-11,SPY,414.77044677734375,44034300
2021-08-12,SPY,416.0134582519531,38909400
2021-08-13,SPY,416.7706604003906,39470300
2021-08-16,SPY,417.75189208984375,73740000
2021-08-17,SPY,415.013427734375,92673900
2021-08-18,SPY,410.4711608886719,89351900
2021-08-19,SPY,411.106689453125,92812200
2021-08-20,SPY,414.3778381347656,72008700
2021-08-23,SPY,418.02294921875,54973000
2021-08-24,SPY,418.6864929199219,38744700
2021-08-25,SPY,419.5650634765625,40529700
2021-08-26,SPY,417.0883483886719,57829600
2021-08-27,SPY,420.8175048828125,77235100
2021-08-30,SPY,422.6680908203125,48357400
2021-08-31,SPY,422.0418701171875,59300200
2021-09-01,SPY,422.26617431640625,48721400
2021-09-02,SPY,423.56536865234375,42501000
2021-09-03,SPY,423.4624938964844,47170500
2021-09-07,SPY,421.9483337402344,51671500
2021-09-08,SPY,421.434326171875,56181900
2021-09-09,SPY,419.6305236816406,57970400
2021-09-10,SPY,416.3219299316406,89948200
2021-09-13,SPY,417.3873596191406,83738600
2021-09-14,SPY,415.13494873046875,78197100
2021-09-15,SPY,418.60247802734375,78792200
2021-09-16,SPY,417.9388427734375,77786700
2021-09-17,SPY,413.86761474609375,118425000
2021-09-20,SPY,406.9667663574219,166445500
2021-09-21,SPY,406.58233642578125,92526100
2021-09-22,SPY,410.5484924316406,102350100
2021-09-23,SPY,415.5366516113281,76396000
2021-09-24,SPY,416.22113037109375,62094800
2021-09-27,SPY,415.03033447265625,61371100
2021-09-28,SPY,406.6667175292969,130436300
2021-09-29,SPY,407.3511962890625,82329200
2021-09-30,SPY,402.37237548828125,140506000
2021-10-01,SPY,407.1542663574219,129240100
2021-10-04,SPY,401.903564453125,128570000
2021-10-05,SPY,406.0854187011719,90682500
2021-10-06,SPY,407.7731018066406,113032200
2021-10-07,SPY,411.2986145019531,72437500
2021-10-08,SPY,410.5484924316406,74557400
2021-10-11,SPY,407.5762634277344,65233300
2021-10-12,SPY,406.5728759765625,71181200
2021-10-13,SPY,408.03558349609375,72974000
2021-10-14,SPY,414.8990173339844,70236800
2021-10-15,SPY,418.0588684082031,66260200
2021-10-18,SPY,419.2965393066406,62213200
2021-10-19,SPY,422.5313415527344,46996800
2021-10-20,SPY,424.19097900390625,49571600
2021-10-21,SPY,425.29730224609375,41305400
2021-10-22,SPY,424.8566589355469,58845100
2021-10-25,SPY,427.1351013183594,45214500
2021-10-26,SPY,427.5195007324219,56075100
2021-10-27,SPY,425.62548828125,72438000
2021-10-28,SPY,429.73223876953125,51437900
2021-10-29,SPY,430.6042175292969,70162400
2021-11-01,SPY,431.3450012207031,48433600
2021-11-02,SPY,433.0889587402344,48908400
2021-11-03,SPY,435.73309326171875,52509800
2021-11-04,SPY,437.7865295410156,52847100
2021-11-05,SPY,439.305419921875,66390600
2021-11-08,SPY,439.68048095703125,50405200
2021-11-09,SPY,438.2271728515625,51149100
2021-11-10,SPY,434.7016296386719,69429700
2021-11-11,SPY,434.8423156738281,34848500
2021-11-12,SPY,438.1240539550781,53466700
2021-11-15,SPY,438.2740173339844,46980500
2021-11-16,SPY,440.0086669921875,48857500
2021-11-17,SPY,438.9397888183594,47858300
2021-11-18,SPY,440.4305419921875,50625600
2021-11-19,SPY,439.6430358886719,57315600
2021-11-22,SPY,438.4053039550781,72762000
2021-11-23,SPY,438.9866638183594,73206500
2021-11-24,SPY,440.15869140625,61858800
2021-11-26,SPY,430.34173583984375,112669600
2021-11-29,SPY,435.6206359863281,86268800
2021-11-30,SPY,427.1444396972656,148559600
2021-12-01,SPY,422.4000244140625,131939200
2021-12-02,SPY,428.8695983886719,127637800
2021-12-03,SPY,425.137939453125,137331600
2021-12-06,SPY,430.1729736328125,98977500
2021-12-07,SPY,439.071044921875,95484700
2021-12-08,SPY,440.2336730957031,72238800
2021-12-09,SPY,437.2614440917969,61272600
2021-12-10,SPY,441.3775939941406,77159800
2021-12-13,SPY,437.4676818847656,87724700
2021-12-14,SPY,434.4578857421875,97264100
2021-12-15,SPY,441.246337890625,116899300
2021-12-16,SPY,437.3551940917969,116568600
2021-12-17,SPY,432.700439453125,135511600
2021-12-20,SPY,428.099365234375,107134800
2021-12-21,SPY,435.70196533203125,69806300
2021-12-22,SPY,440.0584411621094,58890200
2021-12-23,SPY,442.7965393066406,56439700
2021-12-27,SPY,449.0630798339844,56808600
2021-12-28,SPY,448.6960754394531,47274600
2021-12-29,SPY,449.27001953125,54503000
2021-12-30,SPY,448.0280456542969,55329000
2021-12-31,SPY,446.8988952636719,65237400
2022-01-03,SPY,449.4864807128906,72668200
2022-01-04,SPY,449.33587646484375,71178700
2022-01-05,SPY,440.70770263671875,104538900
2022-01-06,SPY,440.29364013671875,86858900
2022-01-07,SPY,438.5530700683594,85111600
2022-01-10,SPY,438.0072021484375,119362000
2022-01-11,SPY,441.99676513671875,74303100
2022-01-12,SPY,443.1916809082031,67605400
2022-01-13,SPY,437.0851135253906,91173100
2022-01-14,SPY,437.2639465332031,95890900
2022-01-18,SPY,429.5202331542969,109709100
2022-01-19,SPY,425.0602111816406,109357600
2022-01-20,SPY,420.3555603027344,122379700
2022-01-21,SPY,412.1037292480469,202271200
2022-01-24,SPY,413.8538818359375,251783900
2022-01-25,SPY,408.8011169433594,167997300
2022-01-26,SPY,407.7754821777344,186391100
2022-01-27,SPY,405.7619934082031,149878300
2022-01-28,SPY,415.83929443359375,164457400
2022-01-31,SPY,423.32891845703125,152251400
2022-02-01,SPY,426.18927001953125,123155400
2022-02-02,SPY,430.32940673828125,117361000
2022-02-03,SPY,420.2144775390625,118024400
2022-02-04,SPY,422.1903991699219,118454400
2022-02-07,SPY,420.8355407714844,84472900
2022-02-08,SPY,424.29803466796875,81012000
2022-02-09,SPY,430.50811767578125,92589900
2022-02-10,SPY,422.7738037109375,140103700
2022-02-11,SPY,414.43719482421875,153214600
2022-02-14,SPY,413.082275390625,123006300
2022-02-15,SPY,419.7440185546875,88482700
2022-02-16,SPY,420.2144775390625,84863600
2022-02-17,SPY,411.2381286621094,102259100
2022-02-18,SPY,408.5753479003906,132642900
2022-02-22,SPY,404.1906433105469,124391800
2022-02-23,SPY,397.0208435058594,132578000
2022-02-24,SPY,402.9956970214844,213942900
2022-02-25,SPY,411.8873291015625,121804500
2022-02-28,SPY,410.83349609375,145615000
2022-03-01,SPY,404.576416015625,137785900
2022-03-02,SPY,412.01904296875,117726500
2022-03-03,SPY,409.9678955078125,105501700
2022-03-04,SPY,406.6370544433594,113978200
2022-03-07,SPY,394.6496887207031,137896600
2022-03-08,SPY,391.6576232910156,164772700
2022-03-09,SPY,402.15814208984375,116990800
2022-03-10,SPY,400.3421936035156,93972700
2022-03-11,SPY,395.25189208984375,95636300
2022-03-14,SPY,392.36328125,95729200
2022-03-15,SPY,400.99151611328125,106219100
2022-03-16,SPY,409.8832092285156,144954800
2022-03-17,SPY,415.01123046875,102676900
2022-03-18,SPY,419.5567321777344,106345500
2022-03-21,SPY,419.43402099609375,88349800
2022-03-22,SPY,424.3419494628906,74650400
2022-03-23,SPY,418.87713623046875,79426100
2022-03-24,SPY,425.19140625,64736900
2022-03-25,SPY,427.2679748535156,77101300
2022-03-28,SPY,430.3070373535156,68529800
2022-03-29,SPY,435.63043212890625,86581500
2022-03-30,SPY,432.9404602050781,79666900
2022-03-31,SPY,426.27685546875,121699900
2022-04-01,SPY,427.4849853515625,89048800
2022-04-04,SPY,431.1470947265625,59601000
2022-04-05,SPY,425.70111083984375,74214500
2022-04-06,SPY,421.4443359375,106898000
2022-04-07,SPY,423.5680236816406,78097200
2022-04-08,SPY,422.43548583984375,79272700
2022-04-11,SPY,415.2149963378906,89770500
2022-04-12,SPY,413.6766052246094,84363600
2022-04-13,SPY,418.4147033691406,74070400
2022-04-14,SPY,413.20465087890625,97869500
2022-04-18,SPY,413.37451171875,66002500
2022-04-19,SPY,420.0474548339844,77821000
2022-04-20,SPY,419.7360534667969,65224400
2022-04-21,SPY,413.45947265625,85417300
2022-04-22,SPY,402.114501953125,132471800
2022-04-25,SPY,404.4457702636719,119647700
2022-04-26,SPY,392.73272705078125,103996300
2022-04-27,SPY,393.8370056152344,122030000
2022-04-28,SPY,403.7850646972656,105449100
2022-04-29,SPY,388.8629455566406,145491100
2022-05-02,SPY,391.20361328125,158312500
2022-05-03,SPY,392.99700927734375,100028200
2022-05-04,SPY,404.96490478515625,144247900
2022-05-05,SPY,390.5712890625,172929100
2022-05-06,SPY,388.2400207519531,151770800
2022-05-09,SPY,375.8097229003906,155586100
2022-05-10,SPY,376.6780090332031,132497200
2022-05-11,SPY,370.69403076171875,142361000
2022-05-12,SPY,370.30706787109375,125090800
2022-05-13,SPY,379.1603088378906,104174400
2022-05-16,SPY,377.621826171875,78622400
2022-05-17,SPY,385.3896179199219,83029700
2022-05-18,SPY,369.8540344238281,117674500
2022-05-19,SPY,367.5887756347656,98510700
2022-05-20,SPY,367.7492370605469,131432200
2022-05-23,SPY,374.62982177734375,76414900
2022-05-24,SPY,371.77001953125,91448800
2022-05-25,SPY,375.0545654296875,91472900
2022-05-26,SPY,382.54864501953125,82168300
2022-05-27,SPY,391.93994140625,84768700
2022-05-31,SPY,389.7407531738281,95937000
2022-06-01,SPY,386.58831787109375,86585800
2022-06-02,SPY,393.95025634765625,79609600
2022-06-03,SPY,387.48492431640625,71874300
2022-06-06,SPY,388.6647033691406,57508900
2022-06-07,SPY,392.3929138183594,59272400
2022-06-08,SPY,388.12677001953125,64350000
2022-06-09,SPY,378.89605712890625,86289800
2022-06-10,SPY,367.9096374511719,132893900
2022-06-13,SPY,353.9408264160156,170004900
2022-06-14,SPY,352.8742980957031,104011800
2022-06-15,SPY,357.9049377441406,125666800
2022-06-16,SPY,346.0597229003906,134473300
2022-06-17,SPY,346.8056945800781,111113900
2022-06-21,SPY,355.5361328125,76811900
2022-06-22,SPY,354.8914794921875,90059400
2022-06-23,SPY,358.3703308105469,79292100
2022-06-24,SPY,369.76434326171875,98050300
2022-06-27,SPY,368.3518981933594,66009600
2022-06-28,SPY,360.8254699707031,86548900
2022-06-29,SPY,360.5315856933594,65676000
2022-06-30,SPY,357.6025695800781,112508300
2022-07-01,SPY,361.3847351074219,74839700
2022-07-05,SPY,362.0672912597656,81438000
2022-07-06,SPY,363.2900695800781,70426200
2022-07-07,SPY,368.73114013671875,64525900
2022-07-08,SPY,368.42779541015625,72397800
2022-07-11,SPY,364.21905517578125,58366900
2022-07-12,SPY,360.9960632324219,62219200
2022-07-13,SPY,359.1003112792969,84224600
2022-07-14,SPY,358.2281188964844,89704800
2022-07-15,SPY,365.0721435546875,79060400
2022-07-18,SPY,362.057861328125,63203600
2022-07-19,SPY,371.84033203125,78506000
2022-07-20,SPY,374.2100830078125,71843800
2022-07-21,SPY,378.020751953125,64903900
2022-07-22,SPY,374.5134582519531,72197300
2022-07-25,SPY,374.96844482421875,53631500
2022-07-26,SPY,370.5321960449219,52946400
2022-07-27,SPY,380.1535339355469,82342100
2022-07-28,SPY,384.9216003417969,73966600
2022-07-29,SPY,390.5332336425781,87003700
2022-08-01,SPY,389.3768310546875,69997500
2022-08-02,SPY,386.80792236328125,63435400
2022-08-03,SPY,392.8651123046875,67820600
2022-08-04,SPY,392.5997009277344,45656600
2022-08-05,SPY,391.9361267089844,56814900
2022-08-08,SPY,391.4812316894531,53886100
2022-08-09,SPY,389.9266052246094,44931800
2022-08-10,SPY,398.1165466308594,68665700
2022-08-11,SPY,398.1165466308594,59489700
2022-08-12,SPY,404.8563537597656,61694500
2022-08-15,SPY,406.524658203125,54048300
2022-08-16,SPY,407.3209228515625,59289000
2022-08-17,SPY,404.4297180175781,63563400
2022-08-18,SPY,405.60516357421875,49023200
2022-08-19,SPY,400.1546936035156,68016900
2022-08-22,SPY,391.82244873046875,77695600
2022-08-23,SPY,390.8745422363281,49105200
2022-08-24,SPY,392.1257629394531,49177800
2022-08-25,SPY,397.6615295410156,50942300
2022-08-26,SPY,384.20111083984375,103087000
2022-08-29,SPY,381.6607666015625,65370800
2022-08-30,SPY,377.4709167480469,85652400
2022-08-31,SPY,374.5987548828125,76029700
2022-09-01,SPY,375.774169921875,78740100
2022-09-02,SPY,371.8118591308594,99632100
2022-09-06,SPY,370.40899658203125,76637400
2022-09-07,SPY,377.0633239746094,70964200
2022-09-08,SPY,379.5279235839844,80821700
2022-09-09,SPY,385.42401123046875,76706900
2022-09-12,SPY,389.5663757324219,69256300
2022-09-13,SPY,372.6270751953125,122947100
2022-09-14,SPY,374.0489807128906,85023700
2022-09-15,SPY,369.80224609375,87633800
2022-09-16,SPY,366.9811096191406,103084800
2022-09-19,SPY,369.8269958496094,73278500
2022-09-20,SPY,365.5819091796875,77274900
2022-09-21,SPY,359.20477294921875,106746600
2022-09-22,SPY,356.18756103515625,89472600
2022-09-23,SPY,350.21966552734375,122346900
2022-09-26,SPY,346.75506591796875,92581200
2022-09-27,SPY,345.869873046875,108294100
2022-09-28,SPY,352.6753234863281,110802200
2022-09-29,SPY,345.30828857421875,112952300
2022-09-30,SPY,339.9685974121094,153711200
2022-10-03,SPY,348.9442443847656,89756500
2022-10-04,SPY,359.7568054199219,103602800
2022-10-05,SPY,358.91925048828125,88065700
2022-10-06,SPY,355.2166748046875,82333500
2022-10-07,SPY,345.30828857421875,107789500
2022-10-10,SPY,342.6717834472656,76042800
2022-10-11,SPY,340.50164794921875,92482800
2022-10-12,SPY,339.3785095214844,76991800
2022-10-13,SPY,348.33514404296875,147254500
2022-10-14,SPY,340.39691162109375,123737000
2022-10-17,SPY,349.1441345214844,93168200
2022-10-18,SPY,353.2464599609375,97162900
2022-10-19,SPY,350.74322509765625,79746900
2022-10-20,SPY,347.8020324707031,88283100
2022-10-21,SPY,356.254150390625,131038400
2022-10-24,SPY,360.61346435546875,85436900
2022-10-25,SPY,366.3719787597656,78846300
2022-10-26,SPY,363.6116943359375,104087300
2022-10-27,SPY,361.6699523925781,81971800
2022-10-28,SPY,370.27435302734375,100302000
2022-10-31,SPY,367.5997619628906,96631300
2022-11-01,SPY,365.9911804199219,85407600
2022-11-02,SPY,356.80621337890625,126990400
2022-11-03,SPY,353.1322021484375,87100100
2022-11-04,SPY,358.2148742675781,103505200
2022-11-07,SPY,361.6414489746094,68286900
2022-11-08,SPY,363.5926208496094,84641100
2022-11-09,SPY,356.1018371582031,78495500
2022-11-10,SPY,375.671142578125,141455800
2022-11-11,SPY,379.30706787109375,93839900
2022-11-14,SPY,376.0804748535156,71903500
2022-11-15,SPY,379.2879638671875,93194500
2022-11-16,SPY,376.39453125,68508500
2022-11-17,SPY,375.2428283691406,74496300
2022-11-18,SPY,376.946533203125,92922500
2022-11-21,SPY,375.5758972167969,51243200
2022-11-22,SPY,380.63006591796875,60429000
2022-11-23,SPY,383.0286865234375,68261600
2022-11-25,SPY,382.9429626464844,30545400
2022-11-28,SPY,376.8323059082031,67881600
2022-11-29,SPY,376.18511962890625,52310000
2022-11-30,SPY,388.0351867675781,144566700
2022-12-01,SPY,387.7496337890625,76398200
2022-12-02,SPY,387.3022766113281,85342700
2022-12-05,SPY,380.3350524902344,77289800
2022-12-06,SPY,374.8525695800781,77972200
2022-12-07,SPY,374.2148742675781,65927900
2022-12-08,SPY,377.146484375,60737900
2022-12-09,SPY,374.3290710449219,81447700
2022-12-12,SPY,379.72589111328125,75405800
2022-12-13,SPY,382.6003723144531,123782500
2022-12-14,SPY,380.1541748046875,108111300
2022-12-15,SPY,370.85491943359375,117705900
2022-12-16,SPY,366.4765930175781,119858000
2022-12-19,SPY,363.3690185546875,79878100
2022-12-20,SPY,363.8661804199219,74427200
2022-12-21,SPY,369.30694580078125,78167400
2022-12-22,SPY,364.03839111328125,100120900
2022-12-23,SPY,366.1323547363281,59857300
2022-12-27,SPY,364.6885681152344,51638200
2022-12-28,SPY,360.1562194824219,70911500
2022-12-29,SPY,366.63916015625,66970900
2022-12-30,SPY,365.6733703613281,84022200
2023-01-03,SPY,364.13397216796875,74850700
2023-01-04,SPY,366.9451904296875,85934100
2023-01-05,SPY,362.757080078125,76970500
2023-01-06,SPY,371.07586669921875,104189600
2023-01-09,SPY,370.8654479980469,73978100
2023-01-10,SPY,373.4662780761719,65358100
2023-01-11,SPY,378.1898498535156,68881100
2023-01-12,SPY,379.56671142578125,90157700
2023-01-13,SPY,381.039306640625,63903900
2023-01-17,SPY,380.34124755859375,62677300
2023-01-18,SPY,374.3365173339844,99632300
2023-01-19,SPY,371.611328125,86958900
2023-01-20,SPY,378.53411865234375,91806400
2023-01-23,SPY,383.07598876953125,84178800
2023-01-24,SPY,382.664794921875,59524900
2023-01-25,SPY,382.80828857421875,84800300
2023-01-26,SPY,387.0154113769531,72287400
2023-01-27,SPY,387.9046936035156,68346200
2023-01-30,SPY,383.0377197265625,74202000
2023-01-31,SPY,388.6697082519531,86811800
2023-02-01,SPY,392.8003234863281,101459200
2023-02-02,SPY,398.5183410644531,101654500
2023-02-03,SPY,394.282470703125,94736800
2023-02-06,SPY,391.872802734375,60295300
2023-02-07,SPY,396.9980163574219,90990700
2023-02-08,SPY,392.6569519042969,76227500
2023-02-09,SPY,389.2529602050781,78694900
2023-02-10,SPY,390.1612548828125,70769700
2023-02-13,SPY,394.7413635253906,64913500
2023-02-14,SPY,394.5597229003906,88389300
2023-02-15,SPY,395.8409423828125,61555700
2023-02-16,SPY,390.39080810546875,76431500
2023-02-17,SPY,389.4154968261719,89257800
2023-02-21,SPY,381.6034240722656,82655900
2023-02-22,SPY,381.07757568359375,83742300
2023-02-23,SPY,383.1046447753906,96242400
2023-02-24,SPY,379.0121765136719,108194400
2023-02-27,SPY,380.3030090332031,80444700
2023-02-28,SPY,378.8974304199219,96438600
2023-03-01,SPY,377.4440612792969,99706800
2023-03-02,SPY,380.3794860839844,85127800
2023-03-03,SPY,386.47998046875,90120000
2023-03-06,SPY,386.74774169921875,72795900
2023-03-07,SPY,380.8193664550781,108310600
2023-03-08,SPY,381.4408874511719,74746600
2023-03-09,SPY,374.4034423828125,111945300
2023-03-10,SPY,369.0009765625,189253000
2023-03-13,SPY,368.4750061035156,157790000
2023-03-14,SPY,374.56597900390625,149752400
2023-03-15,SPY,372.22332763671875,172996900
2023-03-16,SPY,378.7539978027344,143254200
2023-03-17,SPY,374.3253173828125,140553400
2023-03-20,SPY,377.9247741699219,93055800
2023-03-21,SPY,382.8871154785156,91524200
2023-03-22,SPY,376.3601989746094,111746600
2023-03-23,SPY,377.37762451171875,119351300
2023-03-24,SPY,379.85400390625,107682400
2023-03-27,SPY,380.5642395019531,74010400
2023-03-28,SPY,379.7100524902344,62871700
2023-03-29,SPY,385.22906494140625,77497900
2023-03-30,SPY,387.4846496582031,69840000
2023-03-31,SPY,392.9461364746094,112062600
2023-04-03,SPY,394.4434814453125,67391100
2023-04-04,SPY,392.25506591796875,66601500
2023-04-05,SPY,391.22802734375,65200200
2023-04-06,SPY,392.7541198730469,63743300
2023-04-10,SPY,393.1572570800781,63681000
2023-04-11,SPY,393.2628479003906,59297900
2023-04-12,SPY,391.6598815917969,86420400
2023-04-13,SPY,396.8623046875,85814800
2023-04-14,SPY,395.8927917480469,78161500
2023-04-17,SPY,397.3133850097656,66436400
2023-04-18,SPY,397.5725402832031,63560000
2023-04-19,SPY,397.50537109375,55227300
2023-04-20,SPY,395.33612060546875,75840400
2023-04-21,SPY,395.6431884765625,73457400
2023-04-24,SPY,396.05596923828125,64332100
2023-04-25,SPY,389.7690124511719,97766700
2023-04-26,SPY,388.1181640625,80447000
2023-04-27,SPY,395.8448486328125,92968400
2023-04-28,SPY,399.223388671875,89433100
2023-05-01,SPY,398.8203125,62122300
2023-05-02,SPY,394.3378601074219,103998500
2023-05-03,SPY,391.6311340332031,91531800
2023-05-04,SPY,388.8572692871094,94901900
2023-05-05,SPY,396.05596923828125,87891800
2023-05-08,SPY,396.1615295410156,50046800
2023-05-09,SPY,394.4242248535156,49220100
2023-05-10,SPY,396.2671203613281,96142900
2023-05-11,SPY,395.5760803222656,70157100
2023-05-12,SPY,395.0577697753906,70481500
2023-05-15,SPY,396.4207763671875,54289400
2023-05-16,SPY,393.7716064453125,57705500
2023-05-17,SPY,398.5516052246094,87287000
2023-05-18,SPY,402.390869140625,97177200
2023-05-19,SPY,401.80535888671875,103793300
2023-05-22,SPY,401.9685363769531,60745400
2023-05-23,SPY,397.45733642578125,86383500
2023-05-24,SPY,394.57781982421875,89213700
2023-05-25,SPY,397.99481201171875,90961600
2023-05-26,SPY,403.149169921875,93830000
2023-05-30,SPY,403.3027038574219,72216000
2023-05-31,SPY,401.0663146972656,110811800
2023-06-01,SPY,404.8768310546875,88865000
2023-06-02,SPY,410.73187255859375,91426200
2023-06-05,SPY,409.9447937011719,65460200
2023-06-06,SPY,410.8373718261719,64022200
2023-06-07,SPY,409.4168701171875,85373300
2023-06-08,SPY,411.8931884765625,61952800
2023-06-09,SPY,412.63226318359375,85742800
2023-06-12,SPY,416.3756103515625,76104300
2023-06-13,SPY,419.12078857421875,95899700
2023-06-14,SPY,419.619873046875,100612100
2023-06-15,SPY,424.82220458984375,110303100
2023-06-16,SPY,423.3751220703125,114165800
2023-06-20,SPY,421.1785888671875,76160400
2023-06-21,SPY,419.0205993652344,76982300
2023-06-22,SPY,420.5331115722656,70637200
2023-06-23,SPY,417.3538818359375,92074500
2023-06-26,SPY,415.6486511230469,72823600
2023-06-27,SPY,420.2055969238281,72813700
2023-06-28,SPY,420.4175109863281,75636000
2023-06-29,SPY,422.0745544433594,67882300
2023-06-30,SPY,427.0552978515625,104964000
2023-07-03,SPY,427.54669189453125,32793400
2023-07-05,SPY,426.9108581542969,58418400
2023-07-06,SPY,423.56781005859375,80658300
2023-07-07,SPY,422.4985046386719,86134200
2023-07-10,SPY,423.56781005859375,62443500
2023-07-11,SPY,426.2654113769531,64463800
2023-07-12,SPY,429.6950378417969,91924500
2023-07-13,SPY,433.1054992675781,72425200
2023-07-14,SPY,432.8356628417969,69815800
2023-07-17,SPY,434.338623046875,52680200
2023-07-18,SPY,437.5660095214844,80668200
2023-07-19,SPY,438.5390625,65891700
2023-07-20,SPY,435.6295471191406,70591600
2023-07-21,SPY,435.6295471191406,71275600
2023-07-24,SPY,437.57562255859375,54023400
2023-07-25,SPY,438.770263671875,55191200
2023-07-26,SPY,438.8376770019531,71052900
2023-07-27,SPY,435.92822265625,92194400
2023-07-28,SPY,440.1961364746094,80011800
2023-07-31,SPY,441.0342712402344,62040400
2023-08-01,SPY,439.772216796875,55291500
2023-08-02,SPY,433.65460205078125,93933400
2023-08-03,SPY,432.4118347167969,64276100
2023-08-04,SPY,430.45611572265625,100128900
2023-08-07,SPY,434.21337890625,58357500
2023-08-08,SPY,432.3251037597656,71361300
2023-08-09,SPY,429.4349060058594,78789600
2023-08-10,SPY,429.5889892578125,93005500
2023-08-11,SPY,429.33856201171875,68690900
2023-08-14,SPY,431.7085266113281,47867400
2023-08-15,SPY,426.67962646484375,75707500
2023-08-16,SPY,423.5486145019531,80107200
2023-08-17,SPY,420.3211669921875,95711300
2023-08-18,SPY,420.5234680175781,98852000
2023-08-21,SPY,423.2595520019531,68719000
2023-08-22,SPY,422.11309814453125,64994200
2023-08-23,SPY,426.81451416015625,68441000
2023-08-24,SPY,420.8992614746094,88517300
2023-08-25,SPY,423.86651611328125,102325100
2023-08-28,SPY,426.5544128417969,61595400
2023-08-29,SPY,432.7200927734375,83081900
2023-08-30,SPY,434.50244140625,69053900
2023-08-31,SPY,433.8666076660156,66084600
2023-09-01,SPY,434.67578125,58944100
2023-09-05,SPY,432.79718017578125,55166200
2023-09-06,SPY,429.8876953125,70758500
2023-09-07,SPY,428.5679016113281,70355400
2023-09-08,SPY,429.21331787109375,61659700
2023-09-11,SPY,432.0361633300781,60180100
2023-09-12,SPY,429.6661682128906,67565400
2023-09-13,SPY,430.1671447753906,60199300
2023-09-14,SPY,433.876220703125,83430800
2023-09-15,SPY,428.6487121582031,111848900
2023-09-18,SPY,428.900146484375,55752200
2023-09-19,SPY,428.0106201171875,66514600
2023-09-20,SPY,424.0757751464844,82562600
2023-09-21,SPY,417.0665283203125,104095800
2023-09-22,SPY,416.128662109375,100829700
2023-09-25,SPY,417.87860107421875,70874500
2023-09-26,SPY,411.73944091796875,96168400
2023-09-27,SPY,411.90380859375,104705800
2023-09-28,SPY,414.2917785644531,92258300
2023-09-29,SPY,413.28631591796875,115111300
2023-10-02,SPY,413.1219787597656,83798600
2023-10-03,SPY,407.5918273925781,103760600
2023-10-04,SPY,410.55999755859375,87453000
2023-10-05,SPY,410.4052734375,70142700
2023-10-06,SPY,415.2779235839844,113273300
2023-10-09,SPY,417.9366760253906,80374400
2023-10-10,SPY,420.11187744140625,78607300
2023-10-11,SPY,421.8328552246094,62451700
2023-10-12,SPY,419.2611389160156,81154200
2023-10-13,SPY,417.1728210449219,95143100
2023-10-16,SPY,421.5620422363281,75433200
2023-10-17,SPY,421.5427551269531,75324700
2023-10-18,SPY,415.9256896972656,93559800
2023-10-19,SPY,412.2711486816406,121323000
2023-10-20,SPY,407.20513916015625,123919900
2023-10-23,SPY,406.4993896484375,92035100
2023-10-24,SPY,409.5641174316406,78564200
2023-10-25,SPY,403.68597412109375,94223200
2023-10-26,SPY,398.8520202636719,115156800
2023-10-27,SPY,397.0440979003906,107367700
2023-10-30,SPY,401.7911071777344,86562700
2023-10-31,SPY,404.31451416015625,79665200
2023-11-01,SPY,408.6263427734375,98068100
2023-11-02,SPY,416.4574279785156,94938900
2023-11-03,SPY,420.2569274902344,100167800
2023-11-06,SPY,421.2237243652344,67831700
2023-11-07,SPY,422.42254638671875,64256100
2023-11-08,SPY,422.7319641113281,61746000
2023-11-09,SPY,419.4350891113281,83174400
2023-11-10,SPY,425.9803161621094,89462200
2023-11-13,SPY,425.5743408203125,52236100
2023-11-14,SPY,433.83074951171875,97176900
2023-11-15,SPY,434.7491760253906,77327600
2023-11-16,SPY,435.28094482421875,66665800
2023-11-17,SPY,435.8224182128906,83133200
2023-11-20,SPY,439.17718505859375,69936200
2023-11-21,SPY,438.219970703125,49244600
2023-11-22,SPY,439.911865234375,59394900
2023-11-24,SPY,440.1825866699219,29737400
2023-11-27,SPY,439.38983154296875,50506000
2023-11-28,SPY,439.8248596191406,62115000
2023-11-29,SPY,439.5154724121094,63146000
2023-11-30,SPY,441.24609375,79752700
2023-12-01,SPY,443.8564147949219,89183400
2023-12-04,SPY,441.52642822265625,72430900
2023-12-05,SPY,441.4394836425781,69793500
2023-12-06,SPY,439.6605529785156,69124700
2023-12-07,SPY,443.0153503417969,66995400
2023-12-08,SPY,444.9199523925781,83194400
2023-12-11,SPY,446.6504821777344,65002200
2023-12-12,SPY,448.69036865234375,68327600
2023-12-13,SPY,454.8778991699219,93278000
2023-12-14,SPY,456.3377380371094,119026000
2023-12-15,SPY,455.5863952636719,141553700
2023-12-18,SPY,458.14910888671875,70375300
2023-12-19,SPY,460.93511962890625,55761800
2023-12-20,SPY,454.54779052734375,102921000
2023-12-21,SPY,458.8577575683594,86667500
2023-12-22,SPY,459.7799377441406,67160400
2023-12-26,SPY,461.72137451171875,55387000
2023-12-27,SPY,462.5561828613281,68000300
2023-12-28,SPY,462.7308654785156,77158100
2023-12-29,SPY,461.39129638671875,122283100
2024-01-02,SPY,458.80926513671875,123623700
2024-01-03,SPY,455.062255859375,103585900
2024-01-04,SPY,453.5964660644531,84232200
2024-01-05,SPY,454.2177429199219,86118900
2024-01-08,SPY,460.7021179199219,74879100
2024-01-09,SPY,460.003173828125,65931400
2024-01-10,SPY,462.6047058105469,67310600
2024-01-11,SPY,462.40087890625,77940700
2024-01-12,SPY,462.72119140625,58026400
2024-01-16,SPY,461.0224609375,85014900
2024-01-17,SPY,458.45977783203125,68843900
2024-01-18,SPY,462.5367431640625,91856200
2024-01-19,SPY,468.3028259277344,110834500
2024-01-22,SPY,469.2929992675781,75844900
2024-01-23,SPY,470.6616516113281,49945300
2024-01-24,SPY,471.1761779785156,81765000
2024-01-25,SPY,473.73883056640625,72525000
2024-01-26,SPY,473.1369934082031,76641600
2024-01-29,SPY,476.8839416503906,61322800
2024-01-30,SPY,476.5151062011719,58618400
2024-01-31,SPY,468.73968505859375,126011100
2024-02-01,SPY,474.8746032714844,91891600
2024-02-02,SPY,479.8737487792969,99228200
2024-02-05,SPY,478.1264953613281,75757100
2024-02-06,SPY,479.5146179199219,55918600
2024-02-07,SPY,483.5139465332031,70556500
2024-02-08,SPY,483.7275390625,52343600
2024-02-09,SPY,486.523193359375,63979400
2024-02-12,SPY,486.3095703125,56502300
2024-02-13,SPY,479.6116638183594,113099200
2024-02-14,SPY,483.9702453613281,68387800
2024-02-15,SPY,487.3094177246094,61683000
2024-02-16,SPY,484.8826599121094,75532900
2024-02-20,SPY,482.21319580078125,71736700
2024-02-21,SPY,482.6499938964844,59293400
2024-02-22,SPY,492.6387023925781,76402500
2024-02-23,SPY,492.97845458984375,61321800
2024-02-26,SPY,491.17291259765625,50386700
2024-02-27,SPY,492.08538818359375,48854500
2024-02-28,SPY,491.43499755859375,56506600
2024-02-29,SPY,493.2016906738281,83924800
2024-03-01,SPY,497.8319396972656,76844800
2024-03-04,SPY,497.29815673828125,49799300
2024-03-05,SPY,492.3280334472656,72855600
2024-03-06,SPY,494.8227844238281,68382400
2024-03-07,SPY,499.734619140625,58652100
2024-03-08,SPY,496.735107421875,86532500
2024-03-11,SPY,496.3079833984375,62557200
2024-03-12,SPY,501.6469421386719,73114400
2024-03-13,SPY,500.8605651855469,55104100
2024-03-14,SPY,499.87054443359375,110171800
2024-03-15,SPY,496.4381103515625,107646300
2024-03-18,SPY,499.3885498046875,88893300
2024-03-19,SPY,502.1636657714844,60755300
2024-03-20,SPY,506.8083801269531,69594600
2024-03-21,SPY,508.4831848144531,60256100
2024-03-22,SPY,507.5191955566406,79070800
2024-03-25,SPY,506.1170959472656,48512100
2024-03-26,SPY,505.1822814941406,65463700
2024-03-27,SPY,509.4277648925781,82999800
2024-03-28,SPY,509.330322265625,96294900
2024-04-01,SPY,508.4442138671875,62477500
2024-04-02,SPY,505.2115478515625,74230300
2024-04-03,SPY,505.7664489746094,59155800
2024-04-04,SPY,499.593017578125,96858100
2024-04-05,SPY,504.81219482421875,74546500
2024-04-08,SPY,505.09454345703125,48401800
2024-04-09,SPY,505.6788635253906,68049200
2024-04-10,SPY,500.615478515625,82652800
2024-04-11,SPY,504.3935241699219,70099000
2024-04-12,SPY,497.431396484375,92561100
2024-04-15,SPY,491.199462890625,92101400
2024-04-16,SPY,490.3035583496094,73484000
2024-04-17,SPY,487.40185546875,75910300
2024-04-18,SPY,486.3988952636719,74548100
2024-04-19,SPY,482.1534729003906,102212600
2024-04-22,SPY,486.59368896484375,67961000
2024-04-23,SPY,492.3678894042969,64633600
2024-04-24,SPY,492.1342468261719,55928100
2024-04-25,SPY,490.2646789550781,69122400
2024-04-26,SPY,494.9093322753906,64306100
2024-04-29,SPY,496.6620788574219,46415400
2024-04-30,SPY,488.7943420410156,77483600
2024-05-01,SPY,487.2071838378906,80242800
2024-05-02,SPY,491.76416015625,62550200
2024-05-03,SPY,497.85980224609375,72756700
2024-05-06,SPY,503.0010986328125,47264700
2024-05-07,SPY,503.5561218261719,52561300
2024-05-08,SPY,503.604736328125,42047200
2024-05-09,SPY,506.5064697265625,43643700
2024-05-10,SPY,507.15899658203125,52233200
2024-05-13,SPY,507.22705078125,36716400
2024-05-14,SPY,509.5543518066406,57535900
2024-05-15,SPY,515.8641357421875,59504900
2024-05-16,SPY,514.802734375,50244800
2024-05-17,SPY,515.5427856445312,59187600
2024-05-20,SPY,516.1367797851562,37764200
2024-05-21,SPY,517.4025268554688,33437000
2024-05-22,SPY,515.9127807617188,48390000
2024-05-23,SPY,512.14453125,57211200
2024-05-24,SPY,515.5330200195312,41291100
2024-05-28,SPY,515.8932495117188,36269600
2024-05-29,SPY,512.2807006835938,45190300
2024-05-30,SPY,508.8824462890625,46377600
2024-05-31,SPY,513.5174560546875,90785800
2024-06-03,SPY,513.9360961914062,46835700
2024-06-04,SPY,514.5106201171875,34632700
2024-06-05,SPY,520.6255493164062,47610400
2024-06-06,SPY,520.6159057617188,30808500
2024-06-07,SPY,519.9830932617188,43224500
2024-06-10,SPY,521.5895385742188,35686100
2024-06-11,SPY,522.8458251953125,36383400
2024-06-12,SPY,527.1399536132812,63251300
2024-06-13,SPY,528.2013549804688,44760900
2024-06-14,SPY,528.5225830078125,40089900
2024-06-17,SPY,532.7291870117188,55839500
2024-06-18,SPY,534.0826416015625,41376400
2024-06-20,SPY,532.6317749023438,70328200
2024-06-21,SPY,531.917724609375,64338600
2024-06-24,SPY,530.1886596679688,45528700
2024-06-25,SPY,532.2303466796875,37936200
2024-06-26,SPY,532.8944702148438,38550600
2024-06-27,SPY,533.734619140625,35041500
2024-06-28,SPY,531.6343994140625,76144500
2024-07-01,SPY,532.7285766601562,40297800
2024-07-02,SPY,536.313720703125,40434800
2024-07-03,SPY,538.7069091796875,32789900
2024-07-05,SPY,541.8134155273438,41488400
2024-07-08,SPY,542.4385986328125,36110500
2024-07-09,SPY,542.9661865234375,27289700
2024-07-10,SPY,548.3389282226562,38701200
2024-07-11,SPY,543.61083984375,53054200
2024-07-12,SPY,547.0396728515625,53084400
2024-07-15,SPY,548.5440673828125,40584300
2024-07-16,SPY,551.7969970703125,36475300
2024-07-17,SPY,544.060302734375,57119000
2024-07-18,SPY,539.879150390625,56270400
2024-07-19,SPY,536.2940673828125,65509100
2024-07-22,SPY,541.8231811523438,43346700
2024-07-23,SPY,540.9732055664062,34439600
2024-07-24,SPY,528.7135009765625,74515300
2024-07-25,SPY,525.9586791992188,61158300
2024-07-26,SPY,531.8492431640625,53763800
2024-07-29,SPY,532.1619873046875,39515800
2024-07-30,SPY,529.4656982421875,46853600
2024-07-31,SPY,538.0718994140625,65663400
2024-08-01,SPY,530.452392578125,76428700
2024-08-02,SPY,520.5762939453125,82789100
2024-08-05,SPY,505.41510009765625,146267400
2024-08-06,SPY,510.07476806640625,84826300
2024-08-07,SPY,506.6654052734375,70698300
2024-08-08,SPY,518.3782348632812,63276600
2024-08-09,SPY,520.6640625,45619600
2024-08-12,SPY,520.9376831054688,42542100
2024-08-13,SPY,529.5048217773438,52333100
2024-08-14,SPY,531.17529296875,42446900
2024-08-15,SPY,540.27978515625,60846800
2024-08-16,SPY,541.4911499023438,44430700
2024-08-19,SPY,546.6685791015625,39121800
2024-08-20,SPY,545.779541015625,33732300
2024-08-21,SPY,547.6550903320312,41514600
2024-08-22,SPY,543.3568725585938,56121500
2024-08-23,SPY,549.1302490234375,50639400
2024-08-26,SPY,547.8212280273438,35788600
2024-08-27,SPY,548.573486328125,32693900
2024-08-28,SPY,545.3888549804688,41066000
2024-08-29,SPY,545.4376220703125,38715200
2024-08-30,SPY,550.6444091796875,62700100
2024-09-03,SPY,539.3126831054688,60600100
2024-09-04,SPY,538.2088012695312,47224900
2024-09-05,SPY,536.8997192382812,44264300
2024-09-06,SPY,527.8636474609375,68493800
2024-09-09,SPY,533.773681640625,40445800
2024-09-10,SPY,536.0986938476562,36394600
2024-09-11,SPY,541.5985107421875,75248600
2024-09-12,SPY,546.1605834960938,51819600
2024-09-13,SPY,549.0130004882812,39310500
2024-09-16,SPY,549.8238525390625,36656100
2024-09-17,SPY,550.0484619140625,49321000
2024-09-18,SPY,548.4170532226562,59044900
2024-09-19,SPY,557.7755126953125,75315500
2024-09-20,SPY,556.8114013671875,77503100
2024-09-23,SPY,558.2026977539062,44116900
2024-09-24,SPY,559.7998657226562,46805700
2024-09-25,SPY,558.5653076171875,38428600
2024-09-26,SPY,560.7798461914062,48336000
2024-09-27,SPY,559.9664916992188,42100900
2024-09-30,SPY,562.2105102539062,63557400
2024-10-01,SPY,557.1739501953125,72668800
2024-10-02,SPY,557.4089965820312,38097800
2024-10-03,SPY,556.3899536132812,40846500
2024-10-04,SPY,561.446044921875,42939100
2024-10-07,SPY,556.370361328125,49964700
2024-10-08,SPY,561.6322631835938,37398700
2024-10-09,SPY,565.5224609375,37912200
2024-10-10,SPY,564.53271484375,44138100
2024-10-11,SPY,567.913330078125,42268000
2024-10-14,SPY,572.557861328125,36217200
2024-10-15,SPY,568.1093139648438,54203600
2024-10-16,SPY,570.5784301757812,30725400
2024-10-17,SPY,570.6275634765625,34393700
2024-10-18,SPY,572.8224487304688,37416800
2024-10-21,SPY,571.8817138671875,36439000
2024-10-22,SPY,571.5780029296875,34183800
2024-10-23,SPY,566.3552856445312,49314600
2024-10-24,SPY,567.5802001953125,34979900
2024-10-25,SPY,567.3841552734375,47268200
2024-10-28,SPY,569.1381225585938,30174700
2024-10-29,SPY,570.0592041015625,42899700
2024-10-30,SPY,568.334716796875,41435800
2024-10-31,SPY,557.1935424804688,60182500
2024-11-01,SPY,559.545166015625,45667500
2024-11-04,SPY,558.3399047851562,38217000
2024-11-05,SPY,565.0912475585938,39478300
2024-11-06,SPY,579.1425170898438,68182000
2024-11-07,SPY,583.6204833984375,47233200
2024-11-08,SPY,586.148681640625,46444900
2024-11-11,SPY,586.7072143554688,37586800
2024-11-12,SPY,584.8846435546875,43006100
2024-11-13,SPY,585.1687622070312,47388600
2024-11-14,SPY,581.406005859375,38904100
2024-11-15,SPY,573.9590454101562,75988800
2024-11-18,SPY,576.310791015625,37001700
2024-11-19,SPY,578.41748046875,49412000
2024-11-20,SPY,578.6134033203125,50032600
2024-11-21,SPY,581.7196655273438,46750300
2024-11-22,SPY,583.522705078125,38226400
2024-11-25,SPY,585.5020141601562,42441400
2024-11-26,SPY,588.5591430664062,45621300
2024-11-27,SPY,586.7757568359375,34000200
2024-11-29,SPY,590.4208374023438,30177400
2024-12-02,SPY,591.4791870117188,31746000
2024-12-03,SPY,591.7535400390625,26906600
2024-12-04,SPY,595.427978515625,42787600
2024-12-05,SPY,594.4482421875,28762200
2024-12-06,SPY,595.5750122070312,31241500
2024-12-09,SPY,592.5079956054688,34742700
2024-12-10,SPY,590.6658325195312,37234500
2024-12-11,SPY,595.2320556640625,28677700
2024-12-12,SPY,592.1650390625,31543800
2024-12-13,SPY,592.0474853515625,35904700
2024-12-16,SPY,594.5755004882812,43695200
2024-12-17,SPY,592.1257934570312,55773500
2024-12-18,SPY,574.4784545898438,108248700
2024-12-19,SPY,574.3020629882812,85919500
2024-12-20,SPY,581.2000122070312,125716700
2024-12-23,SPY,584.6803588867188,57635800
2024-12-24,SPY,591.1791381835938,33160100
2024-12-26,SPY,591.218505859375,41219100
2024-12-27,SPY,584.9950561523438,64969300
2024-12-30,SPY,578.3192749023438,56578800
2024-12-31,SPY,576.2152099609375,57052700
2025-01-02,SPY,574.799560546875,50204000
2025-01-03,SPY,581.9865112304688,37888500
2025-01-06,SPY,585.3390502929688,47679400
2025-01-07,SPY,578.7222900390625,60393100
2025-01-08,SPY,579.56787109375,47304700
2025-01-10,SPY,570.7192993164062,73105000
2025-01-13,SPY,571.6043090820312,47910100
2025-01-14,SPY,572.3907470703125,48420600
2025-01-15,SPY,582.8025512695312,56900200
2025-01-16,SPY,581.6817626953125,43319700
2025-01-17,SPY,587.5216674804688,58070600
2025-01-21,SPY,592.8995971679688,42532900
2025-01-22,SPY,596.2326049804688,48196000
2025-01-23,SPY,599.48681640625,41152100
2025-01-24,SPY,597.73681640625,34604700
2025-01-27,SPY,589.2816162109375,70361100
2025-01-28,SPY,594.3449096679688,44433300
2025-01-29,SPY,591.6804809570312,37177400
2025-01-30,SPY,594.8561401367188,39281300
2025-01-31,SPY,591.6904296875,66566900
2025-02-03,SPY,587.7085571289062,65857200
2025-02-04,SPY,591.6510009765625,33457800
2025-02-05,SPY,594.0498657226562,30653100
2025-02-06,SPY,596.1146240234375,35771500
2025-02-07,SPY,590.6580810546875,50788500
2025-02-10,SPY,594.6693725585938,26048700
2025-02-11,SPY,595.12158203125,30056700
2025-02-12,SPY,593.2044067382812,45076100
2025-02-13,SPY,599.4671630859375,40921300
2025-02-14,SPY,599.4378051757812,26910400
2025-02-18,SPY,601.1975708007812,26749000
2025-02-19,SPY,602.6133422851562,31011100
2025-02-20,SPY,600.1062622070312,36554000
2025-02-21,SPY,589.842041015625,76519800
2025-02-24,SPY,587.157958984375,50737200
2025-02-25,SPY,584.2379150390625,58266500
2025-02-26,SPY,584.5328369140625,43321600
2025-02-27,SPY,575.20263671875,74196700
2025-02-28,SPY,584.178955078125,88744100
2025-03-03,SPY,573.944091796875,74249200
2025-03-04,SPY,567.1504516601562,109648200
2025-03-05,SPY,573.24609375,71230500
2025-03-06,SPY,563.0703125,80094900
2025-03-07,SPY,566.226318359375,81158800
2025-03-10,SPY,551.14453125,99326600
2025-03-11,SPY,546.5629272460938,88102100
2025-03-12,SPY,549.4633178710938,69588200
2025-03-13,SPY,542.1386108398438,74079400
2025-03-14,SPY,553.3369750976562,62660300
2025-03-17,SPY,557.60400390625,49008700
2025-03-18,SPY,551.5770874023438,66041400
2025-03-19,SPY,557.5842895507812,66556000
2025-03-20,SPY,555.9718627929688,62958200
2025-03-21,SPY,556.1552734375,83763000
2025-03-24,SPY,566.1151733398438,58766800
2025-03-25,SPY,567.4759521484375,38355700
2025-03-26,SPY,560.7013549804688,51848300
2025-03-27,SPY,559.2123413085938,42164200
2025-03-28,SPY,547.95068359375,71662700
2025-03-31,SPY,551.6289672851562,95328200
2025-04-01,SPY,553.1869506835938,54609600
2025-04-02,SPY,556.687744140625,76014500
2025-04-03,SPY,529.2537231445312,125986000
2025-04-04,SPY,498.2696838378906,217965100
2025-04-07,SPY,497.3821716308594,256611400
2025-04-08,SPY,489.5917663574219,165816600
2025-04-09,SPY,541.0084838867188,241867300
2025-04-10,SPY,517.3018798828125,162331200
2025-04-11,SPY,526.531982421875,97866300
2025-04-14,SPY,531.6401977539062,68034000
2025-04-15,SPY,530.151123046875,56892900
2025-04-16,SPY,518.3668823242188,83484800
2025-04-17,SPY,519.1064453125,79868100
2025-04-21,SPY,506.7503356933594,69368100
2025-04-22,SPY,519.9349365234375,75948100
2025-04-23,SPY,527.9915161132812,90590700
2025-04-24,SPY,539.1051635742188,64150400
2025-04-25,SPY,543.0003662109375,61119600
2025-04-28,SPY,543.2074584960938,47613800
2025-04-29,SPY,546.6292724609375,47775100
2025-04-30,SPY,546.8462524414062,93101500
2025-05-01,SPY,550.7216796875,63186100
2025-05-02,SPY,558.8966674804688,60717300
2025-05-05,SPY,555.6918334960938,38659200
2025-05-06,SPY,551.0471801757812,48264700
2025-05-07,SPY,553.364501953125,55588000
2025-05-08,SPY,557.2203369140625,65130800
2025-05-09,SPY,556.51025390625,37603400
2025-05-12,SPY,574.9015502929688,78993600
2025-05-13,SPY,578.6981811523438,67947200
2025-05-14,SPY,579.437744140625,66283500
2025-05-15,SPY,582.2678833007812,71268100
2025-05-16,SPY,585.9560546875,76052100
2025-05-19,SPY,586.596923828125,68168500
2025-05-20,SPY,584.6246337890625,60614500
2025-05-21,SPY,574.7733764648438,95197700
2025-05-22,SPY,575.0001831054688,70860400
2025-05-23,SPY,571.0753173828125,76029000
2025-05-27,SPY,582.9483642578125,72588500
2025-05-28,SPY,579.5757446289062,68445500
2025-05-29,SPY,581.8635864257812,69973300
2025-05-30,SPY,581.2127685546875,90601200
2025-06-02,SPY,584.4866943359375,61630500
2025-06-03,SPY,587.8197631835938,63606200
2025-06-04,SPY,587.6619873046875,57314200
2025-06-05,SPY,584.8219604492188,92278700
2025-06-06,SPY,590.8275146484375,66588700
2025-06-09,SPY,591.3599853515625,53016400
2025-06-10,SPY,594.7127685546875,66247000
2025-06-11,SPY,593.0166625976562,73658200
2025-06-12,SPY,595.3734741210938,64129000
2025-06-13,SPY,588.7171020507812,89506000
2025-06-16,SPY,594.3184204101562,79984100
2025-06-17,SPY,589.2398681640625,82209400
2025-06-18,SPY,589.1510620117188,76605000
2025-06-20,SPY,587.7673950195312,94051400
2025-06-23,SPY,593.5730590820312,87426000
2025-06-24,SPY,600.1304321289062,67735300
2025-06-25,SPY,600.4666748046875,62114800
2025-06-26,SPY,605.1646118164062,78548400
2025-06-27,SPY,608.1712646484375,86258400
2025-06-30,SPY,611.0791015625,92502500
2025-07-01,SPY,610.8812866210938,70030100
2025-07-02,SPY,613.650634765625,66510400
2025-07-03,SPY,618.4869995117188,51065800
2025-07-07,SPY,613.8780517578125,74814500
2025-07-08,SPY,613.5418090820312,59024600
2025-07-09,SPY,617.2210693359375,66113300
2025-07-10,SPY,618.9617919921875,57529000
2025-07-11,SPY,616.7857666015625,63670200
2025-07-14,SPY,617.9628295898438,51898500
2025-07-15,SPY,615.3220825195312,74317300
2025-07-16,SPY,617.3792724609375,88987500
2025-07-17,SPY,621.1573486328125,68885700
2025-07-18,SPY,620.7025146484375,65621600
2025-07-21,SPY,621.87939453125,63375000
2025-07-22,SPY,621.9684448242188,60046300
2025-07-23,SPY,627.2598266601562,70511000
2025-07-24,SPY,627.4674682617188,71307100
2025-07-25,SPY,630.1181030273438,56865400
2025-07-28,SPY,629.9598388671875,54917100
2025-07-29,SPY,628.2982788085938,60556300
2025-07-30,SPY,627.5070190429688,80418900
2025-07-31,SPY,625.1531372070312,103385200
2025-08-01,SPY,614.9066162109375,140103600
2025-08-04,SPY,624.2529907226562,73218000
2025-08-05,SPY,621.0880737304688,68051400
2025-08-06,SPY,625.8455200195312,64357500
2025-08-07,SPY,625.3212280273438,74205800
2025-08-08,SPY,630.1972045898438,64051600
2025-08-11,SPY,628.9510498046875,58742300
2025-08-12,SPY,635.6468505859375,64730800
2025-08-13,SPY,637.8228149414062,60092800
2025-08-14,SPY,637.882080078125,59327500
2025-08-15,SPY,636.388671875,68592500
2025-08-18,SPY,636.2501220703125,43804900
2025-08-19,SPY,632.7984008789062,69750700
2025-08-20,SPY,631.116943359375,88890300
2025-08-21,SPY,628.5851440429688,54805800
2025-08-22,SPY,638.2381591796875,84083200
2025-08-25,SPY,635.4292602539062,51274300
2025-08-26,SPY,638.0897827148438,51581600
2025-08-27,SPY,639.5436401367188,48341100
2025-08-28,SPY,641.80859375,61519500
2025-08-29,SPY,637.98095703125,74522200
2025-09-02,SPY,633.2533569335938,81983500
2025-09-03,SPY,636.6853637695312,70820900
2025-09-04,SPY,642.0064086914062,65219200
2025-09-05,SPY,640.14697265625,85178900
2025-09-08,SPY,641.7196044921875,63133100
2025-09-09,SPY,643.2031860351562,66133900
2025-09-10,SPY,645.0625610351562,78034500
2025-09-11,SPY,650.423095703125,69934400
2025-09-12,SPY,650.2055053710938,72780100
2025-09-15,SPY,653.6671752929688,63772400
2025-09-16,SPY,652.7671508789062,61169000
2025-09-17,SPY,651.9561157226562,101952200
2025-09-18,SPY,655.00244140625,90459200
2025-09-19,SPY,658.2465209960938,97945600
2025-09-22,SPY,661.3607177734375,69452200
2025-09-23,SPY,657.7605590820312,81708900
2025-09-24,SPY,655.6677856445312,68082200
2025-09-25,SPY,652.6429443359375,89622100
2025-09-26,SPY,656.3819580078125,69179200
2025-09-29,SPY,658.2266845703125,73499000
2025-09-30,SPY,660.7061157226562,86288000
2025-10-01,SPY,662.9574584960938,72545400
2025-10-02,SPY,663.7210693359375,56896000
2025-10-03,SPY,663.7112426757812,70494400
2025-10-06,SPY,666.0914916992188,54623300
2025-10-07,SPY,663.6219482421875,72020100
2025-10-08,SPY,667.5791625976562,60702200
2025-10-09,SPY,665.6452026367188,66501900
2025-10-10,SPY,647.6542358398438,159422600
2025-10-13,SPY,657.5919189453125,79560500
2025-10-14,SPY,656.78857421875,88779600
2025-10-15,SPY,659.7044067382812,81702600
2025-10-16,SPY,655.2117309570312,110563300
2025-10-17,SPY,658.9308471679688,96500900
2025-10-20,SPY,665.7840576171875,60493400
2025-10-21,SPY,665.7741088867188,56249000
2025-10-22,SPY,662.3128051757812,80564000
2025-10-23,SPY,666.2402954101562,65604500
2025-10-24,SPY,671.6851806640625,74356500
2025-10-27,SPY,679.6094970703125,63339800
2025-10-28,SPY,681.4144897460938,61738100
2025-10-29,SPY,681.7418823242188,85657100
2025-10-30,SPY,674.2440185546875,76335800
2025-10-31,SPY,676.4556274414062,87164100
2025-11-03,SPY,677.7251586914062,57315000
2025-11-04,SPY,669.6917114257812,78427000
2025-11-05,SPY,672.012451171875,74402400
2025-11-06,SPY,664.8021850585938,85035300
2025-11-07,SPY,665.4567260742188,100592400
2025-11-10,SPY,675.8407592773438,75842900
2025-11-11,SPY,677.3878784179688,58953400
2025-11-12,SPY,677.7647705078125,62312500
2025-11-13,SPY,666.5180053710938,103457800
2025-11-14,SPY,666.4088745117188,96846700
2025-11-17,SPY,660.2002563476562,90456100
2025-11-18,SPY,654.6561889648438,114467500
2025-11-19,SPY,657.185302734375,94703000
2025-11-20,SPY,647.1683349609375,165293500
2025-11-21,SPY,653.6148681640625,123956200
2025-11-24,SPY,663.2351684570312,80437900
2025-11-25,SPY,669.4734497070312,81077100
2025-11-26,SPY,674.09521484375,71879600
2025-11-28,SPY,677.7747192382812,49212000
2025-12-01,SPY,674.6802978515625,61201200
2025-12-02,SPY,675.9300537109375,62953800
2025-12-03,SPY,678.2706298828125,57238500
2025-12-04,SPY,678.7665405273438,61970300
2025-12-05,SPY,680.0557861328125,79241000
2025-12-08,SPY,678.0127563476562,55231500
2025-12-09,SPY,677.4276123046875,58310100
2025-12-10,SPY,681.92041015625,85671300
2025-12-11,SPY,683.5072631835938,86173700
2025-12-12,SPY,676.1581420898438,113160300
2025-12-15,SPY,675.1365356445312,90811000
2025-12-16,SPY,673.2918701171875,122030600
2025-12-17,SPY,665.8832397460938,110625200
2025-12-18,SPY,670.9114990234375,108650100
2025-12-19,SPY,676.9923095703125,103599500
2025-12-22,SPY,681.2098388671875,69556700
2025-12-23,SPY,684.3233032226562,64840000
2025-12-24,SPY,686.7305297851562,39445600
2025-12-26,SPY,686.660888671875,41613300
2025-12-29,SPY,684.2138671875,62559500
2025-12-30,SPY,683.3782958984375,47160700
2025-12-31,SPY,678.3152465820312,74144800
2026-01-02,SPY,679.55859375,89377200
2026-01-05,SPY,684.0845947265625,71927200
2026-01-06,SPY,688.1529541015625,69273800
2026-01-07,SPY,685.9347534179688,75588300
2026-01-08,SPY,685.8651123046875,64019200
2026-01-09,SPY,690.4010009765625,80125500
2026-01-12,SPY,691.4852294921875,63976000
2026-01-13,SPY,690.1026000976562,78309700
2026-01-14,SPY,686.7105712890625,94676700
2026-01-15,SPY,688.5806884765625,77862000
2026-01-16,SPY,688.0037231445312,79289200
2026-01-20,SPY,673.9981689453125,111623300
2026-01-21,SPY,681.77685546875,127844500
2026-01-22,SPY,685.3379516601562,77112200
2026-01-23,SPY,685.5865478515625,63059600
2026-01-26,SPY,689.068115234375,60473800
2026-01-27,SPY,691.8134765625,55506100
2026-01-28,SPY,691.7438354492188,61172200
2026-01-29,SPY,690.3711547851562,97486200
2026-01-30,SPY,688.3121337890625,101835100
2026-02-02,SPY,691.73388671875,79286500
2026-02-03,SPY,685.885009765625,107904600
2026-02-04,SPY,682.5626831054688,105204600
2026-02-05,SPY,674.0379638671875,113610800
2026-02-06,SPY,686.96923828125,89127600
2026-02-09,SPY,690.2816162109375,73885200
2026-02-10,SPY,688.4613037109375,65185700
2026-02-11,SPY,688.3021850585938,76353900
2026-02-12,SPY,677.668701171875,118829000
2026-02-13,SPY,678.1461181640625,96267500
2026-02-17,SPY,679.2402954101562,81354700
2026-02-18,SPY,682.662109375,73570300
2026-02-19,SPY,680.8616943359375,58649400
2026-02-20,SPY,685.7855834960938,100034000
2026-02-23,SPY,678.7827758789062,90558100
2026-02-24,SPY,683.7164916992188,73798700
2026-02-25,SPY,689.4859008789062,56369500
2026-02-26,SPY,685.6561889648438,71671000
2026-02-27,SPY,682.3637084960938,83308900
2026-03-02,SPY,682.7516479492188,87477200
2026-03-03,SPY,676.7337036132812,105003100
2026-03-04,SPY,681.50830078125,79182200
2026-03-05,SPY,677.7084350585938,106606500
2026-03-06,SPY,668.8256225585938,100687000
2026-03-09,SPY,674.6845092773438,102667700
2026-03-10,SPY,673.6002807617188,81505300
2026-03-11,SPY,672.7548217773438,68441700
2026-03-12,SPY,662.5390625,108882200
2026-03-13,SPY,658.7890014648438,97200200
2026-03-16,SPY,665.493408203125,82023100
2026-03-17,SPY,667.2440185546875,87128000
2026-03-18,SPY,657.9335327148438,82062600
2026-03-19,SPY,656.3121337890625,111272500
2026-03-20,SPY,646.9034423828125,163617500
2026-03-23,SPY,653.6959228515625,134802700
2026-03-24,SPY,651.5015869140625,96457500
2026-03-25,SPY,655.1322021484375,90653800
2026-03-26,SPY,643.432373046875,96494400
2026-03-27,SPY,632.4606323242188,103649400
2026-03-30,SPY,630.3460693359375,99275900
2026-03-31,SPY,648.6688842773438,152534100
2026-04-01,SPY,653.5562744140625,97841500
2026-04-02,SPY,654.144775390625,68358700
2026-04-06,SPY,657.23681640625,39105800
2026-04-07,SPY,657.5260009765625,69980400
2026-04-08,SPY,674.27294921875,93606100
2026-04-09,SPY,678.162841796875,57134400
2026-04-10,SPY,677.7140502929688,42253500
2026-04-13,SPY,684.3369750976562,54185800
2026-04-14,SPY,692.675537109375,63480500
2026-04-15,SPY,698.1414184570312,58240400
2026-04-16,SPY,699.8569946289062,49972400
2026-04-17,SPY,708.3152465820312,70661900
2026-04-20,SPY,706.8988037109375,43546800
2026-04-21,SPY,702.2708129882812,58941400
2026-04-22,SPY,709.3825073242188,42518500
2026-04-23,SPY,706.6295776367188,56174000
2026-04-24,SPY,712.10546875,45182000
2026-04-27,SPY,713.332275390625,33135900
2026-04-28,SPY,709.8612060546875,43117400
2026-04-29,SPY,709.7515258789062,41859200
2026-04-30,SPY,716.8132934570312,67240900
2026-05-01,SPY,718.7982177734375,43049800
2026-05-04,SPY,716.1649780273438,51950600
2026-05-05,SPY,721.9102172851562,36933200
2026-05-06,SPY,731.9443359375,53288900
2026-05-07,SPY,729.7001342773438,51724600
2026-05-08,SPY,735.724609375,47227100
2026-05-11,SPY,737.4002685546875,44024000
2026-05-12,SPY,736.2831420898438,54185300
2026-05-13,SPY,740.4025268554688,44200200
2026-05-14,SPY,746.2474975585938,45307600
2026-05-15,SPY,737.2706298828125,60410800
2026-05-18,SPY,736.751953125,47843900
2026-05-19,SPY,731.8446044921875,54255900
2026-05-20,SPY,739.3452758789062,45768000
2026-05-21,SPY,740.8114624023438,43332200
2026-05-22,SPY,743.7239990234375,41762000
2026-05-26,SPY,748.6613159179688,41123600
2026-05-27,SPY,748.5316162109375,42106300
2026-05-28,SPY,752.6609497070312,41562600
2026-05-29,SPY,754.5361328125,55075700
2026-06-01,SPY,756.5908203125,43634900
2026-06-02,SPY,757.6182250976562,31581900
2026-06-03,SPY,752.3018798828125,51402500
2026-06-04,SPY,755.1445922851562,49923000
2026-06-05,SPY,735.65478515625,93989400
2026-06-08,SPY,737.3204345703125,49319100
2026-06-09,SPY,735.1560668945312,87683500
2026-06-10,SPY,723.56591796875,60341300
2026-06-11,SPY,735.8642578125,86330500
2026-06-12,SPY,739.843994140625,57079500
2026-06-15,SPY,752.890380859375,60176400
2026-06-16,SPY,748.4019775390625,67093100
2026-06-17,SPY,739.0560302734375,85945200
2026-06-18,SPY,746.739990234375,80875700
2026-06-22,SPY,744.3900146484375,46628100
2026-06-23,SPY,733.5800170898438,66846800
2026-06-24,SPY,733.239990234375,57439500
2026-06-25,SPY,734.2999877929688,53934400
2026-06-26,SPY,728.989990234375,71034000
2026-06-29,SPY,741.0,58035200
2026-06-30,SPY,746.77001953125,55626000
2026-07-01,SPY,745.760009765625,47100900
2026-07-02,SPY,744.780029296875,57447800
2026-07-06,SPY,751.280029296875,50673300
2026-07-07,SPY,747.7100219726562,43721500
2026-07-08,SPY,745.4000244140625,43767400
2026-07-09,SPY,751.7100219726562,41441700
2026-07-10,SPY,754.9500122070312,42191300
2026-07-13,SPY,749.1699829101562,44013600
2026-07-14,SPY,751.8300170898438,35143100
2026-07-15,SPY,754.8099975585938,43844800
2026-07-16,SPY,750.719970703125,46409800
2026-07-17,SPY,743.2899780273438,62651000
2026-07-20,SPY,742.0900268554688,50422300
2026-07-21,SPY,748.280029296875,34324300
2026-07-22,SPY,747.4099731445312,32836200
2026-07-23,SPY,738.1799926757812,55437300
2026-07-24,SPY,738.9299926757812,44782000
2026-07-27,SPY,739.0900268554688,41461200
2026-07-28,SPY,740.8599853515625,47322200
2026-07-29,SPY,729.4600219726562,70697200
2026-07-30,SPY,741.6900024414062,66811300
2026-07-31,SPY,747.030029296875,62445900
2026-08-03,SPY,757.6699829101562,59927500
2026-08-04,SPY,771.3300170898438,69154800
2026-08-05,SPY,769.7899780273438,44689100
2026-08-06,SPY,768.5599975585938,38416900
2026-08-07,SPY,773.260009765625,43586300
2026-08-10,SPY,773.030029296875,39249500
2026-08-11,SPY,770.5599975585938,36740600
2026-08-12,SPY,772.489990234375,33179100
2026-08-13,SPY,777.8800048828125,35634500
2026-08-14,SPY,776.3400268554688,31367900
2026-08-17,SPY,772.6699829101562,34356600
2026-08-18,SPY,767.4500122070312,43920900
2026-08-19,SPY,769.0599975585938,40306000
2026-08-20,SPY,762.5999755859375,45520300
2026-08-21,SPY,765.719970703125,39188700
2026-08-24,SPY,763.469970703125,32430900
2026-08-25,SPY,765.9099731445312,27422300
2026-08-26,SPY,766.0800170898438,28459700
2016-01-04,TLT,90.28611755371094,10591900
2016-01-05,TLT,89.92184448242188,6242600
2016-01-06,TLT,91.13358306884766,8916900
2016-01-07,TLT,91.29710388183594,10202200
2016-01-08,TLT,91.70601654052734,9577200
2016-01-11,TLT,90.70236206054688,10040300
2016-01-12,TLT,92.01074981689453,12897700
2016-01-13,TLT,92.91777038574219,15577600
2016-01-14,TLT,92.04795837402344,12873800
2016-01-15,TLT,93.48270416259766,13976300
2016-01-19,TLT,93.19276428222656,8926600
2016-01-20,TLT,94.17414855957031,17283300
2016-01-21,TLT,93.53473663330078,11001600
2016-01-22,TLT,93.17788696289062,10164300
2016-01-25,TLT,93.68345642089844,5738200
2016-01-26,TLT,93.72801971435547,5692600
2016-01-27,TLT,93.70576477050781,7957800
2016-01-28,TLT,93.8395767211914,10575400
2016-01-29,TLT,94.63500213623047,13170700
2016-02-01,TLT,94.34525299072266,9948400
2016-02-02,TLT,96.09554290771484,10400000
2016-02-03,TLT,95.29866027832031,13309000
2016-02-04,TLT,95.76042175292969,9953500
2016-02-05,TLT,95.87213134765625,9200800
2016-02-08,TLT,97.93525695800781,14452200
2016-02-09,TLT,98.03955841064453,15232100
2016-02-10,TLT,98.90350341796875,12797100
2016-02-11,TLT,99.59619140625,21620200
2016-02-12,TLT,97.94270324707031,13888400
2016-02-16,TLT,96.90739440917969,11766000
2016-02-17,TLT,96.31157684326172,13157300
2016-02-18,TLT,97.49580383300781,10196700
2016-02-19,TLT,97.57772064208984,8188700
2016-02-22,TLT,97.52559661865234,5054300
2016-02-23,TLT,97.92037963867188,8320700
2016-02-24,TLT,97.72671508789062,9091200
2016-02-25,TLT,98.07673645019531,6097200
2016-02-26,TLT,97.13087463378906,9245000
2016-02-29,TLT,97.55536651611328,8016100
2016-03-01,TLT,95.83757781982422,13729100
2016-03-02,TLT,96.2330551147461,7047700
2016-03-03,TLT,96.58379364013672,6394800
2016-03-04,TLT,95.96446228027344,8687000
2016-03-07,TLT,95.93458557128906,5493300
2016-03-08,TLT,96.99421691894531,7175400
2016-03-09,TLT,96.40467071533203,7194700
2016-03-10,TLT,96.00919342041016,10091600
2016-03-11,TLT,95.03913116455078,8927000
2016-03-14,TLT,95.3376235961914,5177000
2016-03-15,TLT,95.42713165283203,6413200
2016-03-16,TLT,95.71073150634766,9728900
2016-03-17,TLT,96.1062240600586,7805500
2016-03-18,TLT,96.30770111083984,8198600
2016-03-21,TLT,95.56896209716797,5514800
2016-03-22,TLT,95.54651641845703,4997900
2016-03-23,TLT,96.62858581542969,10628200
2016-03-24,TLT,96.66592407226562,6343300
2016-03-28,TLT,96.79276275634766,5058700
2016-03-29,TLT,97.8076171875,9396700
2016-03-30,TLT,96.77781677246094,8478700
2016-03-31,TLT,97.46437072753906,7832300
2016-04-01,TLT,97.7186279296875,9341400
2016-04-04,TLT,97.77842712402344,5145100
2016-04-05,TLT,98.84777069091797,6482800
2016-04-06,TLT,98.1299057006836,6393700
2016-04-07,TLT,99.34121704101562,5963300
2016-04-08,TLT,98.71314239501953,5584800
2016-04-11,TLT,98.58602142333984,4805500
2016-04-12,TLT,97.90553283691406,4276000
2016-04-13,TLT,98.24957275390625,5207900
2016-04-14,TLT,97.77842712402344,6967000
2016-04-15,TLT,98.61595153808594,5831100
2016-04-18,TLT,98.18966674804688,4486600
2016-04-19,TLT,97.88311004638672,5212200
2016-04-20,TLT,96.80631256103516,10920700
2016-04-21,TLT,96.23053741455078,11154200
2016-04-22,TLT,95.98374938964844,5826400
2016-04-25,TLT,95.58746337890625,5539500
2016-04-26,TLT,95.15374755859375,7840000
2016-04-27,TLT,96.10340118408203,8380100
2016-04-28,TLT,96.49977111816406,7974600
2016-04-29,TLT,96.74650573730469,7416300
2016-05-02,TLT,95.77244567871094,11035200
2016-05-03,TLT,96.978759765625,10736700
2016-05-04,TLT,97.51073455810547,7211200
2016-05-05,TLT,98.16263580322266,7870400
2016-05-06,TLT,97.74303436279297,7232500
2016-05-09,TLT,98.05021667480469,4950800
2016-05-10,TLT,98.05767822265625,4331900
2016-05-11,TLT,98.61217498779297,9256000
2016-05-12,TLT,98.16263580322266,6087400
2016-05-13,TLT,99.11419677734375,8707300
2016-05-16,TLT,98.2600326538086,5137000
2016-05-17,TLT,98.42489624023438,4449100
2016-05-18,TLT,97.02373504638672,12681000
2016-05-19,TLT,97.44332885742188,6209400
2016-05-20,TLT,97.5182113647461,5348900
2016-05-23,TLT,97.73554992675781,6979700
2016-05-24,TLT,97.30098724365234,5968200
2016-05-25,TLT,96.93382263183594,6367400
2016-05-26,TLT,97.43580627441406,5419300
2016-05-27,TLT,97.2934341430664,5267600
2016-05-31,TLT,97.52571868896484,8344300
2016-06-01,TLT,97.92142486572266,9874900
2016-06-02,TLT,98.627197265625,5835400
2016-06-03,TLT,100.0312271118164,11077200
2016-06-06,TLT,99.28793334960938,7573700
2016-06-07,TLT,99.52816772460938,4680200
2016-06-08,TLT,100.0612564086914,5313200
2016-06-09,TLT,100.70695495605469,6820300
2016-06-10,TLT,101.1949691772461,6984600
2016-06-13,TLT,101.64546203613281,7283300
2016-06-14,TLT,101.57037353515625,9012500
2016-06-15,TLT,101.96078491210938,7953200
2016-06-16,TLT,102.45631408691406,10372700
2016-06-17,TLT,101.81815338134766,8489900
2016-06-20,TLT,100.7295150756836,7365900
2016-06-21,TLT,100.26393127441406,6005800
2016-06-22,TLT,100.42916870117188,5773700
2016-06-23,TLT,99.28036499023438,9029100
2016-06-24,TLT,101.94580078125,17155000
2016-06-27,TLT,104.49105072021484,16577100
2016-06-28,TLT,104.70880889892578,14006400
2016-06-29,TLT,103.90541076660156,12999800
2016-06-30,TLT,104.28836059570312,14698500
2016-07-01,TLT,105.73634338378906,15430200
2016-07-05,TLT,107.06018829345703,8840800
2016-07-06,TLT,107.23312377929688,14352800
2016-07-07,TLT,107.22565460205078,9676400
2016-07-08,TLT,108.01551818847656,10355300
2016-07-11,TLT,107.06767272949219,8099000
2016-07-12,TLT,105.30756378173828,15810600
2016-07-13,TLT,106.54869079589844,8181700
2016-07-14,TLT,104.99916076660156,10817000
2016-07-15,TLT,104.09654998779297,9958600
2016-07-18,TLT,103.99870300292969,5955900
2016-07-19,TLT,104.58548736572266,8073900
2016-07-20,TLT,104.01378631591797,6942500
2016-07-21,TLT,104.22438049316406,10398400
2016-07-22,TLT,104.40496826171875,5811400
2016-07-25,TLT,104.3297348022461,4243800
2016-07-26,TLT,104.49520111083984,5243400
2016-07-27,TLT,105.79649353027344,8508100
2016-07-28,TLT,105.60093688964844,7336100
2016-07-29,TLT,106.48094940185547,8766700
2016-08-01,TLT,105.3265380859375,9809300
2016-08-02,TLT,104.24137115478516,10051200
2016-08-03,TLT,104.3016586303711,4930600
2016-08-04,TLT,105.08538818359375,5646000
2016-08-05,TLT,103.99268341064453,7778600
2016-08-08,TLT,104.18865966796875,5185200
2016-08-09,TLT,105.21347045898438,5503200
2016-08-10,TLT,105.62042999267578,5843500
2016-08-11,TLT,104.67850494384766,7624600
2016-08-12,TLT,105.56011962890625,7989600
2016-08-15,TLT,104.56539916992188,5108600
2016-08-16,TLT,104.28658294677734,6182700
2016-08-17,TLT,104.91207885742188,5002000
2016-08-18,TLT,105.07787322998047,3805200
2016-08-19,TLT,104.52770233154297,5516300
2016-08-22,TLT,105.40943908691406,5549700
2016-08-23,TLT,105.52236938476562,6841400
2016-08-24,TLT,105.2738037109375,6027800
2016-08-25,TLT,104.8744125366211,5855500
2016-08-26,TLT,104.26399993896484,12962500
2016-08-29,TLT,105.6581039428711,7310400
2016-08-30,TLT,105.25113677978516,5161800
2016-08-31,TLT,105.40187072753906,7349700
2016-09-01,TLT,105.51812744140625,9149100
2016-09-02,TLT,104.65750122070312,8397000
2016-09-06,TLT,105.42000579833984,8542600
2016-09-07,TLT,105.34455871582031,5421800
2016-09-08,TLT,104.02335357666016,14301500
2016-09-09,TLT,102.30963134765625,13347700
2016-09-12,TLT,102.36243438720703,9096600
2016-09-13,TLT,101.19986724853516,15645400
2016-09-14,TLT,101.35084533691406,7037700
2016-09-15,TLT,100.9130630493164,9874500
2016-09-16,TLT,101.7282943725586,7507900
2016-09-19,TLT,101.39619445800781,7105900
2016-09-20,TLT,101.7509765625,6054800
2016-09-21,TLT,102.57389068603516,10698100
2016-09-22,TLT,103.38919067382812,12426200
2016-09-23,TLT,103.29109191894531,5928800
2016-09-26,TLT,103.94791412353516,8661300
2016-09-27,TLT,104.7103500366211,9450400
2016-09-28,TLT,104.48389434814453,7958700
2016-09-29,TLT,104.74809265136719,8319800
2016-09-30,TLT,103.81194305419922,11747100
2016-10-03,TLT,103.46936798095703,7588800
2016-10-04,TLT,102.25931549072266,12048700
2016-10-05,TLT,101.78289031982422,8917700
2016-10-06,TLT,101.21563720703125,7839900
2016-10-07,TLT,101.28367614746094,9953200
2016-10-10,TLT,100.68620300292969,6089100
2016-10-11,TLT,100.45933532714844,9670400
2016-10-12,TLT,100.5576400756836,7582400
2016-10-13,TLT,100.93580627441406,7080600
2016-10-14,TLT,99.52147674560547,11415100
2016-10-17,TLT,100.15676879882812,10595900
2016-10-18,TLT,100.48197174072266,7151000
2016-10-19,TLT,100.56524658203125,6941300
2016-10-20,TLT,100.67107391357422,6082300
2016-10-21,TLT,100.82234191894531,9222700
2016-10-24,TLT,100.38363647460938,6507500
2016-10-25,TLT,100.64839935302734,5134700
2016-10-26,TLT,99.96772003173828,5842500
2016-10-27,TLT,98.87863159179688,10044700
2016-10-28,TLT,98.65927124023438,7541000
2016-10-31,TLT,99.26433563232422,7047500
2016-11-01,TLT,99.27191925048828,12622400
2016-11-02,TLT,99.70381927490234,8666200
2016-11-03,TLT,98.93851470947266,6085400
2016-11-04,TLT,99.8250961303711,7622600
2016-11-07,TLT,98.97639465332031,5386700
2016-11-08,TLT,98.57476806640625,7576500
2016-11-09,TLT,94.39208221435547,31233500
2016-11-10,TLT,92.99784088134766,22961200
2016-11-11,TLT,92.47496032714844,10040200
2016-11-14,TLT,91.92179870605469,21174400
2016-11-15,TLT,92.37650299072266,11963700
2016-11-16,TLT,93.21000671386719,9149500
2016-11-17,TLT,91.83845520019531,11221600
2016-11-18,TLT,91.57324981689453,13577700
2016-11-21,TLT,91.8005599975586,6488100
2016-11-22,TLT,91.77027130126953,9989900
2016-11-23,TLT,91.41409301757812,13563500
2016-11-25,TLT,91.55056762695312,3126300
2016-11-28,TLT,92.22492218017578,8555000
2016-11-29,TLT,92.61135864257812,8363000
2016-11-30,TLT,91.11101531982422,21163500
2016-12-01,TLT,90.14904022216797,21715700
2016-12-02,TLT,90.80957794189453,12487500
2016-12-05,TLT,90.7109146118164,12100100
2016-12-06,TLT,90.6425552368164,11526600
2016-12-07,TLT,91.41699981689453,10392200
2016-12-08,TLT,90.33885955810547,12041100
2016-12-09,TLT,89.21509552001953,14646400
2016-12-12,TLT,89.38211059570312,9496300
2016-12-13,TLT,89.70106506347656,12189200
2016-12-14,TLT,88.69881439208984,16618400
2016-12-15,TLT,89.14676666259766,12400500
2016-12-16,TLT,88.94178009033203,14924600
2016-12-19,TLT,89.8984603881836,10868300
2016-12-20,TLT,89.45049285888672,7030600
2016-12-21,TLT,89.84532165527344,4624700
2016-12-22,TLT,89.68468475341797,5177800
2016-12-23,TLT,89.86739349365234,4461600
2016-12-27,TLT,89.57811737060547,5276600
2016-12-28,TLT,90.23278045654297,7578600
2016-12-29,TLT,90.55252075195312,8581400
2016-12-30,TLT,90.6895751953125,10613900
2017-01-03,TLT,91.07778930664062,13217300
2017-01-04,TLT,91.42796325683594,6699600
2017-01-05,TLT,92.85919952392578,13265800
2017-01-06,TLT,92.00650787353516,8369300
2017-01-09,TLT,92.74498748779297,8839100
2017-01-10,TLT,92.68404388427734,8417900
2017-01-11,TLT,92.9962158203125,9402500
2017-01-12,TLT,92.79065704345703,9977600
2017-01-13,TLT,92.34911346435547,9820000
2017-01-17,TLT,93.31592559814453,7853300
2017-01-18,TLT,92.12069702148438,9064700
2017-01-19,TLT,91.4889144897461,11795600
2017-01-20,TLT,91.30615997314453,16953200
2017-01-23,TLT,92.21966552734375,13118400
2017-01-24,TLT,91.58784484863281,8395000
2017-01-25,TLT,90.4383316040039,11115100
2017-01-26,TLT,90.74285888671875,7827900
2017-01-27,TLT,91.07019805908203,7197800
2017-01-30,TLT,90.79615783691406,6569500
2017-01-31,TLT,91.42796325683594,13298500
2017-02-01,TLT,90.8626708984375,10975500
2017-02-02,TLT,90.82454681396484,6978600
2017-02-03,TLT,90.78639221191406,10275600
2017-02-06,TLT,91.335693359375,8433800
2017-02-07,TLT,92.00701141357422,8418400
2017-02-08,TLT,93.25820922851562,15734200
2017-02-09,TLT,92.18254089355469,16890600
2017-02-10,TLT,92.12910461425781,7978500
2017-02-13,TLT,91.83919525146484,11536800
2017-02-14,TLT,91.17547607421875,13210500
2017-02-15,TLT,90.75587463378906,8481000
2017-02-16,TLT,91.25181579589844,10005800
2017-02-17,TLT,91.7934341430664,7886400
2017-02-21,TLT,91.63318634033203,8703800
2017-02-22,TLT,91.78578186035156,8101500
2017-02-23,TLT,92.06039428710938,5330800
2017-02-24,TLT,93.08271789550781,11336000
2017-02-27,TLT,92.5334243774414,11039800
2017-02-28,TLT,92.87677001953125,8410500
2017-03-01,TLT,91.32050323486328,10717100
2017-03-02,TLT,90.99178314208984,8201200
2017-03-03,TLT,91.22872924804688,9515200
2017-03-06,TLT,90.79302978515625,4489200
2017-03-07,TLT,90.51787567138672,7080100
2017-03-08,TLT,90.02861785888672,11336300
2017-03-09,TLT,89.31012725830078,10575400
2017-03-10,TLT,89.62356567382812,9218500
2017-03-13,TLT,89.05790710449219,6993100
2017-03-14,TLT,89.48597717285156,9869200
2017-03-15,TLT,90.57904052734375,14600500
2017-03-16,TLT,90.12039184570312,8018200
2017-03-17,TLT,90.68601989746094,7266800
2017-03-20,TLT,91.07586669921875,5497800
2017-03-21,TLT,91.83262634277344,12540700
2017-03-22,TLT,92.19954681396484,11661400
2017-03-23,TLT,92.06956481933594,6746500
2017-03-24,TLT,92.39825439453125,5819600
2017-03-27,TLT,92.81866455078125,6878500
2017-03-28,TLT,92.19954681396484,6811200
2017-03-29,TLT,92.74987030029297,6291000
2017-03-30,TLT,92.00077056884766,7042400
2017-03-31,TLT,92.268310546875,5144800
2017-04-03,TLT,93.19901275634766,12996500
2017-04-04,TLT,92.69338989257812,6976700
2017-04-05,TLT,92.97686004638672,8555200
2017-04-06,TLT,92.83898162841797,6497000
2017-04-07,TLT,92.46366119384766,10270000
2017-04-10,TLT,92.892578125,5314500
2017-04-11,TLT,93.77349090576172,11297400
2017-04-12,TLT,94.28668975830078,11532500
2017-04-13,TLT,94.57779693603516,8396700
2017-04-17,TLT,94.28668975830078,8015000
2017-04-18,TLT,95.51998138427734,11529700
2017-04-19,TLT,94.99909973144531,7344000
2017-04-20,TLT,94.63140869140625,7932900
2017-04-21,TLT,94.63140869140625,9798500
2017-04-24,TLT,94.16411590576172,8066400
2017-04-25,TLT,93.03050231933594,8122300
2017-04-26,TLT,93.5436782836914,5766200
2017-04-27,TLT,93.51302337646484,4978300
2017-04-28,TLT,93.7198715209961,8166300
2017-05-01,TLT,92.94076538085938,8795900
2017-05-02,TLT,93.41669464111328,6727800
2017-05-03,TLT,93.47805786132812,8932900
2017-05-04,TLT,93.01753234863281,9707200
2017-05-05,TLT,93.10195922851562,5605400
2017-05-08,TLT,92.59532928466797,8057800
2017-05-09,TLT,92.587646484375,5536700
2017-05-10,TLT,92.48019409179688,6517000
2017-05-11,TLT,92.48019409179688,7479800
2017-05-12,TLT,93.17870330810547,7463900
2017-05-15,TLT,92.92544555664062,5173200
2017-05-16,TLT,93.27082061767578,6722700
2017-05-17,TLT,94.62948608398438,11236400
2017-05-18,TLT,94.7369384765625,8350500
2017-05-19,TLT,94.9595718383789,11277400
2017-05-22,TLT,94.69860076904297,4062900
2017-05-23,TLT,94.06147003173828,7901300
2017-05-24,TLT,94.59110260009766,7355200
2017-05-25,TLT,94.6218032836914,6464800
2017-05-26,TLT,94.78299713134766,2963800
2017-05-30,TLT,95.25120544433594,4819400
2017-05-31,TLT,95.4891586303711,8000200
2017-06-01,TLT,95.49916076660156,9037300
2017-06-02,TLT,96.62993621826172,13245000
2017-06-05,TLT,96.02996063232422,6775500
2017-06-06,TLT,96.55303955078125,12841500
2017-06-07,TLT,96.09148406982422,12852400
2017-06-08,TLT,95.83765411376953,8758600
2017-06-09,TLT,95.69146728515625,5130500
2017-06-12,TLT,95.66072845458984,4335800
2017-06-13,TLT,95.67613220214844,4742600
2017-06-14,TLT,97.15302276611328,20212300
2017-06-15,TLT,96.99919128417969,5863700
2017-06-16,TLT,97.19149017333984,6672500
2017-06-19,TLT,97.05300903320312,5641300
2017-06-20,TLT,97.92222595214844,8405700
2017-06-21,TLT,98.12224578857422,5914800
2017-06-22,TLT,98.33763122558594,6608100
2017-06-23,TLT,98.29143524169922,4329900
2017-06-26,TLT,98.66064453125,5541600
2017-06-27,TLT,97.60686492919922,8354200
2017-06-28,TLT,97.28376007080078,7357900
2017-06-29,TLT,96.46842193603516,9115800
2017-06-30,TLT,96.24533081054688,10189800
2017-07-03,TLT,95.93549346923828,11021100
2017-07-05,TLT,95.9586181640625,11394500
2017-07-06,TLT,95.16462707519531,10853100
2017-07-07,TLT,94.59425354003906,9401800
2017-07-10,TLT,94.7330551147461,3859200
2017-07-11,TLT,94.89485931396484,4425600
2017-07-12,TLT,95.550048828125,7839900
2017-07-13,TLT,94.94879150390625,7449300
2017-07-14,TLT,95.064453125,6566800
2017-07-17,TLT,95.32652282714844,4737300
2017-07-18,TLT,96.15901947021484,9163000
2017-07-19,TLT,96.1975326538086,5140900
2017-07-20,TLT,96.47505950927734,12239100
2017-07-21,TLT,96.88359069824219,6201500
2017-07-24,TLT,96.50586700439453,5378500
2017-07-25,TLT,95.24945068359375,9743300
2017-07-26,TLT,95.40361022949219,8459500
2017-07-27,TLT,94.93338775634766,6390800
2017-07-28,TLT,95.49609375,5491800
2017-07-31,TLT,95.61174774169922,5464600
2017-08-01,TLT,96.28303527832031,9676800
2017-08-02,TLT,96.33707427978516,5745600
2017-08-03,TLT,97.3335952758789,10324500
2017-08-04,TLT,96.50706481933594,8485500
2017-08-07,TLT,96.61519622802734,4684600
2017-08-08,TLT,96.26757049560547,6197400
2017-08-09,TLT,96.79283905029297,9221800
2017-08-10,TLT,97.61943817138672,10378200
2017-08-11,TLT,97.66575622558594,5717800
2017-08-14,TLT,97.1636962890625,5111000
2017-08-15,TLT,96.75422668457031,7473200
2017-08-16,TLT,97.10958099365234,5283800
2017-08-17,TLT,97.83573150634766,9364700
2017-08-18,TLT,97.81254577636719,8382500
2017-08-21,TLT,98.0520248413086,7669800
2017-08-22,TLT,97.67350769042969,6140700
2017-08-23,TLT,98.33783721923828,7446400
2017-08-24,TLT,97.97476196289062,5569400
2017-08-25,TLT,98.35327911376953,7303300
2017-08-28,TLT,98.29143524169922,4448500
2017-08-29,TLT,98.6082534790039,7659400
2017-08-30,TLT,98.57732391357422,4735200
2017-08-31,TLT,98.87088012695312,7978400
2017-09-01,TLT,98.11457061767578,14128600
2017-09-05,TLT,99.67046356201172,15215700
2017-09-06,TLT,99.0589599609375,9066400
2017-09-07,TLT,100.07296752929688,13618900
2017-09-08,TLT,99.85628509521484,9808500
2017-09-11,TLT,98.66417694091797,17856700
2017-09-12,TLT,98.14555358886719,7557400
2017-09-13,TLT,97.75851440429688,6740000
2017-09-14,TLT,98.16104125976562,6674500
2017-09-15,TLT,98.19970703125,9769200
2017-09-18,TLT,97.6346435546875,6863000
2017-09-19,TLT,97.39464569091797,5554900
2017-09-20,TLT,97.46438598632812,8037000
2017-09-21,TLT,97.41019439697266,6147800
2017-09-22,TLT,97.68882751464844,5660700
2017-09-25,TLT,98.30038452148438,9679000
2017-09-26,TLT,98.12235260009766,7251900
2017-09-27,TLT,96.643798828125,12145700
2017-09-28,TLT,96.3573989868164,8883700
2017-09-29,TLT,96.57422637939453,11285500
2017-10-02,TLT,96.39730834960938,7860700
2017-10-03,TLT,96.4904556274414,6219800
2017-10-04,TLT,96.49819946289062,7447000
2017-10-05,TLT,96.13359832763672,8180300
2017-10-06,TLT,95.86209869384766,10375000
2017-10-09,TLT,96.1646499633789,3590900
2017-10-10,TLT,96.31977081298828,6666800
2017-10-11,TLT,96.505859375,4385900
2017-10-12,TLT,96.91703033447266,7141600
2017-10-13,TLT,97.61507415771484,7746900
2017-10-16,TLT,97.5452880859375,5737300
2017-10-17,TLT,97.66938781738281,4969600
2017-10-18,TLT,97.02558898925781,5943800
2017-10-19,TLT,97.19623565673828,8966500
2017-10-20,TLT,96.1646499633789,12326900
2017-10-23,TLT,96.33525085449219,6871100
2017-10-24,TLT,95.73804473876953,6842800
2017-10-25,TLT,95.28041076660156,9961400
2017-10-26,TLT,94.9623794555664,8179400
2017-10-27,TLT,95.59063720703125,10480900
2017-10-30,TLT,96.505859375,9051600
2017-10-31,TLT,96.53693389892578,4424300
2017-11-01,TLT,96.96678924560547,8940400
2017-11-02,TLT,97.39424896240234,7222700
2017-11-03,TLT,97.65852355957031,10984100
2017-11-06,TLT,98.02388000488281,6246700
2017-11-07,TLT,98.43583679199219,6422700
2017-11-08,TLT,98.21820831298828,3356200
2017-11-09,TLT,97.93841552734375,6280400
2017-11-10,TLT,96.46155548095703,11981000
2017-11-13,TLT,96.66363525390625,5880800
2017-11-14,TLT,97.31655883789062,6195900
2017-11-15,TLT,98.3736801147461,9568200
2017-11-16,TLT,97.51863861083984,5894900
2017-11-17,TLT,98.24153137207031,6938800
2017-11-20,TLT,98.2026596069336,4232300
2017-11-21,TLT,98.5135498046875,5818400
2017-11-22,TLT,98.83228302001953,4140700
2017-11-24,TLT,98.56021881103516,3141400
2017-11-27,TLT,98.42034149169922,6079900
2017-11-28,TLT,98.55242919921875,5983000
2017-11-29,TLT,97.58084106445312,14547100
2017-11-30,TLT,97.25438690185547,9630000
2017-12-01,TLT,98.56672668457031,24583100
2017-12-04,TLT,98.61349487304688,9609200
2017-12-05,TLT,99.1042251586914,10958900
2017-12-06,TLT,99.4468765258789,11834200
2017-12-07,TLT,98.66799926757812,13056800
2017-12-08,TLT,98.67583465576172,4786100
2017-12-11,TLT,98.4732894897461,3863800
2017-12-12,TLT,98.43435668945312,7502400
2017-12-13,TLT,99.17432403564453,8532900
2017-12-14,TLT,99.59490203857422,6885000
2017-12-15,TLT,99.96874237060547,7239400
2017-12-18,TLT,99.05748748779297,7239700
2017-12-19,TLT,97.77233123779297,11045800
2017-12-20,TLT,96.689697265625,10005800
2017-12-21,TLT,97.25321197509766,7026900
2017-12-22,TLT,97.38593292236328,3974300
2017-12-26,TLT,97.67472076416016,3168400
2017-12-27,TLT,98.94699096679688,9059700
2017-12-28,TLT,98.86109161376953,5297100
2017-12-29,TLT,99.0172348022461,7580500
2018-01-02,TLT,97.94786071777344,16238200
2018-01-03,TLT,98.41621398925781,8605100
2018-01-04,TLT,98.40061950683594,9217900
2018-01-05,TLT,98.11962890625,10915400
2018-01-08,TLT,98.05716705322266,8850600
2018-01-09,TLT,96.74586486816406,16226400
2018-01-10,TLT,96.6288070678711,14302600
2018-01-11,TLT,97.02684783935547,12511000
2018-01-12,TLT,97.19078063964844,9987100
2018-01-16,TLT,97.59666442871094,9125900
2018-01-17,TLT,97.46394348144531,8327000
2018-01-18,TLT,96.55854797363281,10843900
2018-01-19,TLT,96.05120086669922,11374300
2018-01-22,TLT,96.1448974609375,8984700
2018-01-23,TLT,96.55854797363281,12325700
2018-01-24,TLT,96.03561401367188,9038900
2018-01-25,TLT,96.8239517211914,12173300
2018-01-26,TLT,96.46490478515625,6462900
2018-01-29,TLT,95.79359436035156,12223000
2018-01-30,TLT,95.2317123413086,12064400
2018-01-31,TLT,95.79359436035156,18045100
2018-02-01,TLT,94.40531158447266,18632800
2018-02-02,TLT,93.52940368652344,23944400
2018-02-05,TLT,94.41317749023438,28606200
2018-02-06,TLT,93.82653045654297,10935400
2018-02-07,TLT,92.93486785888672,16271100
2018-02-08,TLT,92.83316802978516,15155100
2018-02-09,TLT,92.24658966064453,15661600
2018-02-12,TLT,92.6533203125,10944600
2018-02-13,TLT,93.06786346435547,8157600
2018-02-14,TLT,92.03540802001953,12043300
2018-02-15,TLT,92.34827423095703,8222400
2018-02-16,TLT,92.84883880615234,8454100
2018-02-20,TLT,92.44214630126953,8268800
2018-02-21,TLT,91.30799865722656,12054300
2018-02-22,TLT,91.58175659179688,9317900
2018-02-23,TLT,92.39522552490234,9072900
2018-02-26,TLT,92.42650604248047,8771600
2018-02-27,TLT,92.29353332519531,12525700
2018-02-28,TLT,92.88014221191406,9311600
2018-03-01,TLT,93.51416015625,12287700
2018-03-02,TLT,92.75397491455078,10064300
2018-03-05,TLT,92.50315856933594,5658200
2018-03-06,TLT,92.58937072753906,5452000
2018-03-07,TLT,92.48748779296875,4461800
2018-03-08,TLT,93.02043914794922,7086700
2018-03-09,TLT,92.40909576416016,6570400
2018-03-12,TLT,92.94208526611328,5801300
2018-03-13,TLT,93.41229248046875,7455300
2018-03-14,TLT,94.2352066040039,10175000
2018-03-15,TLT,94.2352066040039,6757900
2018-03-16,TLT,93.89820098876953,6084300
2018-03-19,TLT,93.60038757324219,8491200
2018-03-20,TLT,93.22417449951172,5446000
2018-03-21,TLT,93.32604217529297,9742400
2018-03-22,TLT,94.2508773803711,12136600
2018-03-23,TLT,94.18034362792969,7250400
2018-03-26,TLT,93.81986999511719,8237900
2018-03-27,TLT,94.8229751586914,9168500
2018-03-28,TLT,95.0738525390625,7412500
2018-03-29,TLT,95.53619384765625,9694300
2018-04-02,TLT,95.72467041015625,12036500
2018-04-03,TLT,94.98638916015625,9855000
2018-04-04,TLT,94.79000854492188,6654300
2018-04-05,TLT,94.0832290649414,7603700
2018-04-06,TLT,95.11205291748047,8831200
2018-04-09,TLT,95.26917266845703,6307500
2018-04-10,TLT,95.09635162353516,6046000
2018-04-11,TLT,95.43408203125,5901300
2018-04-12,TLT,94.735107421875,6622800
2018-04-13,TLT,94.95504760742188,4964000
2018-04-16,TLT,94.98638916015625,4491300
2018-04-17,TLT,95.24559783935547,5590400
2018-04-18,TLT,94.4837417602539,8138400
2018-04-19,TLT,93.71405029296875,9875800
2018-04-20,TLT,93.03861236572266,7579400
2018-04-23,TLT,93.06216430664062,7073200
2018-04-24,TLT,92.63804626464844,8190800
2018-04-25,TLT,92.01761627197266,6603800
2018-04-26,TLT,92.6616439819336,6528600
2018-04-27,TLT,93.37632751464844,5401800
2018-04-30,TLT,93.5412368774414,8321100
2018-05-01,TLT,93.20439910888672,7979200
2018-05-02,TLT,93.10201263427734,4644000
2018-05-03,TLT,93.51921081542969,6345300
2018-05-04,TLT,93.6609115600586,4283500
2018-05-07,TLT,93.5113296508789,3647800
2018-05-08,TLT,93.42478942871094,6091200
2018-05-09,TLT,92.86592864990234,7832500
2018-05-10,TLT,93.61370849609375,7101500
2018-05-11,TLT,93.84982299804688,4273400
2018-05-14,TLT,93.35392761230469,4996200
2018-05-15,TLT,92.29133605957031,12901000
2018-05-16,TLT,91.93707275390625,6518000
2018-05-17,TLT,91.47268676757812,7330300
2018-05-18,TLT,92.25981140136719,9606500
2018-05-21,TLT,92.30706787109375,4448500
2018-05-22,TLT,92.16535186767578,4700700
2018-05-23,TLT,92.83443450927734,9634000
2018-05-24,TLT,93.57435607910156,8204100
2018-05-25,TLT,94.1568374633789,8482800
2018-05-29,TLT,96.21910858154297,21668100
2018-05-30,TLT,95.5736312866211,11616300
2018-05-31,TLT,95.4162368774414,10769900
2018-06-01,TLT,94.91206359863281,8718800
2018-06-04,TLT,94.22566986083984,7156500
2018-06-05,TLT,94.44657135009766,5635900
2018-06-06,TLT,93.6812744140625,7813300
2018-06-07,TLT,94.58860778808594,13238300
2018-06-08,TLT,94.30458068847656,6790600
2018-06-11,TLT,94.13103485107422,6844200
2018-06-12,TLT,94.15467071533203,6048200
2018-06-13,TLT,94.1072998046875,8834700
2018-06-14,TLT,94.88838958740234,10078800
2018-06-15,TLT,94.97517395019531,7992800
2018-06-18,TLT,94.88838958740234,4893700
2018-06-19,TLT,95.44071197509766,6133300
2018-06-20,TLT,94.60442352294922,6879100
2018-06-21,TLT,95.1014633178711,7235800
2018-06-22,TLT,95.09354400634766,4082500
2018-06-25,TLT,95.30657196044922,8363700
2018-06-26,TLT,95.44071197509766,5450000
2018-06-27,TLT,96.3400650024414,8173400
2018-06-28,TLT,96.36377716064453,7109500
2018-06-29,TLT,96.03239440917969,11164700
2018-07-02,TLT,95.95723724365234,9662000
2018-07-03,TLT,96.47123718261719,3808800
2018-07-05,TLT,96.74800872802734,3860400
2018-07-06,TLT,97.06433868408203,4679900
2018-07-09,TLT,96.43962097167969,5952700
2018-07-10,TLT,96.43171691894531,5759700
2018-07-11,TLT,96.80335998535156,6869100
2018-07-12,TLT,96.79548645019531,4824700
2018-07-13,TLT,97.04058837890625,4079000
2018-07-16,TLT,96.6373062133789,5517100
2018-07-17,TLT,96.45543670654297,3764300
2018-07-18,TLT,96.0679702758789,6330000
2018-07-19,TLT,96.67683410644531,6166700
2018-07-20,TLT,95.49073791503906,10469500
2018-07-23,TLT,94.31249237060547,11571800
2018-07-24,TLT,94.6366958618164,9053500
2018-07-25,TLT,94.48649597167969,7357900
2018-07-26,TLT,94.30461883544922,6821100
2018-07-27,TLT,94.4627914428711,4542000
2018-07-30,TLT,94.13854217529297,7111200
2018-07-31,TLT,94.65254974365234,6797400
2018-08-01,TLT,93.88143920898438,13312600
2018-08-02,TLT,94.01615905761719,4451100
2018-08-03,TLT,94.48373413085938,6162400
2018-08-06,TLT,94.53923797607422,4200200
2018-08-07,TLT,94.04786682128906,5346900
2018-08-08,TLT,94.1429672241211,5640900
2018-08-09,TLT,94.93547821044922,7144100
2018-08-10,TLT,95.6249771118164,8457900
2018-08-13,TLT,95.42684936523438,7923200
2018-08-14,TLT,95.2128677368164,4251200
2018-08-15,TLT,95.7676010131836,7649800
2018-08-16,TLT,95.75967407226562,5400400
2018-08-17,TLT,95.87858581542969,3537600
2018-08-20,TLT,96.5205078125,5603700
2018-08-21,TLT,96.19554138183594,4695000
2018-08-22,TLT,96.57601165771484,5309600
2018-08-23,TLT,96.72659301757812,5328700
2018-08-24,TLT,96.91674041748047,6092200
2018-08-27,TLT,96.36199188232422,6407400
2018-08-28,TLT,95.7834701538086,4929300
2018-08-29,TLT,95.9102554321289,5613300
2018-08-30,TLT,96.11630249023438,5302900
2018-08-31,TLT,95.89442443847656,9677500
2018-09-04,TLT,95.33997344970703,18343600
2018-09-05,TLT,95.08580780029297,9422600
2018-09-06,TLT,95.43531799316406,9566000
2018-09-07,TLT,94.6251220703125,11212600
2018-09-10,TLT,94.97460174560547,6386400
2018-09-11,TLT,94.25181579589844,5440000
2018-09-12,TLT,94.47423553466797,3347200
2018-09-13,TLT,94.61719512939453,4833000
2018-09-14,TLT,94.16445922851562,5579500
2018-09-17,TLT,94.16445922851562,5433000
2018-09-18,TLT,93.17948150634766,10182300
2018-09-19,TLT,92.62345886230469,13379600
2018-09-20,TLT,93.05240631103516,8657300
2018-09-21,TLT,93.01268005371094,6173800
2018-09-24,TLT,92.77440643310547,5505500
2018-09-25,TLT,92.67911529541016,6650900
2018-09-26,TLT,93.33040618896484,9512700
2018-09-27,TLT,93.39398193359375,5758500
2018-09-28,TLT,93.1477279663086,12807700
2018-10-01,TLT,92.46385955810547,22442400
2018-10-02,TLT,93.02915954589844,8266900
2018-10-03,TLT,91.41307067871094,20829200
2018-10-04,TLT,90.76824188232422,16207400
2018-10-05,TLT,89.98808288574219,18096500
2018-10-08,TLT,89.68561553955078,5855900
2018-10-09,TLT,90.59317016601562,11530800
2018-10-10,TLT,90.34636688232422,15290100
2018-10-11,TLT,91.44495391845703,16086800
2018-10-12,TLT,91.12647247314453,6794100
2018-10-15,TLT,91.08670043945312,7146300
2018-10-16,TLT,91.29366302490234,4762300
2018-10-17,TLT,90.75233459472656,5880700
2018-10-18,TLT,90.720458984375,5728800
2018-10-19,TLT,90.5215072631836,10892400
2018-10-22,TLT,90.40203857421875,3244200
2018-10-23,TLT,90.68867492675781,10330700
2018-10-24,TLT,91.37329864501953,16008000
2018-10-25,TLT,90.99114990234375,12613200
2018-10-26,TLT,91.54045867919922,18582500
2018-10-29,TLT,91.3334732055664,7679900
2018-10-30,TLT,90.87974548339844,9939500
2018-10-31,TLT,90.41795349121094,8706400
2018-11-01,TLT,90.50181579589844,6100200
2018-11-02,TLT,89.3765869140625,11314800
2018-11-05,TLT,89.72772979736328,4760200
2018-11-06,TLT,89.671875,3159900
2018-11-07,TLT,89.79156494140625,9313100
2018-11-08,TLT,89.78359985351562,6905100
2018-11-09,TLT,90.45391082763672,6465300
2018-11-12,TLT,91.04443359375,6840000
2018-11-13,TLT,90.988525390625,6525800
2018-11-14,TLT,91.04443359375,8690800
2018-11-15,TLT,91.00450897216797,7879600
2018-11-16,TLT,91.5312271118164,9236700
2018-11-19,TLT,91.78655242919922,7027200
2018-11-20,TLT,91.81849670410156,6332600
2018-11-21,TLT,91.78655242919922,4951100
2018-11-23,TLT,91.88233947753906,3027900
2018-11-26,TLT,91.67486572265625,6599000
2018-11-27,TLT,91.77859497070312,5967200
2018-11-28,TLT,91.33170318603516,7814000
2018-11-29,TLT,91.6907958984375,7295600
2018-11-30,TLT,92.03398895263672,9127800
2018-12-03,TLT,92.68742370605469,9763800
2018-12-04,TLT,94.23914337158203,18100500
2018-12-06,TLT,94.53510284423828,15319400
2018-12-07,TLT,94.71109771728516,8608400
2018-12-10,TLT,95.10301208496094,8777700
2018-12-11,TLT,95.08698272705078,8071900
2018-12-12,TLT,94.66307067871094,6182200
2018-12-13,TLT,94.43914794921875,5564200
2018-12-14,TLT,94.7670669555664,8169200
2018-12-17,TLT,95.3189468383789,9726800
2018-12-18,TLT,95.88983154296875,10018800
2018-12-19,TLT,97.15660095214844,23046300
2018-12-20,TLT,96.80379486083984,18543700
2018-12-21,TLT,96.78777313232422,9945100
2018-12-24,TLT,97.2688217163086,8377500
2018-12-26,TLT,96.22652435302734,11700400
2018-12-27,TLT,96.24256134033203,12146500
2018-12-28,TLT,97.05238342285156,9879100
2018-12-31,TLT,97.4211654663086,17409000
2019-01-02,TLT,97.93428802490234,19841500
2019-01-03,TLT,99.0487289428711,21187000
2019-01-04,TLT,97.9022216796875,12970200
2019-01-07,TLT,97.61361694335938,8498100
2019-01-08,TLT,97.35700225830078,7737100
2019-01-09,TLT,97.20467376708984,9349200
2019-01-10,TLT,96.57935333251953,8222900
2019-01-11,TLT,96.9561538696289,5786900
2019-01-14,TLT,96.59532165527344,6730500
2019-01-15,TLT,96.24256134033203,8997400
2019-01-16,TLT,96.33880615234375,6048400
2019-01-17,TLT,96.36283111572266,8153400
2019-01-18,TLT,95.85774230957031,14106400
2019-01-22,TLT,96.50716400146484,8881100
2019-01-23,TLT,96.46705627441406,5776800
2019-01-24,TLT,97.10047149658203,7121900
2019-01-25,TLT,96.63544464111328,6460800
2019-01-28,TLT,96.53922271728516,6435800
2019-01-29,TLT,97.02831268310547,5750100
2019-01-30,TLT,96.9561538696289,10571300
2019-01-31,TLT,97.78996276855469,11843400
2019-02-01,TLT,97.19933319091797,12024600
2019-02-04,TLT,96.76539611816406,8966200
2019-02-05,TLT,97.20735168457031,6983300
2019-02-06,TLT,97.25556182861328,5184000
2019-02-07,TLT,97.89845275878906,8781000
2019-02-08,TLT,98.3162841796875,5885400
2019-02-11,TLT,97.93057250976562,4352800
2019-02-12,TLT,97.68151092529297,7939600
2019-02-13,TLT,97.31182861328125,4757700
2019-02-14,TLT,97.8663101196289,5868900
2019-02-15,TLT,98.01897430419922,5527200
2019-02-19,TLT,98.26809692382812,5872800
2019-02-20,TLT,97.98686981201172,4455800
2019-02-21,TLT,97.1109390258789,7382500
2019-02-22,TLT,97.68951416015625,6374600
2019-02-25,TLT,97.40023040771484,6293500
2019-02-26,TLT,97.88238525390625,6028900
2019-02-27,TLT,96.77346801757812,7737300
2019-02-28,TLT,96.44398498535156,9533400
2019-03-01,TLT,95.55261993408203,13541100
2019-03-04,TLT,96.30145263671875,9808500
2019-03-05,TLT,96.50276947021484,5595200
2019-03-06,TLT,96.85710144042969,7766700
2019-03-07,TLT,97.48518371582031,8187200
2019-03-08,TLT,97.89588165283203,7517600
2019-03-11,TLT,97.60598754882812,5157800
2019-03-12,TLT,98.29045867919922,6422300
2019-03-13,TLT,98.10526275634766,4386300
2019-03-14,TLT,97.3966064453125,8188400
2019-03-15,TLT,98.04084777832031,4302000
2019-03-18,TLT,97.98445129394531,3893300
2019-03-19,TLT,97.76708221435547,5220200
2019-03-20,TLT,98.78973388671875,10123700
2019-03-21,TLT,99.00713348388672,7182600
2019-03-22,TLT,100.54515838623047,13077000
2019-03-25,TLT,100.70626068115234,9736300
2019-03-26,TLT,100.63380432128906,7502000
2019-03-27,TLT,101.55982971191406,14207200
2019-03-28,TLT,101.9141616821289,9143200
2019-03-29,TLT,101.81749725341797,10841400
2019-04-01,TLT,100.37130737304688,16501500
2019-04-02,TLT,100.55695343017578,9725000
2019-04-03,TLT,99.68531799316406,10407000
2019-04-04,TLT,99.96776580810547,7503400
2019-04-05,TLT,100.09693145751953,6321800
2019-04-08,TLT,99.7418212890625,4446400
2019-04-09,TLT,100.05656433105469,7020300
2019-04-10,TLT,100.29869842529297,7519900
2019-04-11,TLT,99.70954895019531,8679300
2019-04-12,TLT,98.99935913085938,7005500
2019-04-15,TLT,99.24952697753906,3070000
2019-04-16,TLT,98.62809753417969,8927300
2019-04-17,TLT,98.66841888427734,6118500
2019-04-18,TLT,99.1849594116211,27589400
2019-04-22,TLT,98.70879364013672,6241200
2019-04-23,TLT,98.91862487792969,6239700
2019-04-24,TLT,99.72566986083984,7302000
2019-04-25,TLT,99.58042907714844,5380900
2019-04-26,TLT,99.91936492919922,5950700
2019-04-29,TLT,99.28181457519531,10246000
2019-04-30,TLT,99.79024505615234,7957400
2019-05-01,TLT,100.2018814086914,14371900
2019-05-02,TLT,99.7247543334961,6612800
2019-05-03,TLT,100.00779724121094,6191700
2019-05-06,TLT,100.28275299072266,4482500
2019-05-07,TLT,101.0510482788086,8984900
2019-05-08,TLT,100.61433410644531,6907600
2019-05-09,TLT,101.02680969238281,9411900
2019-05-10,TLT,100.88934326171875,6037800
2019-05-13,TLT,101.68189239501953,10501600
2019-05-14,TLT,101.38264465332031,5690400
2019-05-15,TLT,102.00536346435547,9566300
2019-05-16,TLT,101.66572570800781,7666400
2019-05-17,TLT,101.89212036132812,4747100
2019-05-20,TLT,101.68189239501953,6043100
2019-05-21,TLT,101.5201187133789,4021800
2019-05-22,TLT,102.10243225097656,5675300
2019-05-23,TLT,103.25080871582031,9743700
2019-05-24,TLT,103.33975982666016,4981900
2019-05-28,TLT,104.08380126953125,8098600
2019-05-29,TLT,104.39923858642578,13260600
2019-05-30,TLT,105.29689025878906,13024800
2019-05-31,TLT,106.61509704589844,18933600
2019-06-03,TLT,107.32829284667969,17822400
2019-06-04,TLT,106.1045913696289,14250000
2019-06-05,TLT,105.50487518310547,8815200
2019-06-06,TLT,105.84528350830078,9621100
2019-06-07,TLT,106.7609634399414,11378500
2019-06-10,TLT,105.75613403320312,8288700
2019-06-11,TLT,105.8209457397461,5115100
2019-06-12,TLT,105.9019775390625,5278700
2019-06-13,TLT,106.2667007446289,5560400
2019-06-14,TLT,106.53411102294922,5838800
2019-06-17,TLT,106.72046661376953,6046400
2019-06-18,TLT,107.25533294677734,10320700
2019-06-19,TLT,107.40933990478516,11962500
2019-06-20,TLT,107.6929702758789,10721500
2019-06-21,TLT,106.50977325439453,14495000
2019-06-24,TLT,107.3039321899414,6378800
2019-06-25,TLT,107.63624572753906,9604600
2019-06-26,TLT,106.94743347167969,12766800
2019-06-27,TLT,107.70104217529297,9724200
2019-06-28,TLT,107.62811279296875,8149200
2019-07-01,TLT,107.37643432617188,14131200
2019-07-02,TLT,108.20459747314453,10494300
2019-07-03,TLT,108.97600555419922,5380300
2019-07-05,TLT,107.53067779541016,12180100
2019-07-08,TLT,107.67682647705078,6490000
2019-07-09,TLT,107.63623809814453,6215700
2019-07-10,TLT,107.04349517822266,9470000
2019-07-11,TLT,105.61439514160156,14126800
2019-07-12,TLT,105.73622131347656,6992000
2019-07-15,TLT,106.34520721435547,6055500
2019-07-16,TLT,106.02850341796875,6172700
2019-07-17,TLT,107.17340087890625,9662200
2019-07-18,TLT,107.18153381347656,5724900
2019-07-19,TLT,106.92980194091797,5804800
2019-07-22,TLT,107.1327896118164,5204100
2019-07-23,TLT,106.54822540283203,8108900
2019-07-24,TLT,107.01100158691406,6389700
2019-07-25,TLT,106.49948120117188,8893100
2019-07-26,TLT,106.75119018554688,6188400
2019-07-29,TLT,106.78367614746094,6231800
2019-07-30,TLT,107.04349517822266,5678500
2019-07-31,TLT,107.90424346923828,15798700
2019-08-01,TLT,110.04728698730469,26664800
2019-08-02,TLT,111.0642318725586,15143100
2019-08-05,TLT,112.98426818847656,18543000
2019-08-06,TLT,113.88736724853516,12747400
2019-08-07,TLT,113.9280776977539,32582000
2019-08-08,TLT,114.1722183227539,14746000
2019-08-09,TLT,113.94434356689453,10626000
2019-08-12,TLT,116.320068359375,14094300
2019-08-13,TLT,115.92141723632812,15974900
2019-08-14,TLT,118.5330581665039,15068900
2019-08-15,TLT,119.85108947753906,23588700
2019-08-16,TLT,118.8910140991211,17150500
2019-08-19,TLT,117.19059753417969,13614700
2019-08-20,TLT,118.4028091430664,7451500
2019-08-21,TLT,117.61372375488281,9372000
2019-08-22,TLT,116.83258056640625,13878800
2019-08-23,TLT,118.75273895263672,16191800
2019-08-26,TLT,118.27265930175781,12174500
2019-08-27,TLT,120.09513092041016,11332300
2019-08-28,TLT,120.2497329711914,10095900
2019-08-29,TLT,119.79405975341797,8884900
2019-08-30,TLT,119.8266830444336,13550800
2019-09-03,TLT,119.98152923583984,15660800
2019-09-04,TLT,120.16075897216797,7962200
2019-09-05,TLT,117.9847183227539,19382900
2019-09-06,TLT,118.82417297363281,9466400
2019-09-09,TLT,116.71320343017578,15862700
2019-09-10,TLT,114.66748809814453,13851400
2019-09-11,TLT,114.4637222290039,10941700
2019-09-12,TLT,113.7138900756836,19163300
2019-09-13,TLT,111.28504180908203,18922200
2019-09-16,TLT,112.70323181152344,10971600
2019-09-17,TLT,113.31450653076172,9081200
2019-09-18,TLT,113.79534912109375,10984600
2019-09-19,TLT,114.13768005371094,13176200
2019-09-20,TLT,115.6454849243164,11519800
2019-09-23,TLT,115.62110900878906,15246700
2019-09-24,TLT,117.01481628417969,12421600
2019-09-25,TLT,115.30325317382812,14147100
2019-09-26,TLT,116.04486083984375,9636500
2019-09-27,TLT,116.33014678955078,10386900
2019-09-30,TLT,116.61542510986328,8006900
2019-10-01,TLT,116.96651458740234,16613700
2019-10-02,TLT,117.25222778320312,12891500
2019-10-03,TLT,118.3218765258789,13470500
2019-10-04,TLT,119.1954116821289,11516200
2019-10-07,TLT,118.20747375488281,11013900
2019-10-08,TLT,118.52593994140625,14529700
2019-10-09,TLT,117.85645294189453,8608800
2019-10-10,TLT,116.1010513305664,15054200
2019-10-11,TLT,114.6640625,26294000
2019-10-14,TLT,115.49688720703125,5936900
2019-10-15,TLT,114.10070037841797,11832300
2019-10-16,TLT,114.23945617675781,7729500
2019-10-17,TLT,113.96190643310547,6219300
2019-10-18,TLT,113.96190643310547,6456100
2019-10-21,TLT,113.10462951660156,8038000
2019-10-22,TLT,113.76595306396484,6683300
2019-10-23,TLT,113.88018798828125,5995400
2019-10-24,TLT,113.65167999267578,6161700
2019-10-25,TLT,113.09644317626953,5669800
2019-10-28,TLT,112.06769561767578,11402100
2019-10-29,TLT,112.1412124633789,5296600
2019-10-30,TLT,113.78227233886719,10914100
2019-10-31,TLT,115.31720733642578,15834100
2019-11-01,TLT,114.96223449707031,11425500
2019-11-04,TLT,113.4491958618164,11124300
2019-11-05,TLT,112.17325592041016,13493000
2019-11-06,TLT,112.85210418701172,9351900
2019-11-07,TLT,110.80741882324219,19209800
2019-11-08,TLT,110.34117126464844,10222900
2019-11-11,TLT,110.4147720336914,4577000
2019-11-12,TLT,110.92194366455078,5772900
2019-11-13,TLT,111.6416244506836,6672400
2019-11-14,TLT,112.79485321044922,10213300
2019-11-15,TLT,112.67220306396484,4657600
2019-11-18,TLT,112.87663269042969,5943900
2019-11-19,TLT,113.81722259521484,7893100
2019-11-20,TLT,114.99495697021484,7905500
2019-11-21,TLT,114.27521514892578,5980900
2019-11-22,TLT,114.42240142822266,4664800
2019-11-25,TLT,114.75776672363281,4157300
2019-11-26,TLT,115.42850494384766,4281100
2019-11-27,TLT,115.0931396484375,4095700
2019-11-29,TLT,114.84778594970703,6251100
2019-12-02,TLT,113.31652069091797,17702200
2019-12-03,TLT,115.69247436523438,13062400
2019-12-04,TLT,114.53730010986328,8586300
2019-12-05,TLT,113.98014831542969,7273800
2019-12-06,TLT,113.34928131103516,7931100
2019-12-09,TLT,113.59507751464844,4016900
2019-12-10,TLT,113.6032485961914,4947600
2019-12-11,TLT,114.49630737304688,6256700
2019-12-12,TLT,112.61185455322266,14857000
2019-12-13,TLT,113.91455841064453,11335100
2019-12-16,TLT,112.89045715332031,9156600
2019-12-17,TLT,112.73481750488281,6179700
2019-12-18,TLT,111.80900573730469,6244700
2019-12-19,TLT,111.98786926269531,6591100
2019-12-20,TLT,112.13565826416016,5455700
2019-12-23,TLT,111.97149658203125,5175000
2019-12-24,TLT,112.2915267944336,4667400
2019-12-26,TLT,112.56233215332031,5290200
2019-12-27,TLT,112.68537902832031,7300500
2019-12-30,TLT,112.2751235961914,7979700
2019-12-31,TLT,111.17552947998047,10707400
2020-01-02,TLT,112.43101501464844,11034100
2020-01-03,TLT,114.16252899169922,12366000
2020-01-06,TLT,113.51419830322266,11369800
2020-01-07,TLT,112.95618438720703,8381200
2020-01-08,TLT,112.20948028564453,10621700
2020-01-09,TLT,112.60334014892578,7411500
2020-01-10,TLT,113.6044921875,8776000
2020-01-13,TLT,113.25983428955078,5966900
2020-01-14,TLT,113.84243774414062,13920300
2020-01-15,TLT,114.59739685058594,6290500
2020-01-16,TLT,114.23637390136719,6798600
2020-01-17,TLT,113.25983428955078,9693100
2020-01-21,TLT,114.44971466064453,6794900
2020-01-22,TLT,114.85179138183594,6317000
2020-01-23,TLT,115.65601348876953,9747400
2020-01-24,TLT,116.5914535522461,8585000
2020-01-27,TLT,118.40501403808594,10935200
2020-01-28,TLT,117.47772216796875,10612900
2020-01-29,TLT,118.6266098022461,9566800
2020-01-30,TLT,118.64302062988281,14711800
2020-01-31,TLT,119.72615051269531,14538100
2020-02-03,TLT,119.62914276123047,15309000
2020-02-04,TLT,118.01820373535156,11388300
2020-02-05,TLT,116.72766876220703,10782600
2020-02-06,TLT,117.25373840332031,6683100
2020-02-07,TLT,118.71682739257812,11374800
2020-02-10,TLT,119.04558563232422,6699300
2020-02-11,TLT,118.4455795288086,7784100
2020-02-12,TLT,117.84552001953125,5595500
2020-02-13,TLT,118.29759216308594,7883400
2020-02-14,TLT,118.8154296875,7137400
2020-02-18,TLT,119.62914276123047,6909200
2020-02-19,TLT,119.62095642089844,5707700
2020-02-20,TLT,120.5580825805664,9332900
2020-02-21,TLT,121.68413543701172,13860300
2020-02-24,TLT,123.50064849853516,15929300
2020-02-25,TLT,124.15828704833984,20802900
2020-02-26,TLT,123.50064849853516,22589500
2020-02-27,TLT,124.84048461914062,30687900
2020-02-28,TLT,127.65972137451172,44935200
2020-03-02,TLT,126.72063446044922,28152400
2020-03-03,TLT,128.68797302246094,38608000
2020-03-04,TLT,127.32149505615234,23463700
2020-03-05,TLT,130.49073791503906,17786200
2020-03-06,TLT,137.28204345703125,76288300
2020-03-09,TLT,141.00282287597656,41552800
2020-03-10,TLT,133.77523803710938,37728300
2020-03-11,TLT,128.8526611328125,29519300
2020-03-12,TLT,129.65106201171875,24361800
2020-03-13,TLT,126.72063446044922,19812900
2020-03-16,TLT,134.927734375,30496700
2020-03-17,TLT,125.93030548095703,18570900
2020-03-18,TLT,118.82628631591797,47061000
2020-03-19,TLT,122.06138610839844,21175300
2020-03-20,TLT,131.23977661132812,20863100
2020-03-23,TLT,136.64817810058594,19971800
2020-03-24,TLT,134.10459899902344,11948600
2020-03-25,TLT,133.7998809814453,10750600
2020-03-26,TLT,134.45852661132812,10576200
2020-03-27,TLT,138.04757690429688,12550000
2020-03-30,TLT,136.91156005859375,13473200
2020-03-31,TLT,135.80035400390625,11464800
2020-04-01,TLT,137.70289611816406,11334700
2020-04-02,TLT,138.57676696777344,5771200
2020-04-03,TLT,138.9065704345703,6570800
2020-04-06,TLT,138.54376220703125,9434800
2020-04-07,TLT,137.09288024902344,13811400
2020-04-08,TLT,136.09542846679688,10147100
2020-04-09,TLT,136.34268188476562,14259100
2020-04-13,TLT,135.09786987304688,8750300
2020-04-14,TLT,135.06495666503906,9019100
2020-04-15,TLT,138.64268493652344,10027800
2020-04-16,TLT,140.21726989746094,8265400
2020-04-17,TLT,138.3376922607422,8612100
2020-04-20,TLT,139.4506072998047,6462600
2020-04-21,TLT,141.2064971923828,7850700
2020-04-22,TLT,139.76385498046875,6230200
2020-04-23,TLT,140.5057830810547,5968600
2020-04-24,TLT,140.8355255126953,6211800
2020-04-27,TLT,138.21405029296875,9039500
2020-04-28,TLT,139.80506896972656,9905400
2020-04-29,TLT,139.07965087890625,8619600
2020-04-30,TLT,137.4556427001953,11606100
2020-05-01,TLT,138.63267517089844,10209400
2020-05-04,TLT,137.9805908203125,8300900
2020-05-05,TLT,137.0973663330078,7831800
2020-05-06,TLT,134.88526916503906,14721500
2020-05-07,TLT,137.1385955810547,9164800
2020-05-08,TLT,135.3556671142578,8129800
2020-05-11,TLT,134.29910278320312,8713500
2020-05-12,TLT,135.6776580810547,10057300
2020-05-13,TLT,136.62684631347656,13305600
2020-05-14,TLT,137.96400451660156,10080000
2020-05-15,TLT,137.60911560058594,7225600
2020-05-18,TLT,134.58807373046875,10073100
2020-05-19,TLT,135.09165954589844,8639100
2020-05-20,TLT,135.49600219726562,10927300
2020-05-21,TLT,135.8343963623047,8920000
2020-05-22,TLT,136.65159606933594,4956700
2020-05-26,TLT,134.81915283203125,8098900
2020-05-27,TLT,134.57156372070312,8047400
2020-05-28,TLT,134.07623291015625,10272600
2020-05-29,TLT,135.0338134765625,14632700
2020-06-01,TLT,134.12457275390625,13341400
2020-06-02,TLT,133.6370086669922,11517100
2020-06-03,TLT,131.8600311279297,12255700
2020-06-04,TLT,129.95077514648438,14038600
2020-06-05,TLT,129.02513122558594,17778500
2020-06-08,TLT,129.52101135253906,10346700
2020-06-09,TLT,130.99220275878906,9095300
2020-06-10,TLT,132.9344024658203,13135500
2020-06-11,TLT,135.4469757080078,17086400
2020-06-12,TLT,134.14114379882812,9716100
2020-06-15,TLT,134.21554565429688,7759800
2020-06-16,TLT,132.15753173828125,13698900
2020-06-17,TLT,132.70303344726562,7113900
2020-06-18,TLT,134.10806274414062,7691400
2020-06-19,TLT,134.21554565429688,8565500
2020-06-22,TLT,134.23204040527344,9319700
2020-06-23,TLT,133.31468200683594,9088600
2020-06-24,TLT,134.74444580078125,11436500
2020-06-25,TLT,135.1329345703125,10968000
2020-06-26,TLT,136.5792999267578,12119300
2020-06-29,TLT,136.14956665039062,7274400
2020-06-30,TLT,135.48837280273438,14841700
2020-07-01,TLT,135.2251739501953,13181000
2020-07-02,TLT,135.36587524414062,7599800
2020-07-06,TLT,134.81150817871094,7972700
2020-07-07,TLT,136.70643615722656,12791900
2020-07-08,TLT,136.16024780273438,7253900
2020-07-09,TLT,138.3282012939453,13373100
2020-07-10,TLT,137.63314819335938,8478000
2020-07-13,TLT,138.08828735351562,8054000
2020-07-14,TLT,138.2868194580078,11344600
2020-07-15,TLT,137.64144897460938,7840300
2020-07-16,TLT,138.2951202392578,9107400
2020-07-17,TLT,138.00550842285156,8549900
2020-07-20,TLT,138.3447723388672,6907200
2020-07-21,TLT,138.42755126953125,8454400
2020-07-22,TLT,138.84130859375,6592100
2020-07-23,TLT,140.46307373046875,10471800
2020-07-24,TLT,140.45481872558594,7520700
2020-07-27,TLT,139.93360900878906,6146400
2020-07-28,TLT,140.90162658691406,8520700
2020-07-29,TLT,140.66163635253906,6733700
2020-07-30,TLT,141.58847045898438,9376100
2020-07-31,TLT,141.4974365234375,8886000
2020-08-03,TLT,140.7850341796875,9066200
2020-08-04,TLT,142.12701416015625,9878900
2020-08-05,TLT,140.88446044921875,6954100
2020-08-06,TLT,141.6714630126953,9481800
2020-08-07,TLT,140.72703552246094,8176900
2020-08-10,TLT,140.0975341796875,6408500
2020-08-11,TLT,138.43240356445312,19234200
2020-08-12,TLT,137.17324829101562,11744800
2020-08-13,TLT,135.70701599121094,12744700
2020-08-14,TLT,135.17681884765625,6398100
2020-08-17,TLT,135.51644897460938,6901500
2020-08-18,TLT,136.48568725585938,8140600
2020-08-19,TLT,135.63238525390625,12497700
2020-08-20,TLT,136.85850524902344,10319900
2020-08-21,TLT,137.67852783203125,6836000
2020-08-24,TLT,137.45484924316406,6490600
2020-08-25,TLT,136.40283203125,10518300
2020-08-26,TLT,135.8809356689453,8276600
2020-08-27,TLT,133.5697021484375,19860100
2020-08-28,TLT,133.4704132080078,8415400
2020-08-31,TLT,134.35670471191406,11388100
2020-09-01,TLT,135.89349365234375,10587000
2020-09-02,TLT,137.1871337890625,15167700
2020-09-03,TLT,137.57699584960938,16416600
2020-09-04,TLT,134.96463012695312,13780300
2020-09-08,TLT,135.7938995361328,13790400
2020-09-09,TLT,135.42898559570312,9558900
2020-09-10,TLT,136.1173553466797,8847700
2020-09-11,TLT,136.4076690673828,5458200
2020-09-14,TLT,136.3992919921875,4274900
2020-09-15,TLT,136.067626953125,6928500
2020-09-16,TLT,135.66119384765625,8815200
2020-09-17,TLT,136.0758819580078,7813900
2020-09-18,TLT,135.65301513671875,7246300
2020-09-21,TLT,136.34130859375,11086900
2020-09-22,TLT,136.23348999023438,10524100
2020-09-23,TLT,136.41587829589844,6224800
2020-09-24,TLT,136.93841552734375,8278100
2020-09-25,TLT,136.93841552734375,5140300
2020-09-28,TLT,136.54856872558594,4470100
2020-09-29,TLT,136.70616149902344,10297600
2020-09-30,TLT,135.39585876464844,12971000
2020-10-01,TLT,135.61920166015625,11523900
2020-10-02,TLT,135.11277770996094,8828800
2020-10-05,TLT,132.47279357910156,14726000
2020-10-06,TLT,133.18675231933594,22419400
2020-10-07,TLT,132.21539306640625,9429200
2020-10-08,TLT,132.92941284179688,8431500
2020-10-09,TLT,132.90444946289062,8441500
2020-10-12,TLT,133.32786560058594,3962000
2020-10-13,TLT,134.2825927734375,7914300
2020-10-14,TLT,134.58970642089844,6954800
2020-10-15,TLT,134.35723876953125,9458800
2020-10-16,TLT,133.98373413085938,8416300
2020-10-19,TLT,133.47731018066406,9286600
2020-10-20,TLT,132.20709228515625,11189000
2020-10-21,TLT,131.75047302246094,10453700
2020-10-22,TLT,130.3807373046875,12664900
2020-10-23,TLT,131.1776580810547,8783800
2020-10-26,TLT,132.39801025390625,7227300
2020-10-27,TLT,133.28640747070312,6062300
2020-10-28,TLT,133.41091918945312,11765800
2020-10-29,TLT,132.1158447265625,11932400
2020-10-30,TLT,130.8123779296875,13095400
2020-11-02,TLT,131.7922821044922,10810500
2020-11-03,TLT,131.0276336669922,16228700
2020-11-04,TLT,133.86990356445312,21570800
2020-11-05,TLT,134.10263061523438,18537500
2020-11-06,TLT,132.4820556640625,12408400
2020-11-09,TLT,129.69790649414062,23245000
2020-11-10,TLT,128.94992065429688,12561000
2020-11-11,TLT,129.41539001464844,5888200
2020-11-12,TLT,131.61773681640625,15999700
2020-11-13,TLT,131.44322204589844,7344600
2020-11-16,TLT,131.12734985351562,6310400
2020-11-17,TLT,131.98333740234375,7444600
2020-11-18,TLT,132.36566162109375,10333300
2020-11-19,TLT,133.04714965820312,10637200
2020-11-20,TLT,134.22726440429688,7246800
2020-11-23,TLT,133.6122589111328,11300000
2020-11-24,TLT,132.2825469970703,10891700
2020-11-25,TLT,131.87539672851562,9145800
2020-11-27,TLT,133.1551513671875,4708200
2020-11-30,TLT,132.98899841308594,13071600
2020-12-01,TLT,131.02816772460938,13662800
2020-12-02,TLT,129.98826599121094,12114300
2020-12-03,TLT,131.0364532470703,9626500
2020-12-04,TLT,129.1147003173828,12734500
2020-12-07,TLT,130.2794189453125,9316100
2020-12-08,TLT,130.89503479003906,7397200
2020-12-09,TLT,130.46246337890625,7750100
2020-12-10,TLT,131.61883544921875,10025100
2020-12-11,TLT,132.08468627929688,8135900
2020-12-14,TLT,131.71861267089844,7535900
2020-12-15,TLT,131.2777099609375,6847500
2020-12-16,TLT,130.92825317382812,9954200
2020-12-17,TLT,130.5818328857422,9422700
2020-12-18,TLT,130.19033813476562,6505000
2020-12-21,TLT,130.706787109375,8988200
2020-12-22,TLT,131.38136291503906,7370800
2020-12-23,TLT,130.47366333007812,9266600
2020-12-24,TLT,130.9899139404297,3117100
2020-12-28,TLT,131.04820251464844,7791100
2020-12-29,TLT,130.8817138671875,9030900
2020-12-30,TLT,131.1648406982422,9097300
2020-12-31,TLT,131.35641479492188,7742100
2021-01-04,TLT,131.1981658935547,13152900
2021-01-05,TLT,130.2237091064453,10458100
2021-01-06,TLT,127.55052947998047,22827300
2021-01-07,TLT,126.42613983154297,14651900
2021-01-08,TLT,126.01814270019531,13622500
2021-01-11,TLT,125.8099594116211,8370700
2021-01-12,TLT,125.71002197265625,12186300
2021-01-13,TLT,127.12582397460938,12533300
2021-01-14,TLT,125.93492126464844,14835500
2021-01-15,TLT,126.43457794189453,11624700
2021-01-19,TLT,126.84271240234375,9575600
2021-01-20,TLT,126.96747589111328,5368900
2021-01-21,TLT,126.07654571533203,8162700
2021-01-22,TLT,126.48455810546875,9507200
2021-01-25,TLT,127.97525024414062,8712600
2021-01-26,TLT,127.73372650146484,7690300
2021-01-27,TLT,128.05848693847656,7895200
2021-01-28,TLT,127.3506088256836,10667800
2021-01-29,TLT,126.58447265625,14965900
2021-02-01,TLT,126.73126220703125,8165500
2021-02-02,TLT,125.91413116455078,9177500
2021-02-03,TLT,124.79686737060547,9633100
2021-02-04,TLT,124.46336364746094,8262600
2021-02-05,TLT,123.42121124267578,10258900
2021-02-08,TLT,123.96308898925781,11574800
2021-02-09,TLT,124.0548324584961,5218300
2021-02-10,TLT,124.88026428222656,8079800
2021-02-11,TLT,124.19657897949219,11962700
2021-02-12,TLT,122.65411376953125,14088400
2021-02-16,TLT,120.78645324707031,17789100
2021-02-17,TLT,121.55358123779297,11199100
2021-02-18,TLT,121.06163024902344,10755300
2021-02-19,TLT,119.45254516601562,12741700
2021-02-22,TLT,118.54370880126953,13203900
2021-02-23,TLT,118.20187377929688,12658500
2021-02-24,TLT,117.42644500732422,17363100
2021-02-25,TLT,115.50885009765625,52621700
2021-02-26,TLT,119.32742309570312,45423300
2021-03-01,TLT,117.75140380859375,22048000
2021-03-02,TLT,117.7597427368164,12482200
2021-03-03,TLT,116.48257446289062,19763700
2021-03-04,TLT,115.73126983642578,22366600
2021-03-05,TLT,115.95664978027344,20598000
2021-03-08,TLT,115.0551528930664,15236600
2021-03-09,TLT,116.64955139160156,14463400
2021-03-10,TLT,116.88326263427734,12387600
2021-03-11,TLT,116.04016876220703,14150700
2021-03-12,TLT,113.57756805419922,20402700
2021-03-15,TLT,114.24542236328125,11366500
2021-03-16,TLT,113.78628540039062,15567900
2021-03-17,TLT,112.93482208251953,27107500
2021-03-18,TLT,111.79122161865234,21615100
2021-03-19,TLT,112.48407745361328,18685000
2021-03-22,TLT,113.74452209472656,17047500
2021-03-23,TLT,114.77132415771484,16768400
2021-03-24,TLT,115.3890380859375,13863000
2021-03-25,TLT,114.47913360595703,20782000
2021-03-26,TLT,114.07849884033203,8433300
2021-03-29,TLT,113.11012268066406,13968100
2021-03-30,TLT,113.70285034179688,15020800
2021-03-31,TLT,113.06842803955078,19271300
2021-04-01,TLT,114.94500732421875,14885900
2021-04-05,TLT,114.44344329833984,8243000
2021-04-06,TLT,115.2208480834961,9282400
2021-04-07,TLT,114.41836547851562,11052700
2021-04-08,TLT,115.36290740966797,7847900
2021-04-09,TLT,114.94500732421875,8717800
2021-04-12,TLT,114.89480590820312,7659000
2021-04-13,TLT,115.75582122802734,13232800
2021-04-14,TLT,115.38802337646484,7293200
2021-04-15,TLT,117.3189468383789,23896700
2021-04-16,TLT,116.40787506103516,15238400
2021-04-19,TLT,116.07353210449219,13886800
2021-04-20,TLT,116.60844421386719,11476500
2021-04-21,TLT,116.84251403808594,11902200
2021-04-22,TLT,117.35237121582031,14156400
2021-04-23,TLT,117.07658386230469,12302200
2021-04-26,TLT,116.90938568115234,9103500
2021-04-27,TLT,115.88957977294922,14137300
2021-04-28,TLT,115.96480560302734,15263700
2021-04-29,TLT,115.62205505371094,17178200
2021-04-30,TLT,115.88957977294922,15692000
2021-05-03,TLT,115.95903778076172,16447700
2021-05-04,TLT,116.7459716796875,18639700
2021-05-05,TLT,116.9384994506836,11127900
2021-05-06,TLT,117.13105773925781,21907600
2021-05-07,TLT,116.55345916748047,18346900
2021-05-10,TLT,115.373046875,15146200
2021-05-11,TLT,114.7201156616211,15158600
2021-05-12,TLT,113.51463317871094,20859400
2021-05-13,TLT,113.69044494628906,13073900
2021-05-14,TLT,114.75361633300781,17566700
2021-05-17,TLT,114.51082611083984,6113800
2021-05-18,TLT,114.21780395507812,11423100
2021-05-19,TLT,113.94154357910156,14296000
2021-05-20,TLT,114.87915802001953,13310500
2021-05-21,TLT,115.24748992919922,10171600
2021-05-24,TLT,115.67444610595703,6868700
2021-05-25,TLT,116.7459716796875,12346900
2021-05-26,TLT,116.5450668334961,9793700
2021-05-27,TLT,116.07625579833984,10695200
2021-05-28,TLT,115.89208984375,10258000
2021-06-01,TLT,115.86605834960938,11778500
2021-06-02,TLT,116.13431549072266,7347900
2021-06-03,TLT,115.69843292236328,10994000
2021-06-04,TLT,117.28289794921875,15773700
2021-06-07,TLT,116.92240905761719,7799800
2021-06-08,TLT,117.7439956665039,11230900
2021-06-09,TLT,118.78353881835938,12768300
2021-06-10,TLT,119.49605560302734,19698300
2021-06-11,TLT,119.30329132080078,8646700
2021-06-14,TLT,118.38948822021484,9401300
2021-06-15,TLT,118.24696350097656,18207300
2021-06-16,TLT,118.1463623046875,19676300
2021-06-17,TLT,119.91523742675781,35225800
2021-06-18,TLT,122.17037200927734,26616900
2021-06-21,TLT,120.12481689453125,16485000
2021-06-22,TLT,120.418212890625,14530200
2021-06-23,TLT,120.10803985595703,12040900
2021-06-24,TLT,120.30088806152344,8788400
2021-06-25,TLT,119.05176544189453,15562200
2021-06-28,TLT,120.27569580078125,11460700
2021-06-29,TLT,120.47693634033203,11217900
2021-06-30,TLT,121.01347351074219,15708900
2021-07-01,TLT,121.02020263671875,10810000
2021-07-02,TLT,121.75045776367188,9650200
2021-07-06,TLT,123.17748260498047,20037200
2021-07-07,TLT,124.26874542236328,20964400
2021-07-08,TLT,124.755615234375,17487800
2021-07-09,TLT,123.0011978149414,14483600
2021-07-12,TLT,122.84170532226562,10610400
2021-07-13,TLT,121.90158081054688,23340200
2021-07-14,TLT,123.28663635253906,16038600
2021-07-15,TLT,124.646484375,18462400
2021-07-16,TLT,124.4114761352539,12787900
2021-07-19,TLT,127.13957977294922,40203900
2021-07-20,TLT,125.91405487060547,25674800
2021-07-21,TLT,124.31918334960938,19988900
2021-07-22,TLT,125.49430847167969,18136900
2021-07-23,TLT,124.65486907958984,12639300
2021-07-26,TLT,124.28553009033203,10737700
2021-07-27,TLT,125.61186218261719,13036500
2021-07-28,TLT,125.62024688720703,14346700
2021-07-29,TLT,124.92350006103516,11532000
2021-07-30,TLT,125.51114654541016,14342100
2021-08-02,TLT,126.63059997558594,21232700
2021-08-03,TLT,126.69783020019531,13361900
2021-08-04,TLT,126.95832824707031,18267900
2021-08-05,TLT,126.31116485595703,15345400
2021-08-06,TLT,124.20169830322266,21144300
2021-08-09,TLT,123.75625610351562,12942400
2021-08-10,TLT,123.18473052978516,13716900
2021-08-11,TLT,123.10906982421875,17227600
2021-08-12,TLT,122.90739440917969,14709400
2021-08-13,TLT,124.8488540649414,18653800
2021-08-16,TLT,125.1513900756836,19170900
2021-08-17,TLT,125.10095977783203,14126900
2021-08-18,TLT,125.52116394042969,13144000
2021-08-19,TLT,126.44569396972656,15474300
2021-08-20,TLT,126.52978515625,12388400
2021-08-23,TLT,126.44569396972656,10615000
2021-08-24,TLT,125.46233367919922,13835900
2021-08-25,TLT,124.42023468017578,16743800
2021-08-26,TLT,124.7647705078125,16657400
2021-08-27,TLT,125.61366271972656,15384700
2021-08-30,TLT,125.94143676757812,10596300
2021-08-31,TLT,125.0842056274414,15262400
2021-09-01,TLT,125.29374694824219,10807100
2021-09-02,TLT,125.84064483642578,9765900
2021-09-03,TLT,124.69617462158203,12928000
2021-09-07,TLT,123.64430236816406,15547800
2021-09-08,TLT,124.48587799072266,14533700
2021-09-09,TLT,125.99214172363281,20324600
2021-09-10,TLT,124.88134765625,14894600
2021-09-13,TLT,125.63876342773438,15036100
2021-09-14,TLT,127.16184997558594,19918400
2021-09-15,TLT,126.71591186523438,11940300
2021-09-16,TLT,126.13522338867188,13328900
2021-09-17,TLT,125.5293197631836,13782900
2021-09-20,TLT,127.086181640625,14660400
2021-09-21,TLT,126.97673797607422,10035800
2021-09-22,TLT,127.73410034179688,22277800
2021-09-23,TLT,124.84769439697266,23853300
2021-09-24,TLT,123.62748718261719,20203900
2021-09-27,TLT,123.173095703125,13464300
2021-09-28,TLT,121.25436401367188,26613500
2021-09-29,TLT,121.46479797363281,23569400
2021-09-30,TLT,121.44793701171875,22567600
2021-10-01,TLT,122.46998596191406,26151800
2021-10-04,TLT,122.15827178955078,28027600
2021-10-05,TLT,120.97860717773438,22659200
2021-10-06,TLT,121.6611099243164,18696500
2021-10-07,TLT,120.3888168334961,14856000
2021-10-08,TLT,119.54623413085938,17257800
2021-10-11,TLT,119.24286651611328,7213400
2021-10-12,TLT,121.2820053100586,17968700
2021-10-13,TLT,122.46156311035156,23584600
2021-10-14,TLT,122.91658020019531,12946400
2021-10-15,TLT,122.20039367675781,11811500
2021-10-18,TLT,122.7733383178711,12115900
2021-10-19,TLT,121.07978057861328,12156300
2021-10-20,TLT,120.26242065429688,12782500
2021-10-21,TLT,120.11920166015625,13660000
2021-10-22,TLT,121.44207763671875,13740000
2021-10-25,TLT,121.25666809082031,8137900
2021-10-26,TLT,122.25936126708984,13671000
2021-10-27,TLT,124.48377227783203,22092300
2021-10-28,TLT,124.06244659423828,17497600
2021-10-29,TLT,124.44165802001953,19087300
2021-11-01,TLT,123.54568481445312,18035500
2021-11-02,TLT,124.09410858154297,9836700
2021-11-03,TLT,122.81172943115234,20639400
2021-11-04,TLT,124.10250091552734,15922400
2021-11-05,TLT,125.9586181640625,21513000
2021-11-08,TLT,125.72232818603516,12083800
2021-11-09,TLT,127.3590316772461,23430200
2021-11-10,TLT,125.03048706054688,28170600
2021-11-11,TLT,124.84490203857422,5552500
2021-11-12,TLT,124.29656982421875,12712000
2021-11-15,TLT,122.73577117919922,15232700
2021-11-16,TLT,122.42361450195312,12998700
2021-11-17,TLT,123.39385986328125,14239900
2021-11-18,TLT,123.85790252685547,11054600
2021-11-19,TLT,125.1655502319336,14022100
2021-11-22,TLT,123.69757080078125,15266000
2021-11-23,TLT,121.90901947021484,15318500
2021-11-24,TLT,123.8663101196289,13769700
2021-11-26,TLT,126.99626159667969,20064800
2021-11-29,TLT,125.97544860839844,23234200
2021-11-30,TLT,127.89054107666016,31481100
2021-12-01,TLT,128.6795196533203,30826500
2021-12-02,TLT,128.8400115966797,17754200
2021-12-03,TLT,130.37738037109375,34427100
2021-12-06,TLT,128.58657836914062,30924200
2021-12-07,TLT,127.547607421875,22115900
2021-12-08,TLT,125.3429183959961,33633900
2021-12-09,TLT,126.04405212402344,17544900
2021-12-10,TLT,125.73998260498047,14298700
2021-12-13,TLT,127.59829711914062,17860500
2021-12-14,TLT,127.29427337646484,14015500
2021-12-15,TLT,126.06944274902344,25383900
2021-12-16,TLT,126.11844635009766,18677900
2021-12-17,TLT,127.54757690429688,18093500
2021-12-20,TLT,126.59200286865234,17147300
2021-12-21,TLT,126.10997009277344,16598200
2021-12-22,TLT,126.69348907470703,12253900
2021-12-23,TLT,125.59414672851562,11642500
2021-12-27,TLT,125.89859008789062,7821800
2021-12-28,TLT,125.39964294433594,9174600
2021-12-29,TLT,124.02975463867188,11771200
2021-12-30,TLT,125.06982421875,10355000
2021-12-31,TLT,125.3150634765625,13402300
2022-01-03,TLT,122.02555084228516,33860400
2022-01-04,TLT,121.5182113647461,21996400
2022-01-05,TLT,120.85855102539062,20911700
2022-01-06,TLT,121.17147064208984,18996400
2022-01-07,TLT,120.30043029785156,18756800
2022-01-10,TLT,120.59645080566406,13775800
2022-01-11,TLT,121.3998031616211,24388700
2022-01-12,TLT,120.93470001220703,14440600
2022-01-13,TLT,122.00865173339844,15166000
2022-01-14,TLT,120.16517639160156,22997500
2022-01-18,TLT,118.47390747070312,21171700
2022-01-19,TLT,119.29415130615234,17930500
2022-01-20,TLT,120.02986907958984,13959000
2022-01-21,TLT,121.45899200439453,28916600
2022-01-24,TLT,120.46114349365234,25001600
2022-01-25,TLT,120.26666259765625,15599000
2022-01-26,TLT,118.81218719482422,23655500
2022-01-27,TLT,120.993896484375,21501800
2022-01-28,TLT,121.03619384765625,12826500
2022-01-31,TLT,120.41043090820312,13998400
2022-02-01,TLT,120.01075744628906,20806100
2022-02-02,TLT,120.41719055175781,18404600
2022-02-03,TLT,119.47724151611328,17234100
2022-02-04,TLT,117.7158432006836,23609800
2022-02-07,TLT,117.7920150756836,12962400
2022-02-08,TLT,117.0045166015625,16269200
2022-02-09,TLT,117.22467803955078,14349100
2022-02-10,TLT,115.36170196533203,30896200
2022-02-11,TLT,117.07227325439453,43210300
2022-02-14,TLT,115.61572265625,23157400
2022-02-15,TLT,114.30316925048828,18198500
2022-02-16,TLT,114.9806137084961,16473700
2022-02-17,TLT,115.83592224121094,24508200
2022-02-18,TLT,117.05530548095703,17522600
2022-02-22,TLT,117.36019134521484,19534000
2022-02-23,TLT,115.74275970458984,17757800
2022-02-24,TLT,115.8189468383789,28150400
2022-02-25,TLT,115.90362548828125,15025400
2022-02-28,TLT,118.44412994384766,25817700
2022-03-01,TLT,119.81350708007812,35664400
2022-03-02,TLT,115.7179946899414,30397400
2022-03-03,TLT,116.89661407470703,20649100
2022-03-04,TLT,118.91471099853516,25853100
2022-03-07,TLT,118.00736236572266,23710900
2022-03-08,TLT,116.8203125,28331300
2022-03-09,TLT,115.67561340332031,18819200
2022-03-10,TLT,114.01365661621094,26868900
2022-03-11,TLT,114.39519500732422,15583800
2022-03-14,TLT,111.72421264648438,24385000
2022-03-15,TLT,111.5291519165039,17518800
2022-03-16,TLT,112.62298583984375,25857700
2022-03-17,TLT,111.7835464477539,19330600
2022-03-18,TLT,113.14871978759766,55891700
2022-03-21,TLT,110.52861022949219,26122000
2022-03-22,TLT,109.11253356933594,21830900
2022-03-23,TLT,111.50373840332031,21266100
2022-03-24,TLT,110.63037109375,17141600
2022-03-25,TLT,109.0956039428711,25684500
2022-03-28,TLT,110.02830505371094,17657800
2022-03-29,TLT,110.85931396484375,19319700
2022-03-30,TLT,111.72421264648438,16310200
2022-03-31,TLT,111.99552917480469,19901000
2022-04-01,TLT,112.42184448242188,23489700
2022-04-04,TLT,111.64058685302734,13609900
2022-04-05,TLT,109.11834716796875,25196900
2022-04-06,TLT,108.23511505126953,22952000
2022-04-07,TLT,107.41985321044922,23458800
2022-04-08,TLT,106.25639343261719,26859200
2022-04-11,TLT,104.5749282836914,30020700
2022-04-12,TLT,104.43054962158203,23124200
2022-04-13,TLT,104.64283752441406,17189500
2022-04-14,TLT,102.54521942138672,34274500
2022-04-18,TLT,102.03569793701172,18784300
2022-04-19,TLT,101.27136993408203,26012300
2022-04-20,TLT,103.3095474243164,31423200
2022-04-21,TLT,102.54521942138672,23323200
2022-04-22,TLT,101.89981079101562,19773400
2022-04-25,TLT,102.9189224243164,25418900
2022-04-26,TLT,103.95494079589844,26931300
2022-04-27,TLT,102.6216812133789,14560500
2022-04-28,TLT,102.77452850341797,16892500
2022-04-29,TLT,101.44122314453125,26153400
2022-05-02,TLT,99.68291473388672,29233900
2022-05-03,TLT,100.35491943359375,21256700
2022-05-04,TLT,100.9078369140625,25575700
2022-05-05,TLT,98.14313507080078,48384500
2022-05-06,TLT,96.6969985961914,32790500
2022-05-09,TLT,97.54764556884766,26773000
2022-05-10,TLT,98.43236541748047,33640800
2022-05-11,TLT,100.32939910888672,34173600
2022-05-12,TLT,100.14224243164062,26405700
2022-05-13,TLT,98.66204833984375,20782700
2022-05-16,TLT,98.55996704101562,11050600
2022-05-17,TLT,97.36901092529297,15040800
2022-05-18,TLT,99.44467163085938,21337300
2022-05-19,TLT,99.68291473388672,21937500
2022-05-20,TLT,100.81427001953125,22780900
2022-05-23,TLT,99.15542602539062,15925200
2022-05-24,TLT,101.11199951171875,23388200
2022-05-25,TLT,101.51185607910156,14410800
2022-05-26,TLT,101.05247497558594,14912900
2022-05-27,TLT,101.29915618896484,11190400
2022-05-31,TLT,99.15542602539062,28393700
2022-06-01,TLT,99.04208374023438,15544800
2022-06-02,TLT,99.09322357177734,9832000
2022-06-03,TLT,98.88018798828125,15330400
2022-06-06,TLT,97.0565185546875,20815400
2022-06-07,TLT,98.10468292236328,14278700
2022-06-08,TLT,97.23544311523438,11476100
2022-06-09,TLT,97.55928802490234,15527300
2022-06-10,TLT,96.95420837402344,21917100
2022-06-13,TLT,93.9118881225586,36968300
2022-06-14,TLT,92.72733306884766,21865900
2022-06-15,TLT,94.4572982788086,25202800
2022-06-16,TLT,95.20722198486328,26067300
2022-06-17,TLT,95.5140151977539,21614300
2022-06-21,TLT,93.89485168457031,17663800
2022-06-22,TLT,96.47700500488281,23703800
2022-06-23,TLT,97.26953125,20669200
2022-06-24,TLT,95.92308044433594,18161300
2022-06-27,TLT,95.10496520996094,12053000
2022-06-28,TLT,95.54812622070312,13706600
2022-06-29,TLT,97.03944396972656,12925400
2022-06-30,TLT,97.89163970947266,25802100
2022-07-01,TLT,98.89667510986328,21858800
2022-07-05,TLT,99.67369079589844,16689700
2022-07-06,TLT,98.00007629394531,20205400
2022-07-07,TLT,97.13766479492188,13088000
2022-07-08,TLT,96.06177520751953,15320000
2022-07-11,TLT,97.71831512451172,13639900
2022-07-12,TLT,98.2989273071289,18547300
2022-07-13,TLT,99.42607879638672,20594800
2022-07-14,TLT,98.61487579345703,15665000
2022-07-15,TLT,99.1698989868164,16022600
2022-07-18,TLT,98.13670349121094,15838300
2022-07-19,TLT,97.60729217529297,9276800
2022-07-20,TLT,97.86348724365234,9117300
2022-07-21,TLT,99.5541763305664,14754900
2022-07-22,TLT,101.227783203125,17715300
2022-07-25,TLT,100.23724365234375,24868100
2022-07-26,TLT,100.31411743164062,13536000
2022-07-27,TLT,99.75054931640625,15725600
2022-07-28,TLT,100.54466247558594,16637900
2022-07-29,TLT,100.27144622802734,16655900
2022-08-01,TLT,102.68629455566406,17974600
2022-08-02,TLT,100.51349639892578,17896300
2022-08-03,TLT,102.09603118896484,16731200
2022-08-04,TLT,102.06187438964844,11003000
2022-08-05,TLT,99.63236236572266,19492300
2022-08-08,TLT,101.24060821533203,17476300
2022-08-09,TLT,100.84711456298828,8223200
2022-08-10,TLT,100.18842315673828,14665300
2022-08-11,TLT,97.85306549072266,20663800
2022-08-12,TLT,98.84539031982422,12178400
2022-08-15,TLT,98.75984954833984,9031800
2022-08-16,TLT,99.17048645019531,11066000
2022-08-17,TLT,98.13539123535156,14131300
2022-08-18,TLT,98.28081512451172,10738200
2022-08-19,TLT,96.6982650756836,16330900
2022-08-22,TLT,96.37320709228516,10457200
2022-08-23,TLT,95.84282684326172,17813200
2022-08-24,TLT,95.1413803100586,13971600
2022-08-25,TLT,96.4673080444336,21429700
2022-08-26,TLT,97.19441223144531,18764400
2022-08-29,TLT,96.39029693603516,14278300
2022-08-30,TLT,96.62982177734375,14346600
2022-08-31,TLT,95.70597076416016,13623500
2022-09-01,TLT,93.9537353515625,22490400
2022-09-02,TLT,94.48523712158203,13024400
2022-09-06,TLT,92.14497375488281,24648500
2022-09-07,TLT,93.60230255126953,17050100
2022-09-08,TLT,92.64217376708984,14671400
2022-09-09,TLT,92.84793853759766,12529800
2022-09-12,TLT,92.0849609375,14806900
2022-09-13,TLT,92.29930877685547,22158900
2022-09-14,TLT,92.61646270751953,13077800
2022-09-15,TLT,92.55645751953125,10260200
2022-09-16,TLT,91.78494262695312,18903800
2022-09-19,TLT,91.999267578125,11084400
2022-09-20,TLT,91.08199310302734,20133800
2022-09-21,TLT,92.60789489746094,23132900
2022-09-22,TLT,90.24188995361328,29030600
2022-09-23,TLT,90.6104965209961,23042200
2022-09-26,TLT,88.87889862060547,25104600
2022-09-27,TLT,86.53860473632812,34609500
2022-09-28,TLT,89.43610382080078,39283100
2022-09-29,TLT,88.97319030761719,19127100
2022-09-30,TLT,87.824462890625,26485700
2022-10-03,TLT,89.21994018554688,27192200
2022-10-04,TLT,88.97074127197266,13788700
2022-10-05,TLT,88.12010192871094,20522100
2022-10-06,TLT,87.63028717041016,13965700
2022-10-07,TLT,86.7795639038086,14814800
2022-10-10,TLT,85.43046569824219,15652600
2022-10-11,TLT,85.80859375,33246700
2022-10-12,TLT,86.2296371459961,21447600
2022-10-13,TLT,85.40470123291016,30292500
2022-10-14,TLT,84.70011901855469,18728200
2022-10-17,TLT,84.28763580322266,18969900
2022-10-18,TLT,84.48526763916016,16931500
2022-10-19,TLT,82.94715118408203,25431600
2022-10-20,TLT,81.52930450439453,25434900
2022-10-21,TLT,80.05994415283203,46280300
2022-10-24,TLT,79.39826965332031,31332600
2022-10-25,TLT,81.70979309082031,31213100
2022-10-26,TLT,82.8869857788086,24843900
2022-10-27,TLT,83.75489807128906,20270000
2022-10-28,TLT,83.17916107177734,22244100
2022-10-31,TLT,82.58623504638672,23956700
2022-11-01,TLT,83.35807037353516,17585100
2022-11-02,TLT,82.99626922607422,25010500
2022-11-03,TLT,82.54835510253906,29097500
2022-11-04,TLT,81.16150665283203,23561400
2022-11-07,TLT,80.3517837524414,14522800
2022-11-08,TLT,81.23039245605469,20360600
2022-11-09,TLT,81.49742889404297,15637500
2022-11-10,TLT,84.6329345703125,45380900
2022-11-11,TLT,84.32286071777344,15943100
2022-11-14,TLT,84.11609649658203,13741100
2022-11-15,TLT,85.47712707519531,26608200
2022-11-16,TLT,87.34634399414062,28507700
2022-11-17,TLT,86.42465209960938,24528900
2022-11-18,TLT,85.83028411865234,14941300
2022-11-21,TLT,86.19207000732422,15534000
2022-11-22,TLT,87.41527557373047,18103100
2022-11-23,TLT,88.93995666503906,23234600
2022-11-25,TLT,88.63847351074219,9486100
2022-11-28,TLT,88.8882827758789,14563200
2022-11-29,TLT,87.84600067138672,16576400
2022-11-30,TLT,88.49203491210938,21581700
2022-12-01,TLT,91.31898498535156,53156800
2022-12-02,TLT,92.46736907958984,24479500
2022-12-05,TLT,91.17220306396484,20159700
2022-12-06,TLT,92.34648132324219,21754500
2022-12-07,TLT,94.52240753173828,30546700
2022-12-08,TLT,94.26337432861328,13377300
2022-12-09,TLT,91.8111572265625,25872200
2022-12-12,TLT,92.10472869873047,16897100
2022-12-13,TLT,92.99409484863281,23854700
2022-12-14,TLT,93.3912582397461,19517500
2022-12-15,TLT,93.75567626953125,20246200
2022-12-16,TLT,92.70835876464844,20838300
2022-12-19,TLT,91.150390625,26126800
2022-12-20,TLT,89.53182220458984,28869000
2022-12-21,TLT,89.75686645507812,15894100
2022-12-22,TLT,89.73956298828125,11322500
2022-12-23,TLT,88.42394256591797,15408900
2022-12-27,TLT,86.67552947998047,26475700
2022-12-28,TLT,86.16487121582031,17302900
2022-12-29,TLT,87.1429214477539,16593000
2022-12-30,TLT,86.17353057861328,20810200
2023-01-03,TLT,87.81804656982422,25313200
2023-01-04,TLT,89.02115631103516,21678200
2023-01-05,TLT,89.3933334350586,14771100
2023-01-06,TLT,91.0378646850586,27473700
2023-01-09,TLT,91.5225601196289,21472200
2023-01-10,TLT,90.00787353515625,20545200
2023-01-11,TLT,91.47064208984375,18794000
2023-01-12,TLT,93.27098846435547,32029600
2023-01-13,TLT,92.39677429199219,17750800
2023-01-17,TLT,91.7995376586914,13911700
2023-01-18,TLT,94.02401733398438,35497200
2023-01-19,TLT,93.43544006347656,17194700
2023-01-20,TLT,91.92071533203125,22754100
2023-01-23,TLT,91.48796844482422,12961500
2023-01-24,TLT,92.8035888671875,16417200
2023-01-25,TLT,93.02861785888672,11906500
2023-01-26,TLT,92.5958480834961,15549400
2023-01-27,TLT,92.36215209960938,11845500
2023-01-30,TLT,92.02458953857422,11459700
2023-01-31,TLT,92.7602767944336,13705300
2023-02-01,TLT,93.87535858154297,25305800
2023-02-02,TLT,93.99686431884766,19548400
2023-02-03,TLT,92.59110260009766,20619500
2023-02-06,TLT,91.90554809570312,15182400
2023-02-07,TLT,91.16793823242188,18290300
2023-02-08,TLT,91.6018295288086,13530700
2023-02-09,TLT,90.73406219482422,20469900
2023-02-10,TLT,89.71875,16598300
2023-02-13,TLT,90.47372436523438,13134300
2023-02-14,TLT,90.26544952392578,15440300
2023-02-15,TLT,89.42372131347656,15246900
2023-02-16,TLT,88.15678405761719,19267300
2023-02-17,TLT,88.8423080444336,19560900
2023-02-21,TLT,87.11546325683594,22728000
2023-02-22,TLT,87.91381072998047,15165400
2023-02-23,TLT,88.77291107177734,15829100
2023-02-24,TLT,87.61876678466797,21403600
2023-02-27,TLT,87.86173248291016,14209200
2023-02-28,TLT,88.26091766357422,14955700
2023-03-01,TLT,87.3127212524414,19000000
2023-03-02,TLT,86.53849029541016,23763600
2023-03-03,TLT,88.63499450683594,30877300
2023-03-06,TLT,87.94775390625,16631900
2023-03-07,TLT,88.48707580566406,23096500
2023-03-08,TLT,88.57408142089844,20252400
2023-03-09,TLT,88.79155731201172,21550400
2023-03-10,TLT,91.85362243652344,43921500
2023-03-13,TLT,92.0624008178711,51502500
2023-03-14,TLT,90.54876708984375,38417800
2023-03-15,TLT,92.29727935791016,45164100
2023-03-16,TLT,91.57526397705078,43089300
2023-03-17,TLT,92.94970703125,38129000
2023-03-20,TLT,92.13200378417969,24242800
2023-03-21,TLT,91.34037780761719,18934900
2023-03-22,TLT,92.55824279785156,26388500
2023-03-23,TLT,92.55824279785156,25475100
2023-03-24,TLT,92.94970703125,23652700
2023-03-27,TLT,90.76625061035156,22224500
2023-03-28,TLT,90.93154907226562,17794300
2023-03-29,TLT,90.74885559082031,16804400
2023-03-30,TLT,91.1664047241211,14315800
2023-03-31,TLT,92.53218078613281,25396700
2023-04-03,TLT,92.96735382080078,18234800
2023-04-04,TLT,93.4295883178711,18052400
2023-04-05,TLT,94.40633392333984,23047700
2023-04-06,TLT,94.6505126953125,16447300
2023-04-10,TLT,93.12432861328125,19134400
2023-04-11,TLT,93.3161849975586,13971200
2023-04-12,TLT,93.22026062011719,20563000
2023-04-13,TLT,92.4876937866211,22079400
2023-04-14,TLT,91.64173126220703,19801900
2023-04-17,TLT,90.55158233642578,19528800
2023-04-18,TLT,90.87425994873047,15922600
2023-04-19,TLT,90.78704833984375,16093900
2023-04-20,TLT,91.56324005126953,16450100
2023-04-21,TLT,91.04869079589844,15244700
2023-04-24,TLT,91.92957305908203,17034300
2023-04-25,TLT,93.28131103515625,21899900
2023-04-26,TLT,92.28711700439453,19610400
2023-04-27,TLT,91.37138366699219,20247600
2023-04-28,TLT,92.84524536132812,26954100
2023-05-01,TLT,90.1680908203125,32487300
2023-05-02,TLT,92.41508483886719,30057800
2023-05-03,TLT,92.93094635009766,23656200
2023-05-04,TLT,92.01290893554688,25110500
2023-05-05,TLT,91.7069091796875,15096500
2023-05-08,TLT,90.4216537475586,20587000
2023-05-09,TLT,90.0981674194336,19182500
2023-05-10,TLT,90.97248840332031,22886800
2023-05-11,TLT,91.93423461914062,19147200
2023-05-12,TLT,91.16483306884766,14198500
2023-05-15,TLT,90.22055053710938,20085300
2023-05-16,TLT,89.94952392578125,29251700
2023-05-17,TLT,89.6872329711914,21340900
2023-05-18,TLT,89.02276611328125,25536600
2023-05-19,TLT,88.39323425292969,29038000
2023-05-22,TLT,88.0784683227539,20131100
2023-05-23,TLT,88.33201599121094,21749500
2023-05-24,TLT,87.89486694335938,18473400
2023-05-25,TLT,87.67630004882812,22492800
2023-05-26,TLT,88.38450622558594,17030300
2023-05-30,TLT,89.26757049560547,23125200
2023-05-31,TLT,90.04569244384766,23787000
2023-06-01,TLT,90.39897155761719,21040400
2023-06-02,TLT,89.40837860107422,19136500
2023-06-05,TLT,89.2418212890625,14433200
2023-06-06,TLT,89.76782989501953,14332100
2023-06-07,TLT,88.43531036376953,25251100
2023-06-08,TLT,89.46971893310547,23845100
2023-06-09,TLT,89.34703063964844,22147400
2023-06-12,TLT,89.61001586914062,19010300
2023-06-13,TLT,88.724609375,25910800
2023-06-14,TLT,89.43464660644531,29094200
2023-06-15,TLT,90.29377746582031,25732000
2023-06-16,TLT,89.943115234375,16759100
2023-06-20,TLT,90.56553649902344,17162900
2023-06-21,TLT,90.78469848632812,19720100
2023-06-22,TLT,89.68888092041016,23630700
2023-06-23,TLT,90.58307647705078,22901900
2023-06-26,TLT,90.67950439453125,12894900
2023-06-27,TLT,90.44281768798828,18105700
2023-06-28,TLT,90.82853698730469,23826800
2023-06-29,TLT,89.18920135498047,41091600
2023-06-30,TLT,90.24119567871094,32024900
2023-07-03,TLT,89.72960662841797,16011800
2023-07-05,TLT,88.87694549560547,28170300
2023-07-06,TLT,87.61995697021484,41375700
2023-07-07,TLT,87.0925521850586,28996500
2023-07-10,TLT,87.20681762695312,24665200
2023-07-11,TLT,87.65513610839844,20485500
2023-07-12,TLT,88.6308364868164,31928000
2023-07-13,TLT,89.56258392333984,32441500
2023-07-14,TLT,89.03517150878906,18569000
2023-07-17,TLT,89.07913208007812,18822000
2023-07-18,TLT,89.48348236083984,15407400
2023-07-19,TLT,90.49433135986328,27192500
2023-07-20,TLT,89.39557647705078,56951200
2023-07-21,TLT,89.4219741821289,20657500
2023-07-24,TLT,89.09672546386719,17546700
2023-07-25,TLT,88.92969512939453,17160600
2023-07-26,TLT,89.01759338378906,19310700
2023-07-27,TLT,87.28595733642578,44794400
2023-07-28,TLT,87.73423767089844,27434000
2023-07-31,TLT,87.94522094726562,28663800
2023-08-01,TLT,86.50404357910156,34943400
2023-08-02,TLT,85.57855987548828,38121300
2023-08-03,TLT,83.60414123535156,59394800
2023-08-04,TLT,85.08495330810547,42071800
2023-08-07,TLT,84.24760437011719,35862900
2023-08-08,TLT,85.2259750366211,24010500
2023-08-09,TLT,85.66671752929688,20151100
2023-08-10,TLT,84.25640106201172,37253200
2023-08-11,TLT,84.0624771118164,26753500
2023-08-14,TLT,83.87739562988281,19072000
2023-08-15,TLT,83.36614990234375,24125000
2023-08-16,TLT,82.7138900756836,23076700
2023-08-17,TLT,82.36131286621094,32244900
2023-08-18,TLT,82.65218353271484,24181700
2023-08-21,TLT,81.55036926269531,29254100
2023-08-22,TLT,82.17623138427734,21308700
2023-08-23,TLT,84.21234893798828,38294700
2023-08-24,TLT,83.65704345703125,22300800
2023-08-25,TLT,83.9302749633789,23865200
2023-08-28,TLT,84.01842498779297,16037300
2023-08-29,TLT,84.89104461669922,28478100
2023-08-30,TLT,84.80290222167969,17550100
2023-08-31,TLT,85.18190002441406,26959700
2023-09-01,TLT,83.85491943359375,32469700
2023-09-05,TLT,82.67906951904297,29435900
2023-09-06,TLT,82.8824234008789,23636300
2023-09-07,TLT,83.11228942871094,18091500
2023-09-08,TLT,83.43053436279297,17052100
2023-09-11,TLT,82.82936096191406,17061500
2023-09-12,TLT,83.30679321289062,20034300
2023-09-13,TLT,83.28910064697266,23332300
2023-09-14,TLT,82.68795013427734,27800600
2023-09-15,TLT,82.18400573730469,25642900
2023-09-18,TLT,82.6525650024414,17963400
2023-09-19,TLT,82.04257202148438,24941800
2023-09-20,TLT,82.2989273071289,29451200
2023-09-21,TLT,80.18597412109375,59958700
2023-09-22,TLT,80.83135223388672,29524500
2023-09-25,TLT,78.8421859741211,45587900
2023-09-26,TLT,78.56813049316406,38104100
2023-09-27,TLT,78.16144561767578,47111200
2023-09-28,TLT,78.40013122558594,60238000
2023-09-29,TLT,78.40897369384766,49010100
2023-10-02,TLT,77.09640502929688,44704300
2023-10-03,TLT,75.43795776367188,71362600
2023-10-04,TLT,76.50220489501953,56281600
2023-10-05,TLT,76.120849609375,35758800
2023-10-06,TLT,75.19847106933594,62787900
2023-10-09,TLT,76.9633560180664,29424900
2023-10-10,TLT,76.85694122314453,54743900
2023-10-11,TLT,78.46220397949219,58517700
2023-10-12,TLT,76.33369445800781,66986700
2023-10-13,TLT,77.69947814941406,44183800
2023-10-16,TLT,76.44898223876953,38309800
2023-10-17,TLT,75.60643768310547,52949100
2023-10-18,TLT,74.94129180908203,63724600
2023-10-19,TLT,73.40697479248047,87696900
2023-10-20,TLT,73.82381439208984,52188800
2023-10-23,TLT,74.710693359375,70890400
2023-10-24,TLT,75.69512939453125,46267700
2023-10-25,TLT,74.01006317138672,60737200
2023-10-26,TLT,75.145263671875,49704100
2023-10-27,TLT,74.82597351074219,32362300
2023-10-30,TLT,74.48896789550781,45026900
2023-10-31,TLT,74.12535095214844,37269200
2023-11-01,TLT,75.7325439453125,72308500
2023-11-02,TLT,77.45902252197266,69739400
2023-11-03,TLT,77.98403930664062,77692300
2023-11-06,TLT,77.2276382446289,41341900
2023-11-07,TLT,78.36672973632812,37834200
2023-11-08,TLT,79.70162963867188,53893400
2023-11-09,TLT,77.86837768554688,88975100
2023-11-10,TLT,78.30442810058594,36516400
2023-11-13,TLT,78.1264419555664,25661500
2023-11-14,TLT,79.89739990234375,65666800
2023-11-15,TLT,78.7761001586914,56205300
2023-11-16,TLT,79.75503540039062,49473900
2023-11-17,TLT,80.12876892089844,44091400
2023-11-20,TLT,80.61823272705078,40477800
2023-11-21,TLT,80.58262634277344,27721000
2023-11-22,TLT,80.867431640625,31197500
2023-11-24,TLT,79.91519165039062,20199600
2023-11-27,TLT,81.25011444091797,39804400
2023-11-28,TLT,81.4102783203125,44989300
2023-11-29,TLT,82.43366241455078,61647800
2023-11-30,TLT,81.48143768310547,60520900
2023-12-01,TLT,83.01609802246094,64172200
2023-12-04,TLT,82.68579864501953,33766300
2023-12-05,TLT,84.46231842041016,73588600
2023-12-06,TLT,85.58718872070312,61606100
2023-12-07,TLT,85.0961685180664,47970200
2023-12-08,TLT,84.39984130859375,44809200
2023-12-11,TLT,84.22129821777344,33909700
2023-12-12,TLT,84.4712905883789,36996900
2023-12-13,TLT,86.45315551757812,70828500
2023-12-14,TLT,88.7020492553711,87798600
2023-12-15,TLT,88.80056762695312,59941300
2023-12-18,TLT,88.093017578125,34746000
2023-12-19,TLT,88.56769561767578,30018400
2023-12-20,TLT,89.16776275634766,51229400
2023-12-21,TLT,88.60352325439453,65231200
2023-12-22,TLT,88.20049285888672,29244200
2023-12-26,TLT,88.45126342773438,24019700
2023-12-27,TLT,90.01860046386719,45082800
2023-12-28,TLT,89.36480712890625,36213000
2023-12-29,TLT,88.55876159667969,41616200
2024-01-02,TLT,88.04824829101562,47797400
2024-01-03,TLT,88.41544342041016,58159500
2024-01-04,TLT,87.07200622558594,52604500
2024-01-05,TLT,86.23909759521484,45894800
2024-01-08,TLT,87.08993530273438,39485800
2024-01-09,TLT,86.53466033935547,34374000
2024-01-10,TLT,86.13162994384766,48227800
2024-01-11,TLT,86.61524963378906,78858900
2024-01-12,TLT,86.4450912475586,38883900
2024-01-16,TLT,84.92253875732422,61716700
2024-01-17,TLT,84.78819274902344,55506800
2024-01-18,TLT,84.00004577636719,77339100
2024-01-19,TLT,84.26873779296875,47030900
2024-01-22,TLT,84.77027130126953,35756400
2024-01-23,TLT,84.09856414794922,35786700
2024-01-24,TLT,83.60597229003906,54574900
2024-01-25,TLT,84.15230560302734,57019400
2024-01-26,TLT,83.99110412597656,29276900
2024-01-29,TLT,84.95834350585938,38243600
2024-01-30,TLT,85.72859191894531,40151400
2024-01-31,TLT,86.57050323486328,80646700
2024-02-01,TLT,88.26863861083984,84291200
2024-02-02,TLT,86.31888580322266,63823300
2024-02-05,TLT,84.57581329345703,53827400
2024-02-06,TLT,85.4024429321289,33411500
2024-02-07,TLT,84.98912048339844,40120200
2024-02-08,TLT,84.49495697021484,50087700
2024-02-09,TLT,84.32422637939453,27951300
2024-02-12,TLT,84.42305755615234,27890300
2024-02-13,TLT,82.97645568847656,49768500
2024-02-14,TLT,83.39877319335938,44191600
2024-02-15,TLT,83.83006286621094,49598500
2024-02-16,TLT,83.34486389160156,33116800
2024-02-20,TLT,83.41675567626953,24469300
2024-02-21,TLT,82.82373046875,36343100
2024-02-22,TLT,83.22806549072266,45190700
2024-02-23,TLT,84.34220123291016,38406700
2024-02-26,TLT,84.0905990600586,27855000
2024-02-27,TLT,83.49763488769531,30242000
2024-02-28,TLT,84.0277099609375,34574200
2024-02-29,TLT,84.62073516845703,51038600
2024-03-01,TLT,85.14801788330078,45832800
2024-03-04,TLT,84.80551147460938,23864200
2024-03-05,TLT,86.0132827758789,37721900
2024-03-06,TLT,86.51802062988281,40571600
2024-03-07,TLT,86.43689727783203,39075000
2024-03-08,TLT,86.2836685180664,25023200
2024-03-11,TLT,86.2386245727539,17787900
2024-03-12,TLT,85.51753234863281,29566000
2024-03-13,TLT,85.10294342041016,38270100
2024-03-14,TLT,83.79601287841797,58365600
2024-03-15,TLT,83.76898193359375,34997700
2024-03-18,TLT,83.51663208007812,29519500
2024-03-19,TLT,83.75093841552734,26953100
2024-03-20,TLT,83.72391510009766,43460100
2024-03-21,TLT,83.9041748046875,34276600
2024-03-22,TLT,84.70635986328125,30262300
2024-03-25,TLT,84.28272247314453,24011800
2024-03-26,TLT,84.51707458496094,34423000
2024-03-27,TLT,85.35529327392578,50157800
2024-03-28,TLT,85.283203125,34540400
2024-04-01,TLT,83.69342803955078,48945400
2024-04-02,TLT,83.23223876953125,43086300
2024-04-03,TLT,83.21415710449219,45494400
2024-04-04,TLT,83.81099700927734,47957400
2024-04-05,TLT,82.64444732666016,42495900
2024-04-08,TLT,82.6353759765625,37879800
2024-04-09,TLT,83.40406036376953,32522000
2024-04-10,TLT,81.58641052246094,74368900
2024-04-11,TLT,81.21563720703125,65751200
2024-04-12,TLT,81.64970397949219,47900100
2024-04-15,TLT,80.38369750976562,55993100
2024-04-16,TLT,79.85013580322266,45103200
2024-04-17,TLT,80.73635864257812,57947000
2024-04-18,TLT,80.32942199707031,43839500
2024-04-19,TLT,80.6187973022461,44826800
2024-04-22,TLT,80.48316192626953,24969000
2024-04-23,TLT,80.5102767944336,27222700
2024-04-24,TLT,79.94058227539062,48986800
2024-04-25,TLT,79.37989807128906,49282600
2024-04-26,TLT,79.79586791992188,31589800
2024-04-29,TLT,80.46507263183594,39228600
2024-04-30,TLT,79.77780151367188,41054700
2024-05-01,TLT,80.36583709716797,59679500
2024-05-02,TLT,80.7106704711914,58925400
2024-05-03,TLT,81.52739715576172,50066100
2024-05-06,TLT,81.84501647949219,23868200
2024-05-07,TLT,82.3441390991211,30525800
2024-05-08,TLT,81.84501647949219,31171700
2024-05-09,TLT,82.24431610107422,39606700
2024-05-10,TLT,81.78148651123047,21913800
2024-05-13,TLT,81.99021911621094,23157500
2024-05-14,TLT,82.4530258178711,25746400
2024-05-15,TLT,83.57830810546875,65142900
2024-05-16,TLT,83.49664306640625,37902400
2024-05-17,TLT,82.93399810791016,24755000
2024-05-20,TLT,82.68896484375,17922800
2024-05-21,TLT,83.11548614501953,15334400
2024-05-22,TLT,83.21530151367188,38073700
2024-05-23,TLT,82.67988586425781,51294700
2024-05-24,TLT,82.92488861083984,19164400
2024-05-28,TLT,81.73613739013672,45973700
2024-05-29,TLT,80.74697875976562,45508400
2024-05-30,TLT,81.52739715576172,29548600
2024-05-31,TLT,82.08094024658203,41308800
2024-06-03,TLT,83.40857696533203,42272100
2024-06-04,TLT,84.38289642333984,42581500
2024-06-05,TLT,85.0020751953125,43153900
2024-06-06,TLT,84.87460327148438,22891900
2024-06-07,TLT,83.31752014160156,35240500
2024-06-10,TLT,82.76206970214844,20586500
2024-06-11,TLT,83.61800384521484,30329200
2024-06-12,TLT,84.24629211425781,42554600
2024-06-13,TLT,85.48467254638672,33093800
2024-06-14,TLT,86.20404815673828,28776700
2024-06-17,TLT,85.34810638427734,31040200
2024-06-18,TLT,86.1312026977539,26881000
2024-06-20,TLT,85.55753326416016,30246300
2024-06-21,TLT,85.55753326416016,22596400
2024-06-24,TLT,85.903564453125,56939100
2024-06-25,TLT,86.04924774169922,22890200
2024-06-26,TLT,84.81998443603516,38489100
2024-06-27,TLT,85.15686798095703,23140800
2024-06-28,TLT,83.5724868774414,55119600
2024-07-01,TLT,82.13013458251953,49735400
2024-07-02,TLT,82.7695541381836,34204700
2024-07-03,TLT,83.8565673828125,35563300
2024-07-05,TLT,84.55079650878906,34895500
2024-07-08,TLT,84.7334976196289,16095700
2024-07-09,TLT,84.3589859008789,30289800
2024-07-10,TLT,84.6238784790039,23572500
2024-07-11,TLT,85.44599151611328,49761800
2024-07-12,TLT,85.81139373779297,27796500
2024-07-15,TLT,84.82483673095703,37918900
2024-07-16,TLT,86.02149963378906,36383700
2024-07-17,TLT,86.0397720336914,29036800
2024-07-18,TLT,85.38207244873047,34553100
2024-07-19,TLT,84.87965393066406,32164700
2024-07-22,TLT,84.63301849365234,36160400
2024-07-23,TLT,84.51427459716797,23498000
2024-07-24,TLT,83.60079193115234,50757100
2024-07-25,TLT,84.28590393066406,44999100
2024-07-26,TLT,84.9435806274414,34423800
2024-07-29,TLT,85.40034484863281,25801300
2024-07-30,TLT,85.72917938232422,28169800
2024-07-31,TLT,86.60612487792969,47445300
2024-08-01,TLT,87.35306549072266,77254200
2024-08-02,TLT,90.07511138916016,91912900
2024-08-05,TLT,90.55171203613281,90686300
2024-08-06,TLT,88.52620697021484,61316900
2024-08-07,TLT,87.90299224853516,51337100
2024-08-08,TLT,87.36223602294922,37815800
2024-08-09,TLT,88.22376251220703,32141800
2024-08-12,TLT,88.54456329345703,24261400
2024-08-13,TLT,89.15861511230469,30366900
2024-08-14,TLT,89.71768951416016,31334100
2024-08-15,TLT,88.99363708496094,38723700
2024-08-16,TLT,89.30523681640625,28541000
2024-08-19,TLT,89.71768951416016,25322100
2024-08-20,TLT,90.43257141113281,25239300
2024-08-21,TLT,90.48758697509766,29230000
2024-08-22,TLT,89.58937072753906,33453800
2024-08-23,TLT,90.17593383789062,32005100
2024-08-26,TLT,89.9468002319336,23198700
2024-08-27,TLT,89.79103088378906,21507700
2024-08-28,TLT,89.6810302734375,18501400
2024-08-29,TLT,89.38774108886719,24988200
2024-08-30,TLT,88.43455505371094,42896200
2024-09-03,TLT,89.88092803955078,48947900
2024-09-04,TLT,91.03951263427734,40885200
2024-09-05,TLT,91.55443572998047,47450900
2024-09-06,TLT,91.54521942138672,57406400
2024-09-09,TLT,91.94062805175781,26961400
2024-09-10,TLT,92.5842514038086,31703400
2024-09-11,TLT,92.51069641113281,39497100
2024-09-12,TLT,92.07854461669922,41618700
2024-09-13,TLT,92.32681274414062,25722100
2024-09-16,TLT,93.17274475097656,30866300
2024-09-17,TLT,92.7221908569336,31699400
2024-09-18,TLT,91.57281494140625,48897000
2024-09-19,TLT,91.2693862915039,39979800
2024-09-20,TLT,90.91996002197266,37067600
2024-09-23,TLT,90.72687530517578,35703900
2024-09-24,TLT,90.70848846435547,31005400
2024-09-25,TLT,89.95451354980469,36738200
2024-09-26,TLT,90.16597747802734,33332300
2024-09-27,TLT,90.63492584228516,28317600
2024-09-30,TLT,90.20274353027344,34175500
2024-10-01,TLT,90.85403442382812,45254200
2024-10-02,TLT,90.08837890625,35810800
2024-10-03,TLT,89.23970031738281,39677800
2024-10-04,TLT,88.1419677734375,56954100
2024-10-07,TLT,87.47777557373047,42606600
2024-10-08,TLT,87.62540435791016,33709600
2024-10-09,TLT,87.12724304199219,35807700
2024-10-10,TLT,86.78594970703125,53667400
2024-10-11,TLT,86.43539428710938,27406400
2024-10-14,TLT,86.49996948242188,28795300
2024-10-15,TLT,87.55158996582031,46429100
2024-10-16,TLT,87.92057800292969,32281500
2024-10-17,TLT,86.52766418457031,43427200
2024-10-18,TLT,86.59221649169922,25258600
2024-10-21,TLT,85.07935333251953,49504700
2024-10-22,TLT,85.16239166259766,32096900
2024-10-23,TLT,84.93177032470703,33354200
2024-10-24,TLT,85.47604370117188,32507400
2024-10-25,TLT,84.99635314941406,28667100
2024-10-28,TLT,84.76570892333984,33156500
2024-10-29,TLT,84.89486694335938,46545200
2024-10-30,TLT,85.1439437866211,41951100
2024-10-31,TLT,85.28231811523438,52173800
2024-11-01,TLT,84.07997131347656,80402000
2024-11-04,TLT,85.38504791259766,49747600
2024-11-05,TLT,85.83857727050781,46986000
2024-11-06,TLT,83.48759460449219,98895700
2024-11-07,TLT,84.53350830078125,56221400
2024-11-08,TLT,85.60718536376953,56756200
2024-11-11,TLT,85.19068908691406,22369200
2024-11-12,TLT,83.91337585449219,57908400
2024-11-13,TLT,83.11737060546875,49009100
2024-11-14,TLT,83.59866333007812,53328300
2024-11-15,TLT,83.37651824951172,73722400
2024-11-18,TLT,83.52461242675781,36010600
2024-11-19,TLT,83.95038604736328,29585100
2024-11-20,TLT,83.6819839477539,27755400
2024-11-21,TLT,83.6171875,28365700
2024-11-22,TLT,83.6634750366211,21547500
2024-11-25,TLT,85.82933044433594,56858000
2024-11-26,TLT,85.49610900878906,31122200
2024-11-27,TLT,86.08849334716797,39442200
2024-11-29,TLT,86.97705078125,31905700
2024-12-02,TLT,87.18602752685547,39406000
2024-12-03,TLT,86.4337158203125,32768900
2024-12-04,TLT,87.36249542236328,35851100
2024-12-05,TLT,87.53897857666016,23695800
2024-12-06,TLT,87.66900634765625,31761500
2024-12-09,TLT,86.86095428466797,30509600
2024-12-10,TLT,86.4522705078125,28706500
2024-12-11,TLT,85.63493347167969,38748400
2024-12-12,TLT,84.59469604492188,45368400
2024-12-13,TLT,83.73090362548828,39486000
2024-12-16,TLT,83.981689453125,23482300
2024-12-17,TLT,84.1860122680664,23839900
2024-12-18,TLT,83.13333129882812,61328400
2024-12-19,TLT,81.87458801269531,99083300
2024-12-20,TLT,82.34077453613281,45542400
2024-12-23,TLT,81.5855484008789,32764600
2024-12-24,TLT,81.93052673339844,22377600
2024-12-26,TLT,81.8839111328125,19981800
2024-12-27,TLT,81.21256256103516,27262300
2024-12-30,TLT,81.8652572631836,48519600
2024-12-31,TLT,81.42704772949219,31917300
2025-01-02,TLT,81.65081024169922,27841300
2025-01-03,TLT,81.38973236083984,21962200
2025-01-06,TLT,81.02609252929688,30231500
2025-01-07,TLT,80.11233520507812,41757200
2025-01-08,TLT,80.21492004394531,44590800
2025-01-10,TLT,79.68341827392578,47115800
2025-01-13,TLT,79.65547180175781,33258900
2025-01-14,TLT,79.5249252319336,33412900
2025-01-15,TLT,80.89555358886719,54120700
2025-01-16,TLT,81.1566390991211,34651100
2025-01-17,TLT,81.2964859008789,29875600
2025-01-21,TLT,82.02378845214844,30548600
2025-01-22,TLT,81.59486389160156,25278400
2025-01-23,TLT,80.9608383178711,31949000
2025-01-24,TLT,81.32449340820312,21110400
2025-01-27,TLT,82.28485107421875,42864200
2025-01-28,TLT,82.2289047241211,25519100
2025-01-29,TLT,82.0610580444336,25342800
2025-01-30,TLT,82.3687515258789,25094900
2025-01-31,TLT,81.82796478271484,48790100
2025-02-03,TLT,82.49420928955078,70657200
2025-02-04,TLT,82.7468490600586,33414000
2025-02-05,TLT,84.1130142211914,48331200
2025-02-06,TLT,84.07559967041016,22509900
2025-02-07,TLT,83.5328598022461,31171200
2025-02-10,TLT,83.28022003173828,22736100
2025-02-11,TLT,82.7468490600586,21513000
2025-02-12,TLT,81.62399291992188,48536200
2025-02-13,TLT,82.98080444335938,42718100
2025-02-14,TLT,83.42057800292969,27460700
2025-02-18,TLT,82.43803405761719,29429200
2025-02-19,TLT,82.54100036621094,20584300
2025-02-20,TLT,82.84979248046875,27913400
2025-02-21,TLT,83.85101318359375,46912300
2025-02-24,TLT,84.09432983398438,26218000
2025-02-25,TLT,85.54469299316406,50125100
2025-02-26,TLT,86.05000305175781,32220200
2025-02-27,TLT,85.44175720214844,53373600
2025-02-28,TLT,86.48977661132812,49388600
2025-03-03,TLT,86.8934097290039,42904200
2025-03-04,TLT,85.82333374023438,56722000
2025-03-05,TLT,85.1380844116211,50215900
2025-03-06,TLT,84.85649871826172,42827500
2025-03-07,TLT,84.58426666259766,36903600
2025-03-10,TLT,85.46662902832031,41440800
2025-03-11,TLT,84.85649871826172,40555700
2025-03-12,TLT,84.349609375,32734600
2025-03-13,TLT,85.09114837646484,38675400
2025-03-14,TLT,84.64058685302734,24658000
2025-03-17,TLT,85.0630111694336,26700300
2025-03-18,TLT,85.1474838256836,23654700
2025-03-19,TLT,85.58866882324219,31378700
2025-03-20,TLT,85.64498901367188,35645800
2025-03-21,TLT,85.1380844116211,29192100
2025-03-24,TLT,84.26512908935547,27985600
2025-03-25,TLT,84.2557373046875,22333800
2025-03-26,TLT,83.70191192626953,25095600
2025-03-27,TLT,83.45784759521484,23674500
2025-03-28,TLT,84.61243438720703,39869400
2025-03-31,TLT,85.44786834716797,38824300
2025-04-01,TLT,86.18831634521484,39800100
2025-04-02,TLT,86.13178253173828,43488400
2025-04-03,TLT,86.52745056152344,57467400
2025-04-04,TLT,87.46949768066406,92794200
2025-04-07,TLT,84.83175659179688,124987600
2025-04-08,TLT,83.23026275634766,73861900
2025-04-09,TLT,83.72012329101562,131353500
2025-04-10,TLT,81.41210174560547,78592000
2025-04-11,TLT,81.8548583984375,94814100
2025-04-14,TLT,82.4389419555664,37596400
2025-04-15,TLT,82.73098754882812,22553900
2025-04-16,TLT,83.19258117675781,35607300
2025-04-17,TLT,82.45779418945312,31758400
2025-04-21,TLT,81.01643371582031,39343200
2025-04-22,TLT,81.4686279296875,32552100
2025-04-23,TLT,82.25995635986328,44082200
2025-04-24,TLT,83.12662506103516,24190800
2025-04-25,TLT,83.73896789550781,22513900
2025-04-28,TLT,84.26653289794922,20130500
2025-04-29,TLT,84.97306060791016,22129500
2025-04-30,TLT,84.28536987304688,42630600
2025-05-01,TLT,83.85800170898438,29932800
2025-05-02,TLT,82.95028686523438,32090400
2025-05-05,TLT,82.48699188232422,22862800
2025-05-06,TLT,82.76119232177734,21095200
2025-05-07,TLT,83.11103057861328,23161600
2025-05-08,TLT,82.18441772460938,25483700
2025-05-09,TLT,82.30732727050781,17007900
2025-05-12,TLT,81.54145812988281,32115000
2025-05-13,TLT,81.21054077148438,53912200
2025-05-14,TLT,80.67159271240234,42119800
2025-05-15,TLT,81.38072204589844,59448000
2025-05-16,TLT,81.59820556640625,31778200
2025-05-19,TLT,81.36183166503906,49361900
2025-05-20,TLT,80.77560424804688,35493100
2025-05-21,TLT,79.39513397216797,77053100
2025-05-22,TLT,79.81117248535156,61747900
2025-05-23,TLT,79.94355773925781,47139200
2025-05-27,TLT,81.05925750732422,56773400
2025-05-28,TLT,80.70942687988281,34806800
2025-05-29,TLT,81.45637512207031,38933200
2025-05-30,TLT,81.57930755615234,49042100
2025-06-02,TLT,80.820068359375,46213100
2025-06-03,TLT,80.6777114868164,33731300
2025-06-04,TLT,81.98737335205078,57441500
2025-06-05,TLT,82.0443115234375,37664700
2025-06-06,TLT,81.00037384033203,38130100
2025-06-09,TLT,81.0857925415039,26560800
2025-06-10,TLT,81.50336456298828,24857000
2025-06-11,TLT,81.75011444091797,36334800
2025-06-12,TLT,82.72763061523438,43017800
2025-06-13,TLT,81.93043518066406,49374000
2025-06-16,TLT,81.10477447509766,36496600
2025-06-17,TLT,82.0917739868164,34521600
2025-06-18,TLT,82.23412322998047,38589000
2025-06-20,TLT,82.08229064941406,26001900
2025-06-23,TLT,82.3479995727539,36851800
2025-06-24,TLT,82.9458999633789,32959100
2025-06-25,TLT,83.05030059814453,26345300
2025-06-26,TLT,83.4678726196289,30467500
2025-06-27,TLT,82.9364242553711,74993500
2025-06-30,TLT,83.75259399414062,53695200
2025-07-01,TLT,83.96025848388672,38960600
2025-07-02,TLT,83.42681121826172,39382200
2025-07-03,TLT,82.84573364257812,26729100
2025-07-07,TLT,82.05509948730469,38314700
2025-07-08,TLT,81.95030975341797,31407000
2025-07-09,TLT,82.80763244628906,29821900
2025-07-10,TLT,82.86477661132812,24525500
2025-07-11,TLT,81.7217025756836,40764800
2025-07-14,TLT,81.55023193359375,24609500
2025-07-15,TLT,80.97868347167969,40455000
2025-07-16,TLT,81.09298706054688,65987700
2025-07-17,TLT,81.07393646240234,31875500
2025-07-18,TLT,81.1977767944336,27534900
2025-07-21,TLT,81.92172241210938,40019500
2025-07-22,TLT,82.41706848144531,35190300
2025-07-23,TLT,81.95985412597656,31008500
2025-07-24,TLT,81.81695556640625,25164800
2025-07-25,TLT,82.33133697509766,27196200
2025-07-28,TLT,81.79789733886719,26812500
2025-07-29,TLT,83.17913055419922,47828300
2025-07-30,TLT,82.75048065185547,40670900
2025-07-31,TLT,82.798095703125,49814100
2025-08-01,TLT,83.9751968383789,63434500
2025-08-04,TLT,84.20469665527344,36425200
2025-08-05,TLT,84.46288299560547,28586100
2025-08-06,TLT,83.9751968383789,42589300
2025-08-07,TLT,83.83179473876953,29213100
2025-08-08,TLT,83.46842193603516,21596300
2025-08-11,TLT,83.56404113769531,20100900
2025-08-12,TLT,83.14330291748047,41052300
2025-08-13,TLT,83.83179473876953,30817500
2025-08-14,TLT,83.2102279663086,33397400
2025-08-15,TLT,82.61738586425781,36343600
2025-08-18,TLT,82.3783187866211,26777500
2025-08-19,TLT,82.85643768310547,28780600
2025-08-20,TLT,83.03812408447266,25912500
2025-08-21,TLT,82.62693786621094,28643900
2025-08-22,TLT,83.23892974853516,49871900
2025-08-25,TLT,82.99986267089844,27011900
2025-08-26,TLT,82.95205688476562,30259300
2025-08-27,TLT,82.85643768310547,38142800
2025-08-28,TLT,83.40147399902344,32205900
2025-08-29,TLT,82.8086166381836,41686400
2025-09-02,TLT,82.1923828125,48760600
2025-09-03,TLT,83.09465789794922,52499500
2025-09-04,TLT,83.72816467285156,40501600
2025-09-05,TLT,85.0047607421875,69668000
2025-09-08,TLT,86.13739776611328,54538700
2025-09-09,TLT,85.64788055419922,37126400
2025-09-10,TLT,86.13739776611328,40713600
2025-09-11,TLT,86.71331024169922,46694400
2025-09-12,TLT,86.33895874023438,32968600
2025-09-15,TLT,86.54053497314453,24820100
2025-09-16,TLT,86.72290802001953,26794200
2025-09-17,TLT,86.50214385986328,49121800
2025-09-18,TLT,85.6094741821289,55717900
2025-09-19,TLT,85.44630432128906,32509200
2025-09-22,TLT,85.13914489746094,24758200
2025-09-23,TLT,85.73424530029297,26689000
2025-09-24,TLT,85.40792083740234,28098000
2025-09-25,TLT,85.40792083740234,29882500
2025-09-26,TLT,85.33111572265625,30955100
2025-09-29,TLT,86.03181457519531,32286200
2025-09-30,TLT,85.7822494506836,38584000
2025-10-01,TLT,86.0037841796875,39408900
2025-10-02,TLT,86.25423431396484,23208300
2025-10-03,TLT,86.09046936035156,25884500
2025-10-06,TLT,85.40660858154297,28371000
2025-10-07,TLT,85.89784240722656,29103300
2025-10-08,TLT,85.96525573730469,22506200
2025-10-09,TLT,85.89784240722656,21578700
2025-10-10,TLT,87.28484344482422,59389400
2025-10-13,TLT,87.23668670654297,28035500
2025-10-14,TLT,87.51600646972656,29800000
2025-10-15,TLT,87.32337188720703,31333900
2025-10-16,TLT,87.97834014892578,39631200
2025-10-17,TLT,87.84349060058594,40240400
2025-10-20,TLT,88.18061065673828,28429300
2025-10-21,TLT,88.61405181884766,24514300
2025-10-22,TLT,88.6718521118164,30496200
2025-10-23,TLT,88.0650405883789,28275100
2025-10-24,TLT,88.10356140136719,28266000
2025-10-27,TLT,88.40213012695312,30033600
2025-10-28,TLT,88.63330841064453,23564500
2025-10-29,TLT,87.73753356933594,39551600
2025-10-30,TLT,87.22703552246094,42649200
2025-10-31,TLT,86.96698760986328,38247300
2025-11-03,TLT,86.74948120117188,40752300
2025-11-04,TLT,86.94283294677734,26383800
2025-11-05,TLT,85.99546813964844,44643400
2025-11-06,TLT,86.76881408691406,33027400
2025-11-07,TLT,86.58515930175781,28530100
2025-11-10,TLT,86.5658187866211,24093500
2025-11-11,TLT,86.962158203125,18942300
2025-11-12,TLT,87.11681365966797,23594900
2025-11-13,TLT,86.40147399902344,33825900
2025-11-14,TLT,85.90847778320312,38550500
2025-11-17,TLT,86.12113952636719,25605800
2025-11-18,TLT,86.0921401977539,31967400
2025-11-19,TLT,85.91812896728516,25782400
2025-11-20,TLT,86.25648498535156,32945000
2025-11-21,TLT,86.5174789428711,41938600
2025-11-24,TLT,87.0104751586914,30865700
2025-11-25,TLT,87.23282623291016,36503300
2025-11-26,TLT,87.61949157714844,34099000
2025-11-28,TLT,87.20381927490234,40704300
2025-12-01,TLT,86.11824035644531,47086600
2025-12-02,TLT,86.15705108642578,27605700
2025-12-03,TLT,86.39958190917969,23278600
2025-12-04,TLT,85.93392181396484,25541500
2025-12-05,TLT,85.53617095947266,32808100
2025-12-08,TLT,85.25481414794922,32255200
2025-12-09,TLT,85.3421401977539,25771800
2025-12-10,TLT,85.6719970703125,46833500
2025-12-11,TLT,85.55558013916016,26778700
2025-12-12,TLT,84.73097229003906,47030100
2025-12-15,TLT,84.78917694091797,28611800
2025-12-16,TLT,85.25481414794922,41018700
2025-12-17,TLT,85.1772232055664,24668300
2025-12-18,TLT,85.58468627929688,39048900
2025-12-19,TLT,85.2652359008789,37858100
2025-12-22,TLT,85.0802001953125,25547100
2025-12-23,TLT,85.21653747558594,33624100
2025-12-24,TLT,85.73271179199219,25942000
2025-12-26,TLT,85.45027160644531,26522700
2025-12-29,TLT,85.77166748046875,29399800
2025-12-30,TLT,85.56715393066406,25106800
2025-12-31,TLT,84.88542175292969,36500000
2026-01-02,TLT,84.7588119506836,40731300
2026-01-05,TLT,85.1775894165039,30178000
2026-01-06,TLT,85.00228118896484,39015200
2026-01-07,TLT,85.49897766113281,39930900
2026-01-08,TLT,85.07046508789062,28204900
2026-01-09,TLT,85.63532257080078,57348800
2026-01-12,TLT,85.38211822509766,36103100
2026-01-13,TLT,85.52819061279297,30451400
2026-01-14,TLT,86.0248794555664,39233500
2026-01-15,TLT,86.00540924072266,37988900
2026-01-16,TLT,85.50871276855469,46382400
2026-01-20,TLT,84.38872528076172,66009500
2026-01-21,TLT,85.03150177001953,51220100
2026-01-22,TLT,85.40158081054688,42419300
2026-01-23,TLT,85.63532257080078,35968800
2026-01-26,TLT,86.04436492919922,38882400
2026-01-27,TLT,85.50871276855469,35180100
2026-01-28,TLT,85.31392669677734,38750300
2026-01-29,TLT,85.33341979980469,43855000
2026-01-30,TLT,84.85618591308594,45832200
2026-02-02,TLT,84.6137466430664,38171400
2026-02-03,TLT,84.81904602050781,27438200
2026-02-04,TLT,84.60396575927734,37872900
2026-02-05,TLT,85.52294158935547,50268900
2026-02-06,TLT,85.58159637451172,33461800
2026-02-09,TLT,85.56204223632812,24708900
2026-02-10,TLT,86.54944610595703,37253700
2026-02-11,TLT,86.0899658203125,37014000
2026-02-12,TLT,87.23379516601562,48454900
2026-02-13,TLT,87.71282958984375,56785200
2026-02-17,TLT,87.8594741821289,32356700
2026-02-18,TLT,87.52708435058594,35415400
2026-02-19,TLT,87.61507415771484,28658600
2026-02-20,TLT,87.4097671508789,49610800
2026-02-23,TLT,87.73236846923828,33614600
2026-02-24,TLT,87.88880157470703,24933900
2026-02-25,TLT,87.8985824584961,23625800
2026-02-26,TLT,88.2505111694336,29447100
2026-02-27,TLT,88.78822326660156,51272000
2026-03-02,TLT,87.89659118652344,55465500
2026-03-03,TLT,87.72003936767578,51850400
2026-03-04,TLT,87.44539642333984,47069500
2026-03-05,TLT,87.09228515625,45768900
2026-03-06,TLT,86.76859283447266,58136900
2026-03-09,TLT,87.52387237548828,52478700
2026-03-10,TLT,86.59203338623047,48651500
2026-03-11,TLT,85.47383117675781,54679900
2026-03-12,TLT,85.30707550048828,48977000
2026-03-13,TLT,84.88529968261719,43460000
2026-03-16,TLT,85.54249572753906,37341500
2026-03-17,TLT,85.77790069580078,19578100
2026-03-18,TLT,85.2972640991211,37596600
2026-03-19,TLT,85.817138671875,60307400
2026-03-20,TLT,84.18888854980469,78948500
2026-03-23,TLT,84.73817443847656,69686700
2026-03-24,TLT,84.36544036865234,51799400
2026-03-25,TLT,85.1795654296875,37861000
2026-03-26,TLT,84.46353149414062,39537000
2026-03-27,TLT,84.00251007080078,39928900
2026-03-30,TLT,85.12071228027344,36473200
2026-03-31,TLT,85.03244018554688,47112200
2026-04-01,TLT,84.94873046875,31157600
2026-04-02,TLT,85.47066497802734,33310600
2026-04-06,TLT,85.33280181884766,14660300
2026-04-07,TLT,85.32294464111328,22747200
2026-04-08,TLT,85.59868621826172,22244900
2026-04-09,TLT,85.38204193115234,18909100
2026-04-10,TLT,85.17523193359375,13247700
2026-04-13,TLT,85.4312744140625,12719700
2026-04-14,TLT,85.88428497314453,16606900
2026-04-15,TLT,85.51005554199219,15119600
2026-04-16,TLT,84.96842193603516,20001000
2026-04-17,TLT,85.74641418457031,29604100
2026-04-20,TLT,85.72671508789062,14623500
2026-04-21,TLT,85.25402069091797,19798700
2026-04-22,TLT,85.42142486572266,13676800
2026-04-23,TLT,85.23431396484375,21106700
2026-04-24,TLT,85.39188385009766,22285700
2026-04-27,TLT,84.96842193603516,19250100
2026-04-28,TLT,85.05704498291016,14553600
2026-04-29,TLT,84.39722442626953,29020800
2026-04-30,TLT,84.31845092773438,28516200
2026-05-01,TLT,84.61993408203125,21281000
2026-05-04,TLT,83.9774398803711,27226000
2026-05-05,TLT,84.44200897216797,18226500
2026-05-06,TLT,85.08448791503906,22530700
2026-05-07,TLT,84.65946960449219,21178300
2026-05-08,TLT,85.08448791503906,30797600
2026-05-11,TLT,84.57050323486328,17713700
2026-05-12,TLT,84.00708770751953,27680600
2026-05-13,TLT,83.81929779052734,26295100
2026-05-14,TLT,83.93790435791016,25247200
2026-05-15,TLT,82.6924819946289,50796000
2026-05-18,TLT,82.5936279296875,26166200
2026-05-19,TLT,82.05987548828125,35346600
2026-05-20,TLT,82.93959045410156,44498000
2026-05-21,TLT,83.24600219726562,24887000
2026-05-22,TLT,83.70068359375,27987700
2026-05-26,TLT,84.1158218383789,22531200
2026-05-27,TLT,84.31351470947266,23589600
2026-05-28,TLT,84.7484130859375,25417300
2026-05-29,TLT,84.76819610595703,33118600
2026-06-01,TLT,84.8138427734375,26322400
2026-06-02,TLT,84.9924545288086,20319000
2026-06-03,TLT,84.65506744384766,15372000
2026-06-04,TLT,84.8436050415039,15866500
2026-06-05,TLT,84.406982421875,26461200
2026-06-08,TLT,83.97036743164062,22922700
2026-06-09,TLT,84.4665298461914,22617700
2026-06-10,TLT,84.22836303710938,21258300
2026-06-11,TLT,85.31993103027344,35190500
2026-06-12,TLT,85.11153411865234,23092600
2026-06-15,TLT,85.06192016601562,17632700
2026-06-16,TLT,85.52831268310547,26472500
2026-06-17,TLT,85.66724395751953,34507500
2026-06-18,TLT,86.08401489257812,32350900
2026-06-22,TLT,85.4290771484375,28595100
2026-06-23,TLT,85.5382308959961,19145500
2026-06-24,TLT,86.70916748046875,41837000
2026-06-25,TLT,86.67940521240234,28380000
2026-06-26,TLT,86.6893310546875,21650800
2026-06-29,TLT,86.77864074707031,19457200
2026-06-30,TLT,85.75653839111328,31079500
2026-07-01,TLT,85.1768798828125,28109800
2026-07-02,TLT,85.16692352294922,20816300
2026-07-06,TLT,85.1071548461914,17940900
2026-07-07,TLT,84.21077728271484,24816400
2026-07-08,TLT,84.02153778076172,25806600
2026-07-09,TLT,84.15100860595703,18625300
2026-07-10,TLT,84.13109588623047,14454100
2026-07-13,TLT,83.63310241699219,18742500
2026-07-14,TLT,83.74266052246094,23793500
2026-07-15,TLT,83.90201568603516,17837800
2026-07-16,TLT,83.87213134765625,20817800
2026-07-17,TLT,84.1808853149414,22065600
2026-07-20,TLT,83.55342102050781,24289000
2026-07-21,TLT,83.32434844970703,14287500
2026-07-22,TLT,83.105224609375,15988400
2026-07-23,TLT,82.8363037109375,29152800
2026-07-24,TLT,82.91598510742188,15106000
2026-07-27,TLT,83.41397857666016,23816200
2026-07-28,TLT,83.90201568603516,25366900
2026-07-29,TLT,82.51759338378906,41445200
2026-07-30,TLT,82.4677963256836,40407300
2026-07-31,TLT,81.91999816894531,50359800
2026-08-03,TLT,82.19000244140625,32050800
2026-08-04,TLT,82.81999969482422,38408600
2026-08-05,TLT,83.0,29465800
2026-08-06,TLT,82.5199966430664,27566600
2026-08-07,TLT,82.76000213623047,96130000
2026-08-10,TLT,82.05999755859375,36743600
2026-08-11,TLT,82.19000244140625,23268500
2026-08-12,TLT,82.11000061035156,21444600
2026-08-13,TLT,82.58999633789062,26921500
2026-08-14,TLT,82.04000091552734,31374800
2026-08-17,TLT,81.3499984741211,31557700
2026-08-18,TLT,81.66000366210938,25037100
2026-08-19,TLT,83.0199966430664,51309500
2026-08-20,TLT,82.33999633789062,39569900
2026-08-21,TLT,82.05000305175781,24269100
2026-08-24,TLT,82.55999755859375,29038500
2026-08-25,TLT,83.47000122070312,35015100
2026-08-26,TLT,83.30000305175781,20639000
2016-01-04,VNQ,51.93317413330078,8843700
2016-01-05,VNQ,52.9353141784668,7114700
2016-01-06,VNQ,52.79026794433594,5481200
2016-01-07,VNQ,51.76176452636719,6297500
2016-01-08,VNQ,51.06949996948242,4628600
2016-01-11,VNQ,51.35959243774414,4956800
2016-01-12,VNQ,51.01676559448242,5951900
2016-01-13,VNQ,50.284915924072266,7679400
2016-01-14,VNQ,50.16624069213867,5167500
2016-01-15,VNQ,49.82340621948242,5571400
2016-01-19,VNQ,50.087120056152344,4978100
2016-01-20,VNQ,48.74216079711914,9091600
2016-01-21,VNQ,49.01247024536133,6849300
2016-01-22,VNQ,50.37723922729492,4542700
2016-01-25,VNQ,50.06074905395508,4670100
2016-01-26,VNQ,51.10905075073242,5214000
2016-01-27,VNQ,50.1201057434082,4883200
2016-01-28,VNQ,49.73771286010742,5584400
2016-01-29,VNQ,50.75961685180664,11112200
2016-02-01,VNQ,50.8453369140625,6925300
2016-02-02,VNQ,50.383819580078125,6406000
2016-02-03,VNQ,50.720062255859375,5729100
2016-02-04,VNQ,50.74644470214844,4286700
2016-02-05,VNQ,49.78387451171875,4033800
2016-02-08,VNQ,48.359764099121094,5440900
2016-02-09,VNQ,47.46971130371094,8405600
2016-02-10,VNQ,47.799354553222656,3877700
2016-02-11,VNQ,47.120277404785156,4930700
2016-02-12,VNQ,47.66089630126953,5067000
2016-02-16,VNQ,48.53778839111328,3888900
2016-02-17,VNQ,48.9531364440918,3060900
2016-02-18,VNQ,49.44762420654297,3539700
2016-02-19,VNQ,49.73109436035156,2885500
2016-02-22,VNQ,50.205814361572266,2966500
2016-02-23,VNQ,50.073936462402344,2608300
2016-02-24,VNQ,50.01461410522461,2997500
2016-02-25,VNQ,51.03653335571289,3399900
2016-02-26,VNQ,50.772804260253906,3180500
2016-02-29,VNQ,50.57502365112305,5057700
2016-03-01,VNQ,51.999107360839844,5309500
2016-03-02,VNQ,52.37491226196289,3621700
2016-03-03,VNQ,52.651832580566406,2907800
2016-03-04,VNQ,52.65841293334961,2740000
2016-03-07,VNQ,52.7968635559082,3504600
2016-03-08,VNQ,52.25625228881836,2829000
2016-03-09,VNQ,52.54631423950195,3566700
2016-03-10,VNQ,52.35514450073242,2472500
2016-03-11,VNQ,53.528690338134766,2520900
2016-03-14,VNQ,53.535274505615234,2593900
2016-03-15,VNQ,53.561649322509766,1898100
2016-03-16,VNQ,54.207763671875,3439600
2016-03-17,VNQ,54.97254943847656,5526400
2016-03-18,VNQ,54.735198974609375,3281800
2016-03-21,VNQ,54.24119186401367,4343000
2016-03-22,VNQ,54.24119186401367,4791300
2016-03-23,VNQ,53.947872161865234,2837500
2016-03-24,VNQ,53.967857360839844,2839400
2016-03-28,VNQ,54.454551696777344,3885100
2016-03-29,VNQ,55.63453674316406,5022700
2016-03-30,VNQ,55.52790451049805,3503100
2016-03-31,VNQ,55.867889404296875,7533800
2016-04-01,VNQ,55.79457092285156,5267300
2016-04-04,VNQ,55.71455001831055,6908900
2016-04-05,VNQ,55.34788131713867,3251300
2016-04-06,VNQ,55.481231689453125,2940500
2016-04-07,VNQ,55.134559631347656,2339400
2016-04-08,VNQ,55.44123458862305,3370300
2016-04-11,VNQ,55.32787322998047,2848100
2016-04-12,VNQ,55.7278938293457,2504600
2016-04-13,VNQ,55.481231689453125,2827000
2016-04-14,VNQ,55.17455291748047,2044200
2016-04-15,VNQ,55.587886810302734,2429100
2016-04-18,VNQ,55.85456466674805,2347400
2016-04-19,VNQ,55.8812370300293,3137200
2016-04-20,VNQ,54.93454360961914,4085800
2016-04-21,VNQ,53.95451736450195,5046100
2016-04-22,VNQ,54.54119873046875,3124400
2016-04-25,VNQ,54.99454116821289,2385600
2016-04-26,VNQ,55.207881927490234,3190800
2016-04-27,VNQ,55.17455291748047,3244500
2016-04-28,VNQ,55.061222076416016,2870600
2016-04-29,VNQ,54.5545539855957,4117300
2016-05-02,VNQ,55.40121841430664,4008000
2016-05-03,VNQ,55.487884521484375,3305700
2016-05-04,VNQ,56.281253814697266,4138600
2016-05-05,VNQ,56.44123458862305,3324300
2016-05-06,VNQ,57.061248779296875,3499300
2016-05-09,VNQ,57.687931060791016,4568700
2016-05-10,VNQ,57.681270599365234,4034800
2016-05-11,VNQ,56.44791030883789,4063900
2016-05-12,VNQ,56.77458190917969,3471000
2016-05-13,VNQ,56.26791763305664,3991500
2016-05-16,VNQ,56.801265716552734,3374900
2016-05-17,VNQ,55.74789810180664,4308300
2016-05-18,VNQ,54.874549865722656,4708500
2016-05-19,VNQ,54.261199951171875,4316000
2016-05-20,VNQ,54.69454574584961,3296100
2016-05-23,VNQ,54.701210021972656,2744000
2016-05-24,VNQ,55.38123321533203,2998500
2016-05-25,VNQ,55.38123321533203,3250000
2016-05-26,VNQ,55.487884521484375,3053400
2016-05-27,VNQ,55.78789520263672,3006900
2016-05-31,VNQ,55.781227111816406,4810900
2016-06-01,VNQ,55.82789993286133,4417500
2016-06-02,VNQ,56.11457061767578,8043500
2016-06-03,VNQ,56.34123229980469,4295200
2016-06-06,VNQ,55.90790939331055,3231900
2016-06-07,VNQ,56.24790573120117,2424600
2016-06-08,VNQ,56.60792922973633,3099000
2016-06-09,VNQ,56.73456954956055,4132700
2016-06-10,VNQ,56.46791458129883,2538400
2016-06-13,VNQ,56.48125457763672,3250300
2016-06-14,VNQ,56.334590911865234,3437300
2016-06-15,VNQ,56.867919921875,2829400
2016-06-16,VNQ,57.187931060791016,2827100
2016-06-17,VNQ,57.09461212158203,4408400
2016-06-20,VNQ,57.174598693847656,3987000
2016-06-21,VNQ,57.39253616333008,3614700
2016-06-22,VNQ,57.30509948730469,3994500
2016-06-23,VNQ,57.59435272216797,1672700
2016-06-24,VNQ,57.083133697509766,5661700
2016-06-27,VNQ,57.123477935791016,4769800
2016-06-28,VNQ,58.32756805419922,5128700
2016-06-29,VNQ,59.03386306762695,4395600
2016-06-30,VNQ,59.64600372314453,6555800
2016-07-01,VNQ,59.66617965698242,4731800
2016-07-05,VNQ,60.32539367675781,3808400
2016-07-06,VNQ,60.063045501708984,4577200
2016-07-07,VNQ,59.444210052490234,5342000
2016-07-08,VNQ,60.40610122680664,2663400
2016-07-11,VNQ,60.80973434448242,3381400
2016-07-12,VNQ,60.80300521850586,3727600
2016-07-13,VNQ,61.139339447021484,4902800
2016-07-14,VNQ,60.5944709777832,3060500
2016-07-15,VNQ,60.61465072631836,3345600
2016-07-18,VNQ,60.776100158691406,2699700
2016-07-19,VNQ,61.07208251953125,1916500
2016-07-20,VNQ,61.078800201416016,2100600
2016-07-21,VNQ,61.199893951416016,2179600
2016-07-22,VNQ,61.738014221191406,2482900
2016-07-25,VNQ,61.623661041259766,2374700
2016-07-26,VNQ,61.32096481323242,2460200
2016-07-27,VNQ,60.843345642089844,3935200
2016-07-28,VNQ,61.408424377441406,2853100
2016-07-29,VNQ,62.188720703125,3502600
2016-08-01,VNQ,62.323219299316406,3335100
2016-08-02,VNQ,61.327667236328125,3877100
2016-08-03,VNQ,60.97115707397461,3829400
2016-08-04,VNQ,60.722286224365234,2649700
2016-08-05,VNQ,60.76264572143555,2941600
2016-08-08,VNQ,60.87027359008789,2240200
2016-08-09,VNQ,61.199893951416016,3474300
2016-08-10,VNQ,61.13261413574219,5302900
2016-08-11,VNQ,60.43975830078125,4788300
2016-08-12,VNQ,60.695369720458984,2972100
2016-08-15,VNQ,60.63482666015625,2961400
2016-08-16,VNQ,59.90834426879883,4166800
2016-08-17,VNQ,60.15049362182617,5192000
2016-08-18,VNQ,59.92850875854492,4074800
2016-08-19,VNQ,59.54509735107422,3284900
2016-08-22,VNQ,59.86796569824219,3671000
2016-08-23,VNQ,59.90161895751953,6526100
2016-08-24,VNQ,59.639259338378906,6064800
2016-08-25,VNQ,59.90834426879883,3219700
2016-08-26,VNQ,59.3163948059082,5844000
2016-08-29,VNQ,59.90161895751953,3318600
2016-08-30,VNQ,59.78725051879883,3431900
2016-08-31,VNQ,59.84780502319336,5003000
2016-09-01,VNQ,59.69981384277344,4098000
2016-09-02,VNQ,60.21775817871094,4439500
2016-09-06,VNQ,60.68193054199219,3874300
2016-09-07,VNQ,61.045169830322266,2874200
2016-09-08,VNQ,60.29849624633789,3123900
2016-09-09,VNQ,57.910499572753906,7589300
2016-09-12,VNQ,58.596622467041016,7088200
2016-09-13,VNQ,57.12549591064453,7223000
2016-09-14,VNQ,57.3083381652832,4781900
2016-09-15,VNQ,57.52509307861328,4320500
2016-09-16,VNQ,57.552207946777344,6251400
2016-09-19,VNQ,58.073726654052734,3407700
2016-09-20,VNQ,57.98566436767578,3905800
2016-09-21,VNQ,58.73075485229492,6905000
2016-09-22,VNQ,59.78059768676758,3575700
2016-09-23,VNQ,59.96348190307617,4722300
2016-09-26,VNQ,60.105712890625,3440200
2016-09-27,VNQ,59.46900939941406,6479800
2016-09-28,VNQ,59.95669174194336,2676300
2016-09-29,VNQ,59.1574592590332,4662800
2016-09-30,VNQ,58.75106430053711,6718600
2016-10-03,VNQ,57.65379333496094,10473900
2016-10-04,VNQ,56.86809539794922,7415500
2016-10-05,VNQ,55.7166633605957,8125200
2016-10-06,VNQ,55.736976623535156,6760300
2016-10-07,VNQ,55.64214324951172,6036800
2016-10-10,VNQ,55.987579345703125,2818300
2016-10-11,VNQ,55.445716857910156,4306600
2016-10-12,VNQ,56.0824089050293,3492600
2016-10-13,VNQ,56.52265548706055,3633600
2016-10-14,VNQ,56.272071838378906,3187500
2016-10-17,VNQ,56.39396286010742,3154000
2016-10-18,VNQ,56.752933502197266,2533200
2016-10-19,VNQ,56.874881744384766,2871000
2016-10-20,VNQ,56.746177673339844,3261100
2016-10-21,VNQ,56.53621292114258,3193800
2016-10-24,VNQ,56.6649055480957,3948800
2016-10-25,VNQ,56.563297271728516,3161400
2016-10-26,VNQ,55.825008392333984,4093100
2016-10-27,VNQ,54.36200714111328,5969300
2016-10-28,VNQ,54.49068832397461,4819100
2016-10-31,VNQ,55.377986907958984,5009700
2016-11-01,VNQ,54.17232894897461,7465200
2016-11-02,VNQ,53.37987518310547,7847600
2016-11-03,VNQ,52.966705322265625,7221900
2016-11-04,VNQ,53.38666534423828,4432600
2016-11-07,VNQ,54.32136917114258,5860500
2016-11-08,VNQ,54.60584259033203,4023300
2016-11-09,VNQ,53.779510498046875,10045800
2016-11-10,VNQ,52.87867736816406,13504700
2016-11-11,VNQ,53.19699478149414,5066000
2016-11-14,VNQ,54.45682907104492,6755200
2016-11-15,VNQ,54.003013610839844,7719900
2016-11-16,VNQ,53.847251892089844,10337100
2016-11-17,VNQ,53.298606872558594,3645200
2016-11-18,VNQ,53.454383850097656,3655600
2016-11-21,VNQ,53.29182434082031,3488200
2016-11-22,VNQ,54.22654342651367,4226700
2016-11-23,VNQ,53.996238708496094,6542100
2016-11-25,VNQ,54.307823181152344,1904500
2016-11-28,VNQ,54.55841064453125,4065700
2016-11-29,VNQ,55.07997512817383,3754200
2016-11-30,VNQ,54.450050354003906,6826400
2016-12-01,VNQ,53.65080261230469,6361900
2016-12-02,VNQ,54.185890197753906,3695900
2016-12-05,VNQ,54.58552169799805,3457200
2016-12-06,VNQ,54.93772506713867,4024800
2016-12-07,VNQ,56.03499221801758,5754300
2016-12-08,VNQ,56.42106246948242,4404200
2016-12-09,VNQ,56.36009979248047,4506200
2016-12-12,VNQ,56.73263168334961,3610700
2016-12-13,VNQ,56.70553970336914,4015100
2016-12-14,VNQ,55.466033935546875,4857300
2016-12-15,VNQ,55.14093780517578,3915200
2016-12-16,VNQ,55.9672737121582,6581100
2016-12-19,VNQ,56.570064544677734,3663600
2016-12-20,VNQ,56.698760986328125,5193600
2016-12-21,VNQ,55.83858108520508,4998400
2016-12-22,VNQ,55.745201110839844,3891700
2016-12-23,VNQ,55.89042663574219,4504400
2016-12-27,VNQ,56.007999420166016,3833000
2016-12-28,VNQ,55.669151306152344,3979500
2016-12-29,VNQ,56.36068344116211,4259400
2016-12-30,VNQ,57.07296371459961,6673400
2017-01-03,VNQ,57.25967025756836,9380300
2017-01-04,VNQ,58.0964469909668,6598700
2017-01-05,VNQ,58.28315353393555,8555700
2017-01-06,VNQ,58.290077209472656,3901200
2017-01-09,VNQ,57.764522552490234,3546100
2017-01-10,VNQ,57.27350997924805,3959600
2017-01-11,VNQ,56.92082214355469,4498000
2017-01-12,VNQ,57.21129608154297,4670700
2017-01-13,VNQ,57.12830352783203,3658100
2017-01-17,VNQ,57.57088088989258,4139200
2017-01-18,VNQ,57.667686462402344,3317400
2017-01-19,VNQ,57.07987976074219,3169200
2017-01-20,VNQ,57.494808197021484,3285400
2017-01-23,VNQ,57.978885650634766,3165600
2017-01-24,VNQ,57.99272155761719,4204200
2017-01-25,VNQ,57.61237335205078,3461500
2017-01-26,VNQ,57.50172424316406,4093700
2017-01-27,VNQ,56.941566467285156,2996000
2017-01-30,VNQ,56.55430603027344,3182600
2017-01-31,VNQ,56.96231460571289,11091400
2017-02-01,VNQ,56.27769470214844,4555800
2017-02-02,VNQ,56.9484977722168,4754800
2017-02-03,VNQ,57.25967025756836,4165000
2017-02-06,VNQ,57.162872314453125,2985800
2017-02-07,VNQ,56.96231460571289,3250700
2017-02-08,VNQ,57.41182327270508,3316700
2017-02-09,VNQ,57.550148010253906,2806600
2017-02-10,VNQ,57.95813751220703,2983800
2017-02-13,VNQ,57.978885650634766,3968200
2017-02-14,VNQ,57.67460250854492,2687900
2017-02-15,VNQ,57.48097229003906,3687300
2017-02-16,VNQ,57.819854736328125,3097800
2017-02-17,VNQ,57.93047332763672,2624100
2017-02-21,VNQ,58.67042922973633,5646700
2017-02-22,VNQ,58.476776123046875,3464400
2017-02-23,VNQ,58.78107452392578,3430900
2017-02-24,VNQ,59.05768585205078,3667400
2017-02-27,VNQ,59.368896484375,3326700
2017-02-28,VNQ,58.96089553833008,5778100
2017-03-01,VNQ,58.78107452392578,6282800
2017-03-02,VNQ,58.46298599243164,3060400
2017-03-03,VNQ,58.234764099121094,4177700
2017-03-06,VNQ,57.971981048583984,3237400
2017-03-07,VNQ,57.69533920288086,4658000
2017-03-08,VNQ,56.6303825378418,4814100
2017-03-09,VNQ,55.779781341552734,5604300
2017-03-10,VNQ,55.60690689086914,6278800
2017-03-13,VNQ,55.745201110839844,4691000
2017-03-14,VNQ,55.73138427734375,4582400
2017-03-15,VNQ,56.85858917236328,7177800
2017-03-16,VNQ,56.747947692871094,4456700
2017-03-17,VNQ,57.01073455810547,4380600
2017-03-20,VNQ,56.96231460571289,2748500
2017-03-21,VNQ,56.71337127685547,6969700
2017-03-22,VNQ,56.6820182800293,4618000
2017-03-23,VNQ,57.09998321533203,7610200
2017-03-24,VNQ,57.03727340698242,4399200
2017-03-27,VNQ,56.52180099487305,4556000
2017-03-28,VNQ,56.76560592651367,4232100
2017-03-29,VNQ,57.086036682128906,3123200
2017-03-30,VNQ,57.19053268432617,4593300
2017-03-31,VNQ,57.5318717956543,7167900
2017-04-03,VNQ,57.699039459228516,7469000
2017-04-04,VNQ,57.699039459228516,5359300
2017-04-05,VNQ,57.782649993896484,4738600
2017-04-06,VNQ,58.08913040161133,4711500
2017-04-07,VNQ,58.17274475097656,4483800
2017-04-10,VNQ,58.534942626953125,2547800
2017-04-11,VNQ,58.9389762878418,3864200
2017-04-12,VNQ,58.834503173828125,3526900
2017-04-13,VNQ,58.702144622802734,2759500
2017-04-17,VNQ,59.41267776489258,3875000
2017-04-18,VNQ,59.57290267944336,2807300
2017-04-19,VNQ,59.489295959472656,3622900
2017-04-20,VNQ,59.496273040771484,3109100
2017-04-21,VNQ,59.28031539916992,3261900
2017-04-24,VNQ,58.62552261352539,6595300
2017-04-25,VNQ,58.86933898925781,3412300
2017-04-26,VNQ,58.430458068847656,4185400
2017-04-27,VNQ,58.27723693847656,4822200
2017-04-28,VNQ,57.67118453979492,5983700
2017-05-01,VNQ,58.012508392333984,6003600
2017-05-02,VNQ,57.91499710083008,4930000
2017-05-03,VNQ,57.141788482666016,6207500
2017-05-04,VNQ,56.86314010620117,8025100
2017-05-05,VNQ,57.39950942993164,5458100
2017-05-08,VNQ,56.995479583740234,3940600
2017-05-09,VNQ,56.68898391723633,5790900
2017-05-10,VNQ,57.13480758666992,3801400
2017-05-11,VNQ,56.84918975830078,3542600
2017-05-12,VNQ,56.61931610107422,3115400
2017-05-15,VNQ,56.7865104675293,3263900
2017-05-16,VNQ,56.403377532958984,4338600
2017-05-17,VNQ,56.63324737548828,7243700
2017-05-18,VNQ,56.94672775268555,4128200
2017-05-19,VNQ,57.25323486328125,6390100
2017-05-22,VNQ,57.47613525390625,3433700
2017-05-23,VNQ,57.52490234375,2960100
2017-05-24,VNQ,57.991615295410156,2578500
2017-05-25,VNQ,57.998573303222656,3146900
2017-05-26,VNQ,57.58062744140625,3046100
2017-05-30,VNQ,57.21839904785156,1865200
2017-05-31,VNQ,57.25323486328125,5515000
2017-06-01,VNQ,57.552764892578125,6557200
2017-06-02,VNQ,58.144859313964844,3999500
2017-06-05,VNQ,57.89408874511719,4919900
2017-06-06,VNQ,57.61544418334961,4358300
2017-06-07,VNQ,58.01949691772461,3191200
2017-06-08,VNQ,57.88016128540039,2963600
2017-06-09,VNQ,58.284183502197266,4950400
2017-06-12,VNQ,58.80664825439453,4049500
2017-06-13,VNQ,58.9389762878418,2787500
2017-06-14,VNQ,59.022579193115234,5317300
2017-06-15,VNQ,59.3221321105957,3757200
2017-06-16,VNQ,59.16886901855469,4497900
2017-06-19,VNQ,59.17583084106445,4892200
2017-06-20,VNQ,59.036537170410156,3194300
2017-06-21,VNQ,58.9181022644043,2559700
2017-06-22,VNQ,58.97381591796875,6220800
2017-06-23,VNQ,59.178462982177734,3759000
2017-06-26,VNQ,59.600440979003906,6417400
2017-06-27,VNQ,59.065940856933594,3925300
2017-06-28,VNQ,59.20660400390625,2956300
2017-06-29,VNQ,58.53147888183594,3985800
2017-06-30,VNQ,58.53147888183594,4206900
2017-07-03,VNQ,59.276920318603516,3169500
2017-07-05,VNQ,58.440032958984375,5370200
2017-07-06,VNQ,57.34297561645508,4091400
2017-07-07,VNQ,57.66648864746094,3249800
2017-07-10,VNQ,57.13905715942383,4164100
2017-07-11,VNQ,57.07575607299805,3346600
2017-07-12,VNQ,57.77900314331055,3189200
2017-07-13,VNQ,57.87042236328125,2556100
2017-07-14,VNQ,58.42601013183594,2577600
2017-07-17,VNQ,58.89716339111328,2730700
2017-07-18,VNQ,58.77058410644531,3012500
2017-07-19,VNQ,59.213623046875,2949700
2017-07-20,VNQ,58.939361572265625,3140400
2017-07-21,VNQ,58.89716339111328,2967100
2017-07-24,VNQ,58.784629821777344,2659300
2017-07-25,VNQ,58.861995697021484,2785000
2017-07-26,VNQ,59.26988220214844,2976800
2017-07-27,VNQ,59.34021759033203,2828800
2017-07-28,VNQ,59.178462982177734,3024500
2017-07-31,VNQ,59.255828857421875,2967600
2017-08-01,VNQ,59.52305221557617,3142900
2017-08-02,VNQ,58.9815673828125,2192000
2017-08-03,VNQ,58.861995697021484,2032500
2017-08-04,VNQ,59.058929443359375,2068700
2017-08-07,VNQ,58.9956169128418,1642700
2017-08-08,VNQ,58.714324951171875,2324400
2017-08-09,VNQ,58.51740264892578,4508400
2017-08-10,VNQ,58.09547424316406,4190800
2017-08-11,VNQ,57.73680114746094,2692800
2017-08-14,VNQ,58.700252532958984,2160200
2017-08-15,VNQ,58.52445602416992,2260000
2017-08-16,VNQ,58.75651550292969,2945300
2017-08-17,VNQ,58.390830993652344,2053900
2017-08-18,VNQ,57.800106048583984,2011600
2017-08-21,VNQ,58.41896057128906,2487600
2017-08-22,VNQ,58.25017166137695,1835300
2017-08-23,VNQ,58.847930908203125,1889800
2017-08-24,VNQ,58.66508865356445,2012200
2017-08-25,VNQ,58.9464111328125,2147300
2017-08-28,VNQ,58.49631881713867,2072000
2017-08-29,VNQ,58.43302536010742,1401700
2017-08-30,VNQ,58.7635498046875,2054100
2017-08-31,VNQ,59.10112762451172,3212700
2017-09-01,VNQ,59.30506896972656,3385900
2017-09-05,VNQ,59.14331817626953,3705200
2017-09-06,VNQ,59.29801559448242,3330500
2017-09-07,VNQ,59.67778015136719,2313000
2017-09-08,VNQ,59.72700119018555,2334500
2017-09-11,VNQ,60.27554702758789,2352600
2017-09-12,VNQ,59.56525421142578,3991300
2017-09-13,VNQ,59.41054153442383,1840100
2017-09-14,VNQ,59.90281677246094,2839400
2017-09-15,VNQ,60.01533126831055,3172800
2017-09-18,VNQ,59.69184875488281,3442200
2017-09-19,VNQ,59.29801559448242,2916500
2017-09-20,VNQ,59.13627624511719,2741300
2017-09-21,VNQ,59.02375030517578,6278500
2017-09-22,VNQ,58.6074104309082,4549600
2017-09-25,VNQ,58.948429107666016,5536300
2017-09-26,VNQ,59.04790115356445,3099300
2017-09-27,VNQ,58.51506423950195,3812800
2017-09-28,VNQ,58.91292190551758,4114300
2017-09-29,VNQ,59.03369903564453,4245200
2017-10-02,VNQ,58.948429107666016,4533800
2017-10-03,VNQ,58.863189697265625,6710800
2017-10-04,VNQ,59.16157913208008,4137400
2017-10-05,VNQ,59.374725341796875,3398700
2017-10-06,VNQ,59.182899475097656,2594800
2017-10-09,VNQ,59.32499313354492,2248200
2017-10-10,VNQ,59.50261306762695,6012600
2017-10-11,VNQ,59.701541900634766,2944800
2017-10-12,VNQ,60.085205078125,2787500
2017-10-13,VNQ,60.24153518676758,2662600
2017-10-16,VNQ,59.943111419677734,1972300
2017-10-17,VNQ,60.014163970947266,2191300
2017-10-18,VNQ,59.950218200683594,1935900
2017-10-19,VNQ,59.772579193115234,1838700
2017-10-20,VNQ,59.43156433105469,2929900
2017-10-23,VNQ,59.20421600341797,2618800
2017-10-24,VNQ,58.8489875793457,2521400
2017-10-25,VNQ,58.678466796875,3490900
2017-10-26,VNQ,58.19533157348633,3916400
2017-10-27,VNQ,58.458194732666016,2979900
2017-10-30,VNQ,58.408470153808594,3061000
2017-10-31,VNQ,58.4013671875,4422700
2017-11-01,VNQ,58.685543060302734,3507700
2017-11-02,VNQ,59.182899475097656,5159300
2017-11-03,VNQ,59.03369903564453,2458400
2017-11-06,VNQ,59.43156433105469,3156300
2017-11-07,VNQ,59.91469955444336,3992500
2017-11-08,VNQ,60.213104248046875,2058200
2017-11-09,VNQ,60.27703094482422,3856400
2017-11-10,VNQ,60.34096908569336,3657400
2017-11-13,VNQ,60.646480560302734,3487200
2017-11-14,VNQ,60.518611907958984,4039200
2017-11-15,VNQ,59.9075813293457,5171100
2017-11-16,VNQ,60.404911041259766,5137200
2017-11-17,VNQ,60.142051696777344,2782600
2017-11-20,VNQ,59.96443176269531,3613800
2017-11-21,VNQ,60.41203689575195,3056900
2017-11-22,VNQ,60.27703094482422,2347400
2017-11-24,VNQ,60.355167388916016,1255000
2017-11-27,VNQ,60.07099151611328,2218000
2017-11-28,VNQ,59.843666076660156,2946800
2017-11-29,VNQ,59.864967346191406,4633900
2017-11-30,VNQ,59.957313537597656,4849800
2017-12-01,VNQ,60.09941101074219,4664700
2017-12-04,VNQ,59.801021575927734,4484100
2017-12-05,VNQ,59.303680419921875,4372600
2017-12-06,VNQ,59.24684524536133,3967900
2017-12-07,VNQ,59.39604187011719,4049100
2017-12-08,VNQ,59.701541900634766,3448600
2017-12-11,VNQ,59.69445037841797,5326200
2017-12-12,VNQ,59.98575973510742,4732000
2017-12-13,VNQ,60.085205078125,3887100
2017-12-14,VNQ,60.07099151611328,4901000
2017-12-15,VNQ,60.447566986083984,4909500
2017-12-18,VNQ,60.84541320800781,5169400
2017-12-19,VNQ,59.55236053466797,5259200
2017-12-20,VNQ,58.863189697265625,7831900
2017-12-21,VNQ,58.635196685791016,4701300
2017-12-22,VNQ,59.03923416137695,6484400
2017-12-26,VNQ,59.33502197265625,2874500
2017-12-27,VNQ,59.52982711791992,4341500
2017-12-28,VNQ,59.847286224365234,3172900
2017-12-29,VNQ,59.86894989013672,2957300
2018-01-02,VNQ,59.645263671875,4639500
2018-01-03,VNQ,59.472103118896484,5516900
2018-01-04,VNQ,58.4476203918457,4734100
2018-01-05,VNQ,58.476478576660156,5742900
2018-01-08,VNQ,58.779502868652344,4763200
2018-01-09,VNQ,58.021934509277344,4631000
2018-01-10,VNQ,57.372581481933594,6244400
2018-01-11,VNQ,57.177799224853516,5067100
2018-01-12,VNQ,56.716041564941406,5154600
2018-01-16,VNQ,56.82426071166992,5760800
2018-01-17,VNQ,57.2210578918457,5560300
2018-01-18,VNQ,56.48516845703125,4548200
2018-01-19,VNQ,56.78818893432617,4546800
2018-01-22,VNQ,57.30763626098633,4767400
2018-01-23,VNQ,58.10129165649414,4599700
2018-01-24,VNQ,57.79826354980469,6242500
2018-01-25,VNQ,57.697261810302734,4765000
2018-01-26,VNQ,57.4952507019043,4966400
2018-01-29,VNQ,56.7232666015625,5280200
2018-01-30,VNQ,56.31200408935547,6937600
2018-01-31,VNQ,57.32209014892578,8845500
2018-02-01,VNQ,56.088340759277344,7313200
2018-02-02,VNQ,55.61216735839844,11151800
2018-02-05,VNQ,53.9599609375,8861900
2018-02-06,VNQ,53.967185974121094,12554100
2018-02-07,VNQ,53.7363166809082,7480000
2018-02-08,VNQ,52.19233322143555,11116900
2018-02-09,VNQ,53.498199462890625,12718500
2018-02-12,VNQ,53.51984786987305,15209300
2018-02-13,VNQ,53.89501953125,8766100
2018-02-14,VNQ,53.505428314208984,8225700
2018-02-15,VNQ,54.02488327026367,7359200
2018-02-16,VNQ,54.320701599121094,7002400
2018-02-20,VNQ,53.6785774230957,5766000
2018-02-21,VNQ,52.61800003051758,7852900
2018-02-22,VNQ,53.21683883666992,7412700
2018-02-23,VNQ,54.06818389892578,6884100
2018-02-26,VNQ,54.219703674316406,6336100
2018-02-27,VNQ,52.95709228515625,7635400
2018-02-28,VNQ,52.9210205078125,9175500
2018-03-01,VNQ,52.97152328491211,8794700
2018-03-02,VNQ,52.94987487792969,8408100
2018-03-05,VNQ,53.54871368408203,5558100
2018-03-06,VNQ,53.801246643066406,6039100
2018-03-07,VNQ,54.133113861083984,9868300
2018-03-08,VNQ,54.2341194152832,6381300
2018-03-09,VNQ,54.529945373535156,6293400
2018-03-12,VNQ,54.768028259277344,6661400
2018-03-13,VNQ,54.818538665771484,4877100
2018-03-14,VNQ,54.869049072265625,5945100
2018-03-15,VNQ,54.8546142578125,5680500
2018-03-16,VNQ,55.23698425292969,4951000
2018-03-19,VNQ,54.76081466674805,3999400
2018-03-20,VNQ,54.57322311401367,5677000
2018-03-21,VNQ,54.16919708251953,5905400
2018-03-22,VNQ,53.85173416137695,5605700
2018-03-23,VNQ,52.892154693603516,9530900
2018-03-26,VNQ,53.493900299072266,6979200
2018-03-27,VNQ,53.69789505004883,9132000
2018-03-28,VNQ,55.04560470581055,8917300
2018-03-29,VNQ,54.98005676269531,5993400
2018-04-02,VNQ,54.23696517944336,6487700
2018-04-03,VNQ,54.6959342956543,9987300
2018-04-04,VNQ,55.27146530151367,5502800
2018-04-05,VNQ,55.24958801269531,4195900
2018-04-06,VNQ,54.834346771240234,4817500
2018-04-09,VNQ,54.65950393676758,4466300
2018-04-10,VNQ,54.60123062133789,7318500
2018-04-11,VNQ,54.717796325683594,3892500
2018-04-12,VNQ,54.105838775634766,4049600
2018-04-13,VNQ,54.38996124267578,3817100
2018-04-16,VNQ,54.72507095336914,4279000
2018-04-17,VNQ,55.36616134643555,4503600
2018-04-18,VNQ,55.24958801269531,4122900
2018-04-19,VNQ,54.448238372802734,6917900
2018-04-20,VNQ,53.945594787597656,5171200
2018-04-23,VNQ,53.9018669128418,4325700
2018-04-24,VNQ,54.105838775634766,5852200
2018-04-25,VNQ,54.00385284423828,4055400
2018-04-26,VNQ,54.71049880981445,5551000
2018-04-27,VNQ,55.6502685546875,6278700
2018-04-30,VNQ,55.43172073364258,6625500
2018-05-01,VNQ,55.93439483642578,5251600
2018-05-02,VNQ,55.73040771484375,5361800
2018-05-03,VNQ,55.6939811706543,5839500
2018-05-04,VNQ,56.305912017822266,3746600
2018-05-07,VNQ,56.684730529785156,4670300
2018-05-08,VNQ,56.40061569213867,4311600
2018-05-09,VNQ,56.779457092285156,4685300
2018-05-10,VNQ,57.22383117675781,3664000
2018-05-11,VNQ,57.027130126953125,2694500
2018-05-14,VNQ,56.5390510559082,3536200
2018-05-15,VNQ,55.62112808227539,5134300
2018-05-16,VNQ,55.45357894897461,4400400
2018-05-17,VNQ,55.17673110961914,3998100
2018-05-18,VNQ,55.24958801269531,3343800
2018-05-21,VNQ,55.905242919921875,3671500
2018-05-22,VNQ,55.985389709472656,3470800
2018-05-23,VNQ,56.54631805419922,3983200
2018-05-24,VNQ,56.42976379394531,3173500
2018-05-25,VNQ,56.626468658447266,3597300
2018-05-29,VNQ,56.89602279663086,4611800
2018-05-30,VNQ,57.668235778808594,4901800
2018-05-31,VNQ,57.471527099609375,5430500
2018-06-01,VNQ,57.72649383544922,7233800
2018-06-04,VNQ,58.22917175292969,5391500
2018-06-05,VNQ,58.07616424560547,5543000
2018-06-06,VNQ,58.214599609375,4006100
2018-06-07,VNQ,58.214599609375,3353300
2018-06-08,VNQ,58.42586898803711,2773200
2018-06-11,VNQ,58.338462829589844,4168300
2018-06-12,VNQ,58.68812561035156,3287900
2018-06-13,VNQ,57.54438400268555,7230900
2018-06-14,VNQ,58.09074401855469,4458200
2018-06-15,VNQ,58.05434036254883,11131800
2018-06-18,VNQ,58.07051086425781,6391600
2018-06-19,VNQ,58.011680603027344,11275400
2018-06-20,VNQ,58.65870666503906,7327500
2018-06-21,VNQ,58.938106536865234,3719700
2018-06-22,VNQ,59.401309967041016,4391700
2018-06-25,VNQ,59.246925354003906,5904500
2018-06-26,VNQ,59.438072204589844,3751000
2018-06-27,VNQ,59.21015930175781,4559900
2018-06-28,VNQ,59.73952865600586,3896700
2018-06-29,VNQ,59.88658142089844,5235400
2018-07-02,VNQ,59.55573272705078,7926500
2018-07-03,VNQ,60.00421142578125,7325300
2018-07-05,VNQ,60.71743392944336,7214700
2018-07-06,VNQ,61.04093551635742,7887400
2018-07-09,VNQ,60.55567932128906,6621300
2018-07-10,VNQ,60.68067932128906,4561900
2018-07-11,VNQ,60.482147216796875,5127900
2018-07-12,VNQ,60.66596603393555,4042100
2018-07-13,VNQ,60.482147216796875,5013800
2018-07-16,VNQ,60.15861511230469,3023900
2018-07-17,VNQ,59.76157760620117,4031200
2018-07-18,VNQ,59.496910095214844,5185600
2018-07-19,VNQ,60.19538879394531,4358700
2018-07-20,VNQ,59.614532470703125,3265500
2018-07-23,VNQ,59.489532470703125,4379600
2018-07-24,VNQ,59.188106536865234,4174900
2018-07-25,VNQ,59.65864944458008,4521400
2018-07-26,VNQ,59.857173919677734,4385400
2018-07-27,VNQ,59.217498779296875,4788000
2018-07-30,VNQ,59.25428009033203,4002000
2018-07-31,VNQ,60.24686813354492,5737300
2018-08-01,VNQ,60.67332458496094,7798900
2018-08-02,VNQ,60.430694580078125,4748200
2018-08-03,VNQ,61.08505630493164,4342700
2018-08-06,VNQ,61.00416946411133,4655000
2018-08-07,VNQ,60.89388656616211,3047100
2018-08-08,VNQ,60.54095458984375,2415400
2018-08-09,VNQ,60.57035827636719,3720900
2018-08-10,VNQ,60.10716247558594,4524100
2018-08-13,VNQ,59.98951721191406,2755400
2018-08-14,VNQ,60.28362274169922,3249400
2018-08-15,VNQ,60.746822357177734,5202600
2018-08-16,VNQ,61.239444732666016,3329800
2018-08-17,VNQ,61.80560302734375,4698400
2018-08-20,VNQ,61.84971237182617,4629200
2018-08-21,VNQ,61.47473907470703,3149000
2018-08-22,VNQ,61.129154205322266,2954900
2018-08-23,VNQ,60.97477340698242,2528800
2018-08-24,VNQ,61.335044860839844,3897100
2018-08-27,VNQ,61.11446762084961,4479000
2018-08-28,VNQ,61.93794250488281,4653100
2018-08-29,VNQ,61.95266342163086,3564900
2018-08-30,VNQ,61.55561065673828,2968300
2018-08-31,VNQ,61.798248291015625,3305800
2018-09-04,VNQ,61.06300354003906,4718600
2018-09-05,VNQ,61.41592788696289,5407700
2018-09-06,VNQ,61.59236145019531,3760300
2018-09-07,VNQ,60.92329025268555,4234400
2018-09-10,VNQ,61.195343017578125,3089200
2018-09-11,VNQ,61.1879997253418,3980300
2018-09-12,VNQ,61.2173957824707,2827800
2018-09-13,VNQ,61.51884841918945,3813600
2018-09-14,VNQ,61.129154205322266,5215800
2018-09-17,VNQ,61.32768630981445,4414700
2018-09-18,VNQ,61.033573150634766,8039400
2018-09-19,VNQ,60.32038116455078,4410600
2018-09-20,VNQ,60.88653564453125,4308300
2018-09-21,VNQ,60.86447525024414,7292200
2018-09-24,VNQ,59.771484375,4111200
2018-09-25,VNQ,59.7789306640625,4781800
2018-09-26,VNQ,59.06318664550781,8971900
2018-09-27,VNQ,59.34649658203125,4942200
2018-09-28,VNQ,60.15170669555664,6092300
2018-10-01,VNQ,59.592567443847656,7215600
2018-10-02,VNQ,59.458335876464844,5746700
2018-10-03,VNQ,58.82463836669922,7104300
2018-10-04,VNQ,58.332557678222656,6759300
2018-10-05,VNQ,58.30271911621094,4971600
2018-10-08,VNQ,59.14521408081055,5246900
2018-10-09,VNQ,59.227230072021484,5852000
2018-10-10,VNQ,58.34747314453125,8837400
2018-10-11,VNQ,56.67741394042969,12471700
2018-10-12,VNQ,56.52830123901367,10167900
2018-10-15,VNQ,56.90854263305664,8526800
2018-10-16,VNQ,58.079063415527344,5315400
2018-10-17,VNQ,57.855403900146484,5088900
2018-10-18,VNQ,57.74357604980469,6818700
2018-10-19,VNQ,58.24308776855469,5357300
2018-10-22,VNQ,57.430419921875,7499300
2018-10-23,VNQ,57.68391036987305,6988400
2018-10-24,VNQ,58.22816848754883,6016200
2018-10-25,VNQ,58.97373580932617,6215700
2018-10-26,VNQ,57.557151794433594,11721400
2018-10-29,VNQ,58.287811279296875,7159600
2018-10-30,VNQ,59.0855598449707,9053000
2018-10-31,VNQ,58.39219665527344,8322000
2018-11-01,VNQ,58.66804504394531,6062700
2018-11-02,VNQ,58.18345642089844,7609100
2018-11-05,VNQ,59.04829025268555,6753000
2018-11-06,VNQ,59.34649658203125,4127900
2018-11-07,VNQ,60.0548095703125,7559200
2018-11-08,VNQ,60.09952926635742,3559700
2018-11-09,VNQ,60.09208297729492,3388500
2018-11-12,VNQ,60.21137237548828,4969800
2018-11-13,VNQ,60.15170669555664,4882600
2018-11-14,VNQ,60.00262451171875,4545800
2018-11-15,VNQ,59.592567443847656,6413700
2018-11-16,VNQ,60.23373031616211,4347600
2018-11-19,VNQ,60.31575393676758,7117500
2018-11-20,VNQ,59.69691467285156,5295700
2018-11-21,VNQ,59.74911117553711,4139600
2018-11-23,VNQ,59.62983703613281,2815500
2018-11-26,VNQ,59.74163818359375,4422200
2018-11-27,VNQ,59.99515914916992,5183600
2018-11-28,VNQ,60.531951904296875,8681300
2018-11-29,VNQ,60.54685974121094,5681000
2018-11-30,VNQ,61.12095260620117,6641000
2018-12-03,VNQ,61.44898986816406,7407000
2018-12-04,VNQ,60.53939437866211,9346700
2018-12-06,VNQ,62.03799057006836,15059500
2018-12-07,VNQ,61.2253303527832,9987800
2018-12-10,VNQ,60.8302001953125,5804300
2018-12-11,VNQ,60.86000061035156,5108800
2018-12-12,VNQ,59.92060089111328,6943900
2018-12-13,VNQ,60.26689147949219,6131600
2018-12-14,VNQ,60.0933723449707,10390400
2018-12-17,VNQ,57.82996368408203,20329300
2018-12-18,VNQ,58.42599868774414,9575700
2018-12-19,VNQ,57.78468704223633,10760000
2018-12-20,VNQ,56.917076110839844,13284100
2018-12-21,VNQ,56.1248779296875,16609300
2018-12-24,VNQ,54.12554168701172,9335800
2018-12-26,VNQ,55.93625259399414,16977000
2018-12-27,VNQ,55.928707122802734,12102300
2018-12-28,VNQ,56.109779357910156,12729300
2018-12-31,VNQ,56.26066970825195,15750600
2019-01-02,VNQ,55.03842544555664,12880400
2019-01-03,VNQ,55.4232177734375,12264300
2019-01-04,VNQ,56.07205581665039,9389000
2019-01-07,VNQ,56.622802734375,9227900
2019-01-08,VNQ,57.792236328125,10761000
2019-01-09,VNQ,57.70925521850586,6434200
2019-01-10,VNQ,58.4938850402832,8671800
2019-01-11,VNQ,58.65985870361328,5141900
2019-01-14,VNQ,58.46372604370117,4934500
2019-01-15,VNQ,59.022029876708984,5377200
2019-01-16,VNQ,59.43696975708008,6164000
2019-01-17,VNQ,59.72368621826172,4327000
2019-01-18,VNQ,59.9273796081543,6397100
2019-01-22,VNQ,59.74631118774414,6062600
2019-01-23,VNQ,59.75385665893555,3972000
2019-01-24,VNQ,59.95756530761719,4142500
2019-01-25,VNQ,60.704490661621094,5713400
2019-01-28,VNQ,61.30049514770508,5471200
2019-01-29,VNQ,61.78337860107422,4832200
2019-01-30,VNQ,62.28132247924805,6635900
2019-01-31,VNQ,62.930171966552734,13041700
2019-02-01,VNQ,62.53028869628906,16142500
2019-02-04,VNQ,62.998069763183594,13612800
2019-02-05,VNQ,63.3602180480957,10279100
2019-02-06,VNQ,62.94524383544922,8419900
2019-02-07,VNQ,63.46586608886719,8823200
2019-02-08,VNQ,63.46586608886719,6853900
2019-02-11,VNQ,63.63935852050781,4999200
2019-02-12,VNQ,63.23948669433594,8588900
2019-02-13,VNQ,63.56391906738281,5697000
2019-02-14,VNQ,63.767642974853516,6928100
2019-02-15,VNQ,64.19768524169922,4998600
2019-02-19,VNQ,64.18257904052734,5981200
2019-02-20,VNQ,63.7827262878418,7918900
2019-02-21,VNQ,63.843082427978516,4756900
2019-02-22,VNQ,64.22030639648438,4490300
2019-02-25,VNQ,63.714820861816406,4956800
2019-02-26,VNQ,63.51866912841797,4777100
2019-02-27,VNQ,63.201759338378906,8116400
2019-02-28,VNQ,63.367759704589844,6547100
2019-03-01,VNQ,63.17160415649414,10635700
2019-03-04,VNQ,63.45830154418945,7103600
2019-03-05,VNQ,63.63181686401367,9077500
2019-03-06,VNQ,63.337581634521484,5370800
2019-03-07,VNQ,63.201759338378906,8328500
2019-03-08,VNQ,63.269683837890625,9264800
2019-03-11,VNQ,64.19768524169922,4679300
2019-03-12,VNQ,64.49191284179688,6072500
2019-03-13,VNQ,64.80878448486328,4282900
2019-03-14,VNQ,64.90687561035156,4303200
2019-03-15,VNQ,64.70315551757812,4742200
2019-03-18,VNQ,64.37873840332031,4125300
2019-03-19,VNQ,64.18257904052734,6169200
2019-03-20,VNQ,64.37873840332031,6499300
2019-03-21,VNQ,65.52552795410156,6948200
2019-03-22,VNQ,65.05023193359375,8769700
2019-03-25,VNQ,65.13321685791016,6324300
2019-03-26,VNQ,65.65379333496094,8576400
2019-03-27,VNQ,65.46517181396484,7252600
2019-03-28,VNQ,66.10043334960938,5600000
2019-03-29,VNQ,66.03962707519531,13743500
2019-04-01,VNQ,66.00164794921875,8528500
2019-04-02,VNQ,66.46515655517578,10358100
2019-04-03,VNQ,66.38915252685547,5004200
2019-04-04,VNQ,66.28279113769531,4249100
2019-04-05,VNQ,66.74630737304688,4827100
2019-04-08,VNQ,66.37398529052734,4575500
2019-04-09,VNQ,66.02444458007812,3507600
2019-04-10,VNQ,66.63232421875,4264500
2019-04-11,VNQ,66.58673095703125,2925600
2019-04-12,VNQ,66.90589141845703,4148900
2019-04-15,VNQ,66.5639419555664,3468900
2019-04-16,VNQ,65.05939483642578,7256100
2019-04-17,VNQ,64.46672058105469,6121300
2019-04-18,VNQ,64.96063232421875,4827400
2019-04-22,VNQ,64.24636840820312,5012000
2019-04-23,VNQ,65.09739685058594,4692300
2019-04-24,VNQ,65.57612609863281,4853800
2019-04-25,VNQ,65.43934631347656,3732500
2019-04-26,VNQ,65.95606231689453,3109400
2019-04-29,VNQ,65.31016540527344,4280600
2019-04-30,VNQ,65.93325805664062,5541400
2019-05-01,VNQ,65.98643493652344,7675800
2019-05-02,VNQ,66.05484771728516,5675900
2019-05-03,VNQ,66.61712646484375,4678400
2019-05-06,VNQ,66.40437316894531,4836000
2019-05-07,VNQ,65.20379638671875,7037100
2019-05-08,VNQ,65.1353988647461,5976800
2019-05-09,VNQ,65.30257415771484,4005000
2019-05-10,VNQ,66.00164794921875,4269000
2019-05-13,VNQ,65.93325805664062,5794100
2019-05-14,VNQ,66.1764144897461,4740500
2019-05-15,VNQ,66.62472534179688,3410600
2019-05-16,VNQ,66.89067077636719,4008500
2019-05-17,VNQ,66.76152801513672,5346600
2019-05-20,VNQ,65.79647064208984,4221100
2019-05-21,VNQ,66.3587646484375,2930100
2019-05-22,VNQ,66.55632781982422,2825100
2019-05-23,VNQ,66.70832824707031,3304500
2019-05-24,VNQ,66.91345977783203,3121800
2019-05-28,VNQ,66.25241088867188,4614500
2019-05-29,VNQ,65.3709487915039,8170000
2019-05-30,VNQ,65.64450073242188,3984100
2019-05-31,VNQ,66.02444458007812,5369200
2019-06-03,VNQ,66.18401336669922,6347800
2019-06-04,VNQ,65.8876724243164,6993200
2019-06-05,VNQ,67.26302337646484,6775400
2019-06-06,VNQ,67.3921890258789,4077200
2019-06-07,VNQ,67.64295196533203,3525700
2019-06-10,VNQ,67.4225845336914,2945500
2019-06-11,VNQ,67.60494232177734,3834000
2019-06-12,VNQ,67.83292388916016,2768500
2019-06-13,VNQ,68.12166595458984,2799400
2019-06-14,VNQ,68.15966033935547,2981700
2019-06-17,VNQ,68.8891372680664,3574900
2019-06-18,VNQ,68.82071685791016,4449200
2019-06-19,VNQ,69.19305419921875,3694600
2019-06-20,VNQ,69.54261779785156,4862000
2019-06-21,VNQ,68.56238555908203,7941700
2019-06-24,VNQ,68.32681274414062,3773600
2019-06-25,VNQ,67.31621551513672,5381300
2019-06-26,VNQ,65.97124481201172,12897000
2019-06-27,VNQ,66.82051849365234,6924500
2019-06-28,VNQ,67.0506591796875,9638200
2019-07-01,VNQ,67.01996612548828,9746000
2019-07-02,VNQ,68.18605041503906,7633700
2019-07-03,VNQ,68.999267578125,5418000
2019-07-05,VNQ,68.75377655029297,5375100
2019-07-08,VNQ,68.999267578125,4509700
2019-07-09,VNQ,69.22945404052734,4906800
2019-07-10,VNQ,69.62834930419922,6833700
2019-07-11,VNQ,68.72309875488281,4020600
2019-07-12,VNQ,68.63103485107422,2948600
2019-07-15,VNQ,68.57733154296875,3185700
2019-07-16,VNQ,68.41620635986328,3611600
2019-07-17,VNQ,68.18605041503906,6422000
2019-07-18,VNQ,68.18605041503906,7048200
2019-07-19,VNQ,67.07367706298828,5064600
2019-07-22,VNQ,67.01229858398438,3265200
2019-07-23,VNQ,67.77179718017578,4239800
2019-07-24,VNQ,67.82550048828125,2946100
2019-07-25,VNQ,67.42656707763672,5629200
2019-07-26,VNQ,67.73344421386719,3111900
2019-07-29,VNQ,67.91754150390625,4898200
2019-07-30,VNQ,68.4622573852539,3818100
2019-07-31,VNQ,68.19374084472656,5979800
2019-08-01,VNQ,68.19374084472656,8371300
2019-08-02,VNQ,68.52360534667969,4794000
2019-08-05,VNQ,67.17339324951172,6840000
2019-08-06,VNQ,67.91754150390625,7789000
2019-08-07,VNQ,68.57733154296875,8674600
2019-08-08,VNQ,69.78177642822266,5766700
2019-08-09,VNQ,69.6974105834961,3304800
2019-08-12,VNQ,69.51325988769531,2944000
2019-08-13,VNQ,69.61299896240234,4540200
2019-08-14,VNQ,68.55430603027344,4645100
2019-08-15,VNQ,69.23706817626953,4582900
2019-08-16,VNQ,69.95055389404297,3951100
2019-08-19,VNQ,70.4568862915039,3255600
2019-08-20,VNQ,69.95822143554688,2556300
2019-08-21,VNQ,70.24976348876953,2739400
2019-08-22,VNQ,70.57195281982422,2587300
2019-08-23,VNQ,69.58232116699219,5776500
2019-08-26,VNQ,70.11933898925781,2736200
2019-08-27,VNQ,69.91988372802734,3252300
2019-08-28,VNQ,70.1500244140625,3498600
2019-08-29,VNQ,70.69471740722656,2688000
2019-08-30,VNQ,70.7484130859375,5678300
2019-09-03,VNQ,71.45420837402344,5927900
2019-09-04,VNQ,72.05262756347656,4757100
2019-09-05,VNQ,71.53093719482422,6036600
2019-09-06,VNQ,71.69203186035156,2986400
2019-09-09,VNQ,71.34681701660156,3772100
2019-09-10,VNQ,70.6103286743164,5379400
2019-09-11,VNQ,70.68704223632812,3972200
2019-09-12,VNQ,71.0629653930664,3486100
2019-09-13,VNQ,70.3034439086914,6109300
2019-09-16,VNQ,70.91719818115234,4688300
2019-09-17,VNQ,71.68437957763672,3674800
2019-09-18,VNQ,71.43887329101562,5655000
2019-09-19,VNQ,71.69203186035156,2892800
2019-09-20,VNQ,71.69203186035156,6900400
2019-09-23,VNQ,71.80709838867188,3515200
2019-09-24,VNQ,71.64781188964844,3705600
2019-09-25,VNQ,71.78700256347656,7088700
2019-09-26,VNQ,72.39020538330078,2984700
2019-09-27,VNQ,71.98806762695312,4090300
2019-09-30,VNQ,72.11180877685547,3189800
2019-10-01,VNQ,71.4312744140625,5226300
2019-10-02,VNQ,71.12967681884766,3384300
2019-10-03,VNQ,71.81792449951172,6634500
2019-10-04,VNQ,72.25099182128906,2189400
2019-10-07,VNQ,72.09632110595703,3667600
2019-10-08,VNQ,71.71739196777344,3108100
2019-10-09,VNQ,71.8565902709961,4166000
2019-10-10,VNQ,71.97260284423828,3719700
2019-10-11,VNQ,71.9416732788086,3376300
2019-10-14,VNQ,71.97260284423828,1877600
2019-10-15,VNQ,72.06539154052734,3218500
2019-10-16,VNQ,72.07312774658203,3413900
2019-10-17,VNQ,72.54486083984375,3223100
2019-10-18,VNQ,73.10163879394531,2492100
2019-10-21,VNQ,73.658447265625,2591900
2019-10-22,VNQ,73.4419174194336,2644200
2019-10-23,VNQ,73.60430145263672,3020200
2019-10-24,VNQ,73.41869354248047,3148800
2019-10-25,VNQ,72.79232025146484,4184600
2019-10-28,VNQ,72.35152435302734,4897400
2019-10-29,VNQ,72.79232025146484,5512200
2019-10-30,VNQ,73.05525207519531,3861400
2019-10-31,VNQ,72.92378234863281,4723500
2019-11-01,VNQ,72.9083023071289,6520400
2019-11-04,VNQ,72.3979263305664,3878100
2019-11-05,VNQ,71.1683578491211,9141700
2019-11-06,VNQ,71.3230209350586,4500400
2019-11-07,VNQ,70.61154174804688,4945300
2019-11-08,VNQ,70.44142150878906,7330200
2019-11-11,VNQ,70.59608459472656,3525200
2019-11-12,VNQ,70.06250762939453,5701600
2019-11-13,VNQ,70.70435333251953,4316000
2019-11-14,VNQ,71.25341796875,5136200
2019-11-15,VNQ,71.64007568359375,2785200
2019-11-18,VNQ,71.98806762695312,3251900
2019-11-19,VNQ,72.11180877685547,4065100
2019-11-20,VNQ,72.07312774658203,5698800
2019-11-21,VNQ,71.06010437011719,5002900
2019-11-22,VNQ,70.79716491699219,5112000
2019-11-25,VNQ,71.02141571044922,5183500
2019-11-26,VNQ,71.96487426757812,4858500
2019-11-27,VNQ,72.30513000488281,4121600
2019-11-29,VNQ,71.97260284423828,3531100
2019-12-02,VNQ,70.8822250366211,9430800
2019-12-03,VNQ,71.33849334716797,4762900
2019-12-04,VNQ,71.63233947753906,4129800
2019-12-05,VNQ,71.6709976196289,4846800
2019-12-06,VNQ,71.81792449951172,4486000
2019-12-09,VNQ,71.9571533203125,3961000
2019-12-10,VNQ,71.53953552246094,5227100
2019-12-11,VNQ,70.81263732910156,5112100
2019-12-12,VNQ,69.85372161865234,7923900
2019-12-13,VNQ,69.86918640136719,6814200
2019-12-16,VNQ,70.37184143066406,5185200
2019-12-17,VNQ,69.706787109375,9649900
2019-12-18,VNQ,70.55638885498047,6340700
2019-12-19,VNQ,71.18169403076172,6117400
2019-12-20,VNQ,71.572509765625,9514600
2019-12-23,VNQ,71.21295166015625,5369100
2019-12-24,VNQ,71.40055084228516,1962000
2019-12-26,VNQ,71.71320343017578,2243900
2019-12-27,VNQ,71.93985748291016,4195900
2019-12-30,VNQ,72.01020812988281,3466500
2019-12-31,VNQ,72.52606201171875,4649500
2020-01-02,VNQ,71.67410278320312,5106600
2020-01-03,VNQ,72.11963653564453,5015500
2020-01-06,VNQ,72.20559692382812,4889000
2020-01-07,VNQ,71.40055084228516,6529100
2020-01-08,VNQ,71.6194076538086,6766100
2020-01-09,VNQ,71.580322265625,4213800
2020-01-10,VNQ,72.1274642944336,5838800
2020-01-13,VNQ,72.99503326416016,5552600
2020-01-14,VNQ,72.72146606445312,4120700
2020-01-15,VNQ,73.3780517578125,4471500
2020-01-16,VNQ,73.96424102783203,4426700
2020-01-17,VNQ,74.03457641601562,3581300
2020-01-21,VNQ,74.738037109375,4217400
2020-01-22,VNQ,74.23780059814453,5024300
2020-01-23,VNQ,74.86309814453125,4825000
2020-01-24,VNQ,74.60516357421875,3518100
2020-01-27,VNQ,74.24559020996094,3047000
2020-01-28,VNQ,74.54264831542969,3006100
2020-01-29,VNQ,74.26907348632812,3785500
2020-01-30,VNQ,74.32377624511719,4142400
2020-01-31,VNQ,73.41712188720703,6370900
2020-02-03,VNQ,73.65940856933594,7508200
2020-02-04,VNQ,74.4175796508789,4422900
2020-02-05,VNQ,74.4644775390625,4413700
2020-02-06,VNQ,74.71458435058594,3327500
2020-02-07,VNQ,74.69893646240234,3176200
2020-02-10,VNQ,75.5352783203125,4457000
2020-02-11,VNQ,76.10585021972656,5362200
2020-02-12,VNQ,76.55921173095703,6298700
2020-02-13,VNQ,77.0203628540039,3683500
2020-02-14,VNQ,77.81759643554688,3004800
2020-02-18,VNQ,77.73162078857422,4186800
2020-02-19,VNQ,76.68428039550781,4415200
2020-02-20,VNQ,77.59876251220703,5556500
2020-02-21,VNQ,77.82540893554688,3670800
2020-02-24,VNQ,76.762451171875,5214600
2020-02-25,VNQ,74.6833267211914,7378900
2020-02-26,VNQ,73.87825012207031,9407200
2020-02-27,VNQ,69.94673156738281,11869100
2020-02-28,VNQ,68.25846862792969,22471800
2020-03-02,VNQ,71.17385864257812,14250500
2020-03-03,VNQ,71.0097427368164,14654200
2020-03-04,VNQ,73.69066619873047,10638200
2020-03-05,VNQ,72.11181640625,9803600
2020-03-06,VNQ,70.86904907226562,10302700
2020-03-09,VNQ,65.40555572509766,14017500
2020-03-10,VNQ,68.16886138916016,11782100
2020-03-11,VNQ,64.07274627685547,16447000
2020-03-12,VNQ,57.581974029541016,16761500
2020-03-13,VNQ,62.60758972167969,10968600
2020-03-16,VNQ,51.508689880371094,11396500
2020-03-17,VNQ,54.48624801635742,9100900
2020-03-18,VNQ,49.303096771240234,15714500
2020-03-19,VNQ,49.476383209228516,13090000
2020-03-20,VNQ,47.01083755493164,18838000
2020-03-23,VNQ,44.828857421875,15558600
2020-03-24,VNQ,48.861961364746094,14401600
2020-03-25,VNQ,51.4929313659668,15209300
2020-03-26,VNQ,55.12430191040039,14486100
2020-03-27,VNQ,55.179443359375,11521700
2020-03-30,VNQ,56.3846435546875,12754300
2020-03-31,VNQ,55.02190399169922,16815900
2020-04-01,VNQ,51.406280517578125,12174800
2020-04-02,VNQ,51.57957458496094,10916700
2020-04-03,VNQ,50.83124923706055,8986700
2020-04-06,VNQ,54.59651565551758,8382200
2020-04-07,VNQ,55.10066223144531,7675100
2020-04-08,VNQ,58.85805892944336,9628300
2020-04-09,VNQ,62.15860366821289,13840900
2020-04-13,VNQ,59.54338836669922,10139000
2020-04-14,VNQ,61.21334457397461,9400800
2020-04-15,VNQ,58.78714370727539,8568200
2020-04-16,VNQ,58.11760711669922,6252800
2020-04-17,VNQ,59.9529914855957,8593100
2020-04-20,VNQ,57.7237663269043,6631000
2020-04-21,VNQ,56.67609405517578,8620400
2020-04-22,VNQ,57.54257583618164,6484200
2020-04-23,VNQ,57.062076568603516,7648200
2020-04-24,VNQ,57.3062744140625,6419000
2020-04-27,VNQ,59.26769256591797,7669500
2020-04-28,VNQ,59.75606918334961,8177900
2020-04-29,VNQ,60.654048919677734,7307000
2020-04-30,VNQ,59.9529914855957,8606000
2020-05-01,VNQ,57.928565979003906,6013600
2020-05-04,VNQ,57.64499282836914,7288000
2020-05-05,VNQ,57.928565979003906,7520300
2020-05-06,VNQ,56.8887825012207,6266800
2020-05-07,VNQ,57.700138092041016,6727300
2020-05-08,VNQ,59.070743560791016,6625600
2020-05-11,VNQ,58.21214294433594,6874900
2020-05-12,VNQ,55.5654182434082,11764700
2020-05-13,VNQ,54.21843338012695,8358600
2020-05-14,VNQ,54.4074821472168,8609800
2020-05-15,VNQ,54.19479751586914,11916700
2020-05-18,VNQ,57.40080261230469,8617200
2020-05-19,VNQ,56.62883758544922,5804700
2020-05-20,VNQ,57.13298797607422,5133700
2020-05-21,VNQ,57.18023681640625,5385100
2020-05-22,VNQ,57.95219039916992,4737900
2020-05-26,VNQ,60.11840057373047,6001000
2020-05-27,VNQ,61.31575393676758,5880500
2020-05-28,VNQ,61.607181549072266,5642800
2020-05-29,VNQ,60.99277114868164,8989500
2020-06-01,VNQ,62.402774810791016,11218300
2020-06-02,VNQ,62.90694046020508,7162100
2020-06-03,VNQ,64.92346954345703,7485600
2020-06-04,VNQ,64.27755737304688,5503500
2020-06-05,VNQ,66.71157836914062,6158800
2020-06-08,VNQ,68.36578369140625,7130500
2020-06-09,VNQ,67.2314682006836,7168900
2020-06-10,VNQ,65.52212524414062,6433900
2020-06-11,VNQ,61.31575393676758,8611900
2020-06-12,VNQ,63.513458251953125,8871700
2020-06-15,VNQ,64.41143798828125,6138600
2020-06-16,VNQ,65.67967987060547,5811700
2020-06-17,VNQ,64.72654724121094,5041500
2020-06-18,VNQ,64.01760864257812,5005900
2020-06-19,VNQ,63.08808135986328,10402000
2020-06-22,VNQ,63.025081634521484,3995500
2020-06-23,VNQ,62.76515197753906,3958100
2020-06-24,VNQ,60.97701644897461,7034900
2020-06-25,VNQ,61.75581741333008,6626000
2020-06-26,VNQ,60.57051086425781,7277100
2020-06-29,VNQ,61.73992156982422,4687100
2020-06-30,VNQ,62.47177505493164,5212200
2020-07-01,VNQ,63.91167449951172,5023700
2020-07-02,VNQ,63.728721618652344,4588100
2020-07-06,VNQ,63.696903228759766,6174300
2020-07-07,VNQ,62.43202590942383,3389200
2020-07-08,VNQ,62.344505310058594,3848100
2020-07-09,VNQ,61.9547119140625,3455900
2020-07-10,VNQ,62.145626068115234,3809900
2020-07-13,VNQ,61.40581130981445,6071800
2020-07-14,VNQ,61.92291259765625,3473900
2020-07-15,VNQ,62.527488708496094,3547200
2020-07-16,VNQ,61.77969741821289,3605400
2020-07-17,VNQ,62.58316421508789,3720500
2020-07-20,VNQ,61.835384368896484,4364100
2020-07-21,VNQ,61.98653793334961,3007200
2020-07-22,VNQ,62.93320846557617,2682400
2020-07-23,VNQ,62.67066192626953,4630900
2020-07-24,VNQ,62.209266662597656,2702200
2020-07-27,VNQ,62.79795837402344,4111800
2020-07-28,VNQ,64.04692077636719,6613300
2020-07-29,VNQ,65.28791046142578,5429600
2020-07-30,VNQ,64.86629486083984,6602700
2020-07-31,VNQ,64.7469711303711,9312300
2020-08-03,VNQ,63.88780212402344,5629700
2020-08-04,VNQ,64.84243774414062,4078000
2020-08-05,VNQ,64.51627349853516,3374500
2020-08-06,VNQ,64.61970520019531,3646500
2020-08-07,VNQ,65.54247283935547,4447800
2020-08-10,VNQ,65.64588928222656,3410000
2020-08-11,VNQ,64.69921875,5193800
2020-08-12,VNQ,65.3515853881836,2245300
2020-08-13,VNQ,64.54808807373047,3585400
2020-08-14,VNQ,64.55603790283203,3399300
2020-08-17,VNQ,65.08108520507812,2749900
2020-08-18,VNQ,64.77082824707031,3635300
2020-08-19,VNQ,63.633243560791016,4376200
2020-08-20,VNQ,64.2378158569336,2949900
2020-08-21,VNQ,64.34124755859375,3380700
2020-08-24,VNQ,64.75493621826172,2553700
2020-08-25,VNQ,64.92198181152344,3123500
2020-08-26,VNQ,64.32533264160156,3139800
2020-08-27,VNQ,65.27200317382812,4006700
2020-08-28,VNQ,65.70156860351562,4548700
2020-08-31,VNQ,65.0333480834961,4835100
2020-09-01,VNQ,65.08108520507812,3498500
2020-09-02,VNQ,66.29027557373047,3136500
2020-09-03,VNQ,65.49473571777344,5716500
2020-09-04,VNQ,65.1526870727539,4956900
2020-09-08,VNQ,64.35716247558594,3774000
2020-09-09,VNQ,64.99356842041016,3158300
2020-09-10,VNQ,64.19806671142578,4308700
2020-09-11,VNQ,63.84008026123047,4255400
2020-09-14,VNQ,65.39927673339844,3732000
2020-09-15,VNQ,66.18687438964844,3017500
2020-09-16,VNQ,66.53687286376953,3722400
2020-09-17,VNQ,65.24018096923828,5981400
2020-09-18,VNQ,63.76847457885742,5024200
2020-09-21,VNQ,61.851287841796875,5297300
2020-09-22,VNQ,62.591121673583984,4486400
2020-09-23,VNQ,60.70574951171875,7876400
2020-09-24,VNQ,61.03191375732422,6813300
2020-09-25,VNQ,62.29054641723633,3503300
2020-09-28,VNQ,63.56523132324219,3470900
2020-09-29,VNQ,63.10826873779297,3662900
2020-09-30,VNQ,63.3006591796875,4507100
2020-10-01,VNQ,64.56733703613281,6406300
2020-10-02,VNQ,65.6816635131836,3346700
2020-10-05,VNQ,66.05845642089844,2654800
2020-10-06,VNQ,65.62553405761719,5830300
2020-10-07,VNQ,65.72174072265625,2362400
2020-10-08,VNQ,66.8200454711914,2269000
2020-10-09,VNQ,66.55549621582031,6556200
2020-10-12,VNQ,66.86815643310547,5655800
2020-10-13,VNQ,65.72174072265625,4406300
2020-10-14,VNQ,64.92007446289062,4651400
2020-10-15,VNQ,65.25679016113281,2915400
2020-10-16,VNQ,64.79178619384766,2925400
2020-10-19,VNQ,63.78165817260742,9873000
2020-10-20,VNQ,64.23863220214844,4038600
2020-10-21,VNQ,64.04622650146484,2685900
2020-10-22,VNQ,64.03821563720703,3828900
2020-10-23,VNQ,64.42301177978516,2588700
2020-10-26,VNQ,63.50109100341797,2691200
2020-10-27,VNQ,62.48295974731445,2264100
2020-10-28,VNQ,60.991825103759766,4422000
2020-10-29,VNQ,61.809532165527344,4645500
2020-10-30,VNQ,61.400691986083984,3978900
2020-11-02,VNQ,62.867740631103516,4254500
2020-11-03,VNQ,64.07830810546875,4214600
2020-11-04,VNQ,64.19054412841797,2867500
2020-11-05,VNQ,64.49517822265625,3984900
2020-11-06,VNQ,64.05423736572266,3696600
2020-11-09,VNQ,66.3230209350586,8999300
2020-11-10,VNQ,67.29303741455078,6146100
2020-11-11,VNQ,67.54959106445312,3416100
2020-11-12,VNQ,66.66775512695312,3939500
2020-11-13,VNQ,68.44747161865234,3443000
2020-11-16,VNQ,69.21705627441406,2978300
2020-11-17,VNQ,69.28120422363281,3856900
2020-11-18,VNQ,67.93437957763672,9655500
2020-11-19,VNQ,68.19893646240234,4225400
2020-11-20,VNQ,67.83016204833984,3136400
2020-11-23,VNQ,67.95842742919922,4520000
2020-11-24,VNQ,68.31918334960938,4805500
2020-11-25,VNQ,68.35926818847656,5792800
2020-11-27,VNQ,68.05463409423828,2063900
2020-11-30,VNQ,67.34112548828125,6413600
2020-12-01,VNQ,68.20697021484375,6489100
2020-12-02,VNQ,67.6698226928711,3738500
2020-12-03,VNQ,68.23902130126953,3386300
2020-12-04,VNQ,69.28120422363281,3053200
2020-12-07,VNQ,68.679931640625,2620500
2020-12-08,VNQ,68.43943786621094,2648100
2020-12-09,VNQ,68.0145492553711,5024000
2020-12-10,VNQ,67.7179183959961,3737900
2020-12-11,VNQ,67.65380096435547,4044400
2020-12-14,VNQ,67.35717010498047,3735200
2020-12-15,VNQ,68.73606872558594,2867700
2020-12-16,VNQ,68.81620788574219,3419900
2020-12-17,VNQ,69.48161315917969,3341400
2020-12-18,VNQ,68.08668518066406,3988500
2020-12-21,VNQ,67.70188903808594,4993600
2020-12-22,VNQ,68.17488098144531,2828900
2020-12-23,VNQ,67.73397064208984,3659000
2020-12-24,VNQ,68.32696533203125,1563600
2020-12-28,VNQ,68.73426818847656,5655100
2020-12-29,VNQ,68.14777374267578,3880100
2020-12-30,VNQ,68.5224609375,3995900
2020-12-31,VNQ,69.18226623535156,4827300
2021-01-04,VNQ,66.93404388427734,5311500
2021-01-05,VNQ,67.03179931640625,4932600
2021-01-06,VNQ,67.14582824707031,6520100
2021-01-07,VNQ,67.01551055908203,4068400
2021-01-08,VNQ,67.66716766357422,4931600
2021-01-11,VNQ,66.77113342285156,6565100
2021-01-12,VNQ,66.9259033203125,7857300
2021-01-13,VNQ,67.740478515625,9024900
2021-01-14,VNQ,68.13961791992188,5866400
2021-01-15,VNQ,68.92162322998047,3939700
2021-01-19,VNQ,68.7260971069336,5521200
2021-01-20,VNQ,70.03759765625,5198300
2021-01-21,VNQ,69.70359802246094,4213200
2021-01-22,VNQ,69.86653900146484,5272700
2021-01-25,VNQ,70.39600372314453,7819700
2021-01-26,VNQ,70.89288330078125,4706300
2021-01-27,VNQ,69.63844299316406,5907600
2021-01-28,VNQ,70.0131607055664,6237000
2021-01-29,VNQ,69.20671844482422,7349800
2021-02-01,VNQ,70.78700256347656,6149000
2021-02-02,VNQ,71.2105941772461,3849800
2021-02-03,VNQ,71.03137969970703,5148700
2021-02-04,VNQ,71.52012634277344,4118200
2021-02-05,VNQ,71.77264404296875,2583900
2021-02-08,VNQ,72.16363525390625,3212700
2021-02-09,VNQ,72.4161605834961,2518800
2021-02-10,VNQ,72.80715942382812,3421400
2021-02-11,VNQ,72.96194458007812,3717000
2021-02-12,VNQ,72.97821044921875,2297400
2021-02-16,VNQ,72.4161605834961,2774500
2021-02-17,VNQ,72.32655334472656,2939000
2021-02-18,VNQ,72.01702117919922,3254600
2021-02-19,VNQ,72.4324722290039,4170700
2021-02-22,VNQ,73.03524017333984,3493000
2021-02-23,VNQ,73.49139404296875,4378300
2021-02-24,VNQ,74.05347442626953,3551200
2021-02-25,VNQ,72.6361083984375,7548800
2021-02-26,VNQ,71.5771255493164,6519800
2021-03-01,VNQ,71.89483642578125,4834000
2021-03-02,VNQ,71.20244598388672,4715600
2021-03-03,VNQ,70.79515075683594,6231400
2021-03-04,VNQ,69.98870086669922,6869500
2021-03-05,VNQ,70.75442504882812,7166100
2021-03-08,VNQ,71.3653564453125,4823000
2021-03-09,VNQ,71.83781433105469,3873600
2021-03-10,VNQ,72.55464935302734,3429700
2021-03-11,VNQ,73.40180969238281,3830000
2021-03-12,VNQ,74.63182067871094,3262800
2021-03-15,VNQ,75.73966217041016,6026400
2021-03-16,VNQ,75.43011474609375,3122500
2021-03-17,VNQ,75.49527740478516,3663100
2021-03-18,VNQ,74.72956085205078,3496000
2021-03-19,VNQ,73.71134948730469,4429400
2021-03-22,VNQ,74.23268127441406,2677000
2021-03-23,VNQ,74.12678527832031,2966400
2021-03-24,VNQ,73.71134948730469,4144500
2021-03-25,VNQ,74.46186828613281,4218800
2021-03-26,VNQ,76.06775665283203,3864600
2021-03-29,VNQ,75.62533569335938,5116600
2021-03-30,VNQ,75.7236557006836,5822100
2021-03-31,VNQ,75.26483917236328,4430400
2021-04-01,VNQ,76.63311767578125,5461200
2021-04-05,VNQ,76.92809295654297,4239900
2021-04-06,VNQ,77.1247329711914,5111600
2021-04-07,VNQ,77.18209075927734,3038500
2021-04-08,VNQ,76.89529418945312,5034300
2021-04-09,VNQ,76.80520629882812,5371000
2021-04-12,VNQ,77.25584411621094,2828200
2021-04-13,VNQ,77.64092254638672,3975300
2021-04-14,VNQ,77.23125457763672,4569100
2021-04-15,VNQ,78.58314514160156,6497000
2021-04-16,VNQ,78.7552261352539,3754200
2021-04-19,VNQ,78.91089630126953,2882900
2021-04-20,VNQ,79.55818176269531,4968700
2021-04-21,VNQ,80.08255004882812,4407000
2021-04-22,VNQ,79.64828491210938,3207200
2021-04-23,VNQ,80.11532592773438,5225600
2021-04-26,VNQ,80.35295104980469,5404600
2021-04-27,VNQ,80.3447494506836,3091100
2021-04-28,VNQ,80.17267608642578,3509200
2021-04-29,VNQ,80.8609390258789,3319100
2021-04-30,VNQ,81.18048095703125,4371300
2021-05-03,VNQ,81.02479553222656,6844100
2021-05-04,VNQ,80.50041198730469,6449000
2021-05-05,VNQ,79.16488647460938,4580300
2021-05-06,VNQ,79.60736083984375,5649700
2021-05-07,VNQ,80.65609741210938,5884900
2021-05-10,VNQ,80.63151550292969,3436700
2021-05-11,VNQ,79.61553955078125,4036900
2021-05-12,VNQ,77.59996795654297,4601200
2021-05-13,VNQ,78.6077651977539,5118900
2021-05-14,VNQ,79.54177856445312,3936600
2021-05-17,VNQ,79.62373352050781,3320200
2021-05-18,VNQ,79.6401138305664,3359800
2021-05-19,VNQ,79.38612365722656,3602500
2021-05-20,VNQ,80.2791976928711,2466500
2021-05-21,VNQ,80.1972427368164,3020000
2021-05-24,VNQ,81.1968765258789,3491500
2021-05-25,VNQ,81.17227172851562,4243300
2021-05-26,VNQ,81.53278350830078,4518100
2021-05-27,VNQ,81.34434509277344,4362900
2021-05-28,VNQ,81.83594512939453,3409400
2021-06-01,VNQ,83.31076049804688,4385000
2021-06-02,VNQ,84.2857894897461,4446100
2021-06-03,VNQ,83.97445678710938,4187600
2021-06-04,VNQ,84.01538848876953,3121200
2021-06-07,VNQ,85.0068130493164,4773100
2021-06-08,VNQ,85.71142578125,3935800
2021-06-09,VNQ,85.82615661621094,3243000
2021-06-10,VNQ,86.44063568115234,4010100
2021-06-11,VNQ,86.0965347290039,3274100
2021-06-14,VNQ,86.43245697021484,3531700
2021-06-15,VNQ,85.50658416748047,4099600
2021-06-16,VNQ,84.949462890625,4498600
2021-06-17,VNQ,84.84294128417969,5055100
2021-06-18,VNQ,83.40089416503906,5358000
2021-06-21,VNQ,85.12151336669922,3672900
2021-06-22,VNQ,84.67906951904297,3088200
2021-06-23,VNQ,84.53157806396484,3682900
2021-06-24,VNQ,84.34922790527344,3229000
2021-06-25,VNQ,84.91858673095703,2739100
2021-06-28,VNQ,84.6710433959961,3940700
2021-06-29,VNQ,84.43999481201172,3777300
2021-06-30,VNQ,83.99441528320312,6640100
2021-07-01,VNQ,84.35748291015625,6491100
2021-07-02,VNQ,84.61328887939453,4451800
2021-07-06,VNQ,85.23217010498047,4478800
2021-07-07,VNQ,85.52922821044922,5085500
2021-07-08,VNQ,85.28992462158203,6426800
2021-07-09,VNQ,86.69273376464844,5780200
2021-07-12,VNQ,87.43536376953125,5627600
2021-07-13,VNQ,86.21411895751953,5474100
2021-07-14,VNQ,86.81651306152344,3397400
2021-07-15,VNQ,86.95677947998047,2990100
2021-07-16,VNQ,86.89901733398438,6435400
2021-07-19,VNQ,85.31468200683594,5097800
2021-07-20,VNQ,87.3281021118164,4999700
2021-07-21,VNQ,87.31985473632812,4329100
2021-07-22,VNQ,86.62671661376953,3932400
2021-07-23,VNQ,87.3446044921875,4128200
2021-07-26,VNQ,87.38585662841797,2857700
2021-07-27,VNQ,87.88096618652344,3096100
2021-07-28,VNQ,87.57564544677734,3577300
2021-07-29,VNQ,87.5921630859375,3357700
2021-07-30,VNQ,87.70767211914062,4325800
2021-08-02,VNQ,87.51789093017578,4089800
2021-08-03,VNQ,87.62516021728516,5178600
2021-08-04,VNQ,87.35285949707031,4038300
2021-08-05,VNQ,88.3760757446289,3294800
2021-08-06,VNQ,88.21929168701172,2753600
2021-08-09,VNQ,87.74893951416016,2727800
2021-08-10,VNQ,86.91551208496094,3771000
2021-08-11,VNQ,87.4271240234375,3256700
2021-08-12,VNQ,87.61691284179688,2891900
2021-08-13,VNQ,88.09552001953125,2601600
2021-08-16,VNQ,87.98822021484375,3166800
2021-08-17,VNQ,87.89747619628906,3004300
2021-08-18,VNQ,87.09705352783203,3439200
2021-08-19,VNQ,87.51789093017578,4069500
2021-08-20,VNQ,87.95523071289062,3238900
2021-08-23,VNQ,87.79022216796875,3230600
2021-08-24,VNQ,87.40235900878906,2867100
2021-08-25,VNQ,87.3446044921875,3329400
2021-08-26,VNQ,87.37762451171875,2889400
2021-08-27,VNQ,88.2935562133789,3059300
2021-08-30,VNQ,89.17648315429688,3600600
2021-08-31,VNQ,89.59732818603516,4210100
2021-09-01,VNQ,91.03313446044922,5683100
2021-09-02,VNQ,91.51172637939453,5207100
2021-09-03,VNQ,91.52823638916016,4460700
2021-09-07,VNQ,90.49678039550781,4929300
2021-09-08,VNQ,90.95061492919922,4265700
2021-09-09,VNQ,89.10222625732422,6221300
2021-09-10,VNQ,87.79846954345703,5894700
2021-09-13,VNQ,88.392578125,5725300
2021-09-14,VNQ,88.23578643798828,3848200
2021-09-15,VNQ,88.51634216308594,4027400
2021-09-16,VNQ,88.59062957763672,3405200
2021-09-17,VNQ,87.79846954345703,6964300
2021-09-20,VNQ,87.2620849609375,6207000
2021-09-21,VNQ,87.3033447265625,4371800
2021-09-22,VNQ,88.15327453613281,4650400
2021-09-23,VNQ,87.97998046875,4042800
2021-09-24,VNQ,87.03926849365234,4881000
2021-09-27,VNQ,85.86856079101562,4311000
2021-09-28,VNQ,85.287353515625,7096500
2021-09-29,VNQ,85.92668914794922,6227000
2021-09-30,VNQ,84.50689697265625,7019300
2021-10-01,VNQ,85.70249938964844,6106100
2021-10-04,VNQ,85.71908569335938,5638600
2021-10-05,VNQ,85.12959289550781,4313800
2021-10-06,VNQ,85.94329833984375,5587900
2021-10-07,VNQ,86.1757583618164,4055300
2021-10-08,VNQ,85.36209106445312,5295400
2021-10-11,VNQ,85.57795715332031,2634200
2021-10-12,VNQ,86.69886016845703,3666500
2021-10-13,VNQ,87.32986450195312,3371000
2021-10-14,VNQ,88.39264678955078,2721900
2021-10-15,VNQ,88.32621002197266,3065400
2021-10-18,VNQ,88.5504150390625,3424100
2021-10-19,VNQ,88.59190368652344,3104500
2021-10-20,VNQ,89.98680877685547,6018900
2021-10-21,VNQ,90.1113510131836,4849600
2021-10-22,VNQ,90.53478240966797,4873000
2021-10-25,VNQ,90.82537078857422,2625200
2021-10-26,VNQ,91.07447052001953,2940600
2021-10-27,VNQ,90.30229949951172,3573000
2021-10-28,VNQ,91.56433868408203,3681000
2021-10-29,VNQ,90.53478240966797,5990500
2021-11-01,VNQ,90.983154296875,5846500
2021-11-02,VNQ,91.41488647460938,3405900
2021-11-03,VNQ,91.72209930419922,2723200
2021-11-04,VNQ,90.85031127929688,3378800
2021-11-05,VNQ,91.31526184082031,3209300
2021-11-08,VNQ,91.24053955078125,2989800
2021-11-09,VNQ,91.39828491210938,2671500
2021-11-10,VNQ,90.97486114501953,4021900
2021-11-11,VNQ,91.12429809570312,2395200
2021-11-12,VNQ,91.05787658691406,3194300
2021-11-15,VNQ,91.69719696044922,2713500
2021-11-16,VNQ,91.0910873413086,3043900
2021-11-17,VNQ,91.3733901977539,4667900
2021-11-18,VNQ,91.38997650146484,2812800
2021-11-19,VNQ,90.85031127929688,2928800
2021-11-22,VNQ,90.4019546508789,3352600
2021-11-23,VNQ,91.13259887695312,3867100
2021-11-24,VNQ,92.23687744140625,3227600
2021-11-26,VNQ,89.6712875366211,3514700
2021-11-29,VNQ,90.33552551269531,4825900
2021-11-30,VNQ,88.6251449584961,6335800
2021-12-01,VNQ,87.16381072998047,8641300
2021-12-02,VNQ,89.77922821044922,7134400
2021-12-03,VNQ,89.48031616210938,7798400
2021-12-06,VNQ,91.04956817626953,7212400
2021-12-07,VNQ,92.36144256591797,5363400
2021-12-08,VNQ,93.02567291259766,5542400
2021-12-09,VNQ,91.68058013916016,3724500
2021-12-10,VNQ,91.962890625,3828200
2021-12-13,VNQ,92.8263931274414,6555000
2021-12-14,VNQ,91.6390609741211,5924500
2021-12-15,VNQ,92.926025390625,6675800
2021-12-16,VNQ,92.8927993774414,6178900
2021-12-17,VNQ,92.77657318115234,7201700
2021-12-20,VNQ,92.05422973632812,6071100
2021-12-21,VNQ,93.09209442138672,4251000
2021-12-22,VNQ,94.04692077636719,4517500
2021-12-23,VNQ,93.9472885131836,6977700
2021-12-27,VNQ,95.54216003417969,9185100
2021-12-28,VNQ,95.8941650390625,3630400
2021-12-29,VNQ,96.53949737548828,3842900
2021-12-30,VNQ,96.95854187011719,3990400
2021-12-31,VNQ,97.22672271728516,5440300
2022-01-03,VNQ,96.46406555175781,9845000
2022-01-04,VNQ,96.34671783447266,5330700
2022-01-05,VNQ,93.58942413330078,6928300
2022-01-06,VNQ,93.67323303222656,5974500
2022-01-07,VNQ,93.05303955078125,6999300
2022-01-10,VNQ,92.51666259765625,6571900
2022-01-11,VNQ,92.65913391113281,5568500
2022-01-12,VNQ,92.76809692382812,4331700
2022-01-13,VNQ,92.58370208740234,3921700
2022-01-14,VNQ,91.74561309814453,6465300
2022-01-18,VNQ,90.78182983398438,5828700
2022-01-19,VNQ,89.5582046508789,5111000
2022-01-20,VNQ,88.41001892089844,6982000
2022-01-21,VNQ,88.19212341308594,8031500
2022-01-24,VNQ,88.35973358154297,15646100
2022-01-25,VNQ,88.00775146484375,9942900
2022-01-26,VNQ,86.63328552246094,9589300
2022-01-27,VNQ,85.20012664794922,7459300
2022-01-28,VNQ,87.95745086669922,6924500
2022-01-31,VNQ,89.03858184814453,7457700
2022-02-01,VNQ,88.72012329101562,9610000
2022-02-02,VNQ,89.8515396118164,4619300
2022-02-03,VNQ,88.8961181640625,5453100
2022-02-04,VNQ,88.0161361694336,6865600
2022-02-07,VNQ,87.89041900634766,5860900
2022-02-08,VNQ,87.47974395751953,6106100
2022-02-09,VNQ,89.45765686035156,5746600
2022-02-10,VNQ,87.34564971923828,6948000
2022-02-11,VNQ,86.54946899414062,5679000
2022-02-14,VNQ,85.76165008544922,5350200
2022-02-15,VNQ,86.53270721435547,3612600
2022-02-16,VNQ,86.93501281738281,4333000
2022-02-17,VNQ,86.01309967041016,4847000
2022-02-18,VNQ,85.49347686767578,4809500
2022-02-22,VNQ,85.18338012695312,6656900
2022-02-23,VNQ,83.77539825439453,6201000
2022-02-24,VNQ,85.18338012695312,9479200
2022-02-25,VNQ,87.2366943359375,5870300
2022-02-28,VNQ,85.93765258789062,7296900
2022-03-01,VNQ,85.48509216308594,8896200
2022-03-02,VNQ,87.08585357666016,6946100
2022-03-03,VNQ,87.79822540283203,6517000
2022-03-04,VNQ,88.20050048828125,6438500
2022-03-07,VNQ,86.45728302001953,6506200
2022-03-08,VNQ,86.03823852539062,7090600
2022-03-09,VNQ,87.3624038696289,5785900
2022-03-10,VNQ,87.580322265625,4034900
2022-03-11,VNQ,86.88469696044922,5381600
2022-03-14,VNQ,86.20584869384766,4539900
2022-03-15,VNQ,86.78414154052734,5245000
2022-03-16,VNQ,87.81499481201172,6561300
2022-03-17,VNQ,89.17269134521484,3844300
2022-03-18,VNQ,89.17269134521484,5815300
2022-03-21,VNQ,88.62792205810547,4571900
2022-03-22,VNQ,88.85421752929688,4749800
2022-03-23,VNQ,87.8573226928711,4595400
2022-03-24,VNQ,88.41348266601562,3893400
2022-03-25,VNQ,89.51740264892578,4495100
2022-03-28,VNQ,90.46961212158203,4130800
2022-03-29,VNQ,93.1240463256836,5350500
2022-03-30,VNQ,92.44988250732422,5216200
2022-03-31,VNQ,91.32072448730469,7466900
2022-04-01,VNQ,93.09876251220703,6568700
2022-04-04,VNQ,92.64373779296875,6311800
2022-04-05,VNQ,92.18867492675781,4993700
2022-04-06,VNQ,93.28414916992188,5050800
2022-04-07,VNQ,92.35720825195312,5338200
2022-04-08,VNQ,92.50889587402344,5941000
2022-04-11,VNQ,91.5145492553711,4315700
2022-04-12,VNQ,91.37973022460938,5094800
2022-04-13,VNQ,92.028564453125,4673100
2022-04-14,VNQ,91.63251495361328,4464700
2022-04-18,VNQ,91.2617416381836,4256900
2022-04-19,VNQ,93.25045776367188,7536100
2022-04-20,VNQ,94.80097961425781,5395900
2022-04-21,VNQ,94.1436767578125,4820700
2022-04-22,VNQ,92.49205017089844,4917800
2022-04-25,VNQ,92.25609588623047,6032300
2022-04-26,VNQ,90.7392807006836,6217500
2022-04-27,VNQ,90.14097595214844,6007100
2022-04-28,VNQ,91.80105590820312,7235300
2022-04-29,VNQ,87.58769226074219,9573900
2022-05-02,VNQ,85.4725570678711,11885700
2022-05-03,VNQ,86.5343246459961,7245400
2022-05-04,VNQ,87.52869415283203,8686700
2022-05-05,VNQ,85.1944808959961,8884000
2022-05-06,VNQ,84.1832504272461,9398500
2022-05-09,VNQ,80.47549438476562,8491700
2022-05-10,VNQ,79.00923919677734,12528300
2022-05-11,VNQ,78.8406982421875,9095800
2022-05-12,VNQ,79.45585632324219,8312300
2022-05-13,VNQ,81.55411529541016,7536700
2022-05-16,VNQ,81.04008483886719,4614200
2022-05-17,VNQ,82.14399719238281,4492000
2022-05-18,VNQ,79.75922393798828,5130300
2022-05-19,VNQ,79.40531158447266,6365100
2022-05-20,VNQ,79.91090393066406,4471300
2022-05-23,VNQ,80.83785247802734,4662400
2022-05-24,VNQ,81.52041625976562,5895300
2022-05-25,VNQ,82.2114028930664,4589300
2022-05-26,VNQ,82.31251525878906,4355200
2022-05-27,VNQ,84.52033996582031,4990000
2022-05-31,VNQ,83.48384094238281,6276900
2022-06-01,VNQ,82.79286193847656,4607100
2022-06-02,VNQ,83.93046569824219,5450800
2022-06-03,VNQ,82.80970764160156,4989900
2022-06-06,VNQ,82.54846954345703,5445300
2022-06-07,VNQ,83.68607330322266,6489200
2022-06-08,VNQ,81.75635528564453,4566100
2022-06-09,VNQ,79.81820678710938,4358600
2022-06-10,VNQ,78.04857635498047,7260100
2022-06-13,VNQ,74.14700317382812,8559700
2022-06-14,VNQ,73.58241271972656,8707300
2022-06-15,VNQ,75.32675170898438,8851100
2022-06-16,VNQ,73.34645080566406,8083300
2022-06-17,VNQ,73.90262603759766,7791800
2022-06-21,VNQ,74.93067932128906,5933100
2022-06-22,VNQ,75.88290405273438,6250200
2022-06-23,VNQ,77.3245849609375,6139300
2022-06-24,VNQ,78.96979522705078,4656500
2022-06-27,VNQ,78.85106658935547,3784200
2022-06-28,VNQ,77.89277648925781,4735900
2022-06-29,VNQ,77.40938568115234,4606700
2022-06-30,VNQ,77.26521301269531,6402600
2022-07-01,VNQ,78.6560287475586,4512500
2022-07-05,VNQ,78.43553161621094,5154400
2022-07-06,VNQ,78.2913589477539,3428900
2022-07-07,VNQ,78.50337982177734,3032400
2022-07-08,VNQ,78.08782958984375,3509800
2022-07-11,VNQ,77.91822052001953,3453200
2022-07-12,VNQ,77.61292266845703,4396100
2022-07-13,VNQ,77.23977661132812,5572400
2022-07-14,VNQ,76.54438781738281,4494500
2022-07-15,VNQ,77.8418960571289,5124800
2022-07-18,VNQ,77.29067993164062,3397900
2022-07-19,VNQ,79.29205322265625,3659100
2022-07-20,VNQ,79.10547637939453,4212400
2022-07-21,VNQ,79.73303985595703,5062800
2022-07-22,VNQ,80.1485595703125,3615200
2022-07-25,VNQ,80.28425598144531,3252800
2022-07-26,VNQ,80.36906433105469,3337300
2022-07-27,VNQ,80.8524398803711,4160900
2022-07-28,VNQ,83.472900390625,4100300
2022-07-29,VNQ,83.92236328125,3301300
2022-08-01,VNQ,83.24392700195312,3572700
2022-08-02,VNQ,82.17539978027344,4731300
2022-08-03,VNQ,82.43829345703125,3107000
2022-08-04,VNQ,82.31108093261719,2884200
2022-08-05,VNQ,82.5400619506836,2719300
2022-08-08,VNQ,83.27783966064453,4694200
2022-08-09,VNQ,83.73579406738281,3403700
2022-08-10,VNQ,85.00786590576172,3165200
2022-08-11,VNQ,84.80432891845703,2151600
2022-08-12,VNQ,86.26295471191406,3423700
2022-08-15,VNQ,86.61064910888672,2135300
2022-08-16,VNQ,86.38169860839844,3680800
2022-08-17,VNQ,85.86439514160156,3683400
2022-08-18,VNQ,85.29620361328125,2263400
2022-08-19,VNQ,84.39727783203125,2788800
2022-08-22,VNQ,82.55701446533203,3517500
2022-08-23,VNQ,81.4969711303711,5605300
2022-08-24,VNQ,81.96337890625,2292200
2022-08-25,VNQ,83.18455505371094,2129200
2022-08-26,VNQ,81.08990478515625,3187200
2022-08-29,VNQ,80.36058807373047,2833800
2022-08-30,VNQ,79.24964141845703,3643600
2022-08-31,VNQ,78.87651824951172,4100800
2022-09-01,VNQ,79.02068328857422,4746100
2022-09-02,VNQ,77.91822052001953,3561800
2022-09-06,VNQ,78.62210845947266,4591800
2022-09-07,VNQ,80.15705108642578,3681100
2022-09-08,VNQ,80.37754821777344,3408300
2022-09-09,VNQ,81.25102233886719,4129900
2022-09-12,VNQ,82.03971099853516,2737500
2022-09-13,VNQ,78.90194702148438,4824900
2022-09-14,VNQ,78.0030288696289,5301500
2022-09-15,VNQ,76.56134796142578,6727800
2022-09-16,VNQ,76.56983947753906,6807800
2022-09-19,VNQ,76.4595947265625,4467100
2022-09-20,VNQ,74.60236358642578,5850800
2022-09-21,VNQ,73.423583984375,7128900
2022-09-22,VNQ,72.49073791503906,6743600
2022-09-23,VNQ,71.5272216796875,8982100
2022-09-26,VNQ,69.52130889892578,8119600
2022-09-27,VNQ,68.59549713134766,10015000
2022-09-28,VNQ,70.01848602294922,9000200
2022-09-29,VNQ,67.96114349365234,8576300
2022-09-30,VNQ,68.72407531738281,9023600
2022-10-03,VNQ,69.94991302490234,8718400
2022-10-04,VNQ,71.36433410644531,6439300
2022-10-05,VNQ,69.96705627441406,6518400
2022-10-06,VNQ,68.0211410522461,7820800
2022-10-07,VNQ,66.38385009765625,6913700
2022-10-10,VNQ,65.75806427001953,6549500
2022-10-11,VNQ,66.42670440673828,7189700
2022-10-12,VNQ,65.73236083984375,6634400
2022-10-13,VNQ,66.93246459960938,8561200
2022-10-14,VNQ,65.26943969726562,7320700
2022-10-17,VNQ,67.72969055175781,5823800
2022-10-18,VNQ,68.4668960571289,5609200
2022-10-19,VNQ,66.76101684570312,6452100
2022-10-20,VNQ,66.46955871582031,4959700
2022-10-21,VNQ,66.99248504638672,6060100
2022-10-24,VNQ,66.98390197753906,4918000
2022-10-25,VNQ,69.6155776977539,5815800
2022-10-26,VNQ,69.57274627685547,5746800
2022-10-27,VNQ,69.67559051513672,5239600
2022-10-28,VNQ,71.21002960205078,4651400
2022-10-31,VNQ,71.13290405273438,5112200
2022-11-01,VNQ,71.10717010498047,4751100
2022-11-02,VNQ,69.1526870727539,7240200
2022-11-03,VNQ,69.05840301513672,5231600
2022-11-04,VNQ,70.00137329101562,5664800
2022-11-07,VNQ,70.00137329101562,5545800
2022-11-08,VNQ,70.21566772460938,5578400
2022-11-09,VNQ,69.4955825805664,5510300
2022-11-10,VNQ,74.5789566040039,8312600
2022-11-11,VNQ,74.57038116455078,5928000
2022-11-14,VNQ,72.75305938720703,6181900
2022-11-15,VNQ,73.54169464111328,5283900
2022-11-16,VNQ,72.8730697631836,4258200
2022-11-17,VNQ,72.37586975097656,4463400
2022-11-18,VNQ,73.29310607910156,3854100
2022-11-21,VNQ,73.6788558959961,3505900
2022-11-22,VNQ,74.08174896240234,3514700
2022-11-23,VNQ,74.14176177978516,4423800
2022-11-25,VNQ,74.61323547363281,1524100
2022-11-28,VNQ,72.61589050292969,4032700
2022-11-29,VNQ,73.8160171508789,6035700
2022-11-30,VNQ,75.50476837158203,7077800
2022-12-01,VNQ,75.34187316894531,5038900
2022-12-02,VNQ,75.11900329589844,3953700
2022-12-05,VNQ,73.74742889404297,5983200
2022-12-06,VNQ,73.0530776977539,5276900
2022-12-07,VNQ,73.19881439208984,6206700
2022-12-08,VNQ,73.7131576538086,3994400
2022-12-09,VNQ,73.57598876953125,4572500
2022-12-12,VNQ,74.14176177978516,5115900
2022-12-13,VNQ,75.51332092285156,6864400
2022-12-14,VNQ,74.99899291992188,6553300
2022-12-15,VNQ,73.99602508544922,5325500
2022-12-16,VNQ,72.08440399169922,8166400
2022-12-19,VNQ,71.16718292236328,3776100
2022-12-20,VNQ,70.98715209960938,6614800
2022-12-21,VNQ,71.59579467773438,7101700
2022-12-22,VNQ,71.29499053955078,6619400
2022-12-23,VNQ,71.92961120605469,3539500
2022-12-27,VNQ,71.90352630615234,3961900
2022-12-28,VNQ,70.67776489257812,5168000
2022-12-29,VNQ,72.22520446777344,5398400
2022-12-30,VNQ,71.70359802246094,4897700
2023-01-03,VNQ,71.77313232421875,5906600
2023-01-04,VNQ,73.3988037109375,6860200
2023-01-05,VNQ,71.4254150390625,6839500
2023-01-06,VNQ,73.34666442871094,5962000
2023-01-09,VNQ,73.37273406982422,5699200
2023-01-10,VNQ,73.53790283203125,8040700
2023-01-11,VNQ,76.17202758789062,5663300
2023-01-12,VNQ,77.13699340820312,5890600
2023-01-13,VNQ,76.65885925292969,4153800
2023-01-17,VNQ,76.87619018554688,3943900
2023-01-18,VNQ,75.75474548339844,5984200
2023-01-19,VNQ,75.33746337890625,4696800
2023-01-20,VNQ,76.23287963867188,4251100
2023-01-23,VNQ,76.58061981201172,5154100
2023-01-24,VNQ,76.7718734741211,3810600
2023-01-25,VNQ,76.8066635131836,4953300
2023-01-26,VNQ,77.66728973388672,3939000
2023-01-27,VNQ,78.53663635253906,4972100
2023-01-30,VNQ,77.53690338134766,4737700
2023-01-31,VNQ,79.16255950927734,5449600
2023-02-01,VNQ,79.64939880371094,9787400
2023-02-02,VNQ,81.45763397216797,5218600
2023-02-03,VNQ,79.92759704589844,5353000
2023-02-06,VNQ,79.34513092041016,3787500
2023-02-07,VNQ,79.17127227783203,5912700
2023-02-08,VNQ,78.79743957519531,4886900
2023-02-09,VNQ,77.93681335449219,2905100
2023-02-10,VNQ,78.20628356933594,3270300
2023-02-13,VNQ,78.9017562866211,2921900
2023-02-14,VNQ,78.27584838867188,4217600
2023-02-15,VNQ,78.58879852294922,3669900
2023-02-16,VNQ,77.82377624511719,4493100
2023-02-17,VNQ,77.5195083618164,4299600
2023-02-21,VNQ,75.96337127685547,4926400
2023-02-22,VNQ,75.2765884399414,4456500
2023-02-23,VNQ,75.84166717529297,6074900
2023-02-24,VNQ,74.5115737915039,5065400
2023-02-27,VNQ,74.62458038330078,5170800
2023-02-28,VNQ,74.520263671875,7261100
2023-03-01,VNQ,73.58139038085938,7041800
2023-03-02,VNQ,74.44202423095703,5208800
2023-03-03,VNQ,75.57218170166016,4542100
2023-03-06,VNQ,75.2765884399414,3893700
2023-03-07,VNQ,73.52052307128906,6540600
2023-03-08,VNQ,74.36378479003906,5750400
2023-03-09,VNQ,72.65988159179688,5974200
2023-03-10,VNQ,70.25178527832031,10351000
2023-03-13,VNQ,71.17328643798828,16288000
2023-03-14,VNQ,71.86006164550781,8706400
2023-03-15,VNQ,71.80791473388672,10284900
2023-03-16,VNQ,71.65142822265625,10324300
2023-03-17,VNQ,70.02576446533203,9103200
2023-03-20,VNQ,70.82555389404297,6300300
2023-03-21,VNQ,70.51258850097656,5024500
2023-03-22,VNQ,67.87847137451172,8283600
2023-03-23,VNQ,67.4524917602539,6274400
2023-03-24,VNQ,69.18226623535156,8380000
2023-03-27,VNQ,69.10323333740234,4956700
2023-03-28,VNQ,68.93640899658203,4213800
2023-03-29,VNQ,70.4642333984375,6364000
2023-03-30,VNQ,71.38619995117188,4838000
2023-03-31,VNQ,72.91401672363281,6148200
2023-04-03,VNQ,72.33448791503906,7582700
2023-04-04,VNQ,72.23790740966797,6243400
2023-04-05,VNQ,71.85157012939453,7024100
2023-04-06,VNQ,72.34327697753906,7008200
2023-04-10,VNQ,72.67693328857422,3972100
2023-04-11,VNQ,72.98426055908203,4839400
2023-04-12,VNQ,72.63304901123047,5920500
2023-04-13,VNQ,72.41352844238281,3884400
2023-04-14,VNQ,71.28960418701172,5078300
2023-04-17,VNQ,72.7735366821289,5148900
2023-04-18,VNQ,72.606689453125,4189600
2023-04-19,VNQ,73.0369644165039,3624200
2023-04-20,VNQ,72.31693267822266,4604400
2023-04-21,VNQ,72.32572174072266,5136600
2023-04-24,VNQ,72.05351257324219,3673500
2023-04-25,VNQ,71.34228515625,5127500
2023-04-26,VNQ,70.65740966796875,5128500
2023-04-27,VNQ,72.25547790527344,6439300
2023-04-28,VNQ,73.1423110961914,5352800
2023-05-01,VNQ,72.59790802001953,4817200
2023-05-02,VNQ,71.36861419677734,5442500
2023-05-03,VNQ,71.08765411376953,7538900
2023-05-04,VNQ,71.67595672607422,7231800
2023-05-05,VNQ,72.87010955810547,4560600
2023-05-08,VNQ,72.44866180419922,4896000
2023-05-09,VNQ,72.14132690429688,4522000
2023-05-10,VNQ,72.8349838256836,6331600
2023-05-11,VNQ,72.03596496582031,5175400
2023-05-12,VNQ,72.02718353271484,3293800
2023-05-15,VNQ,71.90423583984375,3477400
2023-05-16,VNQ,70.10423278808594,5401000
2023-05-17,VNQ,71.05254364013672,4849000
2023-05-18,VNQ,70.71009826660156,4009000
2023-05-19,VNQ,70.59593200683594,4803400
2023-05-22,VNQ,71.02619934082031,4839100
2023-05-23,VNQ,70.3588638305664,5460000
2023-05-24,VNQ,68.84861755371094,4910700
2023-05-25,VNQ,68.8398208618164,4810700
2023-05-26,VNQ,69.63008117675781,3230700
2023-05-30,VNQ,69.89350128173828,4449400
2023-05-31,VNQ,70.24469757080078,4673800
2023-06-01,VNQ,70.25347900390625,4016600
2023-06-02,VNQ,71.96570587158203,5114900
2023-06-05,VNQ,71.4652099609375,3936600
2023-06-06,VNQ,72.15010070800781,4728200
2023-06-07,VNQ,73.47598266601562,3825200
2023-06-08,VNQ,73.0193862915039,3097900
2023-06-09,VNQ,72.59790802001953,3199400
2023-06-12,VNQ,72.61546325683594,4072500
2023-06-13,VNQ,73.08085632324219,3693700
2023-06-14,VNQ,73.3530502319336,5042700
2023-06-15,VNQ,73.7394027709961,4661000
2023-06-16,VNQ,73.68671417236328,4576900
2023-06-20,VNQ,72.81742858886719,3826600
2023-06-21,VNQ,72.37840270996094,4691300
2023-06-22,VNQ,71.34228515625,5114800
2023-06-23,VNQ,70.3588638305664,3956400
2023-06-26,VNQ,71.98328399658203,3246800
2023-06-27,VNQ,72.87010955810547,3845900
2023-06-28,VNQ,72.97547912597656,4691000
2023-06-29,VNQ,73.79063415527344,5033400
2023-06-30,VNQ,74.19910430908203,5758500
2023-07-03,VNQ,74.92723846435547,3632400
2023-07-05,VNQ,75.09596252441406,5766400
2023-07-06,VNQ,74.51879119873047,5609000
2023-07-07,VNQ,74.35005950927734,5865300
2023-07-10,VNQ,74.66973876953125,3855600
2023-07-11,VNQ,75.73529815673828,4038400
2023-07-12,VNQ,76.1437759399414,5361600
2023-07-13,VNQ,76.63215637207031,5067100
2023-07-14,VNQ,76.48120880126953,5618100
2023-07-17,VNQ,75.98394012451172,5610700
2023-07-18,VNQ,75.56660461425781,4605100
2023-07-19,VNQ,76.41905212402344,5363700
2023-07-20,VNQ,76.17041015625,5667100
2023-07-21,VNQ,76.52560424804688,4767700
2023-07-24,VNQ,77.15607452392578,4990600
2023-07-25,VNQ,76.60552215576172,4968100
2023-07-26,VNQ,76.95184326171875,7377400
2023-07-27,VNQ,75.28242492675781,8010000
2023-07-28,VNQ,75.22027587890625,5025800
2023-07-31,VNQ,75.70867156982422,6121600
2023-08-01,VNQ,75.58434295654297,4641600
2023-08-02,VNQ,75.14923858642578,4147000
2023-08-03,VNQ,74.3322982788086,6454100
2023-08-04,VNQ,73.72847747802734,5148300
2023-08-07,VNQ,74.6519775390625,3906500
2023-08-08,VNQ,74.17247009277344,3854800
2023-08-09,VNQ,74.1635971069336,2960200
2023-08-10,VNQ,73.87943267822266,4451100
2023-08-11,VNQ,73.99488067626953,3654700
2023-08-14,VNQ,73.5064926147461,3376700
2023-08-15,VNQ,72.68067932128906,3398400
2023-08-16,VNQ,71.78382110595703,3703700
2023-08-17,VNQ,71.20663452148438,4069800
2023-08-18,VNQ,71.42862701416016,3307400
2023-08-21,VNQ,70.77153778076172,3789800
2023-08-22,VNQ,70.97575378417969,3380200
2023-08-23,VNQ,72.0946044921875,3257800
2023-08-24,VNQ,71.8193359375,4523800
2023-08-25,VNQ,71.87262725830078,4252000
2023-08-28,VNQ,72.5474853515625,3448800
2023-08-29,VNQ,73.42656707763672,3515300
2023-08-30,VNQ,73.69295501708984,3042100
2023-08-31,VNQ,73.15130615234375,3410200
2023-09-01,VNQ,73.27561950683594,3403900
2023-09-05,VNQ,72.42314910888672,3578000
2023-09-06,VNQ,72.272216796875,3681300
2023-09-07,VNQ,72.7250747680664,5056100
2023-09-08,VNQ,72.44092559814453,3317400
2023-09-11,VNQ,72.44979858398438,2813600
2023-09-12,VNQ,72.41427612304688,2959200
2023-09-13,VNQ,71.62398529052734,3989000
2023-09-14,VNQ,72.92042541503906,3926600
2023-09-15,VNQ,72.64514923095703,3784500
2023-09-18,VNQ,71.99694061279297,3117700
2023-09-19,VNQ,71.66838836669922,2742500
2023-09-20,VNQ,71.73053741455078,3827800
2023-09-21,VNQ,69.28861999511719,6202200
2023-09-22,VNQ,68.76470947265625,5061200
2023-09-25,VNQ,68.70255279541016,3928200
2023-09-26,VNQ,67.45050811767578,5220800
2023-09-27,VNQ,66.99764251708984,6657600
2023-09-28,VNQ,67.64051055908203,6659600
2023-09-29,VNQ,67.8377685546875,6630600
2023-10-02,VNQ,66.59146881103516,7564300
2023-10-03,VNQ,65.2913818359375,7121000
2023-10-04,VNQ,66.08937072753906,8748100
2023-10-05,VNQ,66.45698547363281,5306900
2023-10-06,VNQ,66.63629913330078,5919900
2023-10-09,VNQ,67.3625717163086,3848200
2023-10-10,VNQ,67.68534088134766,4585700
2023-10-11,VNQ,68.85990905761719,6128600
2023-10-12,VNQ,67.8556900024414,4429000
2023-10-13,VNQ,67.68534088134766,5860800
2023-10-16,VNQ,68.49229431152344,4381800
2023-10-17,VNQ,68.39366149902344,5419300
2023-10-18,VNQ,66.941162109375,4853700
2023-10-19,VNQ,65.35413360595703,8238400
2023-10-20,VNQ,64.91481018066406,5874400
2023-10-23,VNQ,64.27822875976562,6906600
2023-10-24,VNQ,65.10308074951172,5755200
2023-10-25,VNQ,63.704368591308594,6254500
2023-10-26,VNQ,64.92377471923828,8144400
2023-10-27,VNQ,63.88369369506836,12043000
2023-10-30,VNQ,64.28717803955078,7041000
2023-10-31,VNQ,65.38104248046875,5964700
2023-11-01,VNQ,65.78453063964844,7021600
2023-11-02,VNQ,67.94535827636719,6450300
2023-11-03,VNQ,69.56822204589844,6394100
2023-11-06,VNQ,68.56402587890625,4432100
2023-11-07,VNQ,67.9991455078125,5235300
2023-11-08,VNQ,68.22331237792969,4398300
2023-11-09,VNQ,67.14736938476562,4922800
2023-11-10,VNQ,67.77499389648438,3943800
2023-11-13,VNQ,67.21013641357422,3791200
2023-11-14,VNQ,70.94004821777344,7493800
2023-11-15,VNQ,71.14627075195312,6033400
2023-11-16,VNQ,70.99385070800781,4879800
2023-11-17,VNQ,70.94004821777344,4379000
2023-11-20,VNQ,71.46009063720703,4225000
2023-11-21,VNQ,70.9579849243164,3703600
2023-11-22,VNQ,71.30766296386719,5280200
2023-11-24,VNQ,71.51387786865234,1893600
2023-11-27,VNQ,71.77388763427734,5790800
2023-11-28,VNQ,72.24910736083984,5811300
2023-11-29,VNQ,72.75121307373047,4605400
2023-11-30,VNQ,73.28021240234375,4118600
2023-12-01,VNQ,75.08240509033203,7182800
2023-12-04,VNQ,75.62933349609375,6740500
2023-12-05,VNQ,75.12724304199219,6149900
2023-12-06,VNQ,74.90308380126953,4405000
2023-12-07,VNQ,75.11827087402344,6631500
2023-12-08,VNQ,74.99273681640625,3416900
2023-12-11,VNQ,75.198974609375,3143200
2023-12-12,VNQ,75.15413665771484,3158400
2023-12-13,VNQ,78.03226470947266,5649600
2023-12-14,VNQ,80.28276824951172,6918500
2023-12-15,VNQ,79.15303802490234,7666400
2023-12-18,VNQ,78.97370910644531,6353800
2023-12-19,VNQ,79.57443237304688,5786900
2023-12-20,VNQ,78.60608673095703,6072600
2023-12-21,VNQ,79.30317687988281,4430000
2023-12-22,VNQ,79.61178588867188,5100300
2023-12-26,VNQ,80.2017822265625,4336600
2023-12-27,VNQ,80.59207916259766,5383600
2023-12-28,VNQ,81.16392517089844,3879100
2023-12-29,VNQ,80.2017822265625,5331500
2024-01-02,VNQ,80.89160919189453,6057900
2024-01-03,VNQ,78.95826721191406,5159600
2024-01-04,VNQ,78.81305694580078,5609900
2024-01-05,VNQ,78.61336517333984,3805800
2024-01-08,VNQ,79.73886108398438,5372100
2024-01-09,VNQ,79.20333862304688,3819000
2024-01-10,VNQ,79.29411315917969,3649900
2024-01-11,VNQ,78.55890655517578,5512700
2024-01-12,VNQ,79.03089141845703,3070300
2024-01-16,VNQ,78.44996643066406,5125800
2024-01-17,VNQ,77.01585388183594,4898900
2024-01-18,VNQ,76.59832000732422,4537800
2024-01-19,VNQ,77.51506805419922,6188700
2024-01-22,VNQ,77.97799682617188,4203000
2024-01-23,VNQ,77.44245910644531,4821800
2024-01-24,VNQ,76.33509826660156,3265600
2024-01-25,VNQ,77.31538391113281,4394300
2024-01-26,VNQ,77.09754943847656,2783200
2024-01-29,VNQ,77.60585021972656,3591900
2024-01-30,VNQ,76.87969970703125,4580900
2024-01-31,VNQ,76.14449310302734,8892900
2024-02-01,VNQ,77.52415466308594,8950700
2024-02-02,VNQ,76.56201934814453,7935800
2024-02-05,VNQ,74.95545959472656,6269400
2024-02-06,VNQ,75.96295166015625,5482300
2024-02-07,VNQ,75.85403442382812,5074200
2024-02-08,VNQ,76.47126007080078,3697200
2024-02-09,VNQ,76.5892333984375,3478100
2024-02-12,VNQ,76.60741424560547,3949000
2024-02-13,VNQ,75.02806091308594,6203500
2024-02-14,VNQ,75.61803436279297,5264400
2024-02-15,VNQ,77.37893676757812,5164800
2024-02-16,VNQ,76.5801773071289,4781000
2024-02-20,VNQ,76.44401550292969,4739900
2024-02-21,VNQ,76.8706283569336,4053000
2024-02-22,VNQ,77.01585388183594,5000600
2024-02-23,VNQ,76.97954559326172,4695600
2024-02-26,VNQ,76.13541412353516,5943300
2024-02-27,VNQ,76.2261962890625,3857800
2024-02-28,VNQ,76.99769592285156,5170700
2024-02-29,VNQ,77.65122985839844,6595400
2024-03-01,VNQ,78.57704162597656,6560900
2024-03-04,VNQ,79.31226348876953,5319000
2024-03-05,VNQ,78.3501205444336,4722600
2024-03-06,VNQ,78.74043273925781,4999400
2024-03-07,VNQ,78.72228240966797,3164100
2024-03-08,VNQ,79.62995147705078,4546400
2024-03-11,VNQ,79.24871063232422,3467200
2024-03-12,VNQ,79.07626342773438,3309000
2024-03-13,VNQ,78.67689514160156,3418600
2024-03-14,VNQ,77.49691772460938,4155000
2024-03-15,VNQ,77.32447052001953,4214300
2024-03-18,VNQ,77.36077117919922,3030800
2024-03-19,VNQ,77.33353424072266,4165700
2024-03-20,VNQ,77.84183502197266,4605800
2024-03-21,VNQ,78.40458679199219,3753200
2024-03-22,VNQ,77.41776275634766,3923200
2024-03-25,VNQ,76.9417495727539,5262400
2024-03-26,VNQ,76.63048553466797,4923000
2024-03-27,VNQ,78.6078109741211,5191400
2024-03-28,VNQ,79.16624450683594,4626900
2024-04-01,VNQ,77.83885955810547,5331200
2024-04-02,VNQ,76.85932922363281,5116000
2024-04-03,VNQ,76.9417495727539,3632700
2024-04-04,VNQ,76.44740295410156,5953600
2024-04-05,VNQ,76.84104919433594,4789000
2024-04-08,VNQ,77.66492462158203,3866900
2024-04-09,VNQ,78.69935607910156,4075600
2024-04-10,VNQ,75.44044494628906,8332800
2024-04-11,VNQ,75.69676208496094,7145900
2024-04-12,VNQ,74.79963684082031,5451200
2024-04-15,VNQ,73.52719116210938,5478600
2024-04-16,VNQ,72.49275207519531,6598800
2024-04-17,VNQ,71.96180725097656,5554700
2024-04-18,VNQ,71.97096252441406,4158300
2024-04-19,VNQ,72.31883239746094,4585600
2024-04-22,VNQ,72.95962524414062,3846100
2024-04-23,VNQ,73.62788391113281,5484100
2024-04-24,VNQ,73.76519775390625,4513600
2024-04-25,VNQ,73.34410095214844,4082800
2024-04-26,VNQ,73.3807373046875,3367700
2024-04-29,VNQ,74.13137817382812,4374000
2024-04-30,VNQ,72.87724304199219,7003900
2024-05-01,VNQ,72.90469360351562,7204200
2024-05-02,VNQ,73.92998504638672,4804800
2024-05-03,VNQ,74.42430877685547,4270000
2024-05-06,VNQ,74.48838806152344,3044800
2024-05-07,VNQ,75.19327545166016,3667300
2024-05-08,VNQ,74.56163024902344,4129800
2024-05-09,VNQ,76.09039306640625,5452200
2024-05-10,VNQ,75.87985229492188,5649800
2024-05-13,VNQ,76.12701416015625,2848700
2024-05-14,VNQ,76.71287536621094,3099700
2024-05-15,VNQ,77.77477264404297,3544900
2024-05-16,VNQ,77.71985626220703,2577000
2024-05-17,VNQ,77.71068572998047,2791700
2024-05-20,VNQ,77.25299072265625,2842800
2024-05-21,VNQ,77.22551727294922,2655100
2024-05-22,VNQ,76.52980041503906,3888000
2024-05-23,VNQ,74.88202667236328,4061100
2024-05-24,VNQ,74.93695831298828,2317800
2024-05-28,VNQ,74.44261932373047,3046600
2024-05-29,VNQ,73.71943664550781,3203100
2024-05-30,VNQ,74.79963684082031,2748800
2024-05-31,VNQ,76.20024108886719,4176900
2024-06-03,VNQ,76.02630615234375,3301600
2024-06-04,VNQ,76.61217498779297,2720700
2024-06-05,VNQ,76.52064514160156,2373300
2024-06-06,VNQ,76.66709899902344,4002100
2024-06-07,VNQ,75.94392395019531,3227900
2024-06-10,VNQ,76.20024108886719,2450800
2024-06-11,VNQ,75.92559814453125,3261700
2024-06-12,VNQ,76.60302734375,4123500
2024-06-13,VNQ,76.91426086425781,2619900
2024-06-14,VNQ,76.89596557617188,2178600
2024-06-17,VNQ,76.5938720703125,2168100
2024-06-18,VNQ,76.89596557617188,3073600
2024-06-20,VNQ,76.67626190185547,2432900
2024-06-21,VNQ,76.86849975585938,2337000
2024-06-24,VNQ,77.46354675292969,2834300
2024-06-25,VNQ,76.51148223876953,2445900
2024-06-26,VNQ,76.27348327636719,3287900
2024-06-27,VNQ,77.01497650146484,4244800
2024-06-28,VNQ,77.62943267822266,4090500
2024-07-01,VNQ,76.89726257324219,3274800
2024-07-02,VNQ,77.25871276855469,3141400
2024-07-03,VNQ,77.18457794189453,1571500
2024-07-05,VNQ,77.39774322509766,3217000
2024-07-08,VNQ,77.64798736572266,3239200
2024-07-09,VNQ,77.62943267822266,2123200
2024-07-10,VNQ,78.20406341552734,2482400
2024-07-11,VNQ,80.44694519042969,4363500
2024-07-12,VNQ,81.05863189697266,3562600
2024-07-15,VNQ,81.60545349121094,2928700
2024-07-16,VNQ,82.60639953613281,3029300
2024-07-17,VNQ,83.1717529296875,4757200
2024-07-18,VNQ,82.4395751953125,4464700
2024-07-19,VNQ,82.29129028320312,2809000
2024-07-22,VNQ,83.14395904541016,3244400
2024-07-23,VNQ,83.07907104492188,2655400
2024-07-24,VNQ,81.8556900024414,3844900
2024-07-25,VNQ,81.58690643310547,4723200
2024-07-26,VNQ,83.01419830322266,3326000
2024-07-29,VNQ,83.44053649902344,3371100
2024-07-30,VNQ,84.08930969238281,2854000
2024-07-31,VNQ,83.792724609375,5633800
2024-08-01,VNQ,84.63612365722656,6988100
2024-08-02,VNQ,84.58977508544922,5223600
2024-08-05,VNQ,82.17080688476562,6852600
2024-08-06,VNQ,83.792724609375,7321600
2024-08-07,VNQ,83.21810150146484,4998600
2024-08-08,VNQ,84.03369140625,5981200
2024-08-09,VNQ,84.42294311523438,4133800
2024-08-12,VNQ,83.80198669433594,2925500
2024-08-13,VNQ,84.53416442871094,3111300
2024-08-14,VNQ,84.75659942626953,2966300
2024-08-15,VNQ,84.69172668457031,4054400
2024-08-16,VNQ,84.6453857421875,2260900
2024-08-19,VNQ,85.34973907470703,2629800
2024-08-20,VNQ,85.24781799316406,4934200
2024-08-21,VNQ,85.70194244384766,2965900
2024-08-22,VNQ,85.95217895507812,3182300
2024-08-23,VNQ,87.84286499023438,8040200
2024-08-26,VNQ,87.80579376220703,2748500
2024-08-27,VNQ,87.93555450439453,1859300
2024-08-28,VNQ,87.5926284790039,2664100
2024-08-29,VNQ,87.32384490966797,3379500
2024-08-30,VNQ,88.16725158691406,3490000
2024-09-03,VNQ,88.12091827392578,5160800
2024-09-04,VNQ,88.37114715576172,3041100
2024-09-05,VNQ,88.0838394165039,6269400
2024-09-06,VNQ,88.00042724609375,6965800
2024-09-09,VNQ,88.98284149169922,2906400
2024-09-10,VNQ,90.27111053466797,6001000
2024-09-11,VNQ,90.09501647949219,3872100
2024-09-12,VNQ,90.4749984741211,2713200
2024-09-13,VNQ,91.42034149169922,3402700
2024-09-16,VNQ,91.7261962890625,4144500
2024-09-17,VNQ,91.0866928100586,2990700
2024-09-18,VNQ,90.9754867553711,5097000
2024-09-19,VNQ,90.9940185546875,4450200
2024-09-20,VNQ,90.63256072998047,3708500
2024-09-23,VNQ,91.53156280517578,3320700
2024-09-24,VNQ,91.66131591796875,3279000
2024-09-25,VNQ,91.04962158203125,2466000
2024-09-26,VNQ,90.22476959228516,4776900
2024-09-27,VNQ,90.33972930908203,4932800
2024-09-30,VNQ,91.05003356933594,4207000
2024-10-01,VNQ,90.46122741699219,4240300
2024-10-02,VNQ,90.14344787597656,5161600
2024-10-03,VNQ,89.32099151611328,2664400
2024-10-04,VNQ,88.89107513427734,4602000
2024-10-07,VNQ,88.10599517822266,3420200
2024-10-08,VNQ,88.28357696533203,3773700
2024-10-09,VNQ,88.37703704833984,4120600
2024-10-10,VNQ,87.59196472167969,2664300
2024-10-11,VNQ,88.5826416015625,2654000
2024-10-14,VNQ,89.11536407470703,2529100
2024-10-15,VNQ,90.190185546875,2808500
2024-10-16,VNQ,91.18087005615234,3177100
2024-10-17,VNQ,90.46122741699219,2904100
2024-10-18,VNQ,91.13414764404297,2080200
2024-10-21,VNQ,89.34903717041016,4143000
2024-10-22,VNQ,89.4798812866211,2530000
2024-10-23,VNQ,90.13410186767578,2710500
2024-10-24,VNQ,90.33037567138672,2632300
2024-10-25,VNQ,89.4798812866211,3834800
2024-10-28,VNQ,89.76026153564453,2296500
2024-10-29,VNQ,89.11536407470703,2819600
2024-10-30,VNQ,89.5079116821289,2930300
2024-10-31,VNQ,87.99385833740234,4946300
2024-11-01,VNQ,87.02183532714844,4835200
2024-11-04,VNQ,87.97515869140625,3368200
2024-11-05,VNQ,89.1434097290039,2398100
2024-11-06,VNQ,87.24616241455078,6335400
2024-11-07,VNQ,88.29293060302734,4871300
2024-11-08,VNQ,89.61072540283203,4093600
2024-11-11,VNQ,89.16211700439453,2279800
2024-11-12,VNQ,87.92842102050781,4645800
2024-11-13,VNQ,88.41442108154297,2884300
2024-11-14,VNQ,87.62000274658203,3708000
2024-11-15,VNQ,87.66673278808594,2786400
2024-11-18,VNQ,88.3022689819336,2468100
2024-11-19,VNQ,88.73219299316406,3041600
2024-11-20,VNQ,88.62004852294922,3143000
2024-11-21,VNQ,89.27425384521484,2988600
2024-11-22,VNQ,89.94718933105469,2943700
2024-11-25,VNQ,91.1995620727539,4001200
2024-11-26,VNQ,91.56407165527344,2774500
2024-11-27,VNQ,92.15286254882812,2383100
2024-11-29,VNQ,91.74166107177734,1922400
2024-12-02,VNQ,90.40514373779297,3659400
2024-12-03,VNQ,89.94718933105469,1992500
2024-12-04,VNQ,89.70417785644531,2220300
2024-12-05,VNQ,89.48922729492188,2922300
2024-12-06,VNQ,89.35839080810547,1866100
2024-12-09,VNQ,89.61072540283203,2871900
2024-12-10,VNQ,88.31161499023438,2902100
2024-12-11,VNQ,88.10599517822266,4294900
2024-12-12,VNQ,87.96581268310547,2255100
2024-12-13,VNQ,87.71345520019531,2796200
2024-12-16,VNQ,87.40504455566406,3644900
2024-12-17,VNQ,86.98446655273438,3020200
2024-12-18,VNQ,83.39555358886719,5409800
2024-12-19,VNQ,82.10577392578125,5403600
2024-12-20,VNQ,83.489013671875,7622200
2024-12-23,VNQ,83.81551361083984,4548900
2024-12-24,VNQ,84.37226867675781,2182600
2024-12-26,VNQ,84.5987548828125,2577400
2024-12-27,VNQ,83.74946594238281,3816700
2024-12-30,VNQ,83.3342514038086,4402400
2024-12-31,VNQ,84.06085968017578,5045100
2025-01-02,VNQ,83.31537628173828,5296100
2025-01-03,VNQ,84.41001892089844,3469900
2025-01-06,VNQ,83.32481384277344,4206500
2025-01-07,VNQ,82.53214263916016,5679000
2025-01-08,VNQ,82.74918365478516,5250300
2025-01-10,VNQ,80.7297592163086,10056500
2025-01-13,VNQ,81.7206039428711,3740200
2025-01-14,VNQ,82.46607971191406,3829900
2025-01-15,VNQ,82.93791961669922,3886700
2025-01-16,VNQ,84.6553726196289,4112800
2025-01-17,VNQ,84.5987548828125,3672400
2025-01-21,VNQ,86.18408966064453,3634900
2025-01-22,VNQ,84.68367004394531,2966300
2025-01-23,VNQ,85.30648803710938,2706900
2025-01-24,VNQ,85.5990219116211,3267300
2025-01-27,VNQ,86.74085998535156,4107700
2025-01-28,VNQ,85.6933822631836,2373800
2025-01-29,VNQ,84.56099700927734,2820000
2025-01-30,VNQ,85.63676452636719,3485100
2025-01-31,VNQ,85.44803619384766,2566200
2025-02-03,VNQ,85.26874542236328,5187600
2025-02-04,VNQ,85.33480072021484,3371500
2025-02-05,VNQ,86.5332260131836,3310400
2025-02-06,VNQ,86.75028228759766,3468600
2025-02-07,VNQ,86.4671859741211,2516200
2025-02-10,VNQ,86.429443359375,2195400
2025-02-11,VNQ,86.80690002441406,2260000
2025-02-12,VNQ,86.00479888916016,4747200
2025-02-13,VNQ,86.86353302001953,3734300
2025-02-14,VNQ,86.4671859741211,2344300
2025-02-18,VNQ,86.85409545898438,2500700
2025-02-19,VNQ,86.92015075683594,2339100
2025-02-20,VNQ,87.33536529541016,2920000
2025-02-21,VNQ,86.47662353515625,2534600
2025-02-24,VNQ,86.81634521484375,3258700
2025-02-25,VNQ,87.8826675415039,4329200
2025-02-26,VNQ,87.5146484375,2828800
2025-02-27,VNQ,87.8637924194336,2379800
2025-02-28,VNQ,88.60929107666016,4213800
2025-03-03,VNQ,89.02449798583984,4596700
2025-03-04,VNQ,87.99591064453125,4541100
2025-03-05,VNQ,88.97731018066406,2574000
2025-03-06,VNQ,86.69366455078125,4968800
2025-03-07,VNQ,87.21267700195312,4447100
2025-03-10,VNQ,86.37281799316406,3534300
2025-03-11,VNQ,85.36311340332031,3918700
2025-03-12,VNQ,85.09888458251953,3303000
2025-03-13,VNQ,83.41918182373047,3881600
2025-03-14,VNQ,85.08944702148438,3769100
2025-03-17,VNQ,86.54267883300781,2233300
2025-03-18,VNQ,86.08972930908203,1956000
2025-03-19,VNQ,86.19351959228516,1882100
2025-03-20,VNQ,86.13691711425781,2041100
2025-03-21,VNQ,85.1838150024414,3395100
2025-03-24,VNQ,86.4955062866211,3719000
2025-03-25,VNQ,85.52498626708984,4210000
2025-03-26,VNQ,85.85865783691406,3094100
2025-03-27,VNQ,85.63939666748047,2993000
2025-03-28,VNQ,85.52498626708984,3602900
2025-03-31,VNQ,86.3162612915039,2964400
2025-04-01,VNQ,86.35440063476562,4276600
2025-04-02,VNQ,86.87873840332031,3427200
2025-04-03,VNQ,83.91382598876953,5784700
2025-04-04,VNQ,80.27202606201172,7803800
2025-04-07,VNQ,78.16512298583984,13294200
2025-04-08,VNQ,76.06775665283203,7401100
2025-04-09,VNQ,80.605712890625,10990300
2025-04-10,VNQ,78.76573944091797,7442500
2025-04-11,VNQ,79.7286148071289,5275900
2025-04-14,VNQ,81.37792205810547,3228000
2025-04-15,VNQ,81.62579345703125,2443200
2025-04-16,VNQ,81.5685806274414,2393000
2025-04-17,VNQ,82.78886413574219,3383500
2025-04-21,VNQ,81.06330871582031,2406100
2025-04-22,VNQ,82.63633728027344,2209800
2025-04-23,VNQ,82.78886413574219,2493100
2025-04-24,VNQ,83.09394073486328,2080800
2025-04-25,VNQ,82.9509506225586,2409500
2025-04-28,VNQ,83.46575927734375,2914900
2025-04-29,VNQ,83.91382598876953,2740300
2025-04-30,VNQ,84.2093734741211,3738300
2025-05-01,VNQ,84.48583221435547,3574100
2025-05-02,VNQ,85.52498626708984,2237700
2025-05-05,VNQ,85.33432006835938,2289900
2025-05-06,VNQ,84.67650604248047,2579700
2025-05-07,VNQ,84.77183532714844,2220300
2025-05-08,VNQ,84.43817138671875,2652600
2025-05-09,VNQ,85.00065612792969,3460200
2025-05-12,VNQ,85.42011260986328,3657300
2025-05-13,VNQ,84.33329772949219,4178600
2025-05-14,VNQ,83.5038833618164,3052500
2025-05-15,VNQ,85.02925109863281,2563000
2025-05-16,VNQ,86.08747100830078,2580300
2025-05-19,VNQ,86.10652923583984,2956400
2025-05-20,VNQ,85.60125732421875,2003300
2025-05-21,VNQ,83.32275390625,2677200
2025-05-22,VNQ,82.94140625,2540100
2025-05-23,VNQ,83.02721405029297,2123000
2025-05-27,VNQ,84.47630310058594,2117700
2025-05-28,VNQ,84.3905029296875,1912800
2025-05-29,VNQ,85.15318298339844,2440300
2025-05-30,VNQ,85.15318298339844,2525900
2025-06-02,VNQ,85.26758575439453,3101600
2025-06-03,VNQ,85.09597778320312,2155700
2025-06-04,VNQ,85.33432006835938,2598200
2025-06-05,VNQ,85.26758575439453,3148400
2025-06-06,VNQ,85.67752075195312,2707200
2025-06-09,VNQ,85.79192352294922,3676100
2025-06-10,VNQ,86.52600860595703,4036000
2025-06-11,VNQ,86.0588607788086,2874600
2025-06-12,VNQ,86.47833251953125,2007200
2025-06-13,VNQ,85.63939666748047,2334100
2025-06-16,VNQ,85.70612335205078,2657500
2025-06-17,VNQ,85.40105438232422,1879400
2025-06-18,VNQ,85.69659423828125,2945800
2025-06-20,VNQ,85.63939666748047,2940300
2025-06-23,VNQ,86.9264144897461,3142100
2025-06-24,VNQ,87.15521240234375,2727300
2025-06-25,VNQ,85.057861328125,4282500
2025-06-26,VNQ,84.97889709472656,5886100
2025-06-27,VNQ,85.19070434570312,3179200
2025-06-30,VNQ,85.73944854736328,8752300
2025-07-01,VNQ,86.36521911621094,5552800
2025-07-02,VNQ,86.56739044189453,3469500
2025-07-03,VNQ,86.66365814208984,2361700
2025-07-07,VNQ,85.92237091064453,4467500
2025-07-08,VNQ,85.7972183227539,3631300
2025-07-09,VNQ,85.86460876464844,3837000
2025-07-10,VNQ,86.40372467041016,5303600
2025-07-11,VNQ,86.4133529663086,3987600
2025-07-14,VNQ,86.97172546386719,3256900
2025-07-15,VNQ,85.69131469726562,4483000
2025-07-16,VNQ,86.5,4126500
2025-07-17,VNQ,86.40372467041016,3406500
2025-07-18,VNQ,86.5866470336914,2523700
2025-07-21,VNQ,86.94285583496094,3904200
2025-07-22,VNQ,88.43505859375,2684200
2025-07-23,VNQ,88.60834503173828,2981900
2025-07-24,VNQ,88.30028533935547,3236600
2025-07-25,VNQ,88.30990600585938,2960500
2025-07-28,VNQ,86.89470672607422,2551300
2025-07-29,VNQ,88.2906494140625,3713600
2025-07-30,VNQ,87.03912353515625,4407900
2025-07-31,VNQ,85.81646728515625,4823500
2025-08-01,VNQ,85.60467529296875,5395600
2025-08-04,VNQ,86.48074340820312,3385600
2025-08-05,VNQ,86.87545776367188,3752600
2025-08-06,VNQ,86.20154571533203,3604600
2025-08-07,VNQ,86.45185852050781,3345600
2025-08-08,VNQ,85.73944854736328,3228800
2025-08-11,VNQ,85.17145538330078,2623500
2025-08-12,VNQ,85.6528091430664,3240500
2025-08-13,VNQ,86.45185852050781,3577300
2025-08-14,VNQ,85.83573150634766,3524500
2025-08-15,VNQ,86.32670593261719,2399500
2025-08-18,VNQ,85.59504699707031,2562500
2025-08-19,VNQ,87.06800079345703,4168400
2025-08-20,VNQ,87.31829833984375,2931900
2025-08-21,VNQ,87.0583724975586,2629800
2025-08-22,VNQ,88.74313354492188,3318700
2025-08-25,VNQ,88.2328872680664,2968600
2025-08-26,VNQ,88.00183868408203,2739800
2025-08-27,VNQ,88.55058288574219,1885400
2025-08-28,VNQ,88.31953430175781,2525000
2025-08-29,VNQ,88.80088806152344,2137100
2025-09-02,VNQ,87.32793426513672,3424400
2025-09-03,VNQ,87.37606811523438,2505500
2025-09-04,VNQ,88.03071594238281,3689000
2025-09-05,VNQ,89.02230834960938,3446100
2025-09-08,VNQ,88.50244140625,2880400
2025-09-09,VNQ,88.30028533935547,2533900
2025-09-10,VNQ,88.15587615966797,2242800
2025-09-11,VNQ,89.76359558105469,2671400
2025-09-12,VNQ,89.3496322631836,2165500
2025-09-15,VNQ,89.20523834228516,2754600
2025-09-16,VNQ,88.7334976196289,3260300
2025-09-17,VNQ,88.61797332763672,4570600
2025-09-18,VNQ,88.81051635742188,2966000
2025-09-19,VNQ,88.2328872680664,3076000
2025-09-22,VNQ,88.25213623046875,3646000
2025-09-23,VNQ,88.7334976196289,3421200
2025-09-24,VNQ,87.8607177734375,2709200
2025-09-25,VNQ,87.59830474853516,4246500
2025-09-26,VNQ,88.46330261230469,5430800
2025-09-29,VNQ,88.49246978759766,3155100
2025-09-30,VNQ,88.85206604003906,3002800
2025-10-01,VNQ,88.9881362915039,2933500
2025-10-02,VNQ,88.52162170410156,4186000
2025-10-03,VNQ,88.85206604003906,2496500
2025-10-06,VNQ,88.01622772216797,4154400
2025-10-07,VNQ,87.69550323486328,4546200
2025-10-08,VNQ,87.23870849609375,3325100
2025-10-09,VNQ,86.76245880126953,3122700
2025-10-10,VNQ,85.65448760986328,3996300
2025-10-13,VNQ,86.19876098632812,2809800
2025-10-14,VNQ,87.08319091796875,3047700
2025-10-15,VNQ,88.34668731689453,3026500
2025-10-16,VNQ,88.0356674194336,3719100
2025-10-17,VNQ,88.60910034179688,2945200
2025-10-20,VNQ,89.50325012207031,2036800
2025-10-21,VNQ,89.25055694580078,2829500
2025-10-22,VNQ,89.62960052490234,2490400
2025-10-23,VNQ,89.5712890625,2687000
2025-10-24,VNQ,89.83370208740234,2619500
2025-10-27,VNQ,90.0864028930664,2921900
2025-10-28,VNQ,88.31752014160156,4635700
2025-10-29,VNQ,86.04325103759766,5649700
2025-10-30,VNQ,86.45145416259766,5183100
2025-10-31,VNQ,86.67499542236328,3982700
2025-11-03,VNQ,86.54864501953125,4522900
2025-11-04,VNQ,86.69442749023438,4058700
2025-11-05,VNQ,86.77217864990234,2885900
2025-11-06,VNQ,86.35425567626953,3421600
2025-11-07,VNQ,87.69550323486328,5277800
2025-11-10,VNQ,87.64690399169922,3398100
2025-11-11,VNQ,88.6285400390625,3190200
2025-11-12,VNQ,87.96764373779297,3652300
2025-11-13,VNQ,86.88880920410156,3734400
2025-11-14,VNQ,87.07347106933594,3662800
2025-11-17,VNQ,86.35425567626953,4071900
2025-11-18,VNQ,86.70414733886719,4281500
2025-11-19,VNQ,86.02381134033203,4029400
2025-11-20,VNQ,85.66419982910156,5316600
2025-11-21,VNQ,87.05403900146484,5770400
2025-11-24,VNQ,87.28729248046875,3330800
2025-11-25,VNQ,88.09398651123047,4230300
2025-11-26,VNQ,88.48274993896484,3298000
2025-11-28,VNQ,88.7743148803711,1627100
2025-12-01,VNQ,87.7538070678711,3120800
2025-12-02,VNQ,87.44280242919922,2736900
2025-12-03,VNQ,87.66633605957031,3204000
2025-12-04,VNQ,87.45252227783203,4837500
2025-12-05,VNQ,87.35533142089844,3859800
2025-12-08,VNQ,86.6847152709961,3971700
2025-12-09,VNQ,86.35425567626953,4194000
2025-12-10,VNQ,86.66526794433594,4633300
2025-12-11,VNQ,87.04431915283203,5207200
2025-12-12,VNQ,86.93740844726562,3855900
2025-12-15,VNQ,87.20954895019531,3914800
2025-12-16,VNQ,86.56808471679688,3717900
2025-12-17,VNQ,86.88880920410156,3715300
2025-12-18,VNQ,86.43201446533203,3818000
2025-12-19,VNQ,86.1015625,4162000
2025-12-22,VNQ,86.54389953613281,3593800
2025-12-23,VNQ,86.48505401611328,3955900
2025-12-24,VNQ,87.05390930175781,2730800
2025-12-26,VNQ,87.1519775390625,2065600
2025-12-29,VNQ,87.32852172851562,2604000
2025-12-30,VNQ,87.50506591796875,2813400
2025-12-31,VNQ,86.78909301757812,3301700
2026-01-02,VNQ,86.81851196289062,3524400
2026-01-05,VNQ,87.0146713256836,5501600
2026-01-06,VNQ,87.65218353271484,4889800
2026-01-07,VNQ,86.79889678955078,6668200
2026-01-08,VNQ,87.57372283935547,5165900
2026-01-09,VNQ,87.75025177001953,4126100
2026-01-12,VNQ,87.8679428100586,3342500
2026-01-13,VNQ,88.35832977294922,3085200
2026-01-14,VNQ,89.12334442138672,3535400
2026-01-15,VNQ,89.74124145507812,3845600
2026-01-16,VNQ,90.83970642089844,4819500
2026-01-20,VNQ,89.15277099609375,4648700
2026-01-21,VNQ,89.50585174560547,6140200
2026-01-22,VNQ,88.6231460571289,3922700
2026-01-23,VNQ,88.79969024658203,2838200
2026-01-26,VNQ,88.68199920654297,3004300
2026-01-27,VNQ,88.65257263183594,3217100
2026-01-28,VNQ,87.74044799804688,4520400
2026-01-29,VNQ,88.96641540527344,7283700
2026-01-30,VNQ,89.05469512939453,4617900
2026-02-02,VNQ,88.13275909423828,5280500
2026-02-03,VNQ,87.93660736083984,4821700
2026-02-04,VNQ,89.2018051147461,3941100
2026-02-05,VNQ,89.07430267333984,3588500
2026-02-06,VNQ,90.47682189941406,3638600
2026-02-09,VNQ,90.85932159423828,3021500
2026-02-10,VNQ,92.07548522949219,4266300
2026-02-11,VNQ,91.56548309326172,4425400
2026-02-12,VNQ,91.45760345458984,7469400
2026-02-13,VNQ,92.77183532714844,3906800
2026-02-17,VNQ,93.654541015625,3614800
2026-02-18,VNQ,92.55607604980469,4163300
2026-02-19,VNQ,92.35990905761719,2646600
2026-02-20,VNQ,93.05626678466797,2840700
2026-02-23,VNQ,93.06607818603516,3646100
2026-02-24,VNQ,93.30146026611328,3788500
2026-02-25,VNQ,93.04646301269531,3297000
2026-02-26,VNQ,93.6839599609375,3761600
2026-02-27,VNQ,93.8507080078125,4707900
2026-03-02,VNQ,94.08609008789062,5477700
2026-03-03,VNQ,93.58589172363281,4832600
2026-03-04,VNQ,93.70358276367188,3896700
2026-03-05,VNQ,92.76203918457031,4637600
2026-03-06,VNQ,91.7518310546875,4606000
2026-03-09,VNQ,91.95780181884766,4971400
2026-03-10,VNQ,91.82048797607422,5106500
2026-03-11,VNQ,90.86913299560547,4686600
2026-03-12,VNQ,90.24143981933594,3933900
2026-03-13,VNQ,90.38855743408203,4063300
2026-03-16,VNQ,91.14374542236328,3479300
2026-03-17,VNQ,91.54586791992188,2960900
2026-03-18,VNQ,90.19239044189453,2838600
2026-03-19,VNQ,89.82950592041016,4704900
2026-03-20,VNQ,87.04409790039062,6295400
2026-03-23,VNQ,87.72083282470703,6256500
2026-03-24,VNQ,87.14193725585938,3917100
2026-03-25,VNQ,87.07254028320312,5061200
2026-03-26,VNQ,86.95359802246094,6108000
2026-03-27,VNQ,86.23988342285156,4435200
2026-03-30,VNQ,86.56700134277344,5474800
2026-03-31,VNQ,87.9250259399414,4928400
2026-04-01,VNQ,88.24223327636719,4412000
2026-04-02,VNQ,89.44166564941406,3288900
2026-04-06,VNQ,89.57052612304688,2537600
2026-04-07,VNQ,89.69938659667969,3184800
2026-04-08,VNQ,91.31515502929688,5049600
2026-04-09,VNQ,91.9693832397461,3845600
2026-04-10,VNQ,92.16764068603516,2568500
2026-04-13,VNQ,92.51457977294922,2036000
2026-04-14,VNQ,93.39680480957031,1921100
2026-04-15,VNQ,93.46619415283203,2758800
2026-04-16,VNQ,94.3285903930664,2005200
2026-04-17,VNQ,95.83531188964844,2584300
2026-04-20,VNQ,96.1822509765625,2246600
2026-04-21,VNQ,94.47727966308594,3236100
2026-04-22,VNQ,93.69417572021484,2708600
2026-04-23,VNQ,94.65570831298828,3437500
2026-04-24,VNQ,94.46736907958984,1994300
2026-04-27,VNQ,93.95191192626953,2521200
2026-04-28,VNQ,94.8143081665039,2867600
2026-04-29,VNQ,94.07086181640625,2903100
2026-04-30,VNQ,95.48837280273438,3730200
2026-05-01,VNQ,95.2207260131836,3248800
2026-05-04,VNQ,94.62596893310547,3595200
2026-05-05,VNQ,94.92334747314453,2536800
2026-05-06,VNQ,96.2417221069336,3238800
2026-05-07,VNQ,95.54784393310547,2739700
2026-05-08,VNQ,95.77583312988281,2186500
2026-05-11,VNQ,95.84522247314453,3868500
2026-05-12,VNQ,95.84522247314453,2325100
2026-05-13,VNQ,95.05220794677734,5047300
2026-05-14,VNQ,94.48719024658203,2521700
2026-05-15,VNQ,93.08951568603516,4543700
2026-05-18,VNQ,94.17990112304688,2766100
2026-05-19,VNQ,94.44754028320312,2092700
2026-05-20,VNQ,95.64696502685547,2655000
2026-05-21,VNQ,95.82539367675781,2493900
2026-05-22,VNQ,95.92452239990234,3549600
2026-05-26,VNQ,96.37059020996094,3193000
2026-05-27,VNQ,96.07321166992188,2509300
2026-05-28,VNQ,95.70645141601562,2898600
2026-05-29,VNQ,94.8638687133789,3342700
2026-06-01,VNQ,93.26793670654297,3953200
2026-06-02,VNQ,93.69417572021484,2143400
2026-06-03,VNQ,93.58514404296875,2620300
2026-06-04,VNQ,95.2603759765625,3786900
2026-06-05,VNQ,95.94435119628906,3650300
2026-06-08,VNQ,94.63587951660156,2774600
2026-06-09,VNQ,96.81665802001953,3446800
2026-06-10,VNQ,96.82657623291016,3787000
2026-06-11,VNQ,96.75718688964844,3896700
2026-06-12,VNQ,97.64932250976562,1985700
2026-06-15,VNQ,96.96534729003906,3067400
2026-06-16,VNQ,97.2032470703125,2619900
2026-06-17,VNQ,94.774658203125,2859900
2026-06-18,VNQ,94.72509002685547,2666300
2026-06-22,VNQ,95.74609375,4479200
2026-06-23,VNQ,97.00499725341797,3173300
2026-06-24,VNQ,97.01000213623047,4831600
2026-06-25,VNQ,97.19000244140625,4014600
2026-06-26,VNQ,98.66999816894531,3884800
2026-06-29,VNQ,98.1500015258789,3136300
2026-06-30,VNQ,96.43000030517578,5313100
2026-07-01,VNQ,96.81999969482422,5198000
2026-07-02,VNQ,98.0199966430664,3560200
2026-07-06,VNQ,97.23999786376953,4493400
2026-07-07,VNQ,98.4000015258789,2809500
2026-07-08,VNQ,96.80000305175781,6050100
2026-07-09,VNQ,97.08999633789062,2470000
2026-07-10,VNQ,97.31999969482422,2539600
2026-07-13,VNQ,97.83000183105469,3473600
2026-07-14,VNQ,97.56999969482422,2307500
2026-07-15,VNQ,97.86000061035156,2325300
2026-07-16,VNQ,100.06999969482422,3254200
2026-07-17,VNQ,100.0199966430664,3011800
2026-07-20,VNQ,99.4800033569336,2178500
2026-07-21,VNQ,99.5199966430664,2882900
2026-07-22,VNQ,99.0199966430664,1881800
2026-07-23,VNQ,98.69000244140625,2044000
2026-07-24,VNQ,100.80999755859375,3205100
2026-07-27,VNQ,100.54000091552734,1915100
2026-07-28,VNQ,100.94999694824219,3292500
2026-07-29,VNQ,100.66000366210938,3797200
2026-07-30,VNQ,99.48999786376953,3839500
2026-07-31,VNQ,98.94999694824219,3529300
2026-08-03,VNQ,99.06999969482422,3229500
2026-08-04,VNQ,98.91999816894531,4318800
2026-08-05,VNQ,98.91999816894531,3314900
2026-08-06,VNQ,98.04000091552734,2922400
2026-08-07,VNQ,98.43000030517578,3000200
2026-08-10,VNQ,97.11000061035156,3343300
2026-08-11,VNQ,96.37999725341797,3331400
2026-08-12,VNQ,97.30999755859375,2790900
2026-08-13,VNQ,98.58000183105469,2587000
2026-08-14,VNQ,98.83000183105469,2135700
2026-08-17,VNQ,97.9800033569336,2565100
2026-08-18,VNQ,97.62000274658203,2655400
2026-08-19,VNQ,98.61000061035156,2572200
2026-08-20,VNQ,98.5999984741211,2264600
2026-08-21,VNQ,98.5,2895300
2026-08-24,VNQ,99.0999984741211,2531200
2026-08-25,VNQ,99.25,1856400
2026-08-26,VNQ,98.61000061035156,1715900
