date,ticker,close,volume,daily_return,abs_return,momentum_5d,volatility_10d,ticker_GLD,ticker_SPY,ticker_TLT,ticker_VNQ,next_day_return
2024-01-02,GLD,190.65134295638944,12636187.544375893,0.0034281208231024,0.0034281208231024,,,1,0,0,0,-0.0059454587895315
2024-01-03,GLD,189.5178332536734,11949667.273130927,-0.0059454587895315,0.0059454587895315,,,1,0,0,0,-0.0056631122839876
2024-01-04,GLD,188.4445724841398,13331092.58223391,-0.0056631122839876,0.0056631122839876,,,1,0,0,0,0.0035308809318001
2024-01-05,GLD,189.10994783182528,10290733.525180662,0.0035308809318001,0.0035308809318001,,,1,0,0,0,0.0055550782767574
2024-01-08,GLD,190.16046839494464,11206980.058520723,0.0055550782767574,0.0055550782767574,,,1,0,0,0,-0.0063568412499192
2024-01-09,GLD,188.95164848534765,14637333.416255783,-0.0063568412499192,0.0063568412499192,-0.008915197998005109,,1,0,0,0,-0.0136706747097565
2024-01-10,GLD,186.3685519630322,11966330.844697248,-0.0136706747097565,0.0136706747097565,-0.01661733482582517,,1,0,0,0,0.0073281379465309
2024-01-11,GLD,187.73428642071252,12892268.95342392,0.0073281379465309,0.0073281379465309,-0.0037692041434997936,,1,0,0,0,-0.0058135020629795
2024-01-12,GLD,186.64289275931372,13911652.14107565,-0.0058135020629795,0.0058135020629795,-0.013045612358295933,,1,0,0,0,-0.0146146052912526
2024-01-15,GLD,183.9151805512188,13329643.870136878,-0.0146146052912526,0.0146146052912526,-0.03284219846763825,0.007796392679352729,1,0,0,0,-0.0014284119012074
2024-01-16,GLD,183.6524739185068,12187793.225743923,-0.0014284119012074,0.0014284119012074,-0.028045135405377453,0.007480983223352975,1,0,0,0,0.0018031258121159
2024-01-17,GLD,183.98362243468816,14029460.57819769,0.0018031258121159,0.0018031258121159,-0.012796845300472648,0.00762339898689888,1,0,0,0,0.007839284277309
2024-01-18,GLD,185.4259223533228,11855932.829402542,0.007839284277309,0.007839284277309,-0.012295910946265254,0.008255656844445364,1,0,0,0,-0.0033995217215934
2024-01-19,GLD,184.7955629025361,13144258.89713242,-0.0033995217215934,0.0033995217215934,-0.00989767051649737,0.008067432337749753,1,0,0,0,0.0023371045490931
2024-01-22,GLD,185.22744945324783,11793100.537142176,0.0023371045490931,0.0023371045490931,0.0071351853506380625,0.007779402459701053,1,0,0,0,-0.0101021654535747
2024-01-23,GLD,183.3562511123275,11207476.431018667,-0.0101021654535747,0.0101021654535747,-0.001612952985924565,0.008065398370334004,1,0,0,0,0.0038530781748882
2024-01-24,GLD,184.06273708171773,12378102.205464622,0.0038530781748882,0.0038530781748882,0.00043000918224467277,0.007355058906490975,1,0,0,0,-0.0123073813094563
2024-01-25,GLD,181.7974067915908,15276940.223620776,-0.0123073813094563,0.0123073813094563,-0.019568545301977713,0.007440026413245651,1,0,0,0,0.0049870202978352
2024-01-26,GLD,182.7040341493543,12158840.0151007,0.0049870202978352,0.0049870202978352,-0.01131806803329416,0.007791426690490984,1,0,0,0,0.0014649683679437
2024-01-29,GLD,182.97168978007883,11142364.525073107,0.0014649683679437,0.0014649683679437,-0.012178322812453124,0.006469585104548585,1,0,0,0,-0.0121486194594193
2024-01-30,GLD,180.7488363490937,12694843.84876765,-0.0121486194594193,0.0121486194594193,-0.014220484698045266,0.007454580032639962,1,0,0,0,-0.0049620291962189
2024-01-31,GLD,179.85195534594692,11709045.675405895,-0.0049620291962189,0.0049620291962189,-0.02287688318956904,0.007421623145684654,1,0,0,0,0.0134507794972849
2024-02-01,GLD,182.2711043394608,13953255.896176184,0.0134507794972849,0.0134507794972849,0.002605634239948529,0.008414452208307858,1,0,0,0,-0.0084236028380218
2024-02-02,GLD,180.73572494765756,11260108.680246731,-0.0084236028380218,0.0084236028380218,-0.010773211499466528,0.008674326382473629,1,0,0,0,-0.0131681910131975
2024-02-05,GLD,178.35576239863803,14597019.08875025,-0.0131681910131975,0.0131681910131975,-0.025227549611575806,0.009148967471771489,1,0,0,0,-0.0022263023275271
2024-02-06,GLD,177.95868854968208,12803632.70381943,-0.0022263023275271,0.0022263023275271,-0.015436601727398136,0.00887489955579922,1,0,0,0,0.0014332384357421
2024-02-07,GLD,178.21374578208574,14038485.623765333,0.0014332384357421,0.0014332384357421,-0.00910865584257936,0.008700124310518103,1,0,0,0,0.0066856594306924
2024-02-08,GLD,179.40522219225278,11886997.877966411,0.0066856594306924,0.0066856594306924,-0.015723184196385964,0.008560622828225778,1,0,0,0,-0.0010765554345133
2024-02-09,GLD,179.21208252532162,13536462.620936587,-0.0010765554345133,0.0010765554345133,-0.008430222761865114,0.00827659124671817,1,0,0,0,-0.0036418756111079
2024-02-12,GLD,178.55941441275678,10915677.38958572,-0.0036418756111079,0.0036418756111079,0.0011418303024242071,0.00820332432284421,1,0,0,0,-0.0017783132816585
2024-02-13,GLD,178.2418798345414,13062141.655707754,-0.0017783132816585,0.0017783132816585,0.0015913316015490064,0.007456601058938704,1,0,0,0,0.0063161917458295
2024-02-14,GLD,179.36768972471344,12195077.65979658,0.0063161917458295,0.0063161917458295,0.006475055768362159,0.007701943193271937,1,0,0,0,-0.0013380654047661
2024-02-15,GLD,179.12768402435998,10588041.306657968,-0.0013380654047661,0.0013380654047661,-0.0015469904638304444,0.006015636854711295,1,0,0,0,0.0045904465069801
2024-02-16,GLD,179.94996007579306,13619122.010494811,0.0045904465069801,0.0045904465069801,0.004117342648295885,0.005808846217619722,1,0,0,0,-0.0142795594796928
2024-02-19,GLD,177.38035391752243,15720186.263297033,-0.0142795594796928,0.0142795594796928,-0.0066031830307689,0.006083958077511554,1,0,0,0,-0.0027902357098166
2024-02-20,GLD,176.88542091980185,15168356.63518116,-0.0027902357098166,0.0027902357098166,-0.007610214367121504,0.00610399348075715,1,0,0,0,-0.0006027494818075
2024-02-21,GLD,176.77880332400312,12727286.438634075,-0.0006027494818075,0.0006027494818075,-0.014433404392305227,0.0060629044648825275,1,0,0,0,0.0084293180957645
2024-02-22,GLD,178.26892808980972,12350413.494943488,0.0084293180957645,0.0084293180957645,-0.004794099467246404,0.006321399751653157,1,0,0,0,0.0038186316503622
2024-02-23,GLD,178.94967146088962,14717960.139409604,0.0038186316503622,0.0038186316503622,-0.005558704289137517,0.006469669177618704,1,0,0,0,0.0018424257085852
2024-02-26,GLD,179.27937293613203,10847687.205377327,0.0018424257085852,0.0018424257085852,0.010705915151644207,0.0063703559724374035,1,0,0,0,0.008826590923087
2024-02-27,GLD,180.86179862198685,12962288.450808804,0.008826590923087,0.008826590923087,0.02247996291332477,0.006829735213737302,1,0,0,0,0.001505655706596
2024-02-28,GLD,181.13411422118725,10152623.18921576,0.001505655706596,0.001505655706596,0.02463706516443409,0.006617467053830732,1,0,0,0,0.0254674950885379
2024-02-29,GLD,185.747146385482,14386879.897500854,0.0254674950885379,0.0254674950885379,0.04194908431773858,0.010085427387161606,1,0,0,0,-0.0071862573727838
2024-03-01,GLD,184.41231958529573,13001404.67158357,-0.0071862573727838,0.0071862573727838,0.030526170178524215,0.01063975281018029,1,0,0,0,0.0011512928542582
2024-03-04,GLD,184.6246321710715,11522114.973346837,0.0011512928542582,0.0011512928542582,0.029815249503598595,0.00891438718020292,1,0,0,0,0.01499746711464
2024-03-05,GLD,187.39353402060965,15040087.551999437,0.01499746711464,0.01499746711464,0.03611451090495099,0.009169691952029756,1,0,0,0,0.006472407659649
2024-03-06,GLD,188.6064213655733,12354283.119353805,0.006472407659649,0.006472407659649,0.041252898033671714,0.008887236956088403,1,0,0,0,0.0027114502935573
2024-03-07,GLD,189.11781830215185,12948478.348249797,0.0027114502935573,0.0027114502935573,0.018146560968827385,0.00893544725324702,1,0,0,0,0.0083352319287727
2024-03-08,GLD,190.6941591795638,13551818.216212058,0.0083352319287727,0.0083352319287727,0.034064099450592966,0.008929288833228518,1,0,0,0,-0.0035404298457293
2024-03-11,GLD,190.0190198869982,12118589.925195385,-0.0035404298457293,0.0035404298457293,0.029218136564401087,0.00938595982570369,1,0,0,0,0.0011686669512168
2024-03-12,GLD,190.2410888356427,8891527.959941026,0.0011686669512168,0.0011686669512168,0.015195587349987605,0.009430597646444371,1,0,0,0,0.001659704710768
2024-03-13,GLD,190.55683286696487,11549699.074960196,0.001659704710768,0.001659704710768,0.010341172306170376,0.009424182480201162,1,0,0,0,0.0158855753015442
2024-03-14,GLD,193.5839377846968,13594093.886913328,0.0158855753015442,0.0158855753015442,0.02361554042152414,0.007394469688829753,1,0,0,0,0.0028979678155538
2024-03-15,GLD,194.14493780600503,10831890.867234016,0.0028979678155538,0.0028979678155538,0.018095880027410027,0.006277636669572131,1,0,0,0,0.0169954388021992
2024-03-18,GLD,197.44451621524385,13504255.643966762,0.0169954388021992,0.0169954388021992,0.03907764776737355,0.007095704129521142,1,0,0,0,6.015926089825559e-05
2024-03-19,GLD,197.45639433140772,10026396.492675956,6.015926089825559e-05,6.015926089825559e-05,0.037927166733148,0.006731447657065577,1,0,0,0,0.0024186489519674
2024-03-20,GLD,197.9339720326167,13146704.028953476,0.0024186489519674,0.0024186489519674,0.03871359034814614,0.006772566969923521,1,0,0,0,-0.0134398505189383
2024-03-21,GLD,195.27376903587864,14136915.942083163,-0.0134398505189383,0.0134398505189383,0.008729191432510719,0.008925408658168106,1,0,0,0,0.0053337240423817
2024-03-22,GLD,196.31530543263185,13056024.412626076,0.0053337240423817,0.0053337240423817,0.01117911005640293,0.008784534040953147,1,0,0,0,-0.0156636130658176
2024-03-25,GLD,193.24029844943723,12550143.4860283,-0.0156636130658176,0.0156636130658176,-0.02129316046044749,0.010456309444046043,1,0,0,0,0.0056924695148164
2024-03-26,GLD,194.34031295739467,12908038.358729929,0.0056924695148164,0.0056924695148164,-0.015781111493320732,0.010526867199919314,1,0,0,0,0.0081773406507941
2024-03-27,GLD,195.92949989862925,10888818.283171223,0.0081773406507941,0.0081773406507941,-0.010126973724637556,0.010691280939423703,1,0,0,0,0.003515103479232
2024-03-28,GLD,196.61821236540712,11174182.853293814,0.003515103479232,0.003515103479232,0.006884915143321013,0.009681557548661042,1,0,0,0,-0.0081927342018953
2024-03-29,GLD,195.0073716122455,13329971.840921097,-0.0081927342018953,0.0081927342018953,-0.006662413903510855,0.010140554398443032,1,0,0,0,-0.0020431144067466
2024-04-01,GLD,194.60894924188275,11199896.99051322,-0.0020431144067466,0.0020431144067466,0.0070826365071239294,0.00832136129367596,1,0,0,0,-0.0211369904653665
2024-04-02,GLD,190.49550173728204,13341637.294088928,-0.0211369904653665,0.0211369904653665,-0.01978390979001632,0.010355293137746493,1,0,0,0,-0.0055791222661665
2024-04-03,GLD,189.432704041935,12410167.348812751,-0.0055791222661665,0.0055791222661665,-0.03315884468676522,0.010151313537011711,1,0,0,0,0.0021004190936558
2024-04-04,GLD,189.83059211046756,13805379.26982038,0.0021004190936558,0.0021004190936558,-0.03452182874252274,0.009785293674911396,1,0,0,0,0.0002248272969606
2024-04-05,GLD,189.87327120937215,11055444.259593343,0.0002248272969606,0.0002248272969606,-0.026327724744078074,0.009441973049516682,1,0,0,0,-0.0027975597534979
2024-04-08,GLD,189.34208938757183,11406385.28890214,-0.0027975597534979,0.0027975597534979,-0.027063811170187524,0.008386194291389731,1,0,0,0,0.0106946546995878
2024-04-09,GLD,191.36703765367045,11821031.067404242,0.0106946546995878,0.0106946546995878,0.004575099718576947,0.00902140451949943,1,0,0,0,0.0029684539188281
2024-04-10,GLD,191.93510188652803,10009233.587538678,0.0029684539188281,0.0029684539188281,0.013209956840604775,0.008537732165782607,1,0,0,0,0.0001238814273162
2024-04-11,GLD,191.95887908090185,12246129.836880447,0.0001238814273162,0.0001238814273162,0.01121150677966476,0.008358717415270719,1,0,0,0,0.0016541980901426
2024-04-12,GLD,192.27641709206335,9431507.852347272,0.0016541980901426,0.0016541980901426,0.012656578081710501,0.008173695137689075,1,0,0,0,-0.0084691961779896
2024-04-15,GLD,190.64799039530976,11483540.031837292,-0.0084691961779896,0.0084691961779896,0.006897045511443656,0.008478623828149427,1,0,0,0,-0.001348536471346
2024-04-16,GLD,190.39089462707284,14100622.184055822,-0.001348536471346,0.001348536471346,-0.005100894273987744,0.005194889016827024,1,0,0,0,-0.0157112062316495
2024-04-17,GLD,187.39962401695863,13277805.789056432,-0.0157112062316495,0.0157112062316495,-0.02363026786132527,0.0070511154702302715,1,0,0,0,-0.022189719243469
2024-04-18,GLD,183.24127897369067,10513598.38725493,-0.022189719243469,0.022189719243469,-0.045413893584662524,0.009575047307429396,1,0,0,0,-0.0028183250783026
2024-04-19,GLD,182.72484548177889,10797066.99566756,-0.0028183250783026,0.0028183250783026,-0.049676251277925076,0.009492038854168322,1,0,0,0,0.0074502372015648
2024-04-22,GLD,184.0861889232374,15350896.59855384,0.0074502372015648,0.0074502372015648,-0.03441841405443846,0.010141947299609017,1,0,0,0,-0.0088934147808911
2024-04-23,GLD,182.44903408970956,12259014.90569534,-0.0088934147808911,0.0088934147808911,-0.041713447236641055,0.00909074727595948,1,0,0,0,0.0031038544705727
2024-04-24,GLD,183.01532933982057,15240161.323418202,0.0031038544705727,0.0031038544705727,-0.023395429420612457,0.009103568450120923,1,0,0,0,-0.0141180676690953
2024-04-25,GLD,180.4315065357192,12267957.71077288,-0.0141180676690953,0.0141180676690953,-0.01533373077130129,0.009373376562978493,1,0,0,0,-0.000253090711684
2024-04-26,GLD,180.38584099731983,8914574.728396725,-0.000253090711684,0.000253090711684,-0.012800692091389898,0.009215367094252656,1,0,0,0,0.0001057751828015
2024-04-29,GLD,180.40492134262615,12328521.002863,0.0001057751828015,0.0001057751828015,-0.019997521824661635,0.009390934440053829,1,0,0,0,-8.944834359214554e-05
2024-04-30,GLD,180.3887844212362,11605655.658888567,-8.944834359214554e-05,8.944834359214554e-05,-0.011292192796484302,0.009460474879262765,1,0,0,0,-0.0116573314854247
2024-05-01,GLD,178.28593256498505,13346358.048835034,-0.0116573314854247,0.0116573314854247,-0.025841533558394136,0.009044455031954151,1,0,0,0,0.0044104713642118
2024-05-02,GLD,179.07225756520472,10836061.2210097,0.0044104713642118,0.0044104713642118,-0.007533323844665651,0.007111224997101077,1,0,0,0,0.0055779232454483
2024-05-03,GLD,180.07110887329262,10892943.502708796,0.0055779232454483,0.0055779232454483,-0.0017447717752520076,0.007523776204222694,1,0,0,0,0.0043525151198345
2024-05-06,GLD,180.85487109730897,11444217.709959907,0.0043525151198345,0.0043525151198345,0.0024941102012858707,0.007172827332555036,1,0,0,0,0.0183313852558803
2024-05-07,GLD,184.17019141479636,11837508.52801244,0.0183313852558803,0.0183313852558803,0.02096253936015202,0.009073443450866142,1,0,0,0,-0.0028216496016617
2024-05-08,GLD,183.6505276675528,13476023.608317869,-0.0028216496016617,0.0028216496016617,0.030089839536904472,0.009112472080876897,1,0,0,0,0.0015944604082029
2024-05-09,GLD,183.9433511628643,13790084.697639965,0.0015944604082029,0.0015944604082029,0.027201832734397025,0.0075557629946963285,1,0,0,0,0.0098639206637995
2024-05-10,GLD,185.75775378536824,12419142.505728723,0.0098639206637995,0.0098639206637995,0.03157999607853279,0.007896862351112744,1,0,0,0,-0.0107235943763616
2024-05-13,GLD,183.76576298150988,14357722.662810266,-0.0107235943763616,0.0107235943763616,0.016095180995344682,0.008998505263772171,1,0,0,0,-0.0072697126873803
2024-05-14,GLD,182.42983868285708,11524300.672968218,-0.0072697126873803,0.0072697126873803,-0.009449698230587056,0.00944866995574311,1,0,0,0,0.0089503264887098
2024-05-15,GLD,184.0626453003513,12204560.286815029,0.0089503264887098,0.0089503264887098,0.0022440318469680864,0.008545260359254445,1,0,0,0,-0.0026733214209778
2024-05-16,GLD,183.5705866878681,9936193.796787594,-0.0026733214209778,0.0026733214209778,-0.0020265177982223825,0.008727878995324383,1,0,0,0,-0.0063365327181086
2024-05-17,GLD,182.407385659238,14480668.36325418,-0.0063365327181086,0.0063365327181086,-0.018036222218758002,0.00907029589124055,1,0,0,0,0.0040880928916575
2024-05-20,GLD,183.15308399593732,11500738.546542166,0.0040880928916575,0.0040880928916575,-0.0033340213956731812,0.009060875551261156,1,0,0,0,-0.0107923433244078
2024-05-21,GLD,181.17643303252908,14925197.11607824,-0.0107923433244078,0.0107923433244078,-0.0068706175446823226,0.0075295888662625255,1,0,0,0,0.0013053028571104
2024-05-22,GLD,181.4129231482075,13996629.176184114,0.0013053028571104,0.0013053028571104,-0.014395762637334775,0.007568919624339119,1,0,0,0,-0.00820528155366
2024-05-23,GLD,179.92437903630395,13448407.81185274,-0.00820528155366,0.00820528155366,-0.019862700868107597,0.007797943448336796,1,0,0,0,-0.0050980546556889
2024-05-24,GLD,179.007114718086,12728423.912575172,-0.0050980546556889,0.0050980546556889,-0.01864108149383914,0.006568990823881756,1,0,0,0,-0.0212448925695157
2024-05-27,GLD,175.2041277967213,12134021.051821193,-0.0212448925695157,0.0212448925695157,-0.04340061344199009,0.008408346805420474,1,0,0,0,0.0018554542096539
2024-05-28,GLD,175.52921103319045,13443428.848896058,0.0018554542096539,0.0018554542096539,-0.031169738275643732,0.008594900446720573,1,0,0,0,0.0021344319246463
2024-05-29,GLD,175.9038661849277,13084231.729892692,0.0021344319246463,0.0021344319246463,-0.030367500107912004,0.007693039115536993,1,0,0,0,-0.0012861825455219
2024-05-30,GLD,175.67762170255082,13803960.134517746,-0.0012861825455219,0.0012861825455219,-0.023603012312724103,0.007741920483855038,1,0,0,0,-0.0052060414233463
2024-05-31,GLD,174.76303672681237,12954246.378765317,-0.0052060414233463,0.0052060414233463,-0.02370899055022213,0.007718036435139195,1,0,0,0,0.0020267596189991
2024-06-03,GLD,175.11723939254395,10495834.0291233,0.0020267596189991,0.0020267596189991,-0.0004959266957349495,0.007495054666632519,1,0,0,0,0.0120324721661445
2024-06-04,GLD,177.2243327013468,11345482.215874713,0.0120324721661445,0.0120324721661445,0.009657205533931457,0.00872405020624717,1,0,0,0,0.0072346822875082
2024-06-05,GLD,178.50649444205672,14104619.389428653,0.0072346822875082,0.0072346822875082,0.014795742206102913,0.009176173667583677,1,0,0,0,-0.0055327219778267
2024-06-06,GLD,177.51886763707236,15179961.74314084,-0.0055327219778267,0.0055327219778267,0.010480822296416559,0.00899883755928477,1,0,0,0,0.0021556976470199
2024-06-07,GLD,177.90154464233922,11811364.32432626,0.0021556976470199,0.0021556976470199,0.01795864831779581,0.008951651799691547,1,0,0,0,-0.0018160371920301
2024-06-10,GLD,177.57846882074912,12050264.612417974,-0.0018160371920301,0.0018160371920301,0.014054752329027309,0.0053546292252234975,1,0,0,0,0.0045636912789646
2024-06-11,GLD,178.38888213023827,12871917.156671165,0.0045636912789646,0.0045636912789646,0.006571047051727064,0.005450117224956369,1,0,0,0,-0.0062306088018888
2024-06-12,GLD,177.2774107910785,12841584.147241153,-0.0062306088018888,0.0062306088018888,-0.006885372181106741,0.0059803625328284545,1,0,0,0,0.0122184121133351
2024-06-13,GLD,179.4434592545089,13501019.6427967,0.0122184121133351,0.0122184121133351,0.010841617249222502,0.00691078567498451,1,0,0,0,-0.0060423347399758
2024-06-14,GLD,178.35920180679395,12121463.276054082,-0.0060423347399758,0.0060423347399758,0.002572530583558663,0.00701391245545278,1,0,0,0,-0.0077858558958892
2024-06-17,GLD,176.9705227638204,12942560.932603035,-0.0077858558958892,0.0077858558958892,-0.003423534739126377,0.007674527796092676,1,0,0,0,0.0030638175272928
2024-06-18,GLD,177.5127281532784,11435513.025675325,0.0030638175272928,0.0030638175272928,-0.004911483084019785,0.006716612337067955,1,0,0,0,0.0134891219242406
2024-06-19,GLD,179.90721898644256,12943030.392570704,0.0134891219242406,0.0134891219242406,0.014834423537826158,0.007669799077105997,1,0,0,0,-0.0132340452137311
2024-06-20,GLD,177.52631871609935,14191674.590760756,-0.0132340452137311,0.0132340452137311,-0.010683813978922596,0.008695340403002823,1,0,0,0,0.0007855344392593
2024-06-21,GLD,177.66577175332577,12121486.682970265,0.0007855344392593,0.0007855344392593,-0.0038878288669362826,0.008669021741164048,1,0,0,0,0.005378005673043
2024-06-24,GLD,178.6212592817207,11520770.210030038,0.005378005673043,0.005378005673043,0.0093277484414922,0.008808070486619107,1,0,0,0,0.0220214355157502
2024-06-25,GLD,182.5547558247352,14311199.534201045,0.0220214355157502,0.0220214355157502,0.028403752924709202,0.011106606510199221,1,0,0,0,-0.0117506157120854
2024-06-26,GLD,180.4096250426252,11347636.564312004,-0.0117506157120854,0.0117506157120854,0.0027925841943035046,0.011702536889843247,1,0,0,0,0.0094077842330328
2024-06-27,GLD,182.10687986858852,11789361.408212213,0.0094077842330328,0.0094077842330328,0.025802152523730415,0.011456051701612081,1,0,0,0,-0.0055407519286178
2024-06-28,GLD,181.0978708227421,10959236.531560294,-0.0055407519286178,0.0055407519286178,0.019317728088793062,0.011420239883775413,1,0,0,0,-0.0023119351826782
2024-07-01,GLD,180.6791842836789,12577009.532401783,-0.0023119351826782,0.0023119351826782,0.011521165007085887,0.011046320347615523,1,0,0,0,0.0080245806887103
2024-07-02,GLD,182.1290589767336,13647019.50195434,0.0080245806887103,0.0080245806887103,-0.0023318858283281063,0.011203152346382967,1,0,0,0,0.0007851763697662
2024-07-03,GLD,182.27206241008983,11507493.6145774,0.0007851763697662,0.0007851763697662,0.010323381399548914,0.010534920506793314,1,0,0,0,-0.0106104729583705
2024-07-04,GLD,180.3380696208212,11539913.662286326,-0.0106104729583705,0.0106104729583705,-0.00971303362642717,0.01015708281151388,1,0,0,0,-0.0014243600050859
2024-07-05,GLD,180.0812032870589,12779622.467989668,-0.0014243600050859,0.0014243600050859,-0.005613912140790989,0.010201173335036543,1,0,0,0,-0.0027837209670713
2024-07-08,GLD,179.57990746569328,12563070.127078256,-0.0027837209670713,0.0027837209670713,-0.006084136489456715,0.010173814542042093,1,0,0,0,0.0017570736292833
2024-07-09,GLD,179.89544258545038,10022446.502589067,0.0017570736292833,0.0017570736292833,-0.012263921001033462,0.006929917552020666,1,0,0,0,-0.0072702035610771
2024-07-10,GLD,178.5875660981441,14113464.621920982,-0.0072702035610771,0.0072702035610771,-0.020214267964204335,0.006306356722245214,1,0,0,0,-0.0052977753429202
2024-07-11,GLD,177.64144929391722,13850054.146784754,-0.0052977753429202,0.0052977753429202,-0.014953139581530883,0.005233994922127469,1,0,0,0,-0.0024663975638161
2024-07-12,GLD,177.2033148561459,11783890.558078744,-0.0024663975638161,0.0024663975638161,-0.01598105953526696,0.005122506750248849,1,0,0,0,0.0004313388145752
2024-07-15,GLD,177.27974952391477,11879973.812416658,0.0004313388145752,0.0004313388145752,-0.012808548429717459,0.005186510257085185,1,0,0,0,-0.0011476309353407
2024-07-16,GLD,177.07629779915166,11888980.195084166,-0.0011476309353407,0.0011476309353407,-0.01567101837479634,0.0038876048229716164,1,0,0,0,0.0036661960671942
2024-07-17,GLD,177.7254942257362,11559261.839796046,0.0036661960671942,0.0036661960671942,-0.004827166253747572,0.004270895788629715,1,0,0,0,0.0053462229858036
2024-07-18,GLD,178.67565434812917,13039125.803171732,0.0053462229858036,0.0053462229858036,0.00582186791608974,0.003872302953707181,1,0,0,0,0.0028193784549353
2024-07-19,GLD,179.17940863841977,11149234.469109263,0.0028193784549353,0.0028193784549353,0.011151562169579465,0.004039679496235999,1,0,0,0,-0.0051256212972163
2024-07-22,GLD,178.26100284548005,11906058.035222577,-0.0051256212972163,0.0051256212972163,0.005535055888788332,0.004249564071652836,1,0,0,0,-0.0123061797295062
2024-07-23,GLD,176.06729090570153,13168107.66271388,-0.0123061797295062,0.0123061797295062,-0.0056981476684959675,0.005483403568405387,1,0,0,0,-0.0070097270599455
2024-07-24,GLD,174.83310725226852,10205456.5588465,-0.0070097270599455,0.0070097270599455,-0.01627446296361934,0.005456854311110277,1,0,0,0,-0.0053921291345354
2024-07-25,GLD,173.8903845609722,11616131.11468375,-0.0053921291345354,0.0053921291345354,-0.02678187917998842,0.005463058621581539,1,0,0,0,-0.0020427683925675
2024-07-26,GLD,173.53516677961963,10385779.592059303,-0.0020427683925675,0.0020427683925675,-0.03150050500607526,0.005461703069168346,1,0,0,0,0.0073301156338351
2024-07-29,GLD,174.80719961865114,11827158.8671813,0.0073301156338351,0.0073301156338351,-0.019374979225393107,0.00619948048589794,1,0,0,0,-0.0006930037686725
2024-07-30,GLD,174.68605757052433,11225882.057137668,-0.0006930037686725,0.0006930037686725,-0.00784491729311021,0.006203090402954949,1,0,0,0,-0.0077791389846045
2024-07-31,GLD,173.3271504500106,12221516.712198468,-0.0077791389846045,0.0077791389846045,-0.008613682076158202,0.006232430523761122,1,0,0,0,-0.0107320327924951
2024-08-01,GLD,171.46699778755135,12959360.518514875,-0.0107320327924951,0.0107320327924951,-0.013936289689273296,0.006059097924054338,1,0,0,0,-0.0011681007559685
2024-08-02,GLD,171.26670705781206,10559570.843248088,-0.0011681007559685,0.0011681007559685,-0.013072046225007461,0.005672518416138965,1,0,0,0,-0.0022984807825746
2024-08-05,GLD,170.87305382294485,12449644.728260908,-0.0022984807825746,0.0022984807825746,-0.02250562793917399,0.005707764356430315,1,0,0,0,-0.0088199453588773
2024-08-06,GLD,169.36596282492195,10221716.084003432,-0.0088199453588773,0.0088199453588773,-0.0304551766728981,0.005246049181318405,1,0,0,0,-0.0134891277570081
2024-08-07,GLD,167.08136371468788,14463813.821995884,-0.0134891277570081,0.0134891277570081,-0.03603467038549202,0.006021107246267768,1,0,0,0,-0.0031055704548008
2024-08-08,GLD,166.56248076798772,11952558.327084104,-0.0031055704548008,0.0031055704548008,-0.028603271083339044,0.006027234400315517,1,0,0,0,0.0027653336262344
2024-08-09,GLD,167.02308159692447,13228855.247009171,0.0027653336262344,0.0027653336262344,-0.024777877345741994,0.006405430464391419,1,0,0,0,0.0013115716425657
2024-08-12,GLD,167.24214433440093,9469377.147010256,0.0013115716425657,0.0013115716425657,-0.021249163676246963,0.005455928009043318,1,0,0,0,-0.0120340671886619
2024-08-13,GLD,165.22954113270484,15089946.953858986,-0.0120340671886619,0.0120340671886619,-0.024422981000574717,0.005769269869540962,1,0,0,0,-0.0038929653435668
2024-08-14,GLD,164.58630825534175,,-0.0038929653435668,0.0038929653435668,-0.014933176291323291,0.005732071702380337,1,0,0,0,-0.0019577397357076
2024-08-15,GLD,164.26409109971684,12444712.905708876,-0.0019577397357076,0.0019577397357076,-0.013798963954387844,0.005446488917812411,1,0,0,0,-0.0081635502981066
2024-08-16,GLD,162.92311292985156,12633167.513235418,-0.0081635502981066,0.0081635502981066,-0.024547317819026526,0.005453212697136447,1,0,0,0,-0.0011104490879266
2024-08-19,GLD,162.7421951076964,11789239.17477877,-0.0011104490879266,0.0011104490879266,-0.026906789820315136,0.0055302407207314455,1,0,0,0,-0.0055615719543023
2024-08-20,GLD,161.83709267960387,11588328.794706997,-0.0055615719543023,0.0055615719543023,-0.020531730765846024,0.005363808309805391,1,0,0,0,0.006981138104044
2024-08-21,GLD,162.96689977395715,9730988.185521524,0.006981138104044,0.006981138104044,-0.009839266088113585,0.005467254397799565,1,0,0,0,-0.0056535670972873
2024-08-22,GLD,162.04555547144818,14245607.369682835,-0.0056535670972873,0.0056535670972873,-0.013505907550554586,0.005558428734464297,1,0,0,0,0.0125876788885041
2024-08-23,GLD,164.0853328890321,16073976.538744282,0.0125876788885041,0.0125876788885041,0.007133548692265235,0.007248609744646882,1,0,0,0,0.0077659396161263
2024-08-26,GLD,165.35960967614028,11582988.642529309,0.0077659396161263,0.0077659396161263,0.016083195674678974,0.00781655455601823,1,0,0,0,0.0028136814487447
2024-08-27,GLD,165.82487894225773,14167074.392764088,0.0028136814487447,0.0028136814487447,0.024640743334092496,0.006861490843984377,1,0,0,0,0.0019050343458264
2024-08-28,GLD,166.14078103203522,13426765.355236134,0.0019050343458264,0.0019050343458264,0.019475619051969373,0.00670336863971213,1,0,0,0,0.0111671947799945
2024-08-29,GLD,167.9961074947204,13322203.065093651,0.0111671947799945,0.0111671947799945,0.03672147629078726,0.007324587814106329,1,0,0,0,-0.0029320085165864
2024-08-30,GLD,167.50354147679252,11900533.049716707,-0.0029320085165864,0.0029320085165864,0.02083189598714541,0.006652303768631413,1,0,0,0,0.0033787310342398
2024-09-02,GLD,168.06949089072526,13037862.077485625,0.0033787310342398,0.0033787310342398,0.016387806066380683,0.006509305383715682,1,0,0,0,-0.0019282243799887
2024-09-03,GLD,167.74541520085748,11126727.941811835,-0.0019282243799887,0.0019282243799887,0.011581713617704548,0.006048179645037565,1,0,0,0,0.0123730318902594
2024-09-04,GLD,169.8209345725825,12389879.680349736,0.0123730318902594,0.0123730318902594,0.022150814012591447,0.00659763196298087,1,0,0,0,-0.0023101318575414
2024-09-05,GLD,169.42862582154893,11315151.202556608,-0.0023101318575414,0.0023101318575414,0.008527092372503597,0.006112639894673542,1,0,0,0,-0.0019168860861024
2024-09-06,GLD,169.10385044612417,11004537.5001983,-0.0019168860861024,0.0019168860861024,0.009553881399894992,0.00568123089750666,1,0,0,0,-0.0210360574875531
2024-09-09,GLD,165.54657212677287,12755388.01130482,-0.0210360574875531,0.0210360574875531,-0.015011164433125668,0.009215760709343476,1,0,0,0,
2024-01-02,SPY,471.82432128721496,89167663.66363831,-0.0170326639849688,0.0170326639849688,,,0,1,0,0,-0.0130164279318113
2024-01-03,SPY,465.6828540127041,88357729.99436504,-0.0130164279318113,0.0130164279318113,,,0,1,0,0,-0.0132610670856498
2024-01-04,SPY,459.5074024450048,93673133.837219,-0.0132610670856498,0.0132610670856498,,,0,1,0,0,-0.003166171312784
2024-01-05,SPY,458.0525232893714,86392710.65902236,-0.003166171312784,0.003166171312784,,,0,1,0,0,-0.022775815796967
2024-01-08,SPY,447.62000339359673,81897913.49701576,-0.022775815796967,0.022775815796967,,,0,1,0,0,-0.001538971960846
2024-01-09,SPY,446.93112875926016,79734820.73251978,-0.001538971960846,0.001538971960846,-0.05275945178078578,,0,1,0,0,-0.0092222922809634
2024-01-10,SPY,442.8093992603814,83323672.26651622,-0.0092222922809634,0.0092222922809634,-0.049118095191236666,,0,1,0,0,0.0092860018492997
2024-01-11,SPY,446.92132816080056,85593899.79589178,0.0092860018492997,0.0092860018492997,-0.027390362412519798,,0,1,0,0,0.0099184723757923
2024-01-12,SPY,451.3541050083159,79696114.07531208,0.0099184723757923,0.0099184723757923,-0.014623690385881294,,0,1,0,0,0.0142725822913908
2024-01-15,SPY,457.7960936146042,98853179.4239402,0.0142725822913908,0.0142725822913908,0.02273377003676824,0.012575663364080794,0,1,0,0,0.008024701130947
2024-01-16,SPY,461.4697704447765,98812523.13615005,0.008024701130947,0.008024701130947,0.03252993750038735,0.012329001466438875,0,1,0,0,-0.0001802977875726
2024-01-17,SPY,461.3865684661336,96148310.2121256,-0.0001802977875726,0.0001802977875726,0.04195296946447269,0.01172513160710146,0,1,0,0,0.008947939889439
2024-01-18,SPY,465.5150277465633,106853327.73753712,0.008947939889439,0.008947939889439,0.041603965651585195,0.011208052616328184,0,1,0,0,0.0154048115638384
2024-01-19,SPY,472.686199029134,106019896.87884684,0.0154048115638384,0.0154048115638384,0.04726243493548177,0.011893004886950742,0,1,0,0,-0.0061859453341704
2024-01-22,SPY,469.7621880417229,78982408.8890668,-0.0061859453341704,0.0061859453341704,0.026138480852115675,0.008552892119398015,0,1,0,0,0.0064535114583018
2024-01-23,SPY,472.7938037049272,77671263.03313486,0.0064535114583018,0.0064535114583018,0.024539057562180666,0.008255429984698784,0,1,0,0,-7.673827710852376e-05
2024-01-24,SPY,472.7575223230033,76313281.00533696,-7.673827710852376e-05,7.673827710852376e-05,0.02464517745861583,0.006800441106777361,0,1,0,0,0.0147501672541523
2024-01-25,SPY,479.7307748479263,94377310.58861348,0.0147501672541523,0.0147501672541523,0.030537676023430826,0.00724635075108842,0,1,0,0,-0.0080189502009684
2024-01-26,SPY,475.8838376545488,83184476.64152656,-0.0080189502009684,0.0080189502009684,0.006764823326728342,0.00857795083614628,0,1,0,0,-0.0026654660956552
2024-01-29,SPY,474.6153854198103,91784569.61031134,-0.0026654660956552,0.0026654660956552,0.01033117926821392,0.008285261601247615,0,1,0,0,0.0039733859316943
2024-01-30,SPY,476.5012155152031,100234008.74903668,0.0039733859316943,0.0039733859316943,0.00784149830480807,0.008145194924673763,0,1,0,0,0.0029311026702099
2024-01-31,SPY,477.897889500358,77533131.77571139,0.0029311026702099,0.0029311026702099,0.010873157876148287,0.008058985307295222,0,1,0,0,-0.0160444796244764
2024-02-01,SPY,470.23026654968913,100086190.13904998,-0.0160444796244764,0.0160444796244764,-0.019803833308898677,0.00987104657506996,0,1,0,0,0.0039515523223738
2024-02-02,SPY,472.088406051524,78426233.0119536,0.0039515523223738,0.0039515523223738,-0.007975542144341485,0.008603795925551298,0,1,0,0,-0.0008349769951697
2024-02-05,SPY,471.6942230927847,69122117.463529,-0.0008349769951697,0.0008349769951697,-0.006154799057855653,0.008345278040804576,0,1,0,0,-0.0020474784920156
2024-02-06,SPY,470.7284393161942,69685762.10621923,-0.0020474784920156,0.0020474784920156,-0.012114924392726323,0.008094058345598485,0,1,0,0,-0.0012030166200229
2024-02-07,SPY,470.1621451801793,77642653.40704459,-0.0012030166200229,0.0012030166200229,-0.016187023400053957,0.008096769366056172,0,1,0,0,0.0025397170507821
2024-02-08,SPY,471.3562239969257,64829215.63750517,0.0025397170507821,0.0025397170507821,0.002394481017775174,0.0062474305070164115,0,1,0,0,-0.0178139566145464
2024-02-09,SPY,462.95950467264805,95531704.61027595,-0.0178139566145464,0.0178139566145464,-0.01933727086252479,0.00789225840722473,0,1,0,0,0.0158746656799686
2024-02-12,SPY,470.3088320326903,106556915.96440595,0.0158746656799686,0.0158746656799686,-0.0029370532694055207,0.009843357287999238,0,1,0,0,-0.0082644167328856
2024-02-13,SPY,466.4220038516153,73586279.9900371,-0.0082644167328856,0.0082644167328856,-0.009148449732152786,0.009934970067878217,0,1,0,0,-0.0220636785818728
2024-02-14,SPY,456.1310186751202,88723900.15412161,-0.0220636785818728,0.0220636785818728,-0.029843165063154986,0.0115447857510182,0,1,0,0,-0.0004697449383484
2024-02-15,SPY,455.9167534378739,96595914.95647071,-0.0004697449383484,0.0004697449383484,-0.03275541888071565,0.010858032193188651,0,1,0,0,0.0149248041752441
2024-02-16,SPY,462.7212217031472,92117353.1655402,0.0149248041752441,0.0149248041752441,-0.0005146950588461596,0.01212312862762061,0,1,0,0,-0.0048360097110323
2024-02-19,SPY,460.48349738149005,84673131.16463263,-0.0048360097110323,0.0048360097110323,-0.020891239930015404,0.012148757333000167,0,1,0,0,0.0158627562090566
2024-02-20,SPY,467.78803483874646,86136946.76821858,0.0158627562090566,0.0158627562090566,0.002928744732990207,0.013446855906509368,0,1,0,0,0.0159194200102857
2024-02-21,SPY,475.2349490411306,100475961.417229,0.0159194200102857,0.0159194200102857,0.04188255037225885,0.014409425640421338,0,1,0,0,-0.0082773191711137
2024-02-22,SPY,471.3012776866492,88046096.59324254,-0.0082773191711137,0.0082773191711137,0.03374415204698478,0.014698078502844646,0,1,0,0,-0.0243012081527735
2024-02-23,SPY,459.8480872349178,82188924.19953774,-0.0243012081527735,0.0243012081527735,-0.006209212660820307,0.015685861014190013,0,1,0,0,-0.0120018275680784
2024-02-26,SPY,454.3290697844136,64770169.03836184,-0.0120018275680784,0.0120018275680784,-0.013365142577471789,0.014897248368667385,0,1,0,0,0.0122243222255431
2024-02-27,SPY,459.8829347298896,62949258.99290273,0.0122243222255431,0.0122243222255431,-0.016898893345106303,0.015541381545878006,0,1,0,0,-0.007817721736209
2024-02-28,SPY,456.28769791494005,91306901.76982956,-0.007817721736209,0.007817721736209,-0.03986922924002101,0.014003646952218278,0,1,0,0,-0.0147567749025054
2024-02-29,SPY,449.5543630660269,85490037.732151,-0.0147567749025054,0.0147567749025054,-0.046142278093039724,0.014778198500674671,0,1,0,0,-0.0130269467405394
2024-03-01,SPY,443.6980423213886,103862695.86082196,-0.0130269467405394,0.0130269467405394,-0.03512039162898328,0.013989561093034267,0,1,0,0,0.0003518014422029
2024-03-04,SPY,443.85413593258,85258307.6166886,0.0003518014422029,0.0003518014422029,-0.023055830120674692,0.014055317688256574,0,1,0,0,8.891516270798284e-05
2024-03-05,SPY,443.89360129529496,68717535.06396797,8.891516270798284e-05,8.891516270798284e-05,-0.03476826867686644,0.012420646920152881,0,1,0,0,0.0090704491490972
2024-03-06,SPY,447.9199156334536,88096448.12182094,0.0090704491490972,0.0090704491490972,-0.018338829470362583,0.011264145519192106,0,1,0,0,0.0102404997046688
2024-03-07,SPY,452.5068393972133,98916968.95283788,0.0102404997046688,0.0102404997046688,0.006567562399016902,0.01229476521864672,0,1,0,0,-0.0089724902249574
2024-03-08,SPY,448.44672620399535,76304335.58017814,-0.0089724902249574,0.0089724902249574,0.0107025125866278,0.010270354782878457,0,1,0,0,-0.0012175869871669
2024-03-11,SPY,447.9007033057317,75903632.55229287,-0.0012175869871669,0.0012175869871669,0.00911688558370538,0.009707891005710182,0,1,0,0,-0.0109893464656496
2024-03-12,SPY,442.9785672948969,106171450.89656396,-0.0109893464656496,0.0109893464656496,-0.0020613813709591255,0.008828556757141767,0,1,0,0,0.0010689067206172
2024-03-13,SPY,443.4520700625678,65360237.6689861,0.0010689067206172,0.0010689067206172,-0.009974652644250792,0.008815593841204677,0,1,0,0,-0.0111560782197806
2024-03-14,SPY,438.50488408222617,75670283.33296484,-0.0111560782197806,0.0111560782197806,-0.03094307996236967,0.008333986647531696,0,1,0,0,-0.0116525155545268
2024-03-15,SPY,433.3951990997221,98144697.73238592,-0.0116525155545268,0.0116525155545268,-0.03356369045590135,0.008149540520816758,0,1,0,0,0.0215842193395263
2024-03-18,SPY,442.7496961377882,94312622.8281032,0.0215842193395263,0.0215842193395263,-0.011500332841468008,0.011139461763869192,0,1,0,0,0.0006738888842552
2024-03-19,SPY,443.0480602365228,70079748.8691768,0.0006738888842552,0.0006738888842552,0.0001568765325381527,0.011142645129950222,0,1,0,0,0.0067817861237033
2024-03-20,SPY,446.0527174235686,70370722.81304413,0.0067817861237033,0.0067817861237033,0.005864551180545519,0.010954474875942725,0,1,0,0,0.0257309837865284
2024-03-21,SPY,457.5300926635314,99808634.24984597,0.0257309837865284,0.0257309837865284,0.043386537463828256,0.01343502039671373,0,1,0,0,0.0082083882369056
2024-03-22,SPY,461.2856772941811,97866819.7108232,0.0082083882369056,0.0082083882369056,0.06435345442772555,0.013085730144021666,0,1,0,0,-0.0007914260193201
2024-03-25,SPY,460.9206038068308,88831513.52252564,-0.0007914260193201,0.0007914260193201,0.041041039276936475,0.013071504887787008,0,1,0,0,0.0008958995154441
2024-03-26,SPY,461.3335423524396,84573466.90892658,0.0008958995154441,0.0008958995154441,0.041272005809381174,0.0121731221238402,0,1,0,0,-0.0070949196712997
2024-03-27,SPY,458.0604179277729,100479522.7388476,-0.0070949196712997,0.0070949196712997,0.026919913353653735,0.012665349806581733,0,1,0,0,0.0112933844093676
2024-03-28,SPY,463.2334703101468,89608323.81008519,0.0112933844093676,0.0112933844093676,0.01246557928772063,0.01177289133669622,0,1,0,0,-0.0029527868545466
2024-03-29,SPY,461.865640608429,73890787.43491131,-0.0029527868545466,0.0029527868545466,0.0012572757898094977,0.010624841943214511,0,1,0,0,0.0179774552559949
2024-04-01,SPY,470.16880949674845,114936941.9761736,0.0179774552559949,0.0179774552559949,0.020064639362039616,0.010101700086977382,0,1,0,0,-0.0030975854144262
2024-04-02,SPY,468.7124214501332,70484406.83633506,-0.0030975854144262,0.0030975854144262,0.01599467287825429,0.010391879279773758,0,1,0,0,-0.0031862293192379
2024-04-03,SPY,467.2189961906177,,-0.0031862293192379,0.0031862293192379,0.019994258190387804,0.010748032082593091,0,1,0,0,-0.0038437740024787
2024-04-04,SPY,465.423111959596,81435342.50096725,-0.0038437740024787,0.0038437740024787,0.004726864075653259,0.008047148035993852,0,1,0,0,0.0066069387973429
2024-04-05,SPY,468.4981339751819,99382293.77681136,0.0066069387973429,0.0066069387973429,0.014360222505436226,0.007919052965701553,0,1,0,0,0.0022193606942873
2024-04-08,SPY,469.5379003190733,74128370.73235752,0.0022193606942873,0.0022193606942873,-0.0013418779913335621,0.007875962353226736,0,1,0,0,0.0140643240737785
2024-04-09,SPY,476.1416335140824,85005890.97522828,0.0140643240737785,0.0140643240737785,0.015850256413013852,0.008745658447919087,0,1,0,0,-0.0051834962262611
2024-04-10,SPY,473.6735551535962,66954920.13963528,-0.0051834962262611,0.0051834962262611,0.013814847032343591,0.008513495475754787,0,1,0,0,0.0032523814454305
2024-04-11,SPY,475.21412223556894,85203472.34264532,0.0032523814454305,0.0032523814454305,0.021036794315497875,0.00805124044500305,0,1,0,0,0.0197296173456177
2024-04-12,SPY,484.5899150245103,96044610.0408516,0.0197296173456177,0.0197296173456177,0.03434758835171969,0.00939972836843891,0,1,0,0,-0.0020538168695409
2024-04-15,SPY,483.5946560822235,87740383.24627729,-0.0020538168695409,0.0020538168695409,0.029937425186759015,0.008370302494560427,0,1,0,0,-0.065
2024-04-16,SPY,452.16100343687896,104149198.81251508,-0.065,0.065,-0.05036448902864987,0.023131774906828228,0,1,0,0,0.0160688224016511
2024-04-17,SPY,459.42669829805857,91558991.8108858,0.0160688224016511,0.0160688224016511,-0.030077374386919042,0.023933457984250454,0,1,0,0,0.0058844577991031
2024-04-18,SPY,462.1301753159749,74910547.36422682,0.0058844577991031,0.0058844577991031,-0.027532740100489228,0.02402127029442178,0,1,0,0,-0.0059950516810607
2024-04-19,SPY,459.359681031578,78699836.03799011,-0.0059950516810607,0.0059950516810607,-0.052065123954666115,0.02394085841838703,0,1,0,0,-0.0202735001816574
2024-04-22,SPY,450.0468524547382,90495785.70645872,-0.0202735001816574,0.0202735001816574,-0.06937174182044992,0.02457967243373803,0,1,0,0,0.0242816364449993
2024-04-23,SPY,460.9747265092605,109302969.36471568,0.0242816364449993,0.0242816364449993,0.019492444074983073,0.02560278966096029,0,1,0,0,0.0046531428213036
2024-04-24,SPY,463.1197077487194,78354675.58870162,0.0046531428213036,0.0046531428213036,0.00803829961197633,0.025695338247602752,0,1,0,0,0.0129552888760703
2024-04-25,SPY,469.11955734680527,89095709.12766705,0.0129552888760703,0.0129552888760703,0.015124271047765925,0.026093526966646772,0,1,0,0,-0.004413135491383
2024-04-26,SPY,467.04926917857614,74497004.91835698,-0.004413135491383,0.004413135491383,0.016739797732638895,0.02506149009766996,0,1,0,0,0.018534817231498
2024-04-29,SPY,475.7059420209058,84370964.12276793,0.018534817231498,0.018534817231498,0.05701426290665634,0.026011098727618226,0,1,0,0,0.0055453936019305
2024-04-30,SPY,478.3439187081889,76362163.09965912,0.0055453936019305,0.0055453936019305,0.037679272203178904,0.01327061031654082,0,1,0,0,0.0008479744331439
2024-05-01,SPY,478.74954212150334,78915615.69703665,0.0008479744331439,0.0008479744331439,0.03374901588352275,0.0128174379274886,0,1,0,0,-0.0086681719122323
2024-05-02,SPY,474.5996587874917,92977607.269383,-0.0086681719122323,0.0086681719122323,0.011681673370601331,0.01341730297800324,0,1,0,0,0.004031847205816
2024-05-03,SPY,476.5131720956552,71988207.03912501,0.004031847205816,0.004031847205816,0.02026317894410523,0.013061363242636804,0,1,0,0,-0.0045153003243104
2024-05-06,SPY,474.3615720151535,89897719.34198438,-0.0045153003243104,0.0045153003243104,-0.002826052582065919,0.0105502093959203,0,1,0,0,-0.0018776917937078
2024-05-07,SPY,473.4708671841303,72241348.01281807,-0.0018776917937078,0.0018776917937078,-0.010187338719009231,0.008339159279312947,0,1,0,0,-0.0158751081739228
2024-05-08,SPY,465.9544659503812,92447529.3605373,-0.0158751081739228,0.0158751081739228,-0.02672603322902989,0.01013979932070933,0,1,0,0,-0.0045555393023747
2024-05-09,SPY,463.8317920676272,77177888.99269554,-0.0045555393023747,0.0045555393023747,-0.02268831534218607,0.009253138852807131,0,1,0,0,0.0019487903483797
2024-05-10,SPY,464.73570298728026,78109129.31954058,0.0019487903483797,0.0019487903483797,-0.02471593609171152,0.009218254615998135,0,1,0,0,-0.0121580616000309
2024-05-13,SPY,459.0854176826272,82718593.04408321,-0.0121580616000309,0.0121580616000309,-0.032203608457639366,0.0070453031728235265,0,1,0,0,0.001088965095667
2024-05-14,SPY,459.5853456784134,91841828.63005146,0.001088965095667,0.001088965095667,-0.029327087405183305,0.006529712211895703,0,1,0,0,0.0069829387895784
2024-05-15,SPY,462.79460201587295,86356669.99274552,0.0069829387895784,0.0069829387895784,-0.006781486530155312,0.007278309578212236,0,1,0,0,-0.0027175994069711
2024-05-16,SPY,461.5369116798851,92535247.43415648,-0.0027175994069711,0.0027175994069711,-0.004947656514686427,0.00703527615649328,0,1,0,0,-0.005857841599596
2024-05-17,SPY,458.8333015588977,79535629.12226866,-0.005857841599596,0.005857841599596,-0.012700555155204296,0.0066587481999530445,0,1,0,0,-0.0058512418760961
2024-05-20,SPY,456.1485569306688,80735429.04776311,-0.0058512418760961,0.0058512418760961,-0.006397198949997351,0.006689059630762732,0,1,0,0,0.0097614230598083
2024-05-21,SPY,460.6012159729902,103462323.79510257,0.0097614230598083,0.0097614230598083,0.0022104061936032426,0.007967938979063999,0,1,0,0,-0.0149950504529891
2024-05-22,SPY,453.6944775007671,72340580.18618387,-0.0149950504529891,0.0149950504529891,-0.019663419744886612,0.007809829015688814,0,1,0,0,-0.0026545139331057
2024-05-23,SPY,452.49013918886817,73131670.42143868,-0.0026545139331057,0.0026545139331057,-0.019601406219253104,0.007780978274852087,0,1,0,0,-0.0038440510748503
2024-05-24,SPY,450.7507439829601,80190236.83234236,-0.0038440510748503,0.0038440510748503,-0.017615455435507577,0.007631705184752745,0,1,0,0,0.0017899704245933
2024-05-27,SPY,451.55757448355297,100504781.49388708,0.0017899704245933,0.0017899704245933,-0.010064665068782896,0.00702763455167948,0,1,0,0,-0.0003457008698046
2024-05-28,SPY,451.4014706372872,74324130.86107843,-0.0003457008698046,0.0003457008698046,-0.019973341399607714,0.0069804529737519955,0,1,0,0,-0.0107250615662409
2024-05-29,SPY,446.56016207361057,94331049.31909738,-0.0107250615662409,0.0107250615662409,-0.01572493336585623,0.006754835505644231,0,1,0,0,0.0207508948717047
2024-05-30,SPY,455.82668505069154,110460024.1224518,0.0207508948717047,0.0207508948717047,0.007373742702557973,0.01024765891571292,0,1,0,0,0.0021261176958791
2024-05-31,SPY,456.7958262320317,78688329.33145016,0.0021261176958791,0.0021261176958791,0.013411142033079138,0.010154789775926728,0,1,0,0,-0.0130703832697472
2024-06-03,SPY,450.8253297071583,85265320.838697,-0.0130703832697472,0.0130703832697472,-0.0016215978155879052,0.010820285648801211,0,1,0,0,-0.0085643344983666
2024-06-04,SPY,446.9643107832097,103315683.99747778,-0.0085643344983666,0.0085643344983666,-0.009829741688287208,0.010312416197883784,0,1,0,0,0.001325848755045
2024-06-05,SPY,447.5569178582112,75324884.02090752,0.001325848755045,0.001325848755045,0.0022320750242748044,0.009450341787764422,0,1,0,0,0.0064796993836745
2024-06-06,SPY,450.45695214301634,73475205.281877,0.0064796993836745,0.0064796993836745,-0.011780207442392387,0.009744013102826918,0,1,0,0,-0.0130715506458189
2024-06-07,SPY,444.5687812793177,96152538.9373046,-0.0130715506458189,0.0130715506458189,-0.02676698045507797,0.010512225958885428,0,1,0,0,0.0074633687410095
2024-06-10,SPY,447.8867620247464,78879761.0329528,0.0074633687410095,0.0074633687410095,-0.006518195604316768,0.010847106786579179,0,1,0,0,-0.0133829208291034
2024-06-11,SPY,441.89272894816565,101925006.16601504,-0.0133829208291034,0.0133829208291034,-0.011346726601408563,0.01155194072993494,0,1,0,0,-0.0075938883870362
2024-06-12,SPY,438.5370448854905,89608023.29506528,-0.0075938883870362,0.0075938883870362,-0.020153577372651,0.011331514565043858,0,1,0,0,0.0088810126256819
2024-06-13,SPY,442.43169791794776,68631299.54939035,0.0088810126256819,0.0088810126256819,-0.017815807230611047,0.00911762372243792,0,1,0,0,0.0173599722929465
2024-06-14,SPY,450.11229993532464,92490906.69760954,0.0173599722929465,0.0173599722929465,0.01246942855513744,0.011112641826111911,0,1,0,0,-0.0004970787162175
2024-06-17,SPY,449.88855869111904,80141553.06772104,-0.0004970787162175,0.0004970787162175,0.0044694258372879325,0.010331512614521168,0,1,0,0,-0.0027453861740571
2024-06-18,SPY,448.65344086222194,75064099.61539744,-0.0027453861740571,0.0027453861740571,0.015299441405493885,0.009962856538605139,0,1,0,0,0.0130289914863951
2024-06-19,SPY,454.49894272355766,99358761.93421924,0.0130289914863951,0.0130289914863951,0.03639806037876481,0.010738051192727043,0,1,0,0,-0.0103697888693
2024-06-20,SPY,449.7858846461944,69155840.79229341,-0.0103697888693,0.0103697888693,0.01662219674325982,0.01119803273115099,0,1,0,0,0.0031292183071799
2024-06-21,SPY,451.1933628707403,70111876.53861971,0.0031292183071799,0.0031292183071799,0.002401762705820376,0.01024287288995563,0,1,0,0,0.0026824557215707
2024-06-24,SPY,452.4036690885077,76540384.70047782,0.0026824557215707,0.0026824557215707,0.005590518693575852,0.010044679319139358,0,1,0,0,0.010443217602107
2024-06-25,SPY,457.1282190487906,94115837.59875458,0.010443217602107,0.010443217602107,0.01888936407192565,0.009013880728423724,0,1,0,0,0.0033357843733305
2024-06-26,SPY,458.653100218502,67814162.19033325,0.0033357843733305,0.0033357843733305,0.009140081756958018,0.00814961802279694,0,1,0,0,-0.0023139433439756
2024-06-27,SPY,457.5918029300576,75050347.61925444,-0.0023139433439756,0.0023139433439756,0.017354742668288514,0.00825298919583323,0,1,0,0,0.0064955458438651
2024-06-28,SPY,460.5641114637667,76483647.55056897,0.0064955458438651,0.0064955458438651,0.020768808595508892,0.006798861034164494,0,1,0,0,-0.010915648616302
2024-07-01,SPY,455.53675545774894,71561544.38451988,-0.010915648616302,0.010915648616302,0.006925422102684875,0.007974887788470398,0,1,0,0,0.0084907643128361
2024-07-02,SPY,459.4046106841748,80590375.5004799,0.0084907643128361,0.0084907643128361,0.004979766158652366,0.008135124197588446,0,1,0,0,-0.0063767650920059
2024-07-03,SPY,456.4750953996573,72487282.26014367,-0.0063767650920059,0.0063767650920059,-0.004748697474860952,0.0076161058966713,0,1,0,0,-0.0087536590105497
2024-07-04,SPY,452.4792680677205,80063471.18325138,-0.0087536590105497,0.0087536590105497,-0.011172697652362729,0.0073740637636521625,0,1,0,0,-0.003326463900911
2024-07-05,SPY,450.97411211658255,84342636.84119277,-0.003326463900911,0.003326463900911,-0.020822289684502726,0.00741263242907081,0,1,0,0,0.000810014415277
2024-07-08,SPY,451.33940764831374,71755987.52265202,0.000810014415277,0.000810014415277,-0.009214070564333432,0.0073601376186092195,0,1,0,0,0.0074558591053674
2024-07-09,SPY,454.7045306804396,75428665.73354796,0.0074558591053674,0.0074558591053674,-0.010230807210958481,0.006927560798080291,0,1,0,0,-0.0017767067374844
2024-07-10,SPY,453.896654077215,71563755.56918792,-0.0017767067374844,0.0017767067374844,-0.005648591453132457,0.006799690687760494,0,1,0,0,0.0077072285146849
2024-07-11,SPY,457.3949393122389,75745236.2691953,0.0077072285146849,0.0077072285146849,0.010863859609547166,0.007307469795502558,0,1,0,0,0.0101008248608217
2024-07-12,SPY,462.015005486458,70567406.36675526,0.0101008248608217,0.0101008248608217,0.024482321874434332,0.007740683687527707,0,1,0,0,-0.0007075880794402
2024-07-15,SPY,461.68808917605327,69393939.40170474,-0.0007075880794402,0.0007075880794402,0.022928823303200785,0.006693441915206466,0,1,0,0,-0.0094654711053041
2024-07-16,SPY,457.3179939082942,86094477.34009707,-0.0094654711053041,0.0094654711053041,0.005747607625425921,0.006971404229737051,0,1,0,0,0.0095475108922384
2024-07-17,SPY,461.6842424363503,76385901.89271283,0.0095475108922384,0.0095475108922384,0.017157183885762928,0.007275048493482366,0,1,0,0,0.0031044824734692
2024-07-18,SPY,463.1175330752709,120493219.26393554,0.0031044824734692,0.0031044824734692,0.012511274767571301,0.006392668049740231,0,1,0,0,-0.0208019353525595
2024-07-19,SPY,453.4837920916023,82662446.85006514,-0.0208019353525595,0.0208019353525595,-0.018465230119253606,0.009665923329995456,0,1,0,0,-0.0095328865196381
2024-07-22,SPY,449.1607825630978,89706883.59497875,-0.0095328865196381,0.0095328865196381,-0.027133701099614993,0.010180324473599388,0,1,0,0,0.0017816169022824
2024-07-23,SPY,449.96101500515465,67232904.80373129,0.0017816169022824,0.0017816169022824,-0.016087228145706622,0.009844106454136336,0,1,0,0,-0.0133690551429857
2024-07-24,SPY,443.94546138335687,84265983.86047454,-0.0133690551429857,0.0133690551429857,-0.038421889730055,0.010598796400218257,0,1,0,0,-0.0064642014246018
2024-07-25,SPY,441.075708499437,77892602.831677,-0.0064642014246018,0.0064642014246018,-0.04759445065590173,0.010066398464292477,0,1,0,0,-0.0167792214076452
2024-07-26,SPY,433.6748015289909,88101004.86950454,-0.0167792214076452,0.0167792214076452,-0.043681804968699,0.009584455921811098,0,1,0,0,0.0043726361222781
2024-07-29,SPY,435.5711036314785,96305060.80293034,0.0043726361222781,0.0043726361222781,-0.03025571122677051,0.01003597475456138,0,1,0,0,0.0027651780676325
2024-07-30,SPY,436.7755352941348,79535632.68678604,0.0027651780676325,0.0027651780676325,-0.029303604693106222,0.010276685211617497,0,1,0,0,0.0021112560137856
2024-07-31,SPY,437.697680269699,69872582.23180494,0.0021112560137856,0.0021112560137856,-0.014073307775665622,0.009373601611611267,0,1,0,0,0.0148247406307049
2024-08-01,SPY,444.1864348543585,89190766.33836077,0.0148247406307049,0.0148247406307049,0.007052590507657719,0.011110419048433,0,1,0,0,-0.0031760167080787
2024-08-02,SPY,442.7756913157591,72497887.96082613,-0.0031760167080787,0.0031760167080787,0.02098551669288029,0.009440623618481503,0,1,0,0,-0.0025418018544897
2024-08-05,SPY,441.6502432424497,79942540.05682226,-0.0025418018544897,0.0025418018544897,0.013956710076237222,0.009102113106491986,0,1,0,0,0.0205492328207335
2024-08-06,SPY,450.72581691617233,110519088.07452504,0.0205492328207335,0.0205492328207335,0.031939246809332245,0.011505310073717995,0,1,0,0,-0.0126586297330398
2024-08-07,SPY,445.0202456887086,97374248.63828894,-0.0126586297330398,0.0126586297330398,0.01672973321333937,0.011413843810357477,0,1,0,0,0.007641629034512
2024-08-08,SPY,448.4209253191092,95793791.54275788,0.007641629034512,0.007641629034512,0.00953313773784914,0.011356452767736223,0,1,0,0,-0.0128009653416161
2024-08-09,SPY,442.6807045956438,92795623.88155667,-0.0128009653416161,0.0128009653416161,-0.00021452559835211105,0.010686690407061047,0,1,0,0,0.0027125578922278
2024-08-12,SPY,443.88150163463166,81210650.37209149,0.0027125578922278,0.0027125578922278,0.005052093656285228,0.010660476872448347,0,1,0,0,0.0215078262505082
2024-08-13,SPY,453.428427847604,76349407.80220325,0.0215078262505082,0.0215078262505082,0.005996130751778628,0.012336937470908325,0,1,0,0,0.0030635602491513
2024-08-14,SPY,454.8175331549931,77098675.87468533,0.0030635602491513,0.0030635602491513,0.022015374718789005,0.012325978386200358,0,1,0,0,-0.0073682277200413
2024-08-15,SPY,451.4663339996397,78841161.01194249,-0.0073682277200413,0.0073682277200413,0.006791406262683486,0.012139375794419384,0,1,0,0,0.0241921605909265
2024-08-16,SPY,462.3882800531559,101453674.4994507,0.0241921605909265,0.0241921605909265,0.04451871349466985,0.013879992650964373,0,1,0,0,-0.0050882137471508
2024-08-19,SPY,460.035549650068,93350931.25031948,-0.0050882137471508,0.0050882137471508,0.036392703809344784,0.014044486307707804,0,1,0,0,-0.0017119649983686
2024-08-20,SPY,459.2479848910618,85743662.9197369,-0.0017119649983686,0.0017119649983686,0.012834565911720386,0.012876409378387531,0,1,0,0,0.0033937206022436
2024-08-21,SPY,460.8065442389255,74407351.68354797,0.0033937206022436,0.0033937206022436,0.01316794241063568,0.011809387514764881,0,1,0,0,-0.013075651975299
2024-08-22,SPY,454.78119823851705,109034304.868001,-0.013075651975299,0.013075651975299,0.007342439489363972,0.012789228852431167,0,1,0,0,0.0115009828384598
2024-08-23,SPY,460.0116289947124,102497483.04477914,0.0115009828384598,0.0115009828384598,-0.005139946579464039,0.012061759972740548,0,1,0,0,0.0165382505892395
2024-08-26,SPY,467.6194165889912,86960297.4804906,0.0165382505892395,0.0165382505892395,0.016485393236874923,0.01268518113057744,0,1,0,0,0.0079376581479882
2024-08-27,SPY,471.33121966123633,86466342.37854302,0.0079376581479882,0.0079376581479882,0.02631091516501871,0.011420955268373343,0,1,0,0,0.003653610268728
2024-08-28,SPY,473.0532802453628,88598410.55196193,0.003653610268728,0.003653610268728,0.026576740629116413,0.011417457984720072,0,1,0,0,-0.0011429768803644
2024-08-29,SPY,472.51259128286176,81651696.41084696,-0.0011429768803644,0.0011429768803644,0.03898884367476696,0.010886269709320823,0,1,0,0,0.0092173558222291
2024-08-30,SPY,476.86790796719936,84160674.01471765,0.0092173558222291,0.0092173558222291,0.03664315836824361,0.008706525552432808,0,1,0,0,-0.031150782801905
2024-09-02,SPY,462.0130993409143,103400802.55481333,-0.031150782801905,0.031150782801905,-0.011989060011604491,0.013830469613379151,0,1,0,0,-0.0008977026219888
2024-09-03,SPY,461.5983489702428,80603302.51514472,-0.0008977026219888,0.0008977026219888,-0.02064974753420523,0.013818286593632897,0,1,0,0,0.0029112572985581
2024-09-04,SPY,462.9421805326848,83656399.69021714,0.0029112572985581,0.0029112572985581,-0.02137412451179621,0.01380827728344752,0,1,0,0,-0.0195053019367473
2024-09-05,SPY,453.9123535221386,74937215.47087745,-0.0195053019367473,0.0195053019367473,-0.039364533567717075,0.01463796096695303,0,1,0,0,0.0046116733808904
2024-09-06,SPY,456.00564904013385,68093892.69773534,0.0046116733808904,0.0046116733808904,-0.04374850682654974,0.014186792867808351,0,1,0,0,-0.0009250498464628
2024-09-09,SPY,455.5838210845031,99227134.89055017,-0.0009250498464628,0.0009250498464628,-0.013915792140056116,0.012827462808583504,0,1,0,0,
2024-01-02,TLT,93.99712435768608,31592709.207687493,-0.0105565857085674,0.0105565857085674,,,0,0,1,0,0.0035106017902082
2024-01-03,TLT,94.32711083073062,40373008.69089168,0.0035106017902082,0.0035106017902082,,,0,0,1,0,0.0023426387857238
2024-01-04,TLT,94.54808517910796,41599113.09107735,0.0023426387857238,0.0023426387857238,,,0,0,1,0,0.0016575613089251
2024-01-05,TLT,94.70480442693382,37217760.92862715,0.0016575613089251,0.0016575613089251,,,0,0,1,0,-0.0047552330974668
2024-01-08,TLT,94.25446100643371,38679475.68274184,-0.0047552330974668,0.0047552330974668,,,0,0,1,0,0.0072104439073671
2024-01-09,TLT,94.93407751053972,45975925.29950359,0.0072104439073671,0.0072104439073671,0.00996789166962464,,0,0,1,0,0.0025571269448484
2024-01-10,TLT,95.17683599812626,45507889.39202793,0.0025571269448484,0.0025571269448484,0.009008281499477633,,0,0,1,0,-0.0022951279048955
2024-01-11,TLT,94.95839298592728,36986880.98121719,-0.0022951279048955,0.0022951279048955,0.00433967336347485,,0,0,1,0,-0.0097504934491973
2024-01-12,TLT,94.0325017971717,26889136.51348918,-0.0097504934491973,0.0097504934491973,-0.0070989284422292576,,0,0,1,0,-0.0015079529555048
2024-01-15,TLT,93.89070520817316,39015353.72599739,-0.0015079529555048,0.0015079529555048,-0.003859295298879517,0.0057958863446694936,0,0,1,0,-0.0040926952797571
2024-01-16,TLT,93.50643916215458,37132574.14972262,-0.0040926952797571,0.0040926952797571,-0.015038207415315585,0.0049265786820139245,0,0,1,0,-0.0087082267273324
2024-01-17,TLT,92.692163889465,40824674.16621029,-0.0087082267273324,0.0087082267273324,-0.02610584899786106,0.00531768306999248,0,0,1,0,0.0027678437310165
2024-01-18,TLT,92.94872131420082,33956324.4586385,0.0027678437310165,0.0027678437310165,-0.021163707688527156,0.005355469467030172,0,0,1,0,0.0041797969310319
2024-01-19,TLT,93.33722809429328,32347998.38290315,0.0041797969310319,0.0041797969310319,-0.007393972186107822,0.005585199809594241,0,0,1,0,0.005948194270209
2024-01-22,TLT,93.89241605964096,39238770.88894376,0.005948194270209,0.005948194270209,1.8221734132461975e-05,0.0058961068615754385,0,0,1,0,0.000969471885277
2024-01-23,TLT,93.98344211725151,34415552.334046885,0.000969471885277,0.000969471885277,0.0051012845678974905,0.005305383929730112,0,0,1,0,-0.0015685347881732
2024-01-24,TLT,93.83602581877832,36261735.14651255,-0.0015685347881732,0.0015685347881732,0.012340438299373258,0.005156957720622592,0,0,1,0,0.0081436360609953
2024-01-25,TLT,94.60019226245664,39361127.95461156,0.0081436360609953,0.0081436360609953,0.01776754886894283,0.005952136744413246,0,0,1,0,0.0055829477329174
2024-01-26,TLT,95.12834019138188,37257103.34978595,0.0055829477329174,0.0055829477329174,0.019189685976951587,0.005191182165735856,0,0,1,0,0.0163452435577656
2024-01-29,TLT,96.683236081056,33209963.35708906,0.0163452435577656,0.0163452435577656,0.029723593646182156,0.006942034340017755,0,0,1,0,0.0041400381434973
2024-01-30,TLT,97.08350836626832,39022293.88968478,0.0041400381434973,0.0041400381434973,0.03298523845454859,0.006486344434132346,0,0,1,0,-0.0063245771144707
2024-01-31,TLT,96.46949623106248,34854970.9725038,-0.0063245771144707,0.0063245771144707,0.028064598743451352,0.006002150304921411,0,0,1,0,0.0070192423613682
2024-02-01,TLT,97.1466390055874,36191507.56666462,0.0070192423613682,0.0070192423613682,0.026917986974761776,0.006054070697058408,0,0,1,0,0.0165991871226694
2024-02-02,TLT,98.75919424477956,41539122.35465458,0.0165991871226694,0.0165991871226694,0.038167953378488884,0.0071657508925509475,0,0,1,0,0.002195643830408
2024-02-05,TLT,98.97603426031918,30162979.932083786,0.002195643830408,0.002195643830408,0.02371453699937165,0.0072482464075304485,0,0,1,0,-0.0009927028830923
2024-02-06,TLT,98.87778046575194,34475609.51773413,-0.0009927028830923,0.0009927028830923,0.018481739377550488,0.007403703670165592,0,0,1,0,-0.003880998076163
2024-02-07,TLT,98.49403598998909,29152428.95883699,-0.003880998076163,0.003880998076163,0.020986320422752724,0.0076670469487566525,0,0,1,0,0.0137032769595521
2024-02-08,TLT,99.843727044024,36202260.14740918,0.0137032769595521,0.0137032769595521,0.027763060730093603,0.008118084467221441,0,0,1,0,-0.0009761306114898
2024-02-09,TLT,99.74626652569108,37014798.020588726,-0.0009761306114898,0.0009761306114898,0.009994738094612376,0.00836631571597363,0,0,1,0,-0.0013788166095989
2024-02-12,TLT,99.60873471666,35013190.26303835,-0.0013788166095989,0.0013788166095989,0.006392461175770414,0.007474542920182836,0,0,1,0,0.0024926734362172
2024-02-13,TLT,99.85702676370342,34673385.34703109,0.0024926734362172,0.0024926734362172,0.009903603148643247,0.00746502778105369,0,0,1,0,-0.0096002389366886
2024-02-14,TLT,98.89837544726454,,-0.0096002389366886,0.0096002389366886,0.004105217673449291,0.0079671132615743,0,0,1,0,-0.0015313235939188
2024-02-15,TLT,98.7469300315419,33891437.053194955,-0.0015313235939188,0.0015313235939188,-0.010985136923008731,0.007888814924130747,0,0,1,0,-0.0084987941075447
2024-02-16,TLT,97.9077002044517,30771610.934959948,-0.0084987941075447,0.0084987941075447,-0.018432432463683535,0.0064746083542991766,0,0,1,0,-0.0005959413988978
2024-02-19,TLT,97.849352952629,40085267.48998158,-0.0005959413988978,0.0005959413988978,-0.01766292653988233,0.006388465994950179,0,0,1,0,0.0038982295851095
2024-02-20,TLT,98.23079219519276,36973022.10467567,0.0038982295851095,0.0038982295851095,-0.01628562977705006,0.006584025199135418,0,0,1,0,0.0069197461920576
2024-02-21,TLT,98.91052434542824,40418362.16997232,0.0069197461920576,0.0069197461920576,0.0001228422419352615,0.006872292103310751,0,0,1,0,-0.0025025443723232
2024-02-22,TLT,98.66299636936404,33966462.80223004,-0.0025025443723232,0.0025025443723232,-0.0008499875606364782,0.005073270916890685,0,0,1,0,0.0061975026361437
2024-02-23,TLT,99.274460549453,34703582.80338588,0.0061975026361437,0.0061975026361437,0.013959681844708971,0.0055861340739338785,0,0,1,0,-0.0023041942419173
2024-02-26,TLT,99.04571290908548,32553718.600256898,-0.0023041942419173,0.0023041942419173,0.012226549490170546,0.0056106578372689475,0,0,1,0,-0.0111491796271766
2024-02-27,TLT,97.94143446456032,29952153.49024698,-0.0111491796271766,0.0111491796271766,-0.0029456927320454795,0.006392027751379989,0,0,1,0,0.0044811613896071
2024-02-28,TLT,98.38032583912566,34100907.179349355,0.0044811613896071,0.0044811613896071,-0.005360385154272951,0.0060533618481216035,0,0,1,0,-0.000975375497405
2024-02-29,TLT,98.28436807987546,32740394.72563303,-0.000975375497405,0.000975375497405,-0.0038375916343662553,0.006045472514449356,0,0,1,0,0.0012532073263029
2024-03-01,TLT,98.40753877001424,42578265.69106947,0.0012532073263029,0.0012532073263029,-0.008732576078888887,0.005349918357607521,0,0,1,0,-0.0178842166209636
2024-03-04,TLT,96.64759702951542,31269984.85961186,-0.0178842166209636,0.0178842166209636,-0.024212212817038337,0.007925025345730662,0,0,1,0,0.0020148136224316
2024-03-05,TLT,96.84232392458576,35506419.216183595,0.0020148136224316,0.0020148136224316,-0.011222120096395671,0.00781179921297533,0,0,1,0,0.0022776429140687
2024-03-06,TLT,97.06289615745456,34658823.87440072,0.0022776429140687,0.0022776429140687,-0.013391190468563852,0.00738930989742887,0,0,1,0,0.0022800674969846
2024-03-07,TLT,97.28420611214638,35056656.30862696,0.0022800674969846,0.0022800674969846,-0.010176205914212644,0.00749702630424263,0,0,1,0,0.0078627545751792
2024-03-08,TLT,98.04912794884731,36063107.278376505,0.0078627545751792,0.0078627545751792,-0.003642107359320912,0.007699813451095443,0,0,1,0,-0.0019532423425561
2024-03-11,TLT,97.85761424048697,36197497.90887491,-0.0019532423425561,0.0019532423425561,0.012519889248793437,0.007695092350940978,0,0,1,0,0.0156660678784778
2024-03-12,TLT,99.39065826760434,42737902.68150736,0.0156660678784778,0.0156660678784778,0.02631426260488179,0.008468167779192287,0,0,1,0,0.0057217241448679
2024-03-13,TLT,99.9593441967884,29650871.397753965,0.0057217241448679,0.0057217241448679,0.029840939782336928,0.008525548824035757,0,0,1,0,0.0044680434152921
2024-03-14,TLT,100.4059668864238,39580519.913581945,0.0044680434152921,0.0044680434152921,0.03208908104444763,0.0085147458449014,0,0,1,0,-0.0168503793468849
2024-03-15,TLT,98.7140882556968,37524517.99521188,-0.0168503793468849,0.0168503793468849,0.00678190944437973,0.010438674110814193,0,0,1,0,-0.0131517625347516
2024-03-18,TLT,97.41582400812337,33664530.34192823,-0.0131517625347516,0.0131517625347516,-0.004514622963093018,0.009592629281474462,0,0,1,0,0.0111911872744826
2024-03-19,TLT,98.50602273809632,29924959.658703003,0.0111911872744826,0.0111911872744826,-0.008900590306245681,0.010141395311743798,0,0,1,0,0.0034351022509962
2024-03-20,TLT,98.84440099854064,28519314.50318602,0.0034351022509962,0.0034351022509962,-0.011153966717236452,0.010154667669518872,0,0,1,0,0.0072407814017851
2024-03-21,TLT,99.56011169896146,36061580.31371023,0.0072407814017851,0.0072407814017851,-0.008424351795936036,0.010297259325831185,0,0,1,0,-0.0019349586489663
2024-03-22,TLT,99.36746699973752,30669966.84633192,-0.0019349586489663,0.0019349586489663,0.006618900661355287,0.010181290676574138,0,0,1,0,-8.927863921717536e-05
2024-03-25,TLT,99.35859560750131,30258040.922903564,-8.927863921717536e-05,8.927863921717536e-05,0.01994308028658609,0.010130354925618725,0,0,1,0,0.0048960344197782
2024-03-26,TLT,99.84505871149646,33726881.03694968,0.0048960344197782,0.0048960344197782,0.013593442676701262,0.008971394980621798,0,0,1,0,-0.0047458636867135
2024-03-27,TLT,99.3712076730598,35829259.960026,-0.0047458636867135,0.0047458636867135,0.005329656199008603,0.008903901190590592,0,0,1,0,0.0101045313474235
2024-03-28,TLT,100.37530715602357,35012429.5279907,0.0101045313474235,0.0101045313474235,0.008187972503757246,0.009420560916739392,0,0,1,0,-0.0069309356199665
2024-03-29,TLT,99.6796123642908,31671915.191665422,-0.0069309356199665,0.0069309356199665,0.003141323553654818,0.00783720832639313,0,0,1,0,0.0024225611905988
2024-04-01,TLT,99.92109232469846,32647935.041586537,0.0024225611905988,0.0024225611905988,0.005661278863272168,0.006057553904054325,0,0,1,0,-0.0009983520662883
2024-04-02,TLT,99.82133589571032,34129594.358648755,-0.0009983520662883,0.0009983520662883,-0.0002375962926186581,0.005307491546601967,0,0,1,0,0.0034127086942705
2024-04-03,TLT,100.16199703659532,31254996.75612965,0.0034127086942705,0.0034127086942705,0.007957932504325527,0.005306513970836217,0,0,1,0,0.0096987895482643
2024-04-04,TLT,101.13344716658712,41211884.96339937,0.0096987895482643,0.0096987895482643,0.007553052957388173,0.005655763730911754,0,0,1,0,-0.0068722864160414
2024-04-05,TLT,100.43842915141674,42271410.30419172,-0.0068722864160414,0.0068722864160414,0.007612557564457223,0.00618755252363466,0,0,1,0,0.0041909239858594
2024-04-08,TLT,100.85935897324948,41643170.42697357,0.0041909239858594,0.0041909239858594,0.00939007597617203,0.006244704995046728,0,0,1,0,0.0018825245427765
2024-04-09,TLT,101.0492291918853,33798125.87255719,0.0018825245427765,0.0018825245427765,0.01230091027290836,0.006135321810223235,0,0,1,0,0.0069610457438695
2024-04-10,TLT,101.75263749867275,34912752.11606647,0.0069610457438695,0.0069610457438695,0.015880678392387493,0.005986330249062953,0,0,1,0,0.0009046988720996
2024-04-11,TLT,101.84469299505098,31281473.5594346,0.0009046988720996,0.0009046988720996,0.007032745826336617,0.005340634206349871,0,0,1,0,-0.0023637734954443
2024-04-12,TLT,101.60395520909762,41598326.53546118,-0.0023637734954443,0.0023637734954443,0.011604383576367727,0.0046994495690635555,0,0,1,0,0.0046110361828473
2024-04-15,TLT,102.07245472288716,33848017.14168967,0.0046110361828473,0.0046110361828473,0.012027597260056089,0.004775593059635293,0,0,1,0,0.0104474050122744
2024-04-16,TLT,103.1388469979742,48350204.033531815,0.0104474050122744,0.0104474050122744,0.020679205797016653,0.005283698840673225,0,0,1,0,0.0068396000051702
2024-04-17,TLT,103.8442754564348,28511076.7414792,0.0068396000051702,0.0068396000051702,0.02055610556325216,0.005402529867508327,0,0,1,0,0.0022221040312569
2024-04-18,TLT,104.07502823954952,36243565.17259727,0.0022221040312569,0.0022221040312569,0.021899376186512942,0.0049693257838015845,0,0,1,0,0.0041170986569146
2024-04-19,TLT,104.5035153985329,37963585.32553009,0.0041170986569146,0.0041170986569146,0.02853786728546215,0.0035985072495539586,0,0,1,0,-0.0096564263289542
2024-04-22,TLT,103.49438490097025,37128213.38443308,-0.0096564263289542,0.0096564263289542,0.013930596476232848,0.005610615772674356,0,0,1,0,-0.0026421726686428
2024-04-23,TLT,103.22093486582688,37971830.5842968,-0.0026421726686428,0.0026421726686428,0.0007958966988867999,0.005851856395624295,0,0,1,0,-0.0006178391147288
2024-04-24,TLT,103.1571609348079,44347378.80953996,-0.0006178391147288,0.0006178391147288,-0.006616778041993787,0.005645832477127488,0,0,1,0,-0.0026094166481161
2024-04-25,TLT,102.88798092169222,35243196.393606335,-0.0026094166481161,0.0026094166481161,-0.011405688164936922,0.0057867361608696715,0,0,1,0,-0.0037541194687738
2024-04-26,TLT,102.50172714941128,39404173.0842792,-0.0037541194687738,0.0037541194687738,-0.019155224027513573,0.005893186964253431,0,0,1,0,0.0008190959300847
2024-04-29,TLT,102.585685896946,33175478.15287164,0.0008190959300847,0.0008190959300847,-0.008780176865573308,0.005747766155560605,0,0,1,0,0.0039594868861876
2024-04-30,TLT,102.99187257496554,30796270.647966377,0.0039594868861876,0.0039594868861876,-0.0022191456719422575,0.004788339373683334,0,0,1,0,0.0147339354655583
2024-05-01,TLT,104.50934817896209,33842537.54380756,0.0147339354655583,0.0147339354655583,0.013108030813379301,0.006433580394739824,0,0,1,0,-0.0037588189012043
2024-05-02,TLT,104.11651646567444,39515993.860392176,-0.0037588189012043,0.0037588189012043,0.011940515626575054,0.00654890543621013,0,0,1,0,-0.0052182155394478
2024-05-03,TLT,103.57321404154008,37512313.94932199,-0.0052182155394478,0.0052182155394478,0.010453354513402013,0.006571495938603755,0,0,1,0,0.0081229882301068
2024-05-06,TLT,104.41453804015384,31012142.62893421,0.0081229882301068,0.0081229882301068,0.017827556809875356,0.0063322895974761055,0,0,1,0,0.0022320181131113
2024-05-07,TLT,104.64759318033164,36749697.33730749,0.0022320181131113,0.0022320181131113,0.016076225861035187,0.0062155583459191505,0,0,1,0,-0.0050784128260053
2024-05-08,TLT,104.11614950091403,38802735.24897878,-0.0050784128260053,0.0050784128260053,-0.003762330211597331,0.006527939068522629,0,0,1,0,0.0118640487420576
2024-05-09,TLT,105.35138857342824,40035976.30727481,0.0118640487420576,0.0118640487420576,0.011860482367952896,0.007220139631476777,0,0,1,0,-0.0003205776368599
2024-05-10,TLT,105.31761527423944,40018661.44257401,-0.0003205776368599,0.0003205776368599,0.016842204317418785,0.006972778345281478,0,0,1,0,-0.0011497979287168
2024-05-13,TLT,105.19652129833972,29554942.548810508,-0.0011497979287168,0.0011497979287168,0.007489218195699365,0.0070601561029180245,0,0,1,0,-0.0031730567089543
2024-05-14,TLT,104.8627267706754,31872955.580313608,-0.0031730567089543,0.0031730567089543,0.0020557910966287896,0.007258175134759084,0,0,1,0,-0.0053297931133198
2024-05-15,TLT,104.30383013168912,31862692.65322337,-0.0053297931133198,0.0053297931133198,0.0018026082569779778,0.005948310518398656,0,0,1,0,0.001816636171375
2024-05-16,TLT,104.49331224231928,35993685.56764633,0.001816636171375,0.001816636171375,-0.008144898161554837,0.005835926547603904,0,0,1,0,-0.0056023014537697
2024-05-17,TLT,103.90790920723492,42452716.08305848,-0.0056023014537697,0.0056023014537697,-0.013385282825990164,0.005877952071684699,0,0,1,0,0.0182764491414461
2024-05-20,TLT,105.80697682525498,37401069.49830057,0.0182764491414461,0.0182764491414461,0.005803001081984505,0.007900927984066176,0,0,1,0,0.003405099484064
2024-05-21,TLT,106.16726010745302,37298020.1853116,0.003405099484064,0.003405099484064,0.012440391137553686,0.007924095262805967,0,0,1,0,-0.0006863986044977
2024-05-22,TLT,106.09438704827193,38987823.7086743,-0.0006863986044977,0.0006863986044977,0.01716674176127686,0.007637289016948045,0,0,1,0,-0.0043874395400944
2024-05-23,TLT,105.62890433955424,34126814.12992861,-0.0043874395400944,0.0043874395400944,0.010867605522940416,0.00698504930716977,0,0,1,0,0.0027963453907889
2024-05-24,TLT,105.92427923933823,39287216.30912664,0.0027963453907889,0.0027963453907889,0.019405356603623414,0.007024461787257263,0,0,1,0,0.0079495924300122
2024-05-27,TLT,106.7663340877338,36428044.651867375,0.0079495924300122,0.0079495924300122,0.009067051070396293,0.007354701746871973,0,0,1,0,0.0026457445451805
2024-05-28,TLT,107.04881053375532,44046554.05411346,0.0026457445451805,0.0026457445451805,0.008303411290920382,0.007171226203821882,0,0,1,0,-0.0070595122171372
2024-05-29,TLT,106.29309814796228,43446636.37766103,-0.0070595122171372,0.0070595122171372,0.0018729652455595769,0.00738763126049479,0,0,1,0,-0.0006988506267041
2024-05-30,TLT,106.21881514970724,33364456.228241622,-0.0006988506267041,0.0006988506267041,0.00558474798012365,0.007434048947409314,0,0,1,0,-0.0110355096644092
2024-05-31,TLT,105.04663638858054,35404895.55546285,-0.0110355096644092,0.0110355096644092,-0.008285568304643776,0.008184747372157554,0,0,1,0,0.0109244449564757
2024-06-03,TLT,106.19421258567051,47051522.01609316,0.0109244449564757,0.0109244449564757,-0.005358632072101965,0.006660806759885963,0,0,1,0,0.0056546115936481
2024-06-04,TLT,106.7946996113358,32855806.432956863,0.0056546115936481,0.0056546115936481,-0.0023737855764346394,0.006810427570913896,0,0,1,0,0.0023193774032717
2024-06-05,TLT,107.04239682440353,40946266.27582279,0.0023193774032717,0.0023193774032717,0.007049363406438802,0.006813168178493674,0,0,1,0,0.0029102741790425
2024-06-06,TLT,107.3539195479444,34083540.538326845,0.0029102741790425,0.0029102741790425,0.010686472040168482,0.006569061018675943,0,0,1,0,-0.0031120761104783
2024-06-07,TLT,107.01982597955303,31223986.546030432,-0.0031120761104783,0.0031120761104783,0.018783938818121015,0.006717596415747381,0,0,1,0,-0.0001586515950451
2024-06-10,TLT,107.00284711345992,43209313.18714211,-0.0001586515950451,0.0001586515950451,0.007614676055317515,0.00626643553189173,0,0,1,0,0.0075900292246245
2024-06-11,TLT,107.81500185016912,38951780.509410754,0.0075900292246245,0.0075900292246245,0.009553865899212033,0.006660119206697064,0,0,1,0,0.0005543809826893
2024-06-12,TLT,107.87477243684344,31144115.089056768,0.0005543809826893,0.0005543809826893,0.007776130179571572,0.0060802038690836845,0,0,1,0,0.0049844595786523
2024-06-13,TLT,108.4124698796112,35322943.69627498,0.0049844595786523,0.0049844595786523,0.009860378979400508,0.006117874510449999,0,0,1,0,0.0024045427416076
2024-06-14,TLT,108.67315229716,32711124.55136187,0.0024045427416076,0.0024045427416076,0.015448785329952308,0.004046041803352151,0,0,1,0,0.0024893351804062
2024-06-17,TLT,108.94367619833896,31826618.469268147,0.0024893351804062,0.0024893351804062,0.018138106949818766,0.003065062275406967,0,0,1,0,0.0030993834666437
2024-06-18,TLT,109.28133442714346,35431045.71119887,0.0030993834666437,0.0030993834666437,0.013600450325197855,0.0028796488531909747,0,0,1,0,0.0081556447008417
2024-06-19,TLT,110.17259416316512,42314845.9380776,0.0081556447008417,0.0081556447008417,0.021300825711284332,0.0034224549936469704,0,0,1,0,-0.0011600966030938
2024-06-20,TLT,110.04478331092238,29891697.50169742,-0.0011600966030938,0.0011600966030938,0.015056509948752517,0.0036542055672598777,0,0,1,0,0.0056438816020534
2024-06-21,TLT,110.66586303885283,38737888.12397046,0.0056438816020534,0.0056438816020534,0.01833673450682549,0.003182746818279796,0,0,1,0,-0.004638358638253
2024-06-24,TLT,110.15255507706684,30459796.262894817,-0.004638358638253,0.004638358638253,0.01109636576359918,0.003954709662988386,0,0,1,0,-0.0031679755205453
2024-06-25,TLT,109.8035944790572,35577132.12717275,-0.0031679755205453,0.0031679755205453,0.004779041678539597,0.004003791604293077,0,0,1,0,-0.0041067399546643
2024-06-26,TLT,109.35265967044428,30365838.38676369,-0.0041067399546643,0.0041067399546643,-0.007442272726250865,0.004419388798191985,0,0,1,0,0.0068861213964102
2024-06-27,TLT,110.1056753599553,31329102.79330013,0.0068861213964102,0.0068861213964102,0.000553338806264625,0.004628163436424265,0,0,1,0,-0.0011874852196431
2024-06-28,TLT,109.9749264978665,32550049.64857811,-0.0011874852196431,0.0011874852196431,-0.00624344781681907,0.004694303281978103,0,0,1,0,0.0095173282672837
2024-07-01,TLT,111.0215939745171,42075926.64313785,0.0095173282672837,0.0095173282672837,0.007889412068946111,0.005383982148832864,0,0,1,0,-0.0061955081985864
2024-07-02,TLT,110.33375877882789,40357933.751046285,-0.0061955081985864,0.0061955081985864,0.004828296398546428,0.005929419412223169,0,0,1,0,0.0036478551440019
2024-07-03,TLT,110.73624034834629,35295324.84248828,0.0036478551440019,0.0036478551440019,0.012652464805809949,0.005476918602527398,0,0,1,0,-0.007132039873699
2024-07-04,TLT,109.94646506671836,35353051.04863103,-0.007132039873699,0.007132039873699,-0.0014459771734423033,0.005983132987927994,0,0,1,0,0.008819648772749
2024-07-05,TLT,110.91615427241214,37653164.181029215,0.008819648772749,0.008819648772749,0.008558566979937066,0.006390711103476092,0,0,1,0,-0.0038847757850047
2024-07-08,TLT,110.48526988212882,50350757.54658365,-0.0038847757850047,0.0038847757850047,-0.004830808793029773,0.006330901652527127,0,0,1,0,0.0041609829788877
2024-07-09,TLT,110.94499720952618,37519153.30835416,0.0041609829788877,0.0041609829788877,0.005539903991883088,0.006306468369415577,0,0,1,0,-0.0038452042469533
2024-07-10,TLT,110.51839103507788,35353430.42071273,-0.0038452042469533,0.0038452042469533,-0.0019672811049310512,0.0062831943332782875,0,0,1,0,-0.0043876840926159
2024-07-11,TLT,110.03347124879176,34014588.494048245,-0.0043876840926159,0.0043876840926159,0.0007913504269609906,0.006135071754846295,0,0,1,0,0.0026570549899329
2024-07-12,TLT,110.325836232633,34312594.12470722,0.0026570549899329,0.0026570549899329,-0.005322200752915673,0.0061761016808034655,0,0,1,0,-0.0110414905003344
2024-07-15,TLT,109.10767455992892,40572061.9707556,-0.0110414905003344,0.0110414905003344,-0.012468588108347722,0.00620190343751699,0,0,1,0,-0.0073807372969594
2024-07-16,TLT,108.30237947691997,39409921.05863142,-0.0073807372969594,0.0073807372969594,-0.02381916985058341,0.006307363222430618,0,0,1,0,0.0115393817493916
2024-07-17,TLT,109.5521219780716,28383029.657446902,0.0115393817493916,0.0115393817493916,-0.008743061204171898,0.007458683821914529,0,0,1,0,-0.0047845221061129
2024-07-18,TLT,109.02796742869592,46480633.60232823,-0.0047845221061129,0.0047845221061129,-0.00913816322146499,0.007280793835456046,0,0,1,0,0.0066681541750363
2024-07-19,TLT,109.75498272490132,38589998.305872746,0.0066681541750363,0.0066681541750363,-0.005174250449622386,0.006990461903471806,0,0,1,0,-0.0050612816360642
2024-07-22,TLT,109.19948184636922,35791570.63324769,-0.0050612816360642,0.0050612816360642,0.0008414374773415556,0.007053465356180388,0,0,1,0,-0.0105228818058355
2024-07-23,TLT,108.05038860564142,51762749.44263077,-0.0105228818058355,0.0105228818058355,-0.0023267343939774587,0.007347845864698213,0,0,1,0,-0.0019379259575765
2024-07-24,TLT,107.84099495283633,29440571.004292235,-0.0019379259575765,0.0019379259575765,-0.015619296042278186,0.0073371377925756645,0,0,1,0,0.0070093479168796
2024-07-25,TLT,108.5968900061632,31570173.41223009,0.0070093479168796,0.0070093479168796,-0.003953824259033678,0.007864634495299071,0,0,1,0,0.0007669410018367
2024-07-26,TLT,108.68017741378088,40200560.2469276,0.0007669410018367,0.0007669410018367,-0.00979277008146795,0.007781629652617024,0,0,1,0,-0.0011227132003708
2024-07-29,TLT,108.55816074397976,35246142.07679554,-0.0011227132003708,0.0011227132003708,-0.005872931735076636,0.007021728985760795,0,0,1,0,0.0069233509900178
2024-07-30,TLT,109.30974699364111,40768054.54053074,0.0069233509900178,0.0069233509900178,0.01165528791012549,0.006916533313917791,0,0,1,0,-0.0043823612737533
2024-07-31,TLT,108.8307121915724,41756888.50822628,-0.0043823612737533,0.0043823612737533,0.00917756034399475,0.005976102862797174,0,0,1,0,0.0059876165924992
2024-08-01,TLT,109.48234876966416,45370164.911160514,0.0059876165924992,0.0059876165924992,0.008153629108998306,0.006116127603436489,0,0,1,0,0.0031060258850916
2024-08-02,TLT,109.82240377890336,38705384.3269404,0.0031060258850916,0.0031060258850916,0.010509978841621193,0.005808623347435859,0,0,1,0,-0.0062761060239829
2024-08-05,TLT,109.13314672897832,33826294.23974268,-0.0062761060239829,0.0062761060239829,0.005296570806450962,0.005939252121057901,0,0,1,0,0.0073704291265692
2024-08-06,TLT,109.93750485230372,30078539.874838997,0.0073704291265692,0.0073704291265692,0.005742926645865509,0.005062425143080585,0,0,1,0,0.0087463577527646
2024-08-07,TLT,110.89905760018829,37725524.60523081,0.0087463577527646,0.0087463577527646,0.019005162853064972,0.005319821823628883,0,0,1,0,-0.0008266196751225
2024-08-08,TLT,110.80738625722344,28482358.98984469,-0.0008266196751225,0.0008266196751225,0.012102749917678457,0.005208967196947556,0,0,1,0,0.0017064415250444
2024-08-09,TLT,110.9964725824144,35646452.81820648,0.0017064415250444,0.0017064415250444,0.010690612872348737,0.005192114634202519,0,0,1,0,-0.0011009611173508
2024-08-12,TLT,110.87426978193804,32020414.283738453,-0.0011009611173508,0.0011009611173508,0.015954117563233394,0.00519060799937646,0,0,1,0,-0.0070030127655375
2024-08-13,TLT,110.09781585528548,38407376.23983511,-0.0070030127655375,0.0070030127655375,0.0014582012134725097,0.005611450711898324,0,0,1,0,0.0063739543930811
2024-08-14,TLT,110.79957431232492,39711349.54172782,0.0063739543930811,0.0063739543930811,-0.0008970616163576084,0.005552614357917625,0,0,1,0,-0.006232484622136
2024-08-15,TLT,110.10901766928411,36313964.446732655,-0.006232484622136,0.006232484622136,-0.006302545448713781,0.005866486075592069,0,0,1,0,0.0044960002386899
2024-08-16,TLT,110.60406783900716,30568215.10295049,0.0044960002386899,0.0044960002386899,-0.0035352902148839682,0.005948708353045499,0,0,1,0,-0.0029205629445258
2024-08-19,TLT,110.28104169696276,36320772.34331555,-0.0029205629445258,0.0029205629445258,-0.00535045765029174,0.005593946854148673,0,0,1,0,-0.0063991892531681
2024-08-20,TLT,109.57533244010736,33489111.296762355,-0.0063991892531681,0.0063991892531681,-0.004745629249038652,0.005562914902179865,0,0,1,0,0.0050757932422995
2024-08-21,TLT,110.13151417202955,37583744.15837124,0.0050757932422995,0.0050757932422995,-0.006029446813687445,0.004990122974322843,0,0,1,0,0.0024104624352437
2024-08-22,TLT,110.39698204987776,33652024.58063444,0.0024104624352437,0.0024104624352437,0.0026152660943590256,0.005083889301161633,0,0,1,0,0.0136875561423182
2024-08-23,TLT,111.90804693962797,50714723.50527114,0.0136875561423182,0.0136875561423182,0.011789612498871671,0.0067602340664509085,0,0,1,0,0.0002759022079602
2024-08-26,TLT,111.93892261686712,32795450.01703841,0.0002759022079602,0.0002759022079602,0.015033235943309187,0.006730293121432996,0,0,1,0,0.0018144043697315
2024-08-27,TLT,112.1420250872062,28083346.603961743,0.0018144043697315,0.0018144043697315,0.023424000547767276,0.006118527502778903,0,0,1,0,0.0015789242701042
2024-08-28,TLT,112.31908885231503,31668450.158700865,0.0015789242701042,0.0015789242701042,0.019863294323443137,0.005909634111168029,0,0,1,0,-0.0009763648566565
2024-08-29,TLT,112.20942444122797,35548380.47755968,-0.0009763648566565,0.0009763648566565,0.016417499443339256,0.005366228775358157,0,0,1,0,0.0099882648737208
2024-08-30,TLT,113.33020189387472,52242662.44156149,0.0099882648737208,0.0099882648737208,0.012708245681509966,0.005914059178898605,0,0,1,0,0.0113035399079243
2024-09-02,TLT,114.61123435375526,44655653.504311286,0.0113035399079243,0.0113035399079243,0.023872944945473984,0.006182362596636754,0,0,1,0,0.00554693888579
2024-09-03,TLT,115.2469758663405,33813637.69718553,0.00554693888579,0.00554693888579,0.027687664608515572,0.005021483608550269,0,0,1,0,-0.0062618636610605
2024-09-04,TLT,114.52531501611594,36517233.47896722,-0.0062618636610605,0.0062618636610605,0.019642486298137696,0.00616897998156287,0,0,1,0,0.0039607442679205
2024-09-05,TLT,114.97892050109782,31079583.05929091,0.0039607442679205,0.0039607442679205,0.02468149242954576,0.006145797377988516,0,0,1,0,0.0012224178441363
2024-09-06,TLT,115.11947278521792,29563417.281743284,0.0012224178441363,0.0012224178441363,0.015788120566649466,0.005169938696517023,0,0,1,0,-0.0023256616722392
2024-09-09,TLT,114.85174383963292,39780937.05421206,-0.0023256616722392,0.0023256616722392,0.0020984808970410107,0.005374989131355264,0,0,1,0,
2024-01-02,VNQ,85.4973796774251,5838982.824834859,0.0058515256167659,0.0058515256167659,,,0,0,0,1,0.0066422083980578
2024-01-03,VNQ,86.06527109073043,7072064.478927624,0.0066422083980578,0.0066422083980578,,,0,0,0,1,-0.0096181003382221
2024-01-04,VNQ,85.2374866777435,6180312.153927883,-0.0096181003382221,0.0096181003382221,,,0,0,0,1,-0.0014986383757579
2024-01-05,VNQ,85.10974650915509,5882341.142305279,-0.0014986383757579,0.0014986383757579,,,0,0,0,1,-0.0028261729953013
2024-01-08,VNQ,84.86921164193397,6827155.3086702,-0.0028261729953013,0.0028261729953013,,,0,0,0,1,-0.0198277613181247
2024-01-09,VNQ,83.18644517024029,8075690.882323302,-0.0198277613181247,0.0198277613181247,-0.02702930213655419,,0,0,0,1,0.011685553446706
2024-01-10,VNQ,84.15852482131861,7170701.555351556,0.011685553446706,0.011685553446706,-0.02215465361634339,,0,0,0,1,-0.0127044974547706
2024-01-11,VNQ,83.08933305692891,5180348.68971488,-0.0127044974547706,0.0127044974547706,-0.025201982185796945,,0,0,0,1,0.0119002053683908
2024-01-12,VNQ,84.07811318422898,6752406.218752942,0.0119002053683908,0.0119002053683908,-0.012121212519592417,,0,0,0,1,-0.0262192043432337
2024-01-15,VNQ,81.87365195385816,7343099.482107134,-0.0262192043432337,0.0262192043432337,-0.0352961884542321,0.013195931397442356,0,0,0,1,-0.0091166922919633
2024-01-16,VNQ,81.12723506217552,7076209.164391985,-0.0091166922919633,0.0091166922919633,-0.024754154404009188,0.012841125401088059,0,0,0,1,0.0079014704097165
2024-01-17,VNQ,81.7682595094414,7187569.600795153,0.0079014704097165,0.0079014704097165,-0.028401939280091937,0.012975179595759024,0,0,0,1,0.0043662735301895
2024-01-18,VNQ,82.12528209654715,6997303.099493556,0.0043662735301895,0.0043662735301895,-0.01160258392880864,0.013178042603645935,0,0,0,1,0.0051266282874189
2024-01-19,VNQ,82.54630789085556,6601747.954430779,0.0051266282874189,0.0051266282874189,-0.018218835263548172,0.013460831963982664,0,0,0,1,-0.000873658686085
2024-01-22,VNQ,82.47419059196247,7723088.412479033,-0.000873658686085,0.000873658686085,0.0073349438283607515,0.013477323539345073,0,0,0,1,0.0222789269598498
2024-01-23,VNQ,84.31162706023353,6838609.559011931,0.0222789269598498,0.0222789269598498,0.03925182456443288,0.014120308081089971,0,0,0,1,0.0003916369144925
2024-01-24,VNQ,84.34464660571125,5578928.09509614,0.0003916369144925,0.0003916369144925,0.03150840083580797,0.013653229679510425,0,0,0,1,0.0034198447040604
2024-01-25,VNQ,84.63309219872164,5309535.93891978,0.0034198447040604,0.0034198447040604,0.03053639559163135,0.01287611228307621,0,0,0,1,-0.0082670791623687
2024-01-26,VNQ,83.93342372575876,6099256.256879622,-0.0082670791623687,0.0082670791623687,0.016804093003617737,0.012717221286602833,0,0,0,1,-0.0090467832387724
2024-01-29,VNQ,83.17409623482376,7053397.063728464,-0.0090467832387724,0.0090467832387724,0.008486359645820007,0.0095676791972666,0,0,0,1,0.0149151407627933
2024-01-30,VNQ,84.41464958798429,6698571.32715648,0.0149151407627933,0.0149151407627933,0.0012219255082950298,0.009589861970977121,0,0,0,1,0.0149977834999721
2024-01-31,VNQ,85.6806822267309,7909921.16666192,0.0149977834999721,0.0149977834999721,0.01584019466303843,0.010154810716247046,0,0,0,1,-0.020096219975942
2024-02-01,VNQ,83.95882438901373,,-0.020096219975942,0.020096219975942,-0.007966952313696707,0.012843034427605815,0,0,0,1,-0.0062556847122072
2024-02-02,VNQ,83.43360445482847,5924011.466860685,-0.0062556847122072,0.0062556847122072,-0.005954949157839451,0.013065628929904578,0,0,0,1,0.0137155030779722
2024-02-05,VNQ,84.577938313535,7966744.196051179,0.0137155030779722,0.0137155030779722,0.016878356871444566,0.013617854114538797,0,0,0,1,0.0009207305528244
2024-02-06,VNQ,84.65581180543518,5952716.11751581,0.0009207305528244,0.0009207305528244,0.00285687636717058,0.011734009314197028,0,0,0,1,0.0107328346742624
2024-02-07,VNQ,85.56440863775838,7475598.46627498,0.0107328346742624,0.0107328346742624,-0.0013570572263282843,0.012173828823415,0,0,0,1,-0.0199281539145356
2024-02-08,VNQ,83.8592679328189,5277895.144347924,-0.0199281539145356,0.0199281539145356,-0.0011857771582597376,0.013884261593052796,0,0,0,1,0.002072744140912
2024-02-09,VNQ,84.03308673908784,5256935.178054679,0.002072744140912,0.002072744140912,0.00718514186431829,0.01365203985543288,0,0,0,1,0.0002317721085498
2024-02-12,VNQ,84.0525632647893,5702166.610810863,0.0002317721085498,0.0002317721085498,-0.006211726831152009,0.013263319575194617,0,0,0,1,0.0008077627663135
2024-02-13,VNQ,84.1204577958078,5381831.798096024,0.0008077627663135,0.0008077627663135,-0.006323889620925116,0.01235327637195883,0,0,0,1,-0.0070850816383265
2024-02-14,VNQ,83.52445748487109,6553669.225683859,-0.0070850816383265,0.0070850816383265,-0.023841117882594465,0.011242577851098955,0,0,0,1,-0.0003171391748767
2024-02-15,VNQ,83.49796860734232,6133499.597020491,-0.0003171391748767,0.0003171391748767,-0.004308400661999889,0.009387444552311485,0,0,0,1,0.0197545692011339
2024-02-16,VNQ,85.14743500635016,7087779.994015475,0.0197545692011339,0.0197545692011339,0.013260827496700767,0.011071124056748417,0,0,0,1,-0.0117810126602576
2024-02-19,VNQ,84.14431199655189,5900385.635104756,-0.0117810126602576,0.0117810126602576,0.0010915637572355141,0.011032284890438027,0,0,0,1,-0.0006142006465373
2024-02-20,VNQ,84.09263050572117,5486651.197350765,-0.0006142006465373,0.0006142006465373,-0.0003308028845274702,0.011021626818871913,0,0,0,1,-0.0032521593233658
2024-02-21,VNQ,83.81914787339564,5729105.021718567,-0.0032521593233658,0.0032521593233658,0.0035281927880574937,0.010284707983141409,0,0,0,1,-0.0028101925391937
2024-02-22,VNQ,83.58359992940024,7380876.864686388,-0.0028101925391937,0.0028101925391937,0.0010255497646967093,0.008180545262534339,0,0,0,1,0.020164135399679
2024-02-23,VNQ,85.26899095556927,6668015.62541016,0.020164135399679,0.020164135399679,0.00142759378729429,0.010449281810157406,0,0,0,1,0.0177046897985104
2024-02-26,VNQ,86.77865198986962,7580504.069363022,0.0177046897985104,0.0177046897985104,0.031307404277376216,0.011608409994471675,0,0,0,1,-0.0039005329399278
2024-02-27,VNQ,86.4401689993006,5620944.33099966,-0.0039005329399278,0.0039005329399278,0.027916102510548768,0.011812482308033143,0,0,0,1,0.0060743818702679
2024-02-28,VNQ,86.96523959473285,5303358.030432654,0.0060743818702679,0.0060743818702679,0.03753428424360994,0.011313033804737088,0,0,0,1,-0.0088760898093461
2024-02-29,VNQ,86.1933283177987,6497611.235344864,-0.0088760898093461,0.0088760898093461,0.03122297185814915,0.01198815809905067,0,0,0,1,0.0037716325334201
2024-03-01,VNQ,86.51841787904587,6935213.769825053,0.0037716325334201,0.0037716325334201,0.014652770127508985,0.010517989288129656,0,0,0,1,-0.0039210959852674
2024-03-04,VNQ,86.17917085804865,5057734.156782787,-0.0039210959852674,0.0039210959852674,-0.006908163679368418,0.00966178315496258,0,0,0,1,0.0166056507331186
2024-03-05,VNQ,87.61023206978717,6287155.316494441,0.0166056507331186,0.0166056507331186,0.013536103457826965,0.010551673671134371,0,0,0,1,0.0052706170048587
2024-03-06,VNQ,88.0719920487338,6708486.225039711,0.0052706170048587,0.0052706170048587,0.012726377333731609,0.010225987671753046,0,0,0,1,-0.0114709321815421
2024-03-07,VNQ,87.06172420084945,6276117.502824352,-0.0114709321815421,0.0114709321815421,0.010074977959418696,0.011274716951232184,0,0,0,1,-0.0196976391233146
2024-03-08,VNQ,85.34681377608757,6579525.714103323,-0.0196976391233146,0.0196976391233146,-0.013541672763783263,0.012003778240425199,0,0,0,1,-0.0121987880316919
2024-03-11,VNQ,84.3056860856528,7132034.056763053,-0.0121987880316919,0.0121987880316919,-0.021739415148026797,0.01081194186319646,0,0,0,1,0.0236941753972672
2024-03-12,VNQ,86.3032397987532,7120651.702276965,0.0236941753972672,0.0236941753972672,-0.014918260574779407,0.01365673629802604,0,0,0,1,-0.0105958155541473
2024-03-13,VNQ,85.38878658812025,6574240.381031093,-0.0105958155541473,0.0105958155541473,-0.03046604713027068,0.013838944673912603,0,0,0,1,-0.0155370799406985
2024-03-14,VNQ,84.0620941848614,6251867.010561568,-0.0155370799406985,0.0155370799406985,-0.03445406168465004,0.014370579150532272,0,0,0,1,-0.0073060239586562
2024-03-15,VNQ,83.44793451073197,6504393.366707029,-0.0073060239586562,0.0073060239586562,-0.022248976632419204,0.014267892646480911,0,0,0,1,-0.0052382290335269
2024-03-18,VNQ,83.01081511739,5841047.299867492,-0.0052382290335269,0.0052382290335269,-0.015359236468904802,0.014278126781787397,0,0,0,1,0.0070818439011031
2024-03-19,VNQ,83.59868475215468,7448671.4220159855,0.0070818439011031,0.0070818439011031,-0.03133781597197449,0.013041149989292615,0,0,0,1,-0.0082096484819316
2024-03-20,VNQ,82.91236893678767,4371487.063812917,-0.0082096484819316,0.0082096484819316,-0.029001672822425495,0.012596643301690726,0,0,0,1,0.0187599666713532
2024-03-21,VNQ,84.46780221468475,6865400.458299597,0.0187599666713532,0.0187599666713532,0.004826289824890306,0.014593216273498478,0,0,0,1,0.000346730448639
2024-03-22,VNQ,84.4970897736422,6550729.595173194,0.000346730448639,0.000346730448639,0.012572573174657764,0.013357693167311656,0,0,0,1,0.0036342024527322
2024-03-25,VNQ,84.80416930454632,5478740.670148633,0.0036342024527322,0.0036342024527322,0.021603861913899403,0.012798967519835643,0,0,0,1,0.0160984423194639
2024-03-26,VNQ,86.1693843325456,7155026.967532679,0.0160984423194639,0.0160984423194639,0.030750478766649048,0.011432753312160112,0,0,0,1,0.0022827897509996
2024-03-27,VNQ,86.36609091994987,5584129.973623375,0.0022827897509996,0.0022827897509996,0.04165508750323266,0.01082800768604523,0,0,0,1,0.0038794630665728
2024-03-28,VNQ,86.7011449798781,6686542.230595908,0.0038794630665728,0.0038794630665728,0.0264401666272438,0.009097613165827502,0,0,0,1,0.0074371922021323
2024-03-29,VNQ,87.34595805923838,7681177.206070924,0.0074371922021323,0.0074371922021323,0.03371557876404929,0.008384622562770347,0,0,0,1,-0.0077977520042225
2024-04-01,VNQ,86.6648559397212,6137165.393645549,-0.0077977520042225,0.0077977520042225,0.021940980619630235,0.008749683745945883,0,0,0,1,-0.0056641717507518
2024-04-02,VNQ,86.17397131092446,8128020.682434473,-0.0056641717507518,0.0056641717507518,5.323211270891193e-05,0.009223285693956331,0,0,0,1,0.007858711080753
2024-04-03,VNQ,86.85118765413813,6297506.763148505,0.007858711080753,0.007858711080753,0.005616749919107544,0.008401633776655535,0,0,0,1,-0.0083842709380054
2024-04-04,VNQ,86.12300376555828,4739101.497312144,-0.0083842709380054,0.0083842709380054,-0.0066682073743546955,0.007704464278017595,0,0,0,1,-0.0060640477858067
2024-04-05,VNQ,85.60074975526672,5939742.71591128,-0.0060640477858067,0.0060640477858067,-0.01998041286338692,0.008110479726470757,0,0,0,1,0.0106865962580678
2024-04-08,VNQ,86.51553040728915,6529541.492674944,0.0106865962580678,0.0106865962580678,-0.00172302291180082,0.008623670739879775,0,0,0,1,0.0069238683709135
2024-04-09,VNQ,87.114552551869,6441617.628983899,0.0069238683709135,0.0069238683709135,0.010914911157463347,0.007355884533022231,0,0,0,1,0.0040948131811744
2024-04-10,VNQ,87.4712703699305,6137679.877970613,0.0040948131811744,0.0040948131811744,0.007139599728465118,0.007409944593076064,0,0,0,1,-0.0123523295549323
2024-04-11,VNQ,86.39079641173252,6799214.974593702,-0.0123523295549323,0.0123523295549323,0.0031094206479749253,0.008481710954821647,0,0,0,1,0.0222356238256313
2024-04-12,VNQ,88.31174966274051,6749707.817217441,0.0222356238256313,0.0222356238256313,0.03167028227234647,0.010925603272786385,0,0,0,1,-0.0013887488596828
2024-04-15,VNQ,88.1891068210998,7078768.211563342,-0.0013887488596828,0.0013887488596828,0.019344231098531672,0.010522712107157918,0,0,0,1,-0.0032396696273225
2024-04-16,VNQ,87.90340325027077,6352378.352512499,-0.0032396696273225,0.0032396696273225,0.009055326295019261,0.010358410341120892,0,0,0,1,-0.0017254492457461
2024-04-17,VNQ,87.75173038943406,5946524.334093465,-0.0017254492457461,0.0017254492457461,0.0032063101212256306,0.01020211917612105,0,0,0,1,-0.0090785628712745
2024-04-18,VNQ,86.95507078803044,7917533.597485131,-0.0090785628712745,0.0090785628712745,0.0065316492003224536,0.010275769783419573,0,0,0,1,-0.0027819282859114
2024-04-19,VNQ,86.71316801700179,5223085.71473015,-0.0027819282859114,0.0027819282859114,-0.018101573707277274,0.010075203493258869,0,0,0,1,0.02244853197381
2024-04-22,VNQ,88.65975134178183,5511506.860229648,0.02244853197381,0.02244853197381,0.00533676479609646,0.01182288335170983,0,0,0,1,-0.0165281916155911
2024-04-23,VNQ,87.1943659830142,6134247.586123656,-0.0165281916155911,0.0165281916155911,-0.008066095748737623,0.013107102757385122,0,0,0,1,0.0250506514588299
2024-04-24,VNQ,89.37864165442835,5164701.2246377375,0.0250506514588299,0.0250506514588299,0.018539933717252266,0.015296912952741711,0,0,0,1,-0.010397491235916
2024-04-25,VNQ,88.44932801114834,6802377.172744419,-0.010397491235916,0.010397491235916,0.01718424480109304,0.015100603640585427,0,0,0,1,-0.0104044967555333
2024-04-26,VNQ,87.52905726482724,6174227.502523311,-0.0104044967555333,0.0104044967555333,0.009409058237446422,0.013824704673892557,0,0,0,1,0.0152894676683009
2024-04-29,VNQ,88.86732995591467,8508188.661155824,0.0152894676683009,0.0152894676683009,0.002341294792635118,0.014723229854643326,0,0,0,1,0.0213886207017064
2024-04-30,VNQ,90.76807956911512,6133948.321407932,0.0213886207017064,0.0213886207017064,0.04098560206054014,0.015967889028535874,0,0,0,1,-0.0043282523556599
2024-05-01,VNQ,90.37521241490136,5329228.979102691,-0.0043282523556599,0.0043282523556599,0.011149987760231683,0.016080197970953513,0,0,0,1,0.0092791770046859
2024-05-02,VNQ,91.21382000773536,6895773.812570428,0.0092791770046859,0.0092791770046859,0.03125509326920595,0.015579806958502616,0,0,0,1,-0.0086187427068302
2024-05-03,VNQ,90.42767156178157,6829393.577231285,-0.0086187427068302,0.0086187427068302,0.033116023267385275,0.01600322810105419,0,0,0,1,-0.0040080155643354
2024-05-06,VNQ,90.06523604671533,6646913.610234075,-0.0040080155643354,0.0040080155643354,0.013479712864051585,0.014815672635902917,0,0,0,1,-0.0084530964038219
2024-05-07,VNQ,89.30390592377945,5895219.616886361,-0.0084530964038219,0.0084530964038219,-0.01613093118512854,0.013905565965757724,0,0,0,1,0.0013088585121301
2024-05-08,VNQ,89.42079210121426,5613472.516653748,0.0013088585121301,0.0013088585121301,-0.010560642549922505,0.01143018679981588,0,0,0,1,-0.0074137009167388
2024-05-09,VNQ,88.75785309283798,6703273.920279337,-0.0074137009167388,0.0074137009167388,-0.026925381643802537,0.011161327955552204,0,0,0,1,0.0012004733038962
2024-05-10,VNQ,88.86440452598707,5906522.091527885,0.0012004733038962,0.0012004733038962,-0.017287485222114207,0.010496141247869337,0,0,0,1,-0.0041659165623903
2024-05-13,VNQ,88.4942028313653,6581652.144861429,-0.0041659165623903,0.0041659165623903,-0.017443280940663497,0.009417075204783064,0,0,0,1,-0.0003946324609195
2024-05-14,VNQ,88.45928014632484,,-0.0003946324609195,0.0003946324609195,-0.009457881698651471,0.005545387924251733,0,0,0,1,0.0003138570189465
2024-05-15,VNQ,88.48704371228973,5781708.268976647,0.0003138570189465,0.0003138570189465,-0.010442184272620114,0.005575080003305151,0,0,0,1,-0.0079984557520648
2024-05-16,VNQ,87.77928400852595,6751450.574053871,-0.0079984557520648,0.0079984557520648,-0.011025154960524697,0.004154714496404992,0,0,0,1,-0.0048413125127471
2024-05-17,VNQ,87.3543170624955,4901662.03946678,-0.0048413125127471,0.0048413125127471,-0.01699316471591239,0.0038292052047015687,0,0,0,1,-0.0133963934462699
2024-05-20,VNQ,86.18408426189609,7909631.050657179,-0.0133963934462699,0.0133963934462699,-0.02610474466752788,0.004964996904617693,0,0,0,1,0.0049175484393764
2024-05-21,VNQ,86.60789867095725,7423656.693025,0.0049175484393764,0.0049175484393764,-0.02092919445314423,0.005517099131843944,0,0,0,1,0.0074922774867974
2024-05-22,VNQ,87.2567890803485,6427380.71316638,0.0074922774867974,0.0074922774867974,-0.013903217695251935,0.006344064963296812,0,0,0,1,-0.004808203874358
2024-05-23,VNQ,86.83724064902833,6030005.654215181,-0.004808203874358,0.004808203874358,-0.01073195538261762,0.006167630531714809,0,0,0,1,-0.0039678078322047
2024-05-24,VNQ,86.49268716545407,6271271.9864773685,-0.0039678078322047,0.0039678078322047,-0.009863621238375586,0.00606975925151376,0,0,0,1,-0.0069358741730226
2024-05-27,VNQ,85.89278477038786,6489376.765778319,-0.0069358741730226,0.0069358741730226,-0.003379968517424059,0.0062065187890263645,0,0,0,1,-0.0059261526709545
2024-05-28,VNQ,85.38377101450511,6208828.307950437,-0.0059261526709545,0.0059261526709545,-0.014134134129069165,0.0061987816204710335,0,0,0,1,0.0007148857508896
2024-05-29,VNQ,85.44481065576062,5594046.888827613,0.0007148857508896,0.0007148857508896,-0.020766045183250537,0.0062275355272283376,0,0,0,1,-0.0196195570703485
2024-05-30,VNQ,83.7684213167348,7087356.993183497,-0.0196195570703485,0.0196195570703485,-0.03533989921094838,0.007998062604295166,0,0,0,1,-0.0170507755447002
2024-05-31,VNQ,82.34010476712926,7795747.513141015,-0.0170507755447002,0.0170507755447002,-0.04801079183007961,0.00891236712064947,0,0,0,1,-0.000232176803294
2024-06-03,VNQ,82.32098730482153,4792384.744463212,-0.000232176803294,0.000232176803294,-0.04158437143602467,0.008643337700960688,0,0,0,1,0.0087848360084347
2024-06-04,VNQ,83.04416367834683,6014270.990842464,0.0087848360084347,0.0087848360084347,-0.027401077609477187,0.00918324724139247,0,0,0,1,-0.0087123120803552
2024-06-05,VNQ,82.32065700792899,5790742.287300928,-0.0087123120803552,0.0087123120803552,-0.03656341004040842,0.008285490133551345,0,0,0,1,0.007782852158744
2024-06-06,VNQ,82.96134651103237,5536766.08197685,0.007782852158744,0.007782852158744,-0.009634594910781669,0.009338565288703205,0,0,0,1,0.0094056224157942
2024-06-07,VNQ,83.741649611421,6394249.226250666,0.0094056224157942,0.0094056224157942,0.017021411962682365,0.010330703840821619,0,0,0,1,0.0001567323511368
2024-06-10,VNQ,83.75477463705268,4624942.657516267,0.0001567323511368,0.0001567323511368,0.017417032754017736,0.01028748735386031,0,0,0,1,0.0235579262078269
2024-06-11,VNQ,85.72786343750555,6655005.866087938,0.0235579262078269,0.0235579262078269,0.032316536650949024,0.013042857160215896,0,0,0,1,-0.0023486474708931
2024-06-12,VNQ,85.52651890785799,6758913.671924735,-0.0023486474708931,0.0023486474708931,0.03894358981634727,0.013072640325486194,0,0,0,1,0.0004406004490043
2024-06-13,VNQ,85.56420193049057,6707922.803842744,0.0004406004490043,0.0004406004490043,0.031374315014427445,0.011086291303751602,0,0,0,1,-0.0135708876215679
2024-06-14,VNQ,84.40301976166273,7132680.068692978,-0.0135708876215679,0.0135708876215679,0.007897744471366819,0.010452113781794918,0,0,0,1,-0.0123760514635842
2024-06-17,VNQ,83.35844364541047,6797505.190185303,-0.0123760514635842,0.0123760514635842,-0.004732040571533758,0.01146466752055702,0,0,0,1,9.27127786416204e-05
2024-06-18,VNQ,83.36617203834408,6637668.864221439,9.27127786416204e-05,9.27127786416204e-05,-0.02754870242255736,0.011160628523276534,0,0,0,1,0.0053044868698781
2024-06-19,VNQ,83.80838680331348,6352811.391142816,0.0053044868698781,0.0053044868698781,-0.02008888151282695,0.010755918177539823,0,0,0,1,-0.0034327350770917
2024-06-20,VNQ,83.52069481417928,6532907.636782638,-0.0034327350770917,0.0034327350770917,-0.023882734487155832,0.010652151604270407,0,0,0,1,-0.0017521418192081
2024-06-21,VNQ,83.37435471202603,,-0.0017521418192081,0.0017521418192081,-0.012187538461792546,0.01021710598357554,0,0,0,1,-3.31569329594022e-05
2024-06-24,VNQ,83.37159027413631,7207327.65301253,-3.31569329594022e-05,3.31569329594022e-05,0.00015771202233283432,0.010216147585895044,0,0,0,1,0.007087873612346
2024-06-25,VNQ,83.96251756885968,7165476.667504425,0.007087873612346,0.007087873612346,0.007153327494050288,0.006615625098008451,0,0,0,1,-0.0200265646210787
2024-06-26,VNQ,82.28103678501846,7654814.80060929,-0.0200265646210787,0.0200265646210787,-0.01822430995933022,0.008726742588893483,0,0,0,1,0.0073979934517103
2024-06-27,VNQ,82.88975135635395,5309476.841588023,0.0073979934517103,0.0073979934517103,-0.007554336793163419,0.009359167242016516,0,0,0,1,-0.0106665143465324
2024-06-28,VNQ,82.0056066343309,6701934.381351237,-0.0106665143465324,0.0106665143465324,-0.01641689560804116,0.009038770807655075,0,0,0,1,0.0039699937732619
2024-07-01,VNQ,82.33116838204177,6329840.838305607,0.0039699937732619,0.0039699937732619,-0.012479333651589264,0.008589581630917074,0,0,0,1,0.0071866153154824
2024-07-02,VNQ,82.92285081767773,5944177.206783264,0.0071866153154824,0.0071866153154824,-0.012382510449728934,0.008992233943406657,0,0,0,1,-0.0169709395123498
2024-07-03,VNQ,81.5155721322593,5963078.88109031,-0.0169709395123498,0.0169709395123498,-0.009303050650165567,0.01008785009578708,0,0,0,1,0.010726037337524
2024-07-04,VNQ,82.38991120253954,7011915.291838818,0.010726037337524,0.010726037337524,-0.006030180397882279,0.010935342249976474,0,0,0,1,-0.0009391554980998
2024-07-05,VNQ,82.31253426444572,6128363.066816124,-0.0009391554980998,0.0009391554980998,0.003742763973241914,0.010934696111402482,0,0,0,1,-0.007602132857511
2024-07-08,VNQ,81.68678344312896,6121426.763147135,-0.007602132857511,0.007602132857511,-0.007826743523457136,0.011103551150891013,0,0,0,1,0.0179414741606645
2024-07-09,VNQ,83.15236475754166,5945780.799244321,0.0179414741606645,0.0179414741606645,0.0027678008848075475,0.012527916550633827,0,0,0,1,-0.0157457600787247
2024-07-10,VNQ,81.8430675720908,6109485.740601186,-0.0157457600787247,0.0157457600787247,0.004017581319310848,0.011856842551334965,0,0,0,1,-0.0184637714556544
2024-07-11,VNQ,80.33193587721003,,-0.0184637714556544,0.0184637714556544,-0.024978486993029736,0.012737684625282589,0,0,0,1,0.0002305428677479
2024-07-12,VNQ,80.35045583207892,6251171.466710371,0.0002305428677479,0.0002305428677479,-0.023836933826666296,0.012477773073112123,0,0,0,1,0.0029059983614841
2024-07-15,VNQ,80.58395412507144,7468655.971829253,0.0029059983614841,0.0029059983614841,-0.013500706865576584,0.012425954088564693,0,0,0,1,-0.0043233502205473
2024-07-16,VNQ,80.23556146923224,6340700.165828318,-0.0043233502205473,0.0043233502205473,-0.03507781524691855,0.011998667391092042,0,0,0,1,0.0044291689288906
2024-07-17,VNQ,80.59093832508385,4878098.632645667,0.0044291689288906,0.0044291689288906,-0.015299148530863893,0.011153040843755305,0,0,0,1,-0.0279023602993387
2024-07-18,VNQ,78.34226092707559,7554872.386544906,-0.0279023602993387,0.0279023602993387,-0.024768168828593007,0.01312350609462589,0,0,0,1,0.0091011770303459
2024-07-19,VNQ,79.05526771273045,6747403.149587654,0.0091011770303459,0.0091011770303459,-0.016119237979871914,0.01382929270082134,0,0,0,1,8.843835771931292e-05
2024-07-22,VNQ,79.06225923077602,5312723.317711556,8.843835771931292e-05,8.843835771931292e-05,-0.01888334856258922,0.013817023580404502,0,0,0,1,-0.0137280883970051
2024-07-23,VNQ,77.976885547189,,-0.0137280883970051,0.0137280883970051,-0.02815055918701792,0.011941666295561704,0,0,0,1,-0.0150072033823514
2024-07-24,VNQ,76.80667056665999,6627260.527330111,-0.0150072033823514,0.0150072033823514,-0.04695649209541486,0.011879156689388427,0,0,0,1,0.0033919333051352
2024-07-25,VNQ,77.0671936706116,6703986.233604661,0.0033919333051352,0.0033919333051352,-0.016275599419461106,0.011386119407684135,0,0,0,1,0.002701010680255
2024-07-26,VNQ,77.2753529838132,6406643.74112229,0.002701010680255,0.002701010680255,-0.022514815020108103,0.011516129905259414,0,0,0,1,-0.008874798863788
2024-07-29,VNQ,76.58954976895363,7656208.517985155,-0.008874798863788,0.008874798863788,-0.03127547183549062,0.011351391843098343,0,0,0,1,-0.0003652132412167
2024-07-30,VNQ,76.56157825123918,5896396.724465783,-0.0003652132412167,0.0003652132412167,-0.018150343989993267,0.011446696753000082,0,0,0,1,-0.0011352415162188
2024-07-31,VNQ,76.47466236906114,6028730.951498987,-0.0011352415162188,0.0011352415162188,-0.004322647956868653,0.011087728578980782,0,0,0,1,0.0104197362916472
2024-08-01,VNQ,77.27150818393952,5770926.4010183485,0.0104197362916472,0.0104197362916472,0.002651121749692509,0.008731128707054576,0,0,0,1,-0.0116538399979221
2024-08-02,VNQ,76.37099839116574,7253748.560797474,-0.0116538399979221,0.0116538399979221,-0.011703014709449455,0.008434975310190142,0,0,0,1,0.0098349487822207
2024-08-05,VNQ,77.12210324878993,6536059.548040355,0.0098349487822207,0.0098349487822207,0.006953343914970711,0.009393571993310259,0,0,0,1,-0.0001057123379737
2024-08-06,VNQ,77.11395049094605,6377710.534009573,-0.0001057123379737,0.0001057123379737,0.007214744684262531,0.008522320052228582,0,0,0,1,-0.0006348002691337
2024-08-07,VNQ,77.06499853442043,4561480.530478347,-0.0006348002691337,0.0006348002691337,0.007719369358054395,0.006985921632509065,0,0,0,1,0.0047489491437044
2024-08-08,VNQ,77.43097629322006,4970331.03460586,0.0047489491437044,0.0047489491437044,0.002063737502067786,0.00706415033809906,0,0,0,1,-0.0064068690008607
2024-08-09,VNQ,76.93488617150064,6497259.975776427,-0.0064068690008607,0.0064068690008607,0.007383532914506441,0.00733004996309049,0,0,0,1,-0.0167904558539283
2024-08-12,VNQ,75.64311436161105,7150857.026008934,-0.0167904558539283,0.0167904558539283,-0.019177237456916463,0.008652887295148678,0,0,0,1,-0.0190744179787738
2024-08-13,VNQ,74.2002659810615,6407070.301956923,-0.0190744179787738,0.0190744179787738,-0.037784142704848755,0.01031350515047579,0,0,0,1,0.0101912066009175
2024-08-14,VNQ,74.95645622151753,6137058.435102407,0.0101912066009175,0.0101912066009175,-0.02736057033675454,0.01113964037332694,0,0,0,1,-0.0201609633944358
2024-08-15,VNQ,73.44526185145888,7394297.871952436,-0.0201609633944358,0.0201609633944358,-0.051474418024484714,0.011557157436406855,0,0,0,1,0.010469703085376
2024-08-16,VNQ,74.21421193607135,5781932.376644132,0.010469703085376,0.010469703085376,-0.035363336073110596,0.012240342613810509,0,0,0,1,-0.008789263450644
2024-08-19,VNQ,73.56192367558329,6314735.655899949,-0.008789263450644,0.008789263450644,-0.027513286616923982,0.0114999698573,0,0,0,1,0.0111692533548033
2024-08-20,VNQ,74.38355543838259,5708134.804171416,0.0111692533548033,0.0111692533548033,0.0024701994648894665,0.012504435511768556,0,0,0,1,-0.0111185113278721
2024-08-21,VNQ,73.55652103463353,5959619.329036248,-0.0111185113278721,0.0111185113278721,-0.018676645848181406,0.012673276854418271,0,0,0,1,0.0024592775574769
2024-08-22,VNQ,73.73741693602008,6662629.306829181,0.0024592775574769,0.0024592775574769,0.00397786156923341,0.012505656868477806,0,0,0,1,0.0011548296523018
2024-08-23,VNQ,73.82257109158195,4854080.138949222,0.0011548296523018,0.0011548296523018,-0.0052771677320614385,0.01262607669070305,0,0,0,1,0.0077458683026152
2024-08-26,VNQ,74.3943910050178,5718950.125282643,0.0077458683026152,0.0077458683026152,0.011316551931210839,0.012253471997306375,0,0,0,1,-0.005189399327514
2024-08-27,VNQ,74.00832880236554,4561314.707758251,-0.005189399327514,0.005189399327514,-0.005044483741139194,0.010746817839791086,0,0,0,1,0.0041592341501975
2024-08-28,VNQ,74.31614677091939,6344617.713389815,0.0041592341501975,0.0041592341501975,0.010327102554621881,0.010256445605723983,0,0,0,1,0.0166178187768072
2024-08-29,VNQ,75.55111903014915,6783831.922013353,0.0166178187768072,0.0166178187768072,0.02459676741460548,0.009072259788323296,0,0,0,1,-0.015744834699884
2024-08-30,VNQ,74.36157914962818,9309864.999586595,-0.015744834699884,0.015744834699884,0.007301399153079702,0.010331603998490403,0,0,0,1,0.0106856626086859
2024-09-02,VNQ,75.15618189547021,6083743.065953273,0.0106856626086859,0.0106856626086859,0.010239896854603359,0.010274483077926753,0,0,0,1,-0.0123342468973038
2024-09-03,VNQ,74.2291869921128,6628477.091367963,-0.0123342468973038,0.0123342468973038,0.002984234252026541,0.010673719493048515,0,0,0,1,0.01010203754675
2024-09-04,VNQ,74.97905302617185,7247311.174815433,0.01010203754675,0.01010203754675,0.008920083777969268,0.010356921225137636,0,0,0,1,-0.0047834502652471
2024-09-05,VNQ,74.62039445508583,6661513.198478743,-0.0047834502652471,0.0047834502652471,-0.012319136857415813,0.010569626112674101,0,0,0,1,0.0153765367300508
2024-09-06,VNQ,75.76779769123534,6361248.457539466,0.0153765367300508,0.0153765367300508,0.01891055243431028,0.011474722131252012,0,0,0,1,-0.0033191380597496
2024-09-09,VNQ,75.51631391021495,7053947.295505667,-0.0033191380597496,0.0033191380597496,0.004791781669345907,0.01146367106268651,0,0,0,1,
